# .PCD v0.7 - Point Cloud Data file format
VERSION 0.7
FIELDS x y z intensity normal_x normal_y normal_z curvature
SIZE 4 4 4 4 4 4 4 4
TYPE F F F F F F F F
COUNT 1 1 1 1 1 1 1 1
WIDTH 7927
HEIGHT 1
VIEWPOINT 0 0 0 1 0 0 0
POINTS 7927
DATA ascii
-10.3237 9.9559 1.1366 100 0 0 0 0
-10.3204 9.9968 1.1379 100 0 0 0 0
-10.3204 9.8647 1.6378 100 0 0 0 0
-10.3188 9.7761 2.1375 100 0 0 0 0
-10.3186 9.8850 1.6388 100 0 0 0 0
-10.3185 9.8630 0.6309 100 0 0 0 0
-10.3181 9.7973 1.6333 100 0 0 0 0
-10.3177 9.7969 0.6299 100 0 0 0 0
-10.3173 9.8618 1.1332 100 0 0 0 0
-10.3172 9.6275 0.6281 100 0 0 0 0
-10.3168 9.6699 1.1264 100 0 0 0 0
-10.3162 9.5626 2.1195 100 0 0 0 0
-10.3157 9.7951 1.1305 100 0 0 0 0
-10.3156 9.6688 2.1284 100 0 0 0 0
-10.3148 9.6253 1.6232 100 0 0 0 0
-10.3148 9.5402 1.6180 100 0 0 0 0
-10.3143 9.6675 0.6286 100 0 0 0 0
-10.3138 9.6243 1.1246 100 0 0 0 0
-10.3137 9.5392 2.1173 100 0 0 0 0
-10.3136 9.6241 2.1245 100 0 0 0 0
-10.3133 9.3115 0.6240 100 0 0 0 0
-10.3131 9.5386 1.1215 100 0 0 0 0
-10.3130 9.4751 1.6141 100 0 0 0 0
-10.3126 9.4748 0.6262 100 0 0 0 0
-10.3122 9.6656 1.6254 100 0 0 0 0
-10.3118 9.3102 2.0980 100 0 0 0 0
-10.3117 9.3101 1.6041 100 0 0 0 0
-10.3117 9.4739 1.1192 100 0 0 0 0
-10.3111 9.2270 0.6233 100 0 0 0 0
-10.3104 9.3297 1.6055 100 0 0 0 0
-10.3104 9.4727 2.1115 100 0 0 0 0
-10.3103 9.3296 2.0999 100 0 0 0 0
-10.3100 9.5569 0.6271 100 0 0 0 0
-10.3094 9.2254 1.1104 100 0 0 0 0
-10.3093 9.3287 1.1140 100 0 0 0 0
-10.3093 9.3080 1.1130 100 0 0 0 0
-10.3092 9.3285 0.6245 100 0 0 0 0
-10.3083 9.2244 1.5991 100 0 0 0 0
-10.3077 9.1420 1.5943 100 0 0 0 0
-10.3075 9.2237 2.0909 100 0 0 0 0
-10.3070 9.1414 2.0841 100 0 0 0 0
-10.3068 9.0025 1.5864 100 0 0 0 0
-10.3066 9.1411 1.1074 100 0 0 0 0
-10.3065 8.9823 0.6201 100 0 0 0 0
-10.3062 9.0020 1.1026 100 0 0 0 0
-10.3061 8.9819 1.5848 100 0 0 0 0
-10.3057 9.1403 0.6223 100 0 0 0 0
-10.3057 8.9816 1.1015 100 0 0 0 0
-10.3053 9.0788 2.0788 100 0 0 0 0
-10.3051 8.9009 2.0646 100 0 0 0 0
-10.3047 9.0007 0.6207 100 0 0 0 0
-10.3038 8.9598 0.1399 100 0 0 0 0
-10.3034 8.8399 1.0966 100 0 0 0 0
-10.3030 8.8991 0.1406 100 0 0 0 0
-10.3028 8.8394 0.6185 100 0 0 0 0
-10.3023 8.9185 1.5812 100 0 0 0 0
-10.3023 8.9185 1.0995 100 0 0 0 0
-10.3022 8.8190 1.5755 100 0 0 0 0
-10.3022 8.8984 0.6194 100 0 0 0 0
-10.3016 8.8383 0.1410 100 0 0 0 0
-10.3011 8.8181 2.0576 100 0 0 0 0
-10.3011 8.9976 2.0721 100 0 0 0 0
-10.3006 8.6831 2.0471 100 0 0 0 0
-10.3002 8.6634 1.5664 100 0 0 0 0
-10.3002 8.6828 1.5678 100 0 0 0 0
-10.3000 8.6632 1.0905 100 0 0 0 0
-10.2995 8.5851 1.0882 100 0 0 0 0
-10.2987 8.6816 0.6170 100 0 0 0 0
-10.2987 8.6815 0.1431 100 0 0 0 0
-10.2985 8.5842 0.6158 100 0 0 0 0
-10.2984 8.6813 1.0914 100 0 0 0 0
-10.2983 8.5070 1.0855 100 0 0 0 0
-10.2981 8.6616 0.6164 100 0 0 0 0
-10.2980 8.6615 2.0448 100 0 0 0 0
-10.2978 8.6001 2.0400 100 0 0 0 0
-10.2978 8.5066 1.5577 100 0 0 0 0
-10.2973 8.5832 2.0388 100 0 0 0 0
-10.2970 8.5060 2.0327 100 0 0 0 0
-10.2969 8.5058 0.6150 100 0 0 0 0
-10.2962 8.3746 0.6136 100 0 0 0 0
-10.2961 8.6600 0.1430 100 0 0 0 0
-10.2954 8.5239 1.5582 100 0 0 0 0
-10.2954 8.3739 1.0811 100 0 0 0 0
-10.2951 8.5044 0.1451 100 0 0 0 0
-10.2949 8.2792 0.1476 100 0 0 0 0
-10.2948 8.5812 0.1442 100 0 0 0 0
-10.2948 8.2791 2.0151 100 0 0 0 0
-10.2948 8.3518 1.0800 100 0 0 0 0
-10.2944 8.3732 1.5503 100 0 0 0 0
-10.2944 8.3732 0.1466 100 0 0 0 0
-10.2943 8.5807 1.5616 100 0 0 0 0
-10.2943 8.3541 0.6130 100 0 0 0 0
-10.2943 8.3541 2.0205 100 0 0 0 0
-10.2941 8.3540 1.5488 100 0 0 0 0
-10.2939 8.1850 1.0746 100 0 0 0 0
-10.2936 8.3536 0.1465 100 0 0 0 0
-10.2934 8.2780 1.5449 100 0 0 0 0
-10.2928 8.1841 1.5395 100 0 0 0 0
-10.2924 8.3527 1.0799 100 0 0 0 0
-10.2924 8.0752 1.0713 100 0 0 0 0
-10.2923 8.2771 0.6124 100 0 0 0 0
-10.2917 8.2766 1.0777 100 0 0 0 0
-10.2917 8.1832 2.0072 100 0 0 0 0
-10.2915 8.3708 2.0219 100 0 0 0 0
-10.2906 7.9456 1.0670 100 0 0 0 0
-10.2896 8.1816 0.1485 100 0 0 0 0
-10.2895 8.0362 0.1503 100 0 0 0 0
-10.2890 8.0726 1.9989 100 0 0 0 0
-10.2889 8.1810 0.6111 100 0 0 0 0
-10.2888 8.0725 0.6102 100 0 0 0 0
-10.2888 8.0357 1.0698 100 0 0 0 0
-10.2883 7.9438 0.6088 100 0 0 0 0
-10.2881 8.0719 1.5335 100 0 0 0 0
-10.2880 7.9436 0.1513 100 0 0 0 0
-10.2878 7.8709 0.6080 100 0 0 0 0
-10.2875 7.8707 0.1520 100 0 0 0 0
-10.2873 8.0713 0.1499 100 0 0 0 0
-10.2870 8.0343 1.9958 100 0 0 0 0
-10.2866 7.8700 2.4483 100 0 0 0 0
-10.2865 7.9424 1.9889 100 0 0 0 0
-10.2865 7.8699 1.0644 100 0 0 0 0
-10.2863 8.0337 1.5313 100 0 0 0 0
-10.2856 8.0332 0.6097 100 0 0 0 0
-10.2850 7.7813 2.4398 100 0 0 0 0
-10.2849 7.7967 2.4407 100 0 0 0 0
-10.2848 7.9412 1.5262 100 0 0 0 0
-10.2846 7.7096 1.5140 100 0 0 0 0
-10.2844 7.7809 0.1530 100 0 0 0 0
-10.2843 7.8682 1.5222 100 0 0 0 0
-10.2841 7.8681 1.9830 100 0 0 0 0
-10.2841 7.7806 1.0615 100 0 0 0 0
-10.2837 7.6380 0.1542 100 0 0 0 0
-10.2836 7.7088 1.9713 100 0 0 0 0
-10.2828 7.4990 1.9561 100 0 0 0 0
-10.2827 7.7082 0.6062 100 0 0 0 0
-10.2826 7.7795 0.6070 100 0 0 0 0
-10.2823 7.5312 0.6044 100 0 0 0 0
-10.2823 7.7078 2.4324 100 0 0 0 0
-10.2822 7.7792 1.5175 100 0 0 0 0
-10.2820 7.7077 0.1538 100 0 0 0 0
-10.2819 7.6366 1.5097 100 0 0 0 0
-10.2818 7.6366 1.0566 100 0 0 0 0
-10.2817 7.4784 1.0517 100 0 0 0 0
-10.2816 7.6895 1.0585 100 0 0 0 0
-10.2816 7.4982 1.5029 100 0 0 0 0
-10.2816 7.7788 1.9763 100 0 0 0 0
-10.2816 7.4434 0.1566 100 0 0 0 0
-10.2816 7.4608 1.9530 100 0 0 0 0
-10.2814 7.6362 1.9655 100 0 0 0 0
-10.2813 7.5602 1.9598 100 0 0 0 0
-10.2813 7.6362 0.6051 100 0 0 0 0
-10.2813 7.3540 1.0480 100 0 0 0 0
-10.2811 7.5303 1.0536 100 0 0 0 0
-10.2807 7.4055 1.4978 100 0 0 0 0
-10.2807 7.4975 0.1560 100 0 0 0 0
-10.2807 7.4454 0.6033 100 0 0 0 0
-10.2803 7.3757 0.6028 100 0 0 0 0
-10.2802 7.3756 0.1573 100 0 0 0 0
-10.2800 7.5295 1.9579 100 0 0 0 0
-10.2800 7.5471 1.5052 100 0 0 0 0
-10.2800 7.4796 0.6035 100 0 0 0 0
-10.2800 7.6175 1.9643 100 0 0 0 0
-10.2799 7.7571 1.0603 100 0 0 0 0
-10.2799 7.5999 0.6048 100 0 0 0 0
-10.2798 7.6705 0.1542 100 0 0 0 0
-10.2798 7.4795 1.0517 100 0 0 0 0
-10.2797 7.6473 1.9660 100 0 0 0 0
-10.2794 7.6471 1.5101 100 0 0 0 0
-10.2792 7.5994 1.5076 100 0 0 0 0
-10.2789 7.4788 1.5014 100 0 0 0 0
-10.2787 7.7052 1.0589 100 0 0 0 0
-10.2786 7.5461 0.1555 100 0 0 0 0
-10.2785 7.4960 1.0525 100 0 0 0 0
-10.2784 7.3055 1.0466 100 0 0 0 0
-10.2784 7.4959 0.6040 100 0 0 0 0
-10.2784 7.4610 1.9529 100 0 0 0 0
-10.2783 7.3916 0.1571 100 0 0 0 0
-10.2777 7.5955 0.1551 100 0 0 0 0
-10.2775 7.3910 0.6029 100 0 0 0 0
-10.2771 7.3908 1.9477 100 0 0 0 0
-10.2770 7.5978 1.0553 100 0 0 0 0
-10.2768 7.3906 1.0491 100 0 0 0 0
-10.2768 7.3905 1.4970 100 0 0 0 0
-10.2767 7.0690 0.5997 100 0 0 0 0
-10.2766 7.4772 0.1560 100 0 0 0 0
-10.2764 7.2210 1.4885 100 0 0 0 0
-10.2762 7.2208 0.6012 100 0 0 0 0
-10.2758 7.2205 0.1589 100 0 0 0 0
-10.2757 7.3036 0.6019 100 0 0 0 0
-10.2754 7.3034 1.9413 100 0 0 0 0
-10.2751 7.0679 0.1604 100 0 0 0 0
-10.2749 7.1520 0.1595 100 0 0 0 0
-10.2749 7.2199 1.0439 100 0 0 0 0
-10.2747 7.3029 0.1581 100 0 0 0 0
-10.2746 7.0676 1.4807 100 0 0 0 0
-10.2746 7.1519 1.9306 100 0 0 0 0
-10.2740 7.1008 0.6000 100 0 0 0 0
-10.2738 7.1513 1.0418 100 0 0 0 0
-10.2737 7.3022 1.4923 100 0 0 0 0
-10.2734 7.0668 1.0393 100 0 0 0 0
-10.2734 7.0668 1.9246 100 0 0 0 0
-10.2733 6.9188 0.1619 100 0 0 0 0
-10.2732 7.1509 1.4847 100 0 0 0 0
-10.2730 7.2186 1.9352 100 0 0 0 0
-10.2725 7.1504 0.6004 100 0 0 0 0
-10.2722 7.0493 1.4794 100 0 0 0 0
-10.2719 6.8353 1.9086 100 0 0 0 0
-10.2716 6.9177 1.0349 100 0 0 0 0
-10.2709 6.9504 1.0358 100 0 0 0 0
-10.2706 6.8345 1.4691 100 0 0 0 0
-10.2704 6.9169 0.5981 100 0 0 0 0
-10.2703 6.9168 1.9141 100 0 0 0 0
-10.2702 6.8343 0.1628 100 0 0 0 0
-10.2699 6.9497 0.5984 100 0 0 0 0
-10.2699 6.6892 0.5959 100 0 0 0 0
-10.2696 6.9164 1.4730 100 0 0 0 0
-10.2693 6.9493 1.9162 100 0 0 0 0
-10.2692 6.9492 1.4746 100 0 0 0 0
-10.2680 6.6880 1.0281 100 0 0 0 0
-10.2680 6.6718 1.4609 100 0 0 0 0
-10.2679 6.6879 1.4619 100 0 0 0 0
-10.2677 6.9483 0.1617 100 0 0 0 0
-10.2673 6.6714 0.1640 100 0 0 0 0
-10.2669 6.5904 0.1651 100 0 0 0 0
-10.2665 6.6870 0.1642 100 0 0 0 0
-10.2664 6.8318 0.5972 100 0 0 0 0
-10.2664 6.8318 1.0321 100 0 0 0 0
-10.2662 6.5900 1.4571 100 0 0 0 0
-10.2654 6.6702 1.0272 100 0 0 0 0
-10.2652 6.5893 1.0251 100 0 0 0 0
-10.2651 6.6700 1.8966 100 0 0 0 0
-10.2641 6.5886 0.5948 100 0 0 0 0
-10.2637 6.3515 0.5927 100 0 0 0 0
-10.2634 6.3514 0.1673 100 0 0 0 0
-10.2633 6.6849 1.8978 100 0 0 0 0
-10.2633 6.5881 1.8912 100 0 0 0 0
-10.2629 6.6685 0.5953 100 0 0 0 0
-10.2626 6.5075 1.0227 100 0 0 0 0
-10.2625 6.5074 0.1659 100 0 0 0 0
-10.2623 6.4297 1.8809 100 0 0 0 0
-10.2618 6.5070 0.5940 100 0 0 0 0
-10.2614 6.5067 1.4528 100 0 0 0 0
-10.2614 6.5067 1.8856 100 0 0 0 0
-10.2611 6.3500 1.8756 100 0 0 0 0
-10.2608 6.4288 0.1667 100 0 0 0 0
-10.2607 6.4288 1.0205 100 0 0 0 0
-10.2606 6.4287 1.4493 100 0 0 0 0
-10.2606 6.3497 1.0183 100 0 0 0 0
-10.2604 6.4128 1.8793 100 0 0 0 0
-10.2601 6.4284 0.5933 100 0 0 0 0
-10.2600 6.1174 0.5905 100 0 0 0 0
-10.2594 6.2706 1.4417 100 0 0 0 0
-10.2592 6.2705 0.1680 100 0 0 0 0
-10.2588 6.0398 0.5898 100 0 0 0 0
-10.2588 6.2702 0.5917 100 0 0 0 0
-10.2586 6.2701 1.0158 100 0 0 0 0
-10.2586 6.1785 0.5911 100 0 0 0 0
-10.2583 6.1783 0.1690 100 0 0 0 0
-10.2582 6.2698 1.8699 100 0 0 0 0
-10.2571 5.9338 1.8492 100 0 0 0 0
-10.2571 6.3475 1.4452 100 0 0 0 0
-10.2566 6.1154 0.1696 100 0 0 0 0
-10.2564 6.1153 1.0118 100 0 0 0 0
-10.2562 6.1152 1.4347 100 0 0 0 0
-10.2561 6.1770 1.0135 100 0 0 0 0
-10.2555 6.0378 1.8553 100 0 0 0 0
-10.2553 5.7968 0.5877 100 0 0 0 0
-10.2552 6.0377 0.1703 100 0 0 0 0
-10.2546 6.1761 1.8639 100 0 0 0 0
-10.2546 6.0373 1.0096 100 0 0 0 0
-10.2539 5.9320 0.1712 100 0 0 0 0
-10.2536 5.8712 0.5882 100 0 0 0 0
-10.2536 6.1755 1.4372 100 0 0 0 0
-10.2535 5.8712 2.2696 100 0 0 0 0
-10.2535 5.8711 1.0052 100 0 0 0 0
-10.2534 5.6928 0.1733 100 0 0 0 0
-10.2534 5.6928 1.4162 100 0 0 0 0
-10.2534 6.1135 1.8598 100 0 0 0 0
-10.2532 5.8710 1.4238 100 0 0 0 0
-10.2531 6.0365 1.4310 100 0 0 0 0
-10.2530 5.7955 1.8402 100 0 0 0 0
-10.2528 5.9313 2.2743 100 0 0 0 0
-10.2527 5.9313 1.4264 100 0 0 0 0
-10.2527 5.9313 0.5888 100 0 0 0 0
-10.2520 5.6326 1.4135 100 0 0 0 0
-10.2518 5.7948 2.2634 100 0 0 0 0
-10.2518 5.8701 1.8446 100 0 0 0 0
-10.2517 5.9307 1.0068 100 0 0 0 0
-10.2517 5.7948 0.1725 100 0 0 0 0
-10.2510 5.6321 0.1738 100 0 0 0 0
-10.2509 5.8696 0.1718 100 0 0 0 0
-10.2508 5.6913 1.0006 100 0 0 0 0
-10.2505 5.7941 1.0031 100 0 0 0 0
-10.2503 5.5578 2.2452 100 0 0 0 0
-10.2496 5.6907 1.8337 100 0 0 0 0
-10.2495 5.7935 1.4201 100 0 0 0 0
-10.2493 5.6757 0.9998 100 0 0 0 0
-10.2488 5.5570 0.9971 100 0 0 0 0
-10.2486 5.6308 0.9989 100 0 0 0 0
-10.2484 5.6307 2.2504 100 0 0 0 0
-10.2484 5.6306 1.8300 100 0 0 0 0
-10.2482 5.6899 0.5867 100 0 0 0 0
-10.2477 5.5564 1.8256 100 0 0 0 0
-10.2465 5.5558 1.4099 100 0 0 0 0
-10.2462 5.3096 1.3997 100 0 0 0 0
-10.2462 5.4547 0.5847 100 0 0 0 0
-10.2462 5.2248 1.3966 100 0 0 0 0
-10.2462 5.5556 0.1745 100 0 0 0 0
-10.2462 5.4547 0.1754 100 0 0 0 0
-10.2461 5.4546 2.2370 100 0 0 0 0
-10.2459 5.3962 1.4033 100 0 0 0 0
-10.2458 5.3962 0.5842 100 0 0 0 0
-10.2458 5.6293 0.5861 100 0 0 0 0
-10.2456 5.4543 1.8196 100 0 0 0 0
-10.2456 5.6885 2.2545 100 0 0 0 0
-10.2454 5.3960 0.1758 100 0 0 0 0
-10.2454 5.3960 0.9930 100 0 0 0 0
-10.2452 5.3091 0.1764 100 0 0 0 0
-10.2452 5.3090 1.8110 100 0 0 0 0
-10.2449 5.3957 1.8161 100 0 0 0 0
-10.2446 5.3088 0.5833 100 0 0 0 0
-10.2444 5.5546 0.5855 100 0 0 0 0
-10.2443 5.3086 0.9906 100 0 0 0 0
-10.2442 5.2238 2.2200 100 0 0 0 0
-10.2440 5.4535 1.4056 100 0 0 0 0
-10.2437 5.4534 0.9943 100 0 0 0 0
-10.2434 5.3949 2.2322 100 0 0 0 0
-10.2431 5.3080 2.2255 100 0 0 0 0
-10.2424 5.2229 0.1773 100 0 0 0 0
-10.2415 5.1510 0.5822 100 0 0 0 0
-10.2414 5.1509 1.3932 100 0 0 0 0
-10.2409 5.2221 0.9887 100 0 0 0 0
-10.2408 5.1506 0.9869 100 0 0 0 0
-10.2404 5.2219 0.5827 100 0 0 0 0
-10.2403 5.2218 1.8059 100 0 0 0 0
-10.2397 5.1501 1.8018 100 0 0 0 0
-10.2397 5.1500 2.2140 100 0 0 0 0
-10.2384 5.1494 0.1779 100 0 0 0 0
-10.2295 5.1165 1.7988 100 0 0 0 0
-10.2283 4.9903 0.5807 100 0 0 0 0
-10.2279 4.9901 1.3860 100 0 0 0 0
-10.2268 4.9896 0.9826 100 0 0 0 0
-10.2268 5.0727 0.9843 100 0 0 0 0
-10.2266 5.0726 1.3888 100 0 0 0 0
-10.2264 4.9894 2.2010 100 0 0 0 0
-10.2259 5.0723 0.1785 100 0 0 0 0
-10.2256 4.9750 2.1996 100 0 0 0 0
-10.2254 5.0721 2.2063 100 0 0 0 0
-10.2254 4.9187 1.7878 100 0 0 0 0
-10.2253 4.9187 0.1799 100 0 0 0 0
-10.2252 4.7534 0.5787 100 0 0 0 0
-10.2249 4.9886 0.1794 100 0 0 0 0
-10.2246 5.0717 0.5811 100 0 0 0 0
-10.2240 4.9181 1.3830 100 0 0 0 0
-10.2237 4.9179 0.9808 100 0 0 0 0
-10.2235 5.0711 1.7955 100 0 0 0 0
-10.2232 4.9177 0.5801 100 0 0 0 0
-10.2231 4.6697 1.3737 100 0 0 0 0
-10.2226 4.7660 1.3773 100 0 0 0 0
-10.2223 4.7659 0.1811 100 0 0 0 0
-10.2219 4.7656 2.5955 100 0 0 0 0
-10.2218 4.7518 0.9768 100 0 0 0 0
-10.2218 4.6692 0.5783 100 0 0 0 0
-10.2218 4.7656 0.5790 100 0 0 0 0
-10.2216 4.7518 2.1840 100 0 0 0 0
-10.2214 4.9869 1.7910 100 0 0 0 0
-10.2214 4.9168 2.1952 100 0 0 0 0
-10.2213 4.6689 0.1818 100 0 0 0 0
-10.2213 4.5474 0.1826 100 0 0 0 0
-10.2211 4.7653 2.1851 100 0 0 0 0
-10.2211 4.7653 1.7794 100 0 0 0 0
-10.2210 4.5473 2.1709 100 0 0 0 0
-10.2208 4.6687 2.5874 100 0 0 0 0
-10.2206 4.7513 2.5938 100 0 0 0 0
-10.2204 4.6685 1.7743 100 0 0 0 0
-10.2203 4.7512 1.7783 100 0 0 0 0
-10.2202 4.5469 1.7682 100 0 0 0 0
-10.2202 4.7649 0.9772 100 0 0 0 0
-10.2200 4.6683 0.9751 100 0 0 0 0
-10.2196 4.7509 1.3762 100 0 0 0 0
-10.2196 4.5195 1.7668 100 0 0 0 0
-10.2195 4.7508 0.1810 100 0 0 0 0
-10.2194 4.5194 2.1688 100 0 0 0 0
-10.2189 4.5464 2.5774 100 0 0 0 0
-10.2187 4.5191 0.9719 100 0 0 0 0
-10.2186 4.5462 1.3690 100 0 0 0 0
-10.2185 4.5190 2.5752 100 0 0 0 0
-10.2184 4.4378 1.3649 100 0 0 0 0
-10.2183 4.6676 2.1782 100 0 0 0 0
-10.2179 4.4376 1.7623 100 0 0 0 0
-10.2178 4.4375 0.1832 100 0 0 0 0
-10.2173 4.5456 0.5773 100 0 0 0 0
-10.2171 4.5184 0.5771 100 0 0 0 0
-10.2168 4.3309 1.3614 100 0 0 0 0
-10.2165 4.5453 0.9723 100 0 0 0 0
-10.2158 4.5178 1.3678 100 0 0 0 0
-10.2158 4.4366 0.5763 100 0 0 0 0
-10.2156 4.4366 2.5679 100 0 0 0 0
-10.2152 4.1970 1.7506 100 0 0 0 0
-10.2149 4.5174 0.1830 100 0 0 0 0
-10.2148 4.1968 0.1850 100 0 0 0 0
-10.2146 4.2765 1.7545 100 0 0 0 0
-10.2145 4.4361 2.1625 100 0 0 0 0
-10.2143 4.3298 2.5600 100 0 0 0 0
-10.2142 4.1966 2.5497 100 0 0 0 0
-10.2139 4.4358 0.9696 100 0 0 0 0
-10.2138 4.1183 1.3541 100 0 0 0 0
-10.2138 4.1183 0.5744 100 0 0 0 0
-10.2136 4.3295 1.7569 100 0 0 0 0
-10.2132 4.3294 2.1561 100 0 0 0 0
-10.2132 4.3294 0.9677 100 0 0 0 0
-10.2130 4.3293 0.5757 100 0 0 0 0
-10.2130 4.3293 0.1843 100 0 0 0 0
-10.2130 4.0390 1.7434 100 0 0 0 0
-10.2129 4.2758 0.5754 100 0 0 0 0
-10.2129 4.2758 0.9666 100 0 0 0 0
-10.2127 4.2757 2.5556 100 0 0 0 0
-10.2124 4.1177 2.5440 100 0 0 0 0
-10.2118 4.1956 1.3562 100 0 0 0 0
-10.2117 4.2753 2.1525 100 0 0 0 0
-10.2115 4.0385 2.5381 100 0 0 0 0
-10.2114 4.1955 2.1474 100 0 0 0 0
-10.2113 4.0384 0.5738 100 0 0 0 0
-10.2112 4.2751 0.1847 100 0 0 0 0
-10.2111 4.0383 2.1384 100 0 0 0 0
-10.2108 4.1171 0.9634 100 0 0 0 0
-10.2107 4.1951 0.9647 100 0 0 0 0
-10.2107 4.1951 0.5746 100 0 0 0 0
-10.2106 4.1170 2.1430 100 0 0 0 0
-10.2105 4.1170 1.7467 100 0 0 0 0
-10.2105 4.2748 1.3590 100 0 0 0 0
-10.2103 3.8696 0.5726 100 0 0 0 0
-10.2100 4.0379 0.1862 100 0 0 0 0
-10.2097 4.0378 1.3511 100 0 0 0 0
-10.2091 3.9081 1.7372 100 0 0 0 0
-10.2089 4.1163 0.1858 100 0 0 0 0
-10.2088 3.7913 1.3434 100 0 0 0 0
-10.2079 3.8687 0.1872 100 0 0 0 0
-10.2078 4.0370 0.9616 100 0 0 0 0
-10.2077 3.6379 0.1887 100 0 0 0 0
-10.2075 3.9074 2.5283 100 0 0 0 0
-10.2074 3.8686 1.7351 100 0 0 0 0
-10.2074 3.7908 0.5722 100 0 0 0 0
-10.2073 3.8685 2.1280 100 0 0 0 0
-10.2073 3.6378 2.1156 100 0 0 0 0
-10.2072 3.7907 2.1238 100 0 0 0 0
-10.2070 3.7018 1.3406 100 0 0 0 0
-10.2066 3.9071 0.9592 100 0 0 0 0
-10.2065 6.0093 2.2740 100 0 0 0 0
-10.2062 3.7903 1.7317 100 0 0 0 0
-10.2062 3.9070 1.3468 100 0 0 0 0
-10.2061 3.7903 2.5199 100 0 0 0 0
-10.2060 3.9069 2.1302 100 0 0 0 0
-10.2058 3.8679 1.3454 100 0 0 0 0
-10.2056 3.7012 0.1884 100 0 0 0 0
-10.2054 3.9067 0.5729 100 0 0 0 0
-10.2050 3.8677 2.5248 100 0 0 0 0
-10.2049 3.6369 1.7252 100 0 0 0 0
-10.2048 3.7009 1.7279 100 0 0 0 0
-10.2047 3.4980 0.1896 100 0 0 0 0
-10.2046 3.6368 0.9542 100 0 0 0 0
-10.2046 3.7253 2.1198 100 0 0 0 0
-10.2045 3.6368 0.5712 100 0 0 0 0
-10.2044 3.7897 0.1879 100 0 0 0 0
-10.2042 3.9062 0.1872 100 0 0 0 0
-10.2039 3.3715 1.7144 100 0 0 0 0
-10.2034 3.7004 0.9553 100 0 0 0 0
-10.2031 3.8669 0.9581 100 0 0 0 0
-10.2030 3.7003 2.1184 100 0 0 0 0
-10.2026 3.4467 1.7174 100 0 0 0 0
-10.2025 3.4973 1.7194 100 0 0 0 0
-10.2024 3.4972 2.1077 100 0 0 0 0
-10.2024 3.7889 0.9567 100 0 0 0 0
-10.2022 3.7000 0.5716 100 0 0 0 0
-10.2022 3.4592 0.1897 100 0 0 0 0
-10.2019 3.3960 0.5696 100 0 0 0 0
-10.2018 3.4844 0.5701 100 0 0 0 0
-10.2016 3.4970 1.3343 100 0 0 0 0
-10.2016 3.6357 1.3382 100 0 0 0 0
-10.2014 3.6997 2.5132 100 0 0 0 0
-10.2014 3.4716 0.5702 100 0 0 0 0
-10.2013 3.4715 1.3335 100 0 0 0 0
-10.2013 3.3580 2.1004 100 0 0 0 0
-10.2012 3.2952 0.5693 100 0 0 0 0
-10.2011 3.6356 2.5088 100 0 0 0 0
-10.2009 3.4714 0.9512 100 0 0 0 0
-10.2009 3.2963 0.9483 100 0 0 0 0
-10.2008 3.1964 1.7074 100 0 0 0 0
-10.2007 3.4588 2.4974 100 0 0 0 0
-10.2006 3.5462 1.7210 100 0 0 0 0
-10.2005 3.1937 0.1913 100 0 0 0 0
-10.2005 3.3944 1.3310 100 0 0 0 0
-10.2004 3.4965 0.9516 100 0 0 0 0
-10.2004 3.2461 1.3273 100 0 0 0 0
-10.2004 3.2574 0.1910 100 0 0 0 0
-10.2003 3.2336 2.4839 100 0 0 0 0
-10.2003 3.4965 2.4999 100 0 0 0 0
-10.2003 3.3451 0.9490 100 0 0 0 0
-10.2002 3.3564 2.4909 100 0 0 0 0
-10.2001 3.4332 2.1040 100 0 0 0 0
-10.2000 3.1203 0.5683 100 0 0 0 0
-10.2000 3.3828 0.1903 100 0 0 0 0
-10.2000 3.6084 0.1890 100 0 0 0 0
-10.1999 3.6325 2.1139 100 0 0 0 0
-10.1999 3.6710 2.5105 100 0 0 0 0
-10.1999 3.4711 0.1898 100 0 0 0 0
-10.1998 3.3953 1.7148 100 0 0 0 0
-10.1997 3.5459 0.9523 100 0 0 0 0
-10.1996 3.5458 2.1096 100 0 0 0 0
-10.1995 3.5968 2.5058 100 0 0 0 0
-10.1994 3.4709 1.7180 100 0 0 0 0
-10.1994 3.5827 1.3364 100 0 0 0 0
-10.1992 3.6592 1.7254 100 0 0 0 0
-10.1991 3.5076 1.7190 100 0 0 0 0
-10.1991 3.4708 2.1058 100 0 0 0 0
-10.1991 3.3951 0.1900 100 0 0 0 0
-10.1990 3.4961 0.5704 100 0 0 0 0
-10.1990 3.2956 0.5693 100 0 0 0 0
-10.1989 3.4834 2.4986 100 0 0 0 0
-10.1989 3.5429 1.7204 100 0 0 0 0
-10.1988 3.4454 1.3326 100 0 0 0 0
-10.1987 3.4833 0.1895 100 0 0 0 0
-10.1987 3.4202 0.5699 100 0 0 0 0
-10.1986 3.5710 1.7216 100 0 0 0 0
-10.1985 3.3949 2.1016 100 0 0 0 0
-10.1984 3.4832 1.3334 100 0 0 0 0
-10.1982 3.4705 2.4979 100 0 0 0 0
-10.1981 3.4452 0.9506 100 0 0 0 0
-10.1979 3.3947 2.4928 100 0 0 0 0
-10.1977 3.2952 1.7110 100 0 0 0 0
-10.1974 3.2701 0.9477 100 0 0 0 0
-10.1972 3.3944 0.9494 100 0 0 0 0
-10.1969 3.2950 1.3284 100 0 0 0 0
-10.1969 3.2950 2.4870 100 0 0 0 0
-10.1966 3.2324 1.3266 100 0 0 0 0
-10.1963 3.0967 0.5682 100 0 0 0 0
-10.1961 3.0719 0.5680 100 0 0 0 0
-10.1961 3.2947 0.1908 100 0 0 0 0
-10.1961 3.2198 2.4823 100 0 0 0 0
-10.1960 3.2322 1.7085 100 0 0 0 0
-10.1959 3.3814 0.5697 100 0 0 0 0
-10.1958 3.2321 0.1912 100 0 0 0 0
-10.1953 3.3938 1.3306 100 0 0 0 0
-10.1949 3.2943 2.0965 100 0 0 0 0
-10.1948 3.2318 0.9470 100 0 0 0 0
-10.1946 3.0715 0.9445 100 0 0 0 0
-10.1945 3.0961 0.9449 100 0 0 0 0
-10.1945 3.0961 0.1919 100 0 0 0 0
-10.1943 3.2317 2.0933 100 0 0 0 0
-10.1938 3.0959 1.3229 100 0 0 0 0
-10.1936 3.0959 1.7033 100 0 0 0 0
-10.1936 2.9971 1.6995 100 0 0 0 0
-10.1933 3.0710 2.0858 100 0 0 0 0
-10.1932 3.0957 2.0869 100 0 0 0 0
-10.1930 2.9970 0.9431 100 0 0 0 0
-10.1928 2.8385 0.1931 100 0 0 0 0
-10.1926 3.0956 2.4747 100 0 0 0 0
-10.1925 2.8384 0.9410 100 0 0 0 0
-10.1925 3.0708 0.1920 100 0 0 0 0
-10.1923 2.9968 1.3200 100 0 0 0 0
-10.1923 2.9967 0.5674 100 0 0 0 0
-10.1921 2.8383 0.5668 100 0 0 0 0
-10.1920 2.8994 2.4639 100 0 0 0 0
-10.1918 2.8994 1.3179 100 0 0 0 0
-10.1918 3.2309 0.5688 100 0 0 0 0
-10.1918 2.8994 2.0780 100 0 0 0 0
-10.1916 2.9965 0.1922 100 0 0 0 0
-10.1916 2.7053 0.5662 100 0 0 0 0
-10.1915 3.0705 1.3221 100 0 0 0 0
-10.1914 2.8381 1.6942 100 0 0 0 0
-10.1914 3.0705 2.4730 100 0 0 0 0
-10.1913 2.9841 1.3199 100 0 0 0 0
-10.1910 2.8991 1.6962 100 0 0 0 0
-10.1909 2.9964 2.4686 100 0 0 0 0
-10.1907 2.8991 0.5671 100 0 0 0 0
-10.1906 3.0703 1.7020 100 0 0 0 0
-10.1906 2.8990 0.1929 100 0 0 0 0
-10.1897 2.7048 1.6898 100 0 0 0 0
-10.1894 2.8375 2.4601 100 0 0 0 0
-10.1891 2.8986 0.9417 100 0 0 0 0
-10.1887 2.8374 2.0748 100 0 0 0 0
-10.1883 2.9956 2.0813 100 0 0 0 0
-10.1880 2.7043 2.0693 100 0 0 0 0
-10.1879 2.7043 0.9390 100 0 0 0 0
-10.1874 2.6800 2.0682 100 0 0 0 0
-10.1873 2.6799 0.1940 100 0 0 0 0
-10.1871 2.6799 1.6887 100 0 0 0 0
-10.1871 2.6679 1.3121 100 0 0 0 0
-10.1869 2.4400 0.9355 100 0 0 0 0
-10.1867 2.5952 1.3106 100 0 0 0 0
-10.1865 2.5951 1.6860 100 0 0 0 0
-10.1865 2.4399 0.1950 100 0 0 0 0
-10.1865 2.5118 2.4437 100 0 0 0 0
-10.1863 2.7039 1.3130 100 0 0 0 0
-10.1862 2.5117 1.3088 100 0 0 0 0
-10.1862 2.7039 2.4528 100 0 0 0 0
-10.1861 2.5117 0.5653 100 0 0 0 0
-10.1857 2.5116 0.1947 100 0 0 0 0
-10.1853 2.5948 0.1944 100 0 0 0 0
-10.1852 2.5948 0.9374 100 0 0 0 0
-10.1852 2.6674 2.4506 100 0 0 0 0
-10.1851 2.3210 2.0544 100 0 0 0 0
-10.1844 2.8362 1.3158 100 0 0 0 0
-10.1843 2.5113 2.0612 100 0 0 0 0
-10.1842 2.7034 0.1939 100 0 0 0 0
-10.1837 2.3207 0.5645 100 0 0 0 0
-10.1836 2.6669 0.5658 100 0 0 0 0
-10.1835 2.6790 0.9384 100 0 0 0 0
-10.1835 2.4392 1.6811 100 0 0 0 0
-10.1834 2.5110 1.6832 100 0 0 0 0
-10.1834 2.5110 0.9362 100 0 0 0 0
-10.1830 2.4499 2.4399 100 0 0 0 0
-10.1830 2.5942 0.5656 100 0 0 0 0
-10.1829 2.5942 2.0640 100 0 0 0 0
-10.1828 2.5942 2.4467 100 0 0 0 0
-10.1827 2.4390 1.3070 100 0 0 0 0
-10.1827 2.2729 0.5643 100 0 0 0 0
-10.1823 2.4389 2.4395 100 0 0 0 0
-10.1819 2.3203 0.9339 100 0 0 0 0
-10.1818 2.4388 0.5649 100 0 0 0 0
-10.1815 2.1195 2.0468 100 0 0 0 0
-10.1813 2.3201 1.6775 100 0 0 0 0
-10.1810 2.2725 1.3036 100 0 0 0 0
-10.1809 2.2725 1.6762 100 0 0 0 0
-10.1809 2.3200 0.1956 100 0 0 0 0
-10.1808 2.4385 2.0578 100 0 0 0 0
-10.1807 2.2724 0.1957 100 0 0 0 0
-10.1802 2.1310 2.4261 100 0 0 0 0
-10.1802 2.0367 2.4221 100 0 0 0 0
-10.1800 2.1310 1.6725 100 0 0 0 0
-10.1800 2.2723 0.9332 100 0 0 0 0
-10.1796 2.1309 1.3009 100 0 0 0 0
-10.1795 2.1191 2.4253 100 0 0 0 0
-10.1789 2.2720 2.4316 100 0 0 0 0
-10.1788 2.1190 0.9313 100 0 0 0 0
-10.1787 2.1189 1.6718 100 0 0 0 0
-10.1787 2.2720 2.0516 100 0 0 0 0
-10.1784 2.0363 0.9303 100 0 0 0 0
-10.1783 2.1188 0.1961 100 0 0 0 0
-10.1783 2.3194 1.3043 100 0 0 0 0
-10.1781 1.9431 2.4186 100 0 0 0 0
-10.1781 2.1188 0.5634 100 0 0 0 0
-10.1779 2.1188 1.3003 100 0 0 0 0
-10.1779 2.1305 0.9315 100 0 0 0 0
-10.1777 1.8728 1.2964 100 0 0 0 0
-10.1775 1.8727 0.9289 100 0 0 0 0
-10.1773 1.8727 1.6660 100 0 0 0 0
-10.1770 1.9429 1.6676 100 0 0 0 0
-10.1767 1.9077 2.0396 100 0 0 0 0
-10.1766 2.0360 0.1965 100 0 0 0 0
-10.1766 1.8726 0.1972 100 0 0 0 0
-10.1766 2.3191 2.4332 100 0 0 0 0
-10.1765 2.1302 0.1963 100 0 0 0 0
-10.1765 1.9428 0.1970 100 0 0 0 0
-10.1763 2.0359 2.0433 100 0 0 0 0
-10.1759 2.1301 0.5637 100 0 0 0 0
-10.1757 1.9426 0.9295 100 0 0 0 0
-10.1756 2.0357 0.5631 100 0 0 0 0
-10.1754 2.1300 2.0464 100 0 0 0 0
-10.1750 1.8723 2.0385 100 0 0 0 0
-10.1743 1.9424 0.5630 100 0 0 0 0
-10.1741 1.7096 0.9273 100 0 0 0 0
-10.1738 1.8721 2.4152 100 0 0 0 0
-10.1738 1.8720 0.5628 100 0 0 0 0
-10.1738 2.0354 1.2985 100 0 0 0 0
-10.1735 1.9422 2.0403 100 0 0 0 0
-10.1735 1.7561 0.9277 100 0 0 0 0
-10.1733 1.7560 1.2942 100 0 0 0 0
-10.1732 2.0353 1.6690 100 0 0 0 0
-10.1722 1.7558 2.4110 100 0 0 0 0
-10.1719 1.7092 1.2934 100 0 0 0 0
-10.1719 1.5593 0.9257 100 0 0 0 0
-10.1718 1.7092 0.5622 100 0 0 0 0
-10.1716 1.7092 0.1978 100 0 0 0 0
-10.1716 1.7557 0.1976 100 0 0 0 0
-10.1715 1.7557 0.5624 100 0 0 0 0
-10.1715 1.5592 1.2911 100 0 0 0 0
-10.1712 1.4782 0.5614 100 0 0 0 0
-10.1711 1.9418 1.2969 100 0 0 0 0
-10.1710 6.0344 2.2712 100 0 0 0 0
-10.1709 1.4782 2.4020 100 0 0 0 0
-10.1705 1.5590 1.6586 100 0 0 0 0
-10.1703 1.5705 2.4048 100 0 0 0 0
-10.1702 1.4781 1.2899 100 0 0 0 0
-10.1702 1.3865 2.3997 100 0 0 0 0
-10.1702 1.7555 2.0346 100 0 0 0 0
-10.1700 1.7555 1.6626 100 0 0 0 0
-10.1700 1.5590 2.0293 100 0 0 0 0
-10.1699 1.3175 1.6546 100 0 0 0 0
-10.1696 1.5589 0.1980 100 0 0 0 0
-10.1693 1.5589 0.5616 100 0 0 0 0
-10.1693 1.7088 2.4089 100 0 0 0 0
-10.1692 1.5589 2.4041 100 0 0 0 0
-10.1692 1.5704 0.1982 100 0 0 0 0
-10.1691 1.7088 2.0331 100 0 0 0 0
-10.1691 1.7088 1.6615 100 0 0 0 0
-10.1688 1.5703 1.6588 100 0 0 0 0
-10.1679 1.4777 0.1983 100 0 0 0 0
-10.1678 1.3172 2.0238 100 0 0 0 0
-10.1678 1.3862 2.0253 100 0 0 0 0
-10.1674 1.3861 1.6554 100 0 0 0 0
-10.1673 1.4776 0.9248 100 0 0 0 0
-10.1672 1.5701 2.0294 100 0 0 0 0
-10.1671 1.5700 1.2911 100 0 0 0 0
-10.1671 1.3171 0.9239 100 0 0 0 0
-10.1670 1.5700 0.5618 100 0 0 0 0
-10.1667 1.4776 2.0269 100 0 0 0 0
-10.1665 1.5699 0.9257 100 0 0 0 0
-10.1662 1.3860 0.1987 100 0 0 0 0
-10.1656 1.4774 1.6565 100 0 0 0 0
-10.1654 1.3859 0.9243 100 0 0 0 0
-10.1650 1.2027 2.0212 100 0 0 0 0
-10.1647 1.3168 1.2877 100 0 0 0 0
-10.1647 1.1569 0.1992 100 0 0 0 0
-10.1645 1.1569 0.5608 100 0 0 0 0
-10.1644 0.9976 2.0176 100 0 0 0 0
-10.1642 1.3857 1.2885 100 0 0 0 0
-10.1638 1.3167 0.5611 100 0 0 0 0
-10.1637 0.9976 1.2845 100 0 0 0 0
-10.1635 1.2026 2.3939 100 0 0 0 0
-10.1633 1.1568 2.3928 100 0 0 0 0
-10.1632 0.9975 0.9218 100 0 0 0 0
-10.1629 1.2025 0.5608 100 0 0 0 0
-10.1629 1.2025 1.2864 100 0 0 0 0
-10.1624 1.3855 0.5612 100 0 0 0 0
-10.1624 1.2025 0.9229 100 0 0 0 0
-10.1623 1.1567 1.6513 100 0 0 0 0
-10.1623 1.2024 0.1992 100 0 0 0 0
-10.1621 0.9176 0.1997 100 0 0 0 0
-10.1615 1.3164 0.1990 100 0 0 0 0
-10.1613 1.0201 0.1995 100 0 0 0 0
-10.1613 0.9175 1.6482 100 0 0 0 0
-10.1613 0.9973 0.5604 100 0 0 0 0
-10.1612 1.1565 2.0197 100 0 0 0 0
-10.1611 1.3164 2.3961 100 0 0 0 0
-10.1611 0.9175 2.0158 100 0 0 0 0
-10.1606 1.0201 0.9218 100 0 0 0 0
-10.1606 1.0201 0.5604 100 0 0 0 0
-10.1602 1.1564 1.2857 100 0 0 0 0
-10.1601 0.6681 0.1999 100 0 0 0 0
-10.1598 0.9174 0.5603 100 0 0 0 0
-10.1598 1.0200 2.3893 100 0 0 0 0
-10.1593 1.2021 1.6516 100 0 0 0 0
-10.1591 1.0199 1.2843 100 0 0 0 0
-10.1590 0.8384 2.0145 100 0 0 0 0
-10.1588 0.8384 2.3859 100 0 0 0 0
-10.1587 1.0199 1.6491 100 0 0 0 0
-10.1584 0.8383 0.1999 100 0 0 0 0
-10.1584 1.1562 0.9224 100 0 0 0 0
-10.1583 0.8383 1.6470 100 0 0 0 0
-10.1582 1.0198 2.0170 100 0 0 0 0
-10.1579 0.9970 1.6487 100 0 0 0 0
-10.1576 0.6573 1.6453 100 0 0 0 0
-10.1574 0.9172 0.9211 100 0 0 0 0
-10.1574 0.9969 2.3884 100 0 0 0 0
-10.1573 0.9969 0.1996 100 0 0 0 0
-10.1569 0.9171 2.3868 100 0 0 0 0
-10.1566 0.9171 1.2832 100 0 0 0 0
-10.1565 0.7586 2.0130 100 0 0 0 0
-10.1564 0.7586 2.3842 100 0 0 0 0
-10.1557 0.7586 1.6459 100 0 0 0 0
-10.1555 0.7586 0.2000 100 0 0 0 0
-10.1553 0.8381 1.2825 100 0 0 0 0
-10.1552 0.6572 0.2002 100 0 0 0 0
-10.1550 0.6571 2.3826 100 0 0 0 0
-10.1545 0.8380 0.5600 100 0 0 0 0
-10.1541 0.7699 0.2001 100 0 0 0 0
-10.1538 0.4313 1.6433 100 0 0 0 0
-10.1537 0.6570 2.0115 100 0 0 0 0
-10.1531 0.5891 0.2003 100 0 0 0 0
-10.1528 0.7470 0.1999 100 0 0 0 0
-10.1526 0.4313 2.0094 100 0 0 0 0
-10.1522 0.4765 0.2004 100 0 0 0 0
-10.1521 0.5890 2.3811 100 0 0 0 0
-10.1518 0.5890 1.6440 100 0 0 0 0
-10.1516 0.2738 0.2005 100 0 0 0 0
-10.1512 0.4764 2.0095 100 0 0 0 0
-10.1507 0.2963 2.3784 100 0 0 0 0
-10.1507 0.4764 2.3797 100 0 0 0 0
-10.1506 0.1947 2.3778 100 0 0 0 0
-10.1503 0.4312 2.3792 100 0 0 0 0
-10.1494 0.5889 2.0101 100 0 0 0 0
-10.1493 0.4764 1.6430 100 0 0 0 0
-10.1490 0.2737 2.0079 100 0 0 0 0
-10.1487 0.4311 0.2005 100 0 0 0 0
-10.1485 0.2737 2.3778 100 0 0 0 0
-10.1479 0.2962 1.6420 100 0 0 0 0
-10.1475 0.1163 2.0072 100 0 0 0 0
-10.1472 0.1163 2.3770 100 0 0 0 0
-10.1465 0.1946 1.6415 100 0 0 0 0
-10.1461 0.2736 1.6417 100 0 0 0 0
-10.1459 0.1946 0.2007 100 0 0 0 0
-10.1457 0.0261 0.2005 100 0 0 0 0
-10.1454 0.0373 2.3764 100 0 0 0 0
-10.1453 0.1946 2.0070 100 0 0 0 0
-10.1452 0.2961 0.2006 100 0 0 0 0
-10.1451 -0.0635 1.6411 100 0 0 0 0
-10.1447 -0.0635 2.3763 100 0 0 0 0
-10.1441 0.1163 1.6410 100 0 0 0 0
-10.1438 -0.0635 0.2007 100 0 0 0 0
-10.1436 0.0373 2.0064 100 0 0 0 0
-10.1429 0.0373 1.6408 100 0 0 0 0
-10.1423 -0.1311 2.0063 100 0 0 0 0
-10.1422 -0.1311 0.2008 100 0 0 0 0
-10.1420 0.2960 2.0069 100 0 0 0 0
-10.1414 -0.0635 2.0061 100 0 0 0 0
-10.1405 -0.2432 1.6408 100 0 0 0 0
-10.1405 -0.2432 2.3760 100 0 0 0 0
-10.1403 -0.2889 1.6409 100 0 0 0 0
-10.1400 -0.1310 1.6405 100 0 0 0 0
-10.1395 -0.1310 2.3754 100 0 0 0 0
-10.1394 -0.2432 2.0062 100 0 0 0 0
-10.1380 -0.2431 0.2008 100 0 0 0 0
-10.1373 -0.2882 2.3756 100 0 0 0 0
-10.1369 -0.4229 0.2007 100 0 0 0 0
-10.1367 -0.0762 1.6399 100 0 0 0 0
-10.1367 -0.5245 0.2006 100 0 0 0 0
-10.1366 -0.4454 2.0068 100 0 0 0 0
-10.1366 -0.4229 2.3763 100 0 0 0 0
-10.1362 -0.4454 0.2007 100 0 0 0 0
-10.1362 -0.2881 0.2008 100 0 0 0 0
-10.1358 -0.1317 1.6397 100 0 0 0 0
-10.1358 -0.4454 2.3763 100 0 0 0 0
-10.1351 -0.4228 2.0064 100 0 0 0 0
-10.1348 -0.5244 2.3768 100 0 0 0 0
-10.1341 -0.6028 2.0076 100 0 0 0 0
-10.1333 -0.2881 2.0054 100 0 0 0 0
-10.1329 -0.6027 2.3773 100 0 0 0 0
-10.1317 -0.6026 0.2007 100 0 0 0 0
-10.1304 -0.5242 2.0063 100 0 0 0 0
-10.1296 -0.6816 0.2006 100 0 0 0 0
-10.1293 -0.7827 0.2005 100 0 0 0 0
-10.1286 -0.6816 2.3774 100 0 0 0 0
-10.1281 -0.9634 0.2002 100 0 0 0 0
-10.1271 -0.8505 0.2005 100 0 0 0 0
-10.1268 6.0693 2.2681 100 0 0 0 0
-10.1264 -1.1673 0.1999 100 0 0 0 0
-10.1254 -1.2470 0.1998 100 0 0 0 0
-10.1252 -0.7825 2.3781 100 0 0 0 0
-10.1236 -1.1442 0.2000 100 0 0 0 0
-10.1224 -1.1554 0.1999 100 0 0 0 0
-10.1217 -1.6352 0.1989 100 0 0 0 0
-10.1210 -1.1788 0.2000 100 0 0 0 0
-10.1207 -1.4861 0.1993 100 0 0 0 0
-10.1204 -1.3257 0.1997 100 0 0 0 0
-10.1204 -1.4287 0.1995 100 0 0 0 0
-10.1200 -2.4271 0.1961 100 0 0 0 0
-10.1200 -2.3796 0.5636 100 0 0 0 0
-10.1198 -1.1346 0.2001 100 0 0 0 0
-10.1193 -1.3034 0.1998 100 0 0 0 0
-10.1178 -1.1555 0.2000 100 0 0 0 0
-10.1166 -2.4375 0.5637 100 0 0 0 0
-10.1165 -1.3481 0.1997 100 0 0 0 0
-10.1162 -2.4492 0.1961 100 0 0 0 0
-10.1158 -1.4052 0.1996 100 0 0 0 0
-10.1156 -1.5652 0.1992 100 0 0 0 0
-10.1151 -2.4490 0.5636 100 0 0 0 0
-10.1150 -1.5076 0.1993 100 0 0 0 0
-10.1149 -2.4371 0.1963 100 0 0 0 0
-10.1149 -1.6912 0.1989 100 0 0 0 0
-10.1144 -2.5321 0.1958 100 0 0 0 0
-10.1140 -2.0153 0.5621 100 0 0 0 0
-10.1134 -2.6268 0.5644 100 0 0 0 0
-10.1127 -1.7253 0.1987 100 0 0 0 0
-10.1124 -1.8868 0.1982 100 0 0 0 0
-10.1121 -2.5315 0.5639 100 0 0 0 0
-10.1120 -1.8752 0.1984 100 0 0 0 0
-10.1118 -2.6863 0.9345 100 0 0 0 0
-10.1113 -2.5313 0.9323 100 0 0 0 0
-10.1111 -2.6262 0.9337 100 0 0 0 0
-10.1108 -2.6261 0.1956 100 0 0 0 0
-10.1108 -2.6860 0.5647 100 0 0 0 0
-10.1104 -2.8177 0.9362 100 0 0 0 0
-10.1104 -2.8177 0.5652 100 0 0 0 0
-10.1100 -2.9266 1.3110 100 0 0 0 0
-10.1100 -2.8417 1.3090 100 0 0 0 0
-10.1097 -2.6858 0.1954 100 0 0 0 0
-10.1096 -2.0604 0.1978 100 0 0 0 0
-10.1091 -2.8415 0.5653 100 0 0 0 0
-10.1089 -2.9263 0.5657 100 0 0 0 0
-10.1085 -1.9675 0.1980 100 0 0 0 0
-10.1080 -2.8412 0.9364 100 0 0 0 0
-10.1078 -3.0838 0.5665 100 0 0 0 0
-10.1077 -2.8170 1.3083 100 0 0 0 0
-10.1077 -3.0105 0.1938 100 0 0 0 0
-10.1074 -2.8169 0.1948 100 0 0 0 0
-10.1073 -3.0103 1.3128 100 0 0 0 0
-10.1072 -2.2469 0.5628 100 0 0 0 0
-10.1065 -2.1299 0.5624 100 0 0 0 0
-10.1064 -2.2820 0.5628 100 0 0 0 0
-10.1064 -2.0598 0.5621 100 0 0 0 0
-10.1061 -3.0832 1.6916 100 0 0 0 0
-10.1055 -2.9253 0.9375 100 0 0 0 0
-10.1055 6.0872 2.2667 100 0 0 0 0
-10.1055 -2.8405 0.1947 100 0 0 0 0
-10.1043 -2.1295 0.1977 100 0 0 0 0
-10.1043 -3.0094 0.5660 100 0 0 0 0
-10.1040 -3.2048 1.3175 100 0 0 0 0
-10.1039 -3.0826 0.1936 100 0 0 0 0
-10.1038 -3.0093 0.9386 100 0 0 0 0
-10.1036 -2.2461 0.1972 100 0 0 0 0
-10.1033 -3.0580 1.6904 100 0 0 0 0
-10.1031 -3.0824 0.9397 100 0 0 0 0
-10.1030 -3.2045 1.6956 100 0 0 0 0
-10.1029 -3.0823 1.3143 100 0 0 0 0
-10.1024 -2.2811 0.1970 100 0 0 0 0
-10.1022 -3.2042 0.5670 100 0 0 0 0
-10.1019 -3.2041 0.1930 100 0 0 0 0
-10.1016 -2.9242 0.1944 100 0 0 0 0
-10.1009 -3.2038 0.9414 100 0 0 0 0
-10.0881 -4.5549 0.9657 100 0 0 0 0
-10.0818 -4.5521 0.5749 100 0 0 0 0
-10.0812 -4.5518 1.3572 100 0 0 0 0
-10.0812 -4.5518 0.1849 100 0 0 0 0
-10.0807 -4.6316 0.9671 100 0 0 0 0
-10.0804 -4.5514 2.5510 100 0 0 0 0
-10.0799 -4.5513 1.7513 100 0 0 0 0
-10.0798 -4.6853 0.5759 100 0 0 0 0
-10.0793 -4.6851 1.7581 100 0 0 0 0
-10.0793 -4.5510 2.1488 100 0 0 0 0
-10.0789 -4.7664 2.1629 100 0 0 0 0
-10.0783 -4.6846 2.5614 100 0 0 0 0
-10.0782 -4.6305 2.5570 100 0 0 0 0
-10.0779 -4.8473 0.9717 100 0 0 0 0
-10.0778 -4.6844 0.9681 100 0 0 0 0
-10.0776 -4.6302 0.1845 100 0 0 0 0
-10.0773 -4.6842 2.1573 100 0 0 0 0
-10.0773 -4.7657 2.5678 100 0 0 0 0
-10.0771 -4.6300 1.7550 100 0 0 0 0
-10.0769 -4.6840 0.1842 100 0 0 0 0
-10.0768 -4.7655 1.3646 100 0 0 0 0
-10.0764 -4.6297 0.5754 100 0 0 0 0
-10.0763 -4.7652 1.7618 100 0 0 0 0
-10.0760 -4.6836 1.3616 100 0 0 0 0
-10.0759 -4.9288 2.5812 100 0 0 0 0
-10.0758 -4.6294 1.3596 100 0 0 0 0
-10.0758 -4.8463 2.1678 100 0 0 0 0
-10.0753 -4.6292 2.1533 100 0 0 0 0
-10.0752 -4.7647 0.9697 100 0 0 0 0
-10.0750 -4.7646 0.5763 100 0 0 0 0
-10.0746 -4.7645 0.1835 100 0 0 0 0
-10.0745 -4.8457 1.7658 100 0 0 0 0
-10.0744 -5.0939 0.9772 100 0 0 0 0
-10.0742 -5.0939 2.1848 100 0 0 0 0
-10.0741 -4.9280 0.1824 100 0 0 0 0
-10.0741 -4.8455 0.1830 100 0 0 0 0
-10.0741 -4.8455 2.5738 100 0 0 0 0
-10.0736 -5.0656 0.1813 100 0 0 0 0
-10.0735 -4.8452 0.5770 100 0 0 0 0
-10.0735 -4.9277 2.1731 100 0 0 0 0
-10.0734 -4.9276 0.5776 100 0 0 0 0
-10.0732 -5.0654 1.7774 100 0 0 0 0
-10.0732 -4.9275 0.9733 100 0 0 0 0
-10.0730 -4.9274 1.7700 100 0 0 0 0
-10.0730 -5.0933 1.3768 100 0 0 0 0
-10.0729 -4.9274 1.3704 100 0 0 0 0
-10.0727 -5.0931 2.5946 100 0 0 0 0
-10.0727 -5.0652 2.5922 100 0 0 0 0
-10.0726 -4.8447 1.3672 100 0 0 0 0
-10.0721 -5.1769 2.6018 100 0 0 0 0
-10.0721 -5.0649 0.5786 100 0 0 0 0
-10.0717 -5.1628 2.1893 100 0 0 0 0
-10.0717 -5.0926 0.1811 100 0 0 0 0
-10.0715 -5.0646 1.3755 100 0 0 0 0
-10.0712 -5.2887 2.1983 100 0 0 0 0
-10.0708 -5.0922 1.7786 100 0 0 0 0
-10.0702 -5.1620 0.5793 100 0 0 0 0
-10.0701 -5.1620 0.9786 100 0 0 0 0
-10.0700 -5.0918 0.5788 100 0 0 0 0
-10.0698 -5.2880 1.3842 100 0 0 0 0
-10.0698 -5.3305 0.5806 100 0 0 0 0
-10.0691 -5.2876 0.1796 100 0 0 0 0
-10.0690 -5.4015 2.2062 100 0 0 0 0
-10.0689 -5.1613 0.1806 100 0 0 0 0
-10.0688 -5.0632 2.1818 100 0 0 0 0
-10.0686 -5.0632 0.9762 100 0 0 0 0
-10.0686 -5.3168 2.2001 100 0 0 0 0
-10.0685 -5.1611 1.7822 100 0 0 0 0
-10.0684 -5.1611 1.3791 100 0 0 0 0
-10.0684 -5.3298 0.1792 100 0 0 0 0
-10.0682 -5.3296 2.6147 100 0 0 0 0
-10.0680 -5.3295 2.2008 100 0 0 0 0
-10.0679 -5.2870 1.7891 100 0 0 0 0
-10.0678 -5.1608 2.5997 100 0 0 0 0
-10.0676 -5.2868 2.6108 100 0 0 0 0
-10.0676 -5.4008 0.9841 100 0 0 0 0
-10.0675 -5.3293 0.9824 100 0 0 0 0
-10.0673 -5.4007 1.7955 100 0 0 0 0
-10.0671 -5.4006 0.1787 100 0 0 0 0
-10.0671 -5.3291 1.7914 100 0 0 0 0
-10.0669 -5.4005 0.5811 100 0 0 0 0
-10.0668 -5.2864 0.5803 100 0 0 0 0
-10.0666 -5.4003 1.3885 100 0 0 0 0
-10.0665 -5.4002 2.6207 100 0 0 0 0
-10.0661 -5.2860 0.9813 100 0 0 0 0
-10.0651 -5.5137 1.3931 100 0 0 0 0
-10.0649 -5.3279 1.3854 100 0 0 0 0
-10.0645 -5.5134 2.2140 100 0 0 0 0
-10.0643 -5.6441 1.3985 100 0 0 0 0
-10.0643 -5.6441 2.2239 100 0 0 0 0
-10.0641 -5.6440 2.6430 100 0 0 0 0
-10.0638 -5.5130 0.5821 100 0 0 0 0
-10.0636 -5.5708 1.3954 100 0 0 0 0
-10.0635 -5.5128 1.8016 100 0 0 0 0
-10.0634 -5.5707 1.8051 100 0 0 0 0
-10.0632 -5.6435 0.5832 100 0 0 0 0
-10.0629 -5.6433 0.1768 100 0 0 0 0
-10.0629 -5.5704 2.2181 100 0 0 0 0
-10.0625 -5.5702 0.1774 100 0 0 0 0
-10.0624 -5.6431 1.8092 100 0 0 0 0
-10.0621 -5.5121 0.9867 100 0 0 0 0
-10.0619 -5.5699 0.9882 100 0 0 0 0
-10.0617 -5.6427 0.9900 100 0 0 0 0
-10.0617 -5.5118 0.1779 100 0 0 0 0
-10.0616 -5.6865 1.4002 100 0 0 0 0
-10.0611 -5.5695 2.6355 100 0 0 0 0
-10.0610 -5.7439 2.2311 100 0 0 0 0
-10.0609 -5.5115 2.6300 100 0 0 0 0
-10.0609 -5.7439 0.9925 100 0 0 0 0
-10.0606 -5.7437 1.8150 100 0 0 0 0
-10.0606 -5.8028 0.9941 100 0 0 0 0
-10.0604 -5.5691 0.5825 100 0 0 0 0
-10.0601 -5.8025 2.2356 100 0 0 0 0
-10.0600 -5.8024 1.8185 100 0 0 0 0
-10.0596 -5.7432 0.5839 100 0 0 0 0
-10.0592 -5.9800 1.8293 100 0 0 0 0
-10.0589 -5.7428 2.6514 100 0 0 0 0
-10.0588 -5.8018 0.5845 100 0 0 0 0
-10.0588 -5.8908 1.8237 100 0 0 0 0
-10.0587 -5.7426 1.4023 100 0 0 0 0
-10.0585 -5.8907 0.9962 100 0 0 0 0
-10.0585 -5.8907 1.4087 100 0 0 0 0
-10.0583 -5.8015 2.6570 100 0 0 0 0
-10.0581 -5.7423 0.1760 100 0 0 0 0
-10.0578 -5.8903 2.6654 100 0 0 0 0
-10.0578 -6.0092 0.5862 100 0 0 0 0
-10.0575 -5.8010 0.1756 100 0 0 0 0
-10.0575 -5.8901 0.1747 100 0 0 0 0
-10.0573 -5.9788 0.1740 100 0 0 0 0
-10.0566 -5.9784 2.6738 100 0 0 0 0
-10.0563 -5.9783 2.2490 100 0 0 0 0
-10.0561 -5.8002 1.4046 100 0 0 0 0
-10.0560 -5.8892 2.2418 100 0 0 0 0
-10.0554 -5.9638 0.9979 100 0 0 0 0
-10.0552 -6.0530 0.1734 100 0 0 0 0
-10.0552 -6.0402 2.6797 100 0 0 0 0
-10.0550 -6.0529 0.5866 100 0 0 0 0
-10.0548 -6.1285 2.6884 100 0 0 0 0
-10.0546 -6.1284 1.8381 100 0 0 0 0
-10.0544 -6.1283 2.2609 100 0 0 0 0
-10.0543 -6.0525 1.8333 100 0 0 0 0
-10.0541 -6.2188 0.5881 100 0 0 0 0
-10.0538 -5.9768 1.4121 100 0 0 0 0
-10.0532 -6.1276 0.1727 100 0 0 0 0
-10.0532 -6.0518 2.6805 100 0 0 0 0
-10.0531 -6.0518 2.2545 100 0 0 0 0
-10.0524 -6.3721 2.7128 100 0 0 0 0
-10.0522 -6.2177 2.6969 100 0 0 0 0
-10.0522 -6.3720 2.2807 100 0 0 0 0
-10.0522 -6.2946 2.7048 100 0 0 0 0
-10.0518 -6.2944 0.5888 100 0 0 0 0
-10.0517 -6.2173 2.2678 100 0 0 0 0
-10.0514 -6.2941 0.1712 100 0 0 0 0
-10.0512 -6.1263 0.5872 100 0 0 0 0
-10.0498 -6.2161 0.1719 100 0 0 0 0
-10.0492 -6.5256 0.5909 100 0 0 0 0
-10.0491 -6.3701 0.1705 100 0 0 0 0
-10.0479 -6.2919 2.2735 100 0 0 0 0
-10.0478 -6.4618 0.1697 100 0 0 0 0
-10.0475 -6.7140 0.5926 100 0 0 0 0
-10.0472 -6.4615 2.2876 100 0 0 0 0
-10.0468 -6.5240 0.1692 100 0 0 0 0
-10.0468 -6.4612 2.7210 100 0 0 0 0
-10.0466 -6.6030 0.5915 100 0 0 0 0
-10.0465 -6.3685 0.5893 100 0 0 0 0
-10.0465 -6.7614 0.1669 100 0 0 0 0
-10.0454 -6.7126 0.1674 100 0 0 0 0
-10.0448 -6.4599 0.5901 100 0 0 0 0
-10.0447 -6.8575 0.5940 100 0 0 0 0
-10.0438 -6.6012 0.1685 100 0 0 0 0
-10.0434 -6.7756 0.5932 100 0 0 0 0
-10.0418 -6.8555 0.1660 100 0 0 0 0
-10.0398 -6.7585 0.5930 100 0 0 0 0
-10.0396 -6.8717 0.1659 100 0 0 0 0
-10.0390 -6.8713 0.5940 100 0 0 0 0
-10.0384 -6.8399 0.1663 100 0 0 0 0
-10.0271 -5.8144 0.9927 100 0 0 0 0
-10.0267 -7.8059 0.1566 100 0 0 0 0
-10.0251 -7.8047 0.6033 100 0 0 0 0
-10.0249 -7.7692 0.1570 100 0 0 0 0
-10.0249 -7.8937 0.6043 100 0 0 0 0
-10.0242 -7.7686 0.6029 100 0 0 0 0
-10.0239 -7.8929 0.1557 100 0 0 0 0
-10.0235 -7.9644 0.1550 100 0 0 0 0
-10.0229 -8.1257 0.6068 100 0 0 0 0
-10.0213 -8.0515 0.6059 100 0 0 0 0
-10.0197 -8.0503 0.1540 100 0 0 0 0
-10.0194 -7.9612 0.6050 100 0 0 0 0
-10.0191 -8.2146 0.6077 100 0 0 0 0
-10.0188 -8.1224 0.1533 100 0 0 0 0
-10.0177 -8.2134 0.1523 100 0 0 0 0
-10.0126 -8.7940 0.6141 100 0 0 0 0
-10.0126 -8.7745 0.1460 100 0 0 0 0
-10.0113 -8.8516 0.6148 100 0 0 0 0
-10.0108 -9.0074 0.1434 100 0 0 0 0
-10.0083 -8.8490 0.1453 100 0 0 0 0
-10.0076 -9.0045 2.5256 100 0 0 0 0
-10.0075 -9.0044 0.6164 100 0 0 0 0
-10.0074 -8.9449 0.6157 100 0 0 0 0
-10.0074 -9.0846 0.1425 100 0 0 0 0
-10.0072 -8.9447 0.1442 100 0 0 0 0
-10.0059 -9.1639 0.1417 100 0 0 0 0
-10.0050 -9.0824 2.5335 100 0 0 0 0
-10.0047 -8.9622 2.5208 100 0 0 0 0
-10.0047 -9.0821 0.6173 100 0 0 0 0
-10.0029 -9.1612 0.6183 100 0 0 0 0
-10.0029 -9.2609 0.1405 100 0 0 0 0
-10.0026 -9.1812 2.5438 100 0 0 0 0
-10.0025 -9.4047 0.6210 100 0 0 0 0
-10.0012 -9.3207 0.1399 100 0 0 0 0
-10.0009 -9.2591 0.6193 100 0 0 0 0
-10.0004 -9.4027 0.1389 100 0 0 0 0
-10.0004 -9.3406 0.6203 100 0 0 0 0
-9.9993 -9.4850 0.6220 100 0 0 0 0
-9.9987 -9.6507 0.6240 100 0 0 0 0
-9.9980 -9.6500 0.1360 100 0 0 0 0
-9.9966 -9.5853 0.1368 100 0 0 0 0
-9.9964 -9.5851 0.6231 100 0 0 0 0
-9.9960 -9.7336 0.1350 100 0 0 0 0
-9.9960 -9.4818 0.1381 100 0 0 0 0
-9.9952 -9.7329 0.6249 100 0 0 0 0
-9.9078 8.9294 2.5087 100 0 0 0 0
-9.8516 -5.8583 0.9860 100 0 0 0 0
-9.8264 -5.7132 0.9810 100 0 0 0 0
-9.8082 5.9826 2.2176 100 0 0 0 0
-9.7965 -5.6983 0.9794 100 0 0 0 0
-9.7931 -5.8533 0.9832 100 0 0 0 0
-9.7792 4.8393 3.3351 100 0 0 0 0
-9.7747 -6.0222 1.8021 100 0 0 0 0
-9.7478 6.0355 2.2138 100 0 0 0 0
-9.7366 -6.0113 1.7972 100 0 0 0 0
-9.7324 4.9109 3.3325 100 0 0 0 0
-9.7296 6.0544 2.2128 100 0 0 0 0
-9.7216 4.9327 3.3326 100 0 0 0 0
-9.7176 -5.9555 1.7918 100 0 0 0 0
-9.7130 -5.8499 0.9795 100 0 0 0 0
-9.7074 4.9526 3.3317 100 0 0 0 0
-9.7049 -6.6129 2.6815 100 0 0 0 0
-9.6973 6.0793 2.2108 100 0 0 0 0
-9.6970 -6.0011 1.7924 100 0 0 0 0
-9.6945 -6.2705 2.2244 100 0 0 0 0
-9.6851 -6.5842 2.6752 100 0 0 0 0
-9.6830 5.0036 2.5205 100 0 0 0 0
-9.6758 4.9367 2.5144 100 0 0 0 0
-9.6712 4.9073 2.5110 100 0 0 0 0
-9.6665 4.8377 2.5040 100 0 0 0 0
-9.6548 -6.5494 3.0958 100 0 0 0 0
-9.6521 4.7118 2.4909 100 0 0 0 0
-9.6478 4.6701 2.4864 100 0 0 0 0
-9.6434 6.4369 2.2340 100 0 0 0 0
-9.6431 6.1338 2.2077 100 0 0 0 0
-9.6427 5.0543 3.3285 100 0 0 0 0
-9.6409 4.5876 2.4784 100 0 0 0 0
-9.6393 4.6001 2.4789 100 0 0 0 0
-9.6344 -5.8469 0.9758 100 0 0 0 0
-9.6333 4.5710 2.4755 100 0 0 0 0
-9.6303 5.0752 3.3282 100 0 0 0 0
-9.6189 -5.9828 1.7831 100 0 0 0 0
-9.6185 -5.6082 0.9688 100 0 0 0 0
-9.6048 -6.5303 3.0837 100 0 0 0 0
-9.6009 5.1145 3.3262 100 0 0 0 0
-9.5881 4.8389 2.8867 100 0 0 0 0
-9.5771 6.4857 2.2297 100 0 0 0 0
-9.5768 6.1971 2.2043 100 0 0 0 0
-9.5688 -6.4139 2.6380 100 0 0 0 0
-9.5683 5.1642 3.3244 100 0 0 0 0
-9.5634 -6.5335 2.6501 100 0 0 0 0
-9.5627 6.2030 2.2031 100 0 0 0 0
-9.5611 4.8788 2.8854 100 0 0 0 0
-9.5573 -5.8442 0.9724 100 0 0 0 0
-9.5557 -6.5308 2.6488 100 0 0 0 0
-9.5509 -6.5095 3.0707 100 0 0 0 0
-9.5483 -6.4029 2.6337 100 0 0 0 0
-9.5453 6.2220 2.2025 100 0 0 0 0
-9.5402 -5.9639 1.7737 100 0 0 0 0
-9.5391 4.9198 2.8849 100 0 0 0 0
-9.5351 6.5174 2.2267 100 0 0 0 0
-9.5205 5.2347 3.3223 100 0 0 0 0
-9.5171 -6.5190 2.6412 100 0 0 0 0
-9.5030 -8.7482 2.4392 100 0 0 0 0
-9.5010 5.2603 3.3200 100 0 0 0 0
-9.5006 -5.9542 1.7689 100 0 0 0 0
-9.5006 5.2652 3.3213 100 0 0 0 0
-9.4951 4.9912 2.8835 100 0 0 0 0
-9.4911 -6.1533 2.1871 100 0 0 0 0
-9.4889 6.2743 2.1992 100 0 0 0 0
-9.4809 6.5583 2.2234 100 0 0 0 0
-9.4807 6.2840 2.1991 100 0 0 0 0
-9.4802 5.0238 2.8840 100 0 0 0 0
-9.4800 6.2794 2.1981 100 0 0 0 0
-9.4785 6.2805 2.1983 100 0 0 0 0
-9.4751 -6.1443 2.1843 100 0 0 0 0
-9.4665 -5.9476 1.7650 100 0 0 0 0
-9.4652 5.0429 2.8831 100 0 0 0 0
-9.4600 -6.4804 3.0497 100 0 0 0 0
-9.4578 -6.3558 2.6138 100 0 0 0 0
-9.4524 -5.6668 1.3530 100 0 0 0 0
-9.4299 -5.8382 0.9664 100 0 0 0 0
-9.4265 6.5987 2.2200 100 0 0 0 0
-9.4112 -6.4475 3.4628 100 0 0 0 0
-9.4048 5.1446 2.8817 100 0 0 0 0
-9.4042 7.2518 2.2775 100 0 0 0 0
-9.4040 6.6143 2.2185 100 0 0 0 0
-9.4031 7.3177 2.2841 100 0 0 0 0
-9.4027 7.2340 2.2759 100 0 0 0 0
-9.4022 7.3288 2.2846 100 0 0 0 0
-9.3986 5.1548 2.8816 100 0 0 0 0
-9.3913 -8.6660 2.4172 100 0 0 0 0
-9.3887 -5.6859 1.3491 100 0 0 0 0
-9.3803 -5.8367 0.9642 100 0 0 0 0
-9.3722 -5.9327 1.7541 100 0 0 0 0
-9.3655 5.2046 2.8805 100 0 0 0 0
-9.3629 -5.4476 0.5708 100 0 0 0 0
-9.3621 -8.8887 2.9055 100 0 0 0 0
-9.3489 -6.2986 2.5900 100 0 0 0 0
-9.3342 6.6726 2.2146 100 0 0 0 0
-9.3323 -6.3780 3.4347 100 0 0 0 0
-9.3302 -8.8589 3.3695 100 0 0 0 0
-9.3226 5.2748 2.8795 100 0 0 0 0
-9.3215 -8.8354 3.3645 100 0 0 0 0
-9.3187 6.6774 2.2128 100 0 0 0 0
-9.3151 -5.9259 1.7478 100 0 0 0 0
-9.3151 -5.4478 0.5701 100 0 0 0 0
-9.3092 -5.7089 1.3442 100 0 0 0 0
-9.3088 -8.8001 3.3565 100 0 0 0 0
-9.3047 -5.8332 0.9608 100 0 0 0 0
-9.2995 5.3166 2.8797 100 0 0 0 0
-9.2880 -6.0383 2.1502 100 0 0 0 0
-9.2872 -8.5902 2.3970 100 0 0 0 0
-9.2705 -6.0417 2.1482 100 0 0 0 0
-9.2648 5.3654 2.8784 100 0 0 0 0
-9.2631 -8.5305 2.8442 100 0 0 0 0
-9.2579 6.8680 2.6417 100 0 0 0 0
-9.2515 4.8383 2.4321 100 0 0 0 0
-9.2513 -5.7294 1.3407 100 0 0 0 0
-9.2446 4.8479 2.4318 100 0 0 0 0
-9.2446 6.7341 2.2085 100 0 0 0 0
-9.2443 -6.2441 2.5673 100 0 0 0 0
-9.2405 5.4049 2.8778 100 0 0 0 0
-9.2390 -5.4452 0.5690 100 0 0 0 0
-9.2333 6.7416 2.2081 100 0 0 0 0
-9.2319 -8.5210 2.8384 100 0 0 0 0
-9.2318 -6.0604 2.1446 100 0 0 0 0
-9.2299 -5.8297 0.9573 100 0 0 0 0
-9.2297 -5.7302 1.3391 100 0 0 0 0
-9.2005 5.4781 2.8785 100 0 0 0 0
-9.1977 4.9019 2.4287 100 0 0 0 0
-9.1915 -8.5201 2.3782 100 0 0 0 0
-9.1900 -6.2229 2.5562 100 0 0 0 0
-9.1866 -8.5174 2.3775 100 0 0 0 0
-9.1844 -8.7417 3.3264 100 0 0 0 0
-9.1737 6.7906 2.2046 100 0 0 0 0
-9.1727 -5.9071 1.7317 100 0 0 0 0
-9.1727 -8.5029 2.8274 100 0 0 0 0
-9.1674 5.5278 2.8779 100 0 0 0 0
-9.1643 4.9353 2.4258 100 0 0 0 0
-9.1542 -5.7543 1.3347 100 0 0 0 0
-9.1515 -8.7301 3.3191 100 0 0 0 0
-9.1498 5.5574 2.8776 100 0 0 0 0
-9.1496 -5.8222 0.9536 100 0 0 0 0
-9.1445 -8.4957 2.8224 100 0 0 0 0
-9.1443 -6.2070 2.5471 100 0 0 0 0
-9.1440 -5.9031 1.7284 100 0 0 0 0
-9.1394 -5.4411 0.5674 100 0 0 0 0
-9.1377 -8.4895 2.3686 100 0 0 0 0
-9.1361 6.8102 2.2019 100 0 0 0 0
-9.1337 7.1593 2.2348 100 0 0 0 0
-9.1268 7.1703 2.2353 100 0 0 0 0
-9.1184 6.9079 2.6247 100 0 0 0 0
-9.1152 -6.0999 2.1325 100 0 0 0 0
-9.1140 -6.9624 0.5818 100 0 0 0 0
-9.1112 -7.0081 0.5822 100 0 0 0 0
-9.1066 4.9963 2.4216 100 0 0 0 0
-9.1058 -6.9562 0.1783 100 0 0 0 0
-9.1010 -7.0004 0.1780 100 0 0 0 0
-9.0979 5.6374 2.8771 100 0 0 0 0
-9.0871 5.6589 2.8775 100 0 0 0 0
-9.0836 5.0233 2.4203 100 0 0 0 0
-9.0827 7.2650 2.2386 100 0 0 0 0
-9.0820 -8.4572 2.3587 100 0 0 0 0
-9.0772 -8.4546 2.3580 100 0 0 0 0
-9.0743 -6.1164 2.1285 100 0 0 0 0
-9.0720 -8.6363 2.8308 100 0 0 0 0
-9.0675 5.0408 2.4192 100 0 0 0 0
-9.0674 5.6886 2.8775 100 0 0 0 0
-9.0672 -5.8970 1.7202 100 0 0 0 0
-9.0602 7.3133 2.2409 100 0 0 0 0
-9.0594 -6.1212 2.1271 100 0 0 0 0
-9.0544 -8.6943 3.2969 100 0 0 0 0
-9.0543 -8.4691 2.8061 100 0 0 0 0
-9.0428 7.3658 2.2441 100 0 0 0 0
-9.0353 -5.8908 1.7164 100 0 0 0 0
-9.0273 -8.4255 2.3489 100 0 0 0 0
-9.0248 6.4389 2.5560 100 0 0 0 0
-9.0197 6.5110 2.5636 100 0 0 0 0
-9.0173 -5.8086 0.9473 100 0 0 0 0
-9.0150 -8.6778 3.2878 100 0 0 0 0
-9.0055 7.4504 2.2477 100 0 0 0 0
-9.0038 5.7878 2.8770 100 0 0 0 0
-9.0030 5.1092 2.4143 100 0 0 0 0
-9.0024 -5.8001 1.3256 100 0 0 0 0
-9.0021 -5.7990 1.3254 100 0 0 0 0
-8.9977 5.7980 2.8771 100 0 0 0 0
-8.9968 -5.7975 1.3251 100 0 0 0 0
-8.9933 -8.4500 2.7949 100 0 0 0 0
-8.9928 7.4736 2.2486 100 0 0 0 0
-8.9903 -5.8055 0.9460 100 0 0 0 0
-8.9891 -6.1469 2.1201 100 0 0 0 0
-8.9869 -5.8033 1.3245 100 0 0 0 0
-8.9865 -8.6681 3.2813 100 0 0 0 0
-8.9844 6.4707 2.5534 100 0 0 0 0
-8.9830 -5.8855 1.7106 100 0 0 0 0
-8.9815 -8.5892 2.8117 100 0 0 0 0
-8.9805 -8.7389 3.2917 100 0 0 0 0
-8.9738 -6.1522 2.1186 100 0 0 0 0
-8.9736 -8.3947 2.3394 100 0 0 0 0
-8.9665 5.1548 2.4126 100 0 0 0 0
-8.9651 5.8479 2.8771 100 0 0 0 0
-8.9530 -7.8587 2.2804 100 0 0 0 0
-8.9474 5.1836 2.4124 100 0 0 0 0
-8.9370 -8.4349 2.7848 100 0 0 0 0
-8.9346 -5.7990 0.9434 100 0 0 0 0
-8.9331 7.5087 2.2449 100 0 0 0 0
-8.9321 -7.8579 2.2778 100 0 0 0 0
-8.9306 -5.8799 1.7049 100 0 0 0 0
-8.9275 6.5797 2.5567 100 0 0 0 0
-8.9236 6.9647 2.6009 100 0 0 0 0
-8.9230 5.9184 2.8777 100 0 0 0 0
-8.9195 -8.3651 2.3300 100 0 0 0 0
-8.9162 -8.4344 2.7818 100 0 0 0 0
-8.9151 -8.7144 3.2769 100 0 0 0 0
-8.9117 -5.7975 0.9423 100 0 0 0 0
-8.9116 -7.8577 2.2754 100 0 0 0 0
-8.9110 -5.8250 1.3200 100 0 0 0 0
-8.9100 -8.6334 3.2631 100 0 0 0 0
-8.9054 6.5943 2.5547 100 0 0 0 0
-8.9017 5.9473 2.8773 100 0 0 0 0
-8.9005 -5.8743 1.7014 100 0 0 0 0
-8.8996 5.9601 2.8785 100 0 0 0 0
-8.8980 5.2334 2.4086 100 0 0 0 0
-8.8956 7.5112 2.2406 100 0 0 0 0
-8.8953 -8.5439 2.7933 100 0 0 0 0
-8.8946 -5.8285 1.3189 100 0 0 0 0
-8.8887 7.7197 2.2605 100 0 0 0 0
-8.8782 6.9772 2.5957 100 0 0 0 0
-8.8739 -8.3395 2.3219 100 0 0 0 0
-8.8707 7.7614 2.2633 100 0 0 0 0
-8.8550 -5.8871 1.6976 100 0 0 0 0
-8.8477 -8.5191 2.7834 100 0 0 0 0
-8.8431 5.3078 2.4070 100 0 0 0 0
-8.8419 -8.1859 1.8699 100 0 0 0 0
-8.8413 7.8380 2.2673 100 0 0 0 0
-8.8394 -8.6989 3.2619 100 0 0 0 0
-8.8392 7.8333 2.2665 100 0 0 0 0
-8.8366 -5.8470 1.3156 100 0 0 0 0
-8.8366 -8.3235 2.3158 100 0 0 0 0
-8.8359 -5.7906 0.9388 100 0 0 0 0
-8.8312 5.3141 2.4054 100 0 0 0 0
-8.8290 5.3260 2.4065 100 0 0 0 0
-8.8279 -5.9107 1.6963 100 0 0 0 0
-8.8234 -8.1839 1.8678 100 0 0 0 0
-8.8143 7.7127 0.1738 100 0 0 0 0
-8.8066 -8.4972 2.7746 100 0 0 0 0
-8.8048 -9.0709 0.6020 100 0 0 0 0
-8.8035 6.9964 2.5863 100 0 0 0 0
-8.7996 7.9390 2.2730 100 0 0 0 0
-8.7886 -7.8706 2.2620 100 0 0 0 0
-8.7825 -9.0483 0.1585 100 0 0 0 0
-8.7819 -8.5299 3.2252 100 0 0 0 0
-8.7788 -5.9628 1.6949 100 0 0 0 0
-8.7754 6.6644 2.5424 100 0 0 0 0
-8.7729 7.0041 2.5826 100 0 0 0 0
-8.7697 7.5211 2.2262 100 0 0 0 0
-8.7688 7.7226 0.1743 100 0 0 0 0
-8.7619 -8.5144 3.2197 100 0 0 0 0
-8.7603 5.4037 2.4028 100 0 0 0 0
-8.7599 -5.8659 1.3108 100 0 0 0 0
-8.7595 5.4000 2.4017 100 0 0 0 0
-8.7559 -9.0411 0.6010 100 0 0 0 0
-8.7549 -8.1751 1.8609 100 0 0 0 0
-8.7549 -5.7798 0.9349 100 0 0 0 0
-8.7524 -5.9876 1.6939 100 0 0 0 0
-8.7520 -8.3545 2.3095 100 0 0 0 0
-8.7501 -9.0352 0.1591 100 0 0 0 0
-8.7448 -8.4758 2.7631 100 0 0 0 0
-8.7316 -8.6877 3.2421 100 0 0 0 0
-8.7306 7.0185 2.5780 100 0 0 0 0
-8.7131 -8.4641 2.7570 100 0 0 0 0
-8.7109 -8.3695 2.3062 100 0 0 0 0
-8.7098 5.4668 2.4010 100 0 0 0 0
-8.7063 -8.6629 2.7829 100 0 0 0 0
-8.7002 -7.6432 2.6481 100 0 0 0 0
-8.6998 -5.8820 1.3073 100 0 0 0 0
-8.6947 7.5247 2.2176 100 0 0 0 0
-8.6934 6.6793 2.5316 100 0 0 0 0
-8.6886 6.7524 2.5397 100 0 0 0 0
-8.6830 7.7337 0.1750 100 0 0 0 0
-8.6827 -9.0858 0.6007 100 0 0 0 0
-8.6825 5.5023 2.3999 100 0 0 0 0
-8.6795 -9.0825 0.1593 100 0 0 0 0
-8.6769 -8.6529 2.7775 100 0 0 0 0
-8.6746 -7.6349 2.6430 100 0 0 0 0
-8.6746 7.5244 2.2151 100 0 0 0 0
-8.6744 -9.0971 0.6007 100 0 0 0 0
-8.6699 -8.3856 2.3033 100 0 0 0 0
-8.6692 -8.1682 1.8526 100 0 0 0 0
-8.6649 -5.8867 1.3050 100 0 0 0 0
-8.6555 -8.4461 2.7465 100 0 0 0 0
-8.6416 5.5577 2.3990 100 0 0 0 0
-8.6346 -7.0963 2.5700 100 0 0 0 0
-8.6254 -7.5756 0.5818 100 0 0 0 0
-8.6243 -8.4345 2.7406 100 0 0 0 0
-8.6238 5.9863 2.8291 100 0 0 0 0
-8.6141 7.7418 0.1760 100 0 0 0 0
-8.6099 -5.7671 0.9282 100 0 0 0 0
-8.6061 5.6029 2.3978 100 0 0 0 0
-8.5992 -8.4103 2.2979 100 0 0 0 0
-8.5987 5.6117 2.3978 100 0 0 0 0
-8.5982 -5.8996 1.3008 100 0 0 0 0
-8.5924 -8.4224 2.7345 100 0 0 0 0
-8.5866 5.9571 2.8173 100 0 0 0 0
-8.5829 -5.7630 0.9268 100 0 0 0 0
-8.5822 -8.1590 1.8442 100 0 0 0 0
-8.5591 -7.5183 2.6111 100 0 0 0 0
-8.5573 -7.8900 1.8195 100 0 0 0 0
-8.5488 7.7526 0.1768 100 0 0 0 0
-8.5425 -7.8796 1.8174 100 0 0 0 0
-8.5391 -8.5176 3.1829 100 0 0 0 0
-8.5305 -8.5280 3.1832 100 0 0 0 0
-8.5296 -6.6717 2.5026 100 0 0 0 0
-8.5295 -6.6869 2.5045 100 0 0 0 0
-8.5261 -6.5202 2.4843 100 0 0 0 0
-8.5233 5.7110 2.3959 100 0 0 0 0
-8.5222 -6.5183 2.4836 100 0 0 0 0
-8.5202 -8.4486 2.2935 100 0 0 0 0
-8.5196 -6.5300 2.8795 100 0 0 0 0
-8.5174 -6.5136 2.8768 100 0 0 0 0
-8.5160 -6.7068 2.5048 100 0 0 0 0
-8.5156 -8.5509 3.1845 100 0 0 0 0
-8.5151 6.4265 2.4747 100 0 0 0 0
-8.5144 5.7173 2.3949 100 0 0 0 0
-8.5140 5.8969 2.7965 100 0 0 0 0
-8.5104 -6.6119 2.8891 100 0 0 0 0
-8.5067 -8.3950 2.7189 100 0 0 0 0
-8.5067 -5.7536 0.9233 100 0 0 0 0
-8.5035 -6.5032 2.0901 100 0 0 0 0
-8.5013 -6.6803 2.8972 100 0 0 0 0
-8.4937 -8.4546 2.2907 100 0 0 0 0
-8.4872 5.7557 2.3950 100 0 0 0 0
-8.4780 5.8688 2.7852 100 0 0 0 0
-8.4779 -8.1491 1.8338 100 0 0 0 0
-8.4770 -6.5864 2.4844 100 0 0 0 0
-8.4745 -7.8322 1.8072 100 0 0 0 0
-8.4694 -6.8221 2.9114 100 0 0 0 0
-8.4618 -6.8161 2.5095 100 0 0 0 0
-8.4585 -6.6022 2.4834 100 0 0 0 0
-8.4566 -6.8427 2.9121 100 0 0 0 0
-8.4534 -5.8009 0.9224 100 0 0 0 0
-8.4474 -6.5638 2.0888 100 0 0 0 0
-8.4464 -6.8498 2.5112 100 0 0 0 0
-8.4424 5.8203 2.3947 100 0 0 0 0
-8.4421 7.7746 0.1779 100 0 0 0 0
-8.4396 -6.8754 2.5134 100 0 0 0 0
-8.4388 -6.5720 2.0885 100 0 0 0 0
-8.4374 -6.8582 2.9110 100 0 0 0 0
-8.4367 -8.5852 3.1772 100 0 0 0 0
-8.4328 -8.1960 1.8339 100 0 0 0 0
-8.4265 -6.9269 2.5177 100 0 0 0 0
-8.4250 -8.4800 2.2859 100 0 0 0 0
-8.4240 -8.2056 1.8339 100 0 0 0 0
-8.4229 -6.6047 2.0897 100 0 0 0 0
-8.4078 -7.7374 1.7933 100 0 0 0 0
-8.4038 5.8078 2.7636 100 0 0 0 0
-8.4034 5.8767 2.3945 100 0 0 0 0
-8.4021 6.3278 2.4454 100 0 0 0 0
-8.3999 7.9955 1.8159 100 0 0 0 0
-8.3845 5.9052 2.3949 100 0 0 0 0
-8.3839 5.7926 2.7576 100 0 0 0 0
-8.3819 7.0013 2.5229 100 0 0 0 0
-8.3760 -8.6016 3.1702 100 0 0 0 0
-8.3740 6.9925 2.5203 100 0 0 0 0
-8.3713 -6.6848 2.0911 100 0 0 0 0
-8.3682 -8.3867 2.6984 100 0 0 0 0
-8.3665 6.2973 2.4359 100 0 0 0 0
-8.3652 -7.6817 1.7849 100 0 0 0 0
-8.3619 7.7877 0.1788 100 0 0 0 0
-8.3585 -8.4142 2.7009 100 0 0 0 0
-8.3553 6.9660 2.5148 100 0 0 0 0
-8.3539 7.9643 1.8089 100 0 0 0 0
-8.3532 -8.5016 2.2803 100 0 0 0 0
-8.3502 -8.2792 1.8337 100 0 0 0 0
-8.3461 -6.7244 2.0917 100 0 0 0 0
-8.3455 -8.6051 3.1655 100 0 0 0 0
-8.3416 5.6836 2.7358 100 0 0 0 0
-8.3405 -8.4517 2.7035 100 0 0 0 0
-8.3366 -8.5038 2.2787 100 0 0 0 0
-8.3362 -8.3004 1.8342 100 0 0 0 0
-8.3338 -8.0836 1.4029 100 0 0 0 0
-8.3285 4.6345 2.9650 100 0 0 0 0
-8.3229 -9.5336 3.3185 100 0 0 0 0
-8.3191 -6.7636 2.0923 100 0 0 0 0
-8.3124 8.0905 2.2330 100 0 0 0 0
-8.3097 4.7569 2.9764 100 0 0 0 0
-8.3042 7.9936 1.3971 100 0 0 0 0
-8.3023 4.8141 2.9825 100 0 0 0 0
-8.3008 7.9374 1.8021 100 0 0 0 0
-8.3001 6.8894 2.4968 100 0 0 0 0
-8.2992 5.7228 2.7328 100 0 0 0 0
-8.2981 5.6393 2.7212 100 0 0 0 0
-8.2975 -8.6128 3.1591 100 0 0 0 0
-8.2953 7.7954 0.1796 100 0 0 0 0
-8.2938 -8.5526 2.7109 100 0 0 0 0
-8.2909 6.2306 2.4169 100 0 0 0 0
-8.2864 -8.5280 2.2758 100 0 0 0 0
-8.2859 -8.3605 1.8351 100 0 0 0 0
-8.2856 -8.6957 3.1709 100 0 0 0 0
-8.2856 -6.4411 1.6798 100 0 0 0 0
-8.2842 4.9137 2.9915 100 0 0 0 0
-8.2835 -6.4386 1.6794 100 0 0 0 0
-8.2820 -7.5731 1.7683 100 0 0 0 0
-8.2808 4.9617 2.9971 100 0 0 0 0
-8.2803 -8.7864 3.1853 100 0 0 0 0
-8.2785 -6.4493 1.6797 100 0 0 0 0
-8.2781 -8.7474 3.1786 100 0 0 0 0
-8.2752 4.9945 3.0002 100 0 0 0 0
-8.2747 -8.5894 2.7135 100 0 0 0 0
-8.2741 -8.8556 3.1956 100 0 0 0 0
-8.2735 -8.3666 1.8345 100 0 0 0 0
-8.2731 6.2156 2.4121 100 0 0 0 0
-8.2730 -7.4009 2.1516 100 0 0 0 0
-8.2725 -8.8347 3.1918 100 0 0 0 0
-8.2723 -8.0957 1.3997 100 0 0 0 0
-8.2721 4.9940 2.9998 100 0 0 0 0
-8.2721 -8.5306 2.2744 100 0 0 0 0
-8.2720 6.8509 2.4881 100 0 0 0 0
-8.2711 -8.6048 2.7152 100 0 0 0 0
-8.2672 5.6976 2.7227 100 0 0 0 0
-8.2656 5.6072 2.7117 100 0 0 0 0
-8.2591 -7.3560 2.1453 100 0 0 0 0
-8.2569 5.0716 3.0068 100 0 0 0 0
-8.2461 -9.9180 1.9724 100 0 0 0 0
-8.2455 -8.9232 3.2026 100 0 0 0 0
-8.2409 7.9688 1.3914 100 0 0 0 0
-8.2395 6.8090 2.4778 100 0 0 0 0
-8.2373 -8.6839 2.7217 100 0 0 0 0
-8.2357 -7.5148 1.7593 100 0 0 0 0
-8.2283 5.1047 3.0049 100 0 0 0 0
-8.2150 5.5568 2.6947 100 0 0 0 0
-8.2138 7.7860 0.1807 100 0 0 0 0
-8.2116 8.0979 2.2219 100 0 0 0 0
-8.2097 7.9565 1.3889 100 0 0 0 0
-8.2081 -9.0796 3.2230 100 0 0 0 0
-8.2036 -8.7622 2.7280 100 0 0 0 0
-8.2034 -8.4440 1.8352 100 0 0 0 0
-8.2020 -9.8219 2.4180 100 0 0 0 0
-8.2016 -7.4691 1.7525 100 0 0 0 0
-8.2008 -9.0914 3.2239 100 0 0 0 0
-8.2003 7.9124 1.7913 100 0 0 0 0
-8.1997 -8.1145 1.3964 100 0 0 0 0
-8.1986 -6.5195 1.6772 100 0 0 0 0
-8.1949 5.6384 2.7018 100 0 0 0 0
-8.1947 -8.7915 2.7310 100 0 0 0 0
-8.1930 -9.8796 1.9647 100 0 0 0 0
-8.1922 -8.4496 1.8346 100 0 0 0 0
-8.1914 -9.1014 3.2241 100 0 0 0 0
-8.1906 5.5305 2.6874 100 0 0 0 0
-8.1871 6.7357 2.4611 100 0 0 0 0
-8.1870 -8.5563 2.2680 100 0 0 0 0
-8.1848 6.1377 2.3896 100 0 0 0 0
-8.1838 8.1245 2.2220 100 0 0 0 0
-8.1798 -8.8533 2.7378 100 0 0 0 0
-8.1784 5.9925 2.3715 100 0 0 0 0
-8.1763 8.0992 2.2180 100 0 0 0 0
-8.1598 -9.7288 2.4023 100 0 0 0 0
-8.1571 -7.4115 1.7437 100 0 0 0 0
-8.1552 -8.1232 1.3940 100 0 0 0 0
-8.1546 -9.8535 1.9591 100 0 0 0 0
-8.1537 -9.1608 3.2285 100 0 0 0 0
-8.1529 6.1104 2.3809 100 0 0 0 0
-8.1497 7.9342 1.7888 100 0 0 0 0
-8.1495 -7.9426 0.9807 100 0 0 0 0
-8.1490 5.4897 2.6740 100 0 0 0 0
-8.1483 5.9585 2.3634 100 0 0 0 0
-8.1454 7.7565 0.1818 100 0 0 0 0
-8.1432 -6.5637 1.6752 100 0 0 0 0
-8.1384 7.8361 0.5789 100 0 0 0 0
-8.1358 5.9460 2.3594 100 0 0 0 0
-8.1354 -9.6785 2.3938 100 0 0 0 0
-8.1329 6.6615 2.4438 100 0 0 0 0
-8.1287 -9.5872 2.8373 100 0 0 0 0
-8.1282 7.9136 1.3812 100 0 0 0 0
-8.1239 -7.3682 1.7372 100 0 0 0 0
-8.1223 -8.5272 1.8355 100 0 0 0 0
-8.1198 -6.5893 1.6749 100 0 0 0 0
-8.1175 -9.2018 3.2300 100 0 0 0 0
-8.1169 -8.5780 2.2628 100 0 0 0 0
-8.1156 -7.3583 1.7355 100 0 0 0 0
-8.1147 -9.6330 2.3861 100 0 0 0 0
-8.1141 -8.1361 1.3923 100 0 0 0 0
-8.1119 5.4519 2.6621 100 0 0 0 0
-8.1115 -8.9170 2.7379 100 0 0 0 0
-8.1101 -9.8227 1.9527 100 0 0 0 0
-8.1060 6.6248 2.4349 100 0 0 0 0
-8.1051 -7.9347 0.9787 100 0 0 0 0
-8.1040 5.9128 2.3510 100 0 0 0 0
-8.1019 -6.6048 1.6744 100 0 0 0 0
-8.1011 -9.5766 2.8322 100 0 0 0 0
-8.0964 5.5582 2.6727 100 0 0 0 0
-8.0871 7.9590 1.7852 100 0 0 0 0
-8.0855 6.5953 2.4288 100 0 0 0 0
-8.0848 7.8868 1.3764 100 0 0 0 0
-8.0839 6.0491 2.3636 100 0 0 0 0
-8.0833 -9.2449 3.2322 100 0 0 0 0
-8.0830 -8.9435 2.7377 100 0 0 0 0
-8.0734 7.9635 1.7842 100 0 0 0 0
-8.0702 5.8747 2.3416 100 0 0 0 0
-8.0678 7.7176 2.1638 100 0 0 0 0
-8.0661 6.0341 2.3585 100 0 0 0 0
-8.0645 -9.7900 1.9460 100 0 0 0 0
-8.0638 7.8171 0.5778 100 0 0 0 0
-8.0637 -7.2475 1.7216 100 0 0 0 0
-8.0623 -7.2304 1.7201 100 0 0 0 0
-8.0578 -6.1679 0.9166 100 0 0 0 0
-8.0567 7.7242 0.1835 100 0 0 0 0
-8.0559 7.7923 2.1707 100 0 0 0 0
-8.0537 -7.1603 1.7137 100 0 0 0 0
-8.0527 -9.4990 2.3638 100 0 0 0 0
-8.0503 -8.6012 2.2580 100 0 0 0 0
-8.0502 7.8214 2.1732 100 0 0 0 0
-8.0493 -7.0932 1.7078 100 0 0 0 0
-8.0482 -9.6624 1.9327 100 0 0 0 0
-8.0473 7.8624 1.3725 100 0 0 0 0
-8.0463 -9.5531 2.8216 100 0 0 0 0
-8.0455 -7.0743 1.7060 100 0 0 0 0
-8.0446 -8.5953 1.8348 100 0 0 0 0
-8.0397 -9.5476 2.8202 100 0 0 0 0
-8.0396 7.8579 1.3720 100 0 0 0 0
-8.0393 7.2568 2.1104 100 0 0 0 0
-8.0386 -6.1957 0.9167 100 0 0 0 0
-8.0358 -8.6427 2.2612 100 0 0 0 0
-8.0353 -8.6042 1.8349 100 0 0 0 0
-8.0342 7.8233 0.9729 100 0 0 0 0
-8.0338 -6.1498 1.2732 100 0 0 0 0
-8.0328 6.5233 2.4120 100 0 0 0 0
-8.0317 -8.9863 2.7372 100 0 0 0 0
-8.0281 5.8309 2.3297 100 0 0 0 0
-8.0262 -7.9283 0.9755 100 0 0 0 0
-8.0255 -8.0136 0.9785 100 0 0 0 0
-8.0244 -8.1546 1.3879 100 0 0 0 0
-8.0218 -8.6851 2.2646 100 0 0 0 0
-8.0195 -9.7583 1.9396 100 0 0 0 0
-8.0178 -9.4166 2.3503 100 0 0 0 0
-8.0132 7.8031 0.5770 100 0 0 0 0
-8.0099 -9.0019 2.7366 100 0 0 0 0
-8.0077 -9.4050 2.7951 100 0 0 0 0
-8.0043 6.4859 2.4029 100 0 0 0 0
-8.0002 7.2132 2.1021 100 0 0 0 0
-7.9990 5.4792 2.6438 100 0 0 0 0
-7.9983 -6.2206 0.9158 100 0 0 0 0
-7.9960 -6.2189 1.2742 100 0 0 0 0
-7.9955 -9.3285 2.7823 100 0 0 0 0
-7.9922 5.7915 2.3197 100 0 0 0 0
-7.9915 -9.3238 2.3364 100 0 0 0 0
-7.9897 -8.0489 0.9785 100 0 0 0 0
-7.9815 5.9596 2.3372 100 0 0 0 0
-7.9810 -9.2502 2.7689 100 0 0 0 0
-7.9798 7.7025 0.1847 100 0 0 0 0
-7.9763 -9.2652 2.3279 100 0 0 0 0
-7.9747 -8.8257 2.2758 100 0 0 0 0
-7.9721 7.7955 0.5764 100 0 0 0 0
-7.9714 6.9531 2.4562 100 0 0 0 0
-7.9713 -9.1981 2.7601 100 0 0 0 0
-7.9703 -6.2841 1.2760 100 0 0 0 0
-7.9694 6.4393 2.3913 100 0 0 0 0
-7.9685 -9.1747 2.7562 100 0 0 0 0
-7.9674 -9.2347 2.3233 100 0 0 0 0
-7.9657 -8.8548 2.2782 100 0 0 0 0
-7.9629 -6.2926 0.9166 100 0 0 0 0
-7.9609 -9.1257 2.7481 100 0 0 0 0
-7.9588 -8.8666 2.2789 100 0 0 0 0
-7.9570 -8.8844 2.2808 100 0 0 0 0
-7.9567 -9.1026 2.7444 100 0 0 0 0
-7.9566 -6.3019 1.2759 100 0 0 0 0
-7.9549 6.4172 2.3872 100 0 0 0 0
-7.9542 -9.0596 2.7378 100 0 0 0 0
-7.9528 -6.2990 0.9164 100 0 0 0 0
-7.9517 -9.1759 2.3146 100 0 0 0 0
-7.9515 -8.0818 0.9783 100 0 0 0 0
-7.9479 5.9313 2.3281 100 0 0 0 0
-7.9460 6.9623 2.4537 100 0 0 0 0
-7.9427 -8.9276 2.2843 100 0 0 0 0
-7.9367 4.9506 2.9167 100 0 0 0 0
-7.9313 -9.6959 1.9267 100 0 0 0 0
-7.9303 -8.1839 1.3838 100 0 0 0 0
-7.9276 -6.3929 0.9184 100 0 0 0 0
-7.9262 -8.8524 2.7044 100 0 0 0 0
-7.9258 -9.0861 2.3012 100 0 0 0 0
-7.9256 -7.6435 1.3504 100 0 0 0 0
-7.9252 7.1306 2.0847 100 0 0 0 0
-7.9195 -6.4441 0.9198 100 0 0 0 0
-7.9178 -7.6194 1.3485 100 0 0 0 0
-7.9158 -6.3835 1.2775 100 0 0 0 0
-7.9116 -9.0119 2.2911 100 0 0 0 0
-7.9102 -6.4657 0.9201 100 0 0 0 0
-7.9071 -7.8802 0.9692 100 0 0 0 0
-7.9040 -7.8785 0.9691 100 0 0 0 0
-7.9038 5.4020 2.6156 100 0 0 0 0
-7.8978 -9.4678 1.9028 100 0 0 0 0
-7.8974 7.7750 0.5751 100 0 0 0 0
-7.8950 -8.7389 1.8352 100 0 0 0 0
-7.8912 7.6859 0.1860 100 0 0 0 0
-7.8901 7.8543 2.1588 100 0 0 0 0
-7.8896 7.8192 0.9670 100 0 0 0 0
-7.8883 5.3900 2.6105 100 0 0 0 0
-7.8880 -7.5095 1.3401 100 0 0 0 0
-7.8869 7.7305 1.3547 100 0 0 0 0
-7.8868 -8.1399 0.9780 100 0 0 0 0
-7.8845 -6.4450 1.2788 100 0 0 0 0
-7.8798 -7.4852 1.3381 100 0 0 0 0
-7.8794 5.8709 2.3108 100 0 0 0 0
-7.8785 -9.6587 1.9193 100 0 0 0 0
-7.8776 -6.4685 1.2795 100 0 0 0 0
-7.8764 -8.7572 1.8353 100 0 0 0 0
-7.8736 -7.6614 0.9600 100 0 0 0 0
-7.8728 -8.1613 0.9783 100 0 0 0 0
-7.8711 5.3768 2.6052 100 0 0 0 0
-7.8699 -8.1944 1.3809 100 0 0 0 0
-7.8679 -8.7670 1.8355 100 0 0 0 0
-7.8588 -7.4166 1.3326 100 0 0 0 0
-7.8551 -9.4134 1.8941 100 0 0 0 0
-7.8514 7.0493 2.0674 100 0 0 0 0
-7.8476 -7.3251 1.3264 100 0 0 0 0
-7.8460 4.8826 2.8865 100 0 0 0 0
-7.8444 -7.2901 1.3242 100 0 0 0 0
-7.8405 -8.2001 1.3794 100 0 0 0 0
-7.8374 -7.2368 1.3207 100 0 0 0 0
-7.8341 -8.4667 1.8057 100 0 0 0 0
-7.8271 -7.1640 1.3157 100 0 0 0 0
-7.8201 7.8028 0.9641 100 0 0 0 0
-7.8189 -8.2139 0.9784 100 0 0 0 0
-7.8179 -7.0929 1.3109 100 0 0 0 0
-7.8168 7.7995 0.5745 100 0 0 0 0
-7.8164 -9.3261 1.8828 100 0 0 0 0
-7.8150 -9.3036 1.8806 100 0 0 0 0
-7.8135 -9.2814 1.8784 100 0 0 0 0
-7.8084 -7.0066 1.3052 100 0 0 0 0
-7.8069 7.7554 1.3514 100 0 0 0 0
-7.8046 7.8048 0.5744 100 0 0 0 0
-7.8040 7.7184 0.1867 100 0 0 0 0
-7.8035 -6.8652 0.9292 100 0 0 0 0
-7.8031 7.7980 0.9629 100 0 0 0 0
-7.8010 -9.1663 1.8668 100 0 0 0 0
-7.8007 -6.9238 1.3001 100 0 0 0 0
-7.8000 -8.5050 1.8062 100 0 0 0 0
-7.7996 -6.9382 1.3008 100 0 0 0 0
-7.7985 -6.8760 0.9294 100 0 0 0 0
-7.7981 -9.1649 1.8665 100 0 0 0 0
-7.7939 -9.0972 1.8598 100 0 0 0 0
-7.7903 -6.8538 1.2953 100 0 0 0 0
-7.7903 -8.8369 1.8356 100 0 0 0 0
-7.7855 -8.5270 1.8071 100 0 0 0 0
-7.7816 -9.0029 1.8501 100 0 0 0 0
-7.7768 6.9678 2.0499 100 0 0 0 0
-7.7761 -6.9781 0.9320 100 0 0 0 0
-7.7746 -7.0077 0.9330 100 0 0 0 0
-7.7739 -8.9346 1.8431 100 0 0 0 0
-7.7739 7.7919 0.9618 100 0 0 0 0
-7.7688 -8.9093 1.8403 100 0 0 0 0
-7.7637 -7.0913 0.9354 100 0 0 0 0
-7.7626 7.8324 0.9631 100 0 0 0 0
-7.7564 7.8262 0.5741 100 0 0 0 0
-7.7528 -7.2064 0.9390 100 0 0 0 0
-7.7467 -7.2485 0.9403 100 0 0 0 0
-7.7407 -8.2760 0.9778 100 0 0 0 0
-7.7391 -7.3378 0.9432 100 0 0 0 0
-7.7380 8.4659 1.3916 100 0 0 0 0
-7.7359 -8.2891 0.9782 100 0 0 0 0
-7.7345 -8.2695 1.3773 100 0 0 0 0
-7.7278 -8.2805 1.3776 100 0 0 0 0
-7.7273 7.7458 0.1871 100 0 0 0 0
-7.7272 7.8989 0.9640 100 0 0 0 0
-7.7269 7.6432 1.7265 100 0 0 0 0
-7.7248 -7.4369 0.9462 100 0 0 0 0
-7.7230 7.7758 1.3471 100 0 0 0 0
-7.7212 -7.4825 0.9477 100 0 0 0 0
-7.7171 -8.3057 1.3786 100 0 0 0 0
-7.7169 -8.3055 0.9781 100 0 0 0 0
-7.7166 8.4428 0.9843 100 0 0 0 0
-7.7074 6.8910 2.0337 100 0 0 0 0
-7.7073 7.7773 1.3466 100 0 0 0 0
-7.6897 7.7599 0.1876 100 0 0 0 0
-7.6883 -8.3668 1.3808 100 0 0 0 0
-7.6845 8.3895 0.9811 100 0 0 0 0
-7.6676 7.8735 0.5733 100 0 0 0 0
-7.6592 8.4527 0.5807 100 0 0 0 0
-7.6536 -8.3664 0.9782 100 0 0 0 0
-7.6512 7.9443 0.9629 100 0 0 0 0
-7.6492 8.3331 0.9777 100 0 0 0 0
-7.6479 7.8884 0.5735 100 0 0 0 0
-7.6477 7.6672 1.7215 100 0 0 0 0
-7.6432 -8.4650 1.3843 100 0 0 0 0
-7.6372 -8.4770 1.3848 100 0 0 0 0
-7.6358 6.8128 2.0167 100 0 0 0 0
-7.6344 7.6708 1.7209 100 0 0 0 0
-7.6318 8.4072 0.5796 100 0 0 0 0
-7.6295 7.9572 0.9626 100 0 0 0 0
-7.6203 7.7912 1.3417 100 0 0 0 0
-7.6181 7.9631 0.9626 100 0 0 0 0
-7.6140 8.2432 1.3701 100 0 0 0 0
-7.6136 -8.5262 1.3866 100 0 0 0 0
-7.6116 7.7995 0.1881 100 0 0 0 0
-7.6074 7.6780 1.7192 100 0 0 0 0
-7.6046 8.1065 0.9675 100 0 0 0 0
-7.6035 0.1180 -0.0251 100 0 0 0 0
-7.6024 -8.4205 0.9784 100 0 0 0 0
-7.6023 -0.0510 -0.0250 100 0 0 0 0
-7.6007 -0.2032 -0.0250 100 0 0 0 0
-7.5996 8.2982 1.3726 100 0 0 0 0
-7.5995 7.9440 0.5736 100 0 0 0 0
-7.5993 0.0166 -0.0250 100 0 0 0 0
-7.5983 0.2194 -0.0250 100 0 0 0 0
-7.5976 -0.1862 -0.0249 100 0 0 0 0
-7.5971 -0.3215 -0.0251 100 0 0 0 0
-7.5959 0.1940 -0.0249 100 0 0 0 0
-7.5955 -0.3637 -0.0250 100 0 0 0 0
-7.5919 0.4392 -0.0251 100 0 0 0 0
-7.5919 -0.4567 -0.0251 100 0 0 0 0
-7.5910 -8.4453 0.9790 100 0 0 0 0
-7.5905 0.3544 -0.0248 100 0 0 0 0
-7.5877 8.1970 0.9701 100 0 0 0 0
-7.5876 7.8793 1.3453 100 0 0 0 0
-7.5836 8.2107 0.9708 100 0 0 0 0
-7.5829 0.4894 -0.0248 100 0 0 0 0
-7.5809 -0.5915 -0.0250 100 0 0 0 0
-7.5779 -0.6082 -0.0249 100 0 0 0 0
-7.5776 0.5992 -0.0251 100 0 0 0 0
-7.5773 8.3112 0.5778 100 0 0 0 0
-7.5751 -8.6161 1.3902 100 0 0 0 0
-7.5749 7.9185 1.3472 100 0 0 0 0
-7.5748 -8.5211 0.9813 100 0 0 0 0
-7.5741 0.6244 -0.0249 100 0 0 0 0
-7.5712 8.0357 0.5744 100 0 0 0 0
-7.5702 8.4899 0.1799 100 0 0 0 0
-7.5689 6.7389 2.0012 100 0 0 0 0
-7.5680 -0.7261 -0.0249 100 0 0 0 0
-7.5658 0.7594 -0.0251 100 0 0 0 0
-7.5647 8.5758 0.1788 100 0 0 0 0
-7.5644 -0.8278 -0.0252 100 0 0 0 0
-7.5640 7.8203 0.1884 100 0 0 0 0
-7.5627 8.0624 0.5747 100 0 0 0 0
-7.5616 0.8099 -0.0252 100 0 0 0 0
-7.5612 -0.8529 -0.0253 100 0 0 0 0
-7.5608 8.2749 0.5773 100 0 0 0 0
-7.5580 6.7272 1.9984 100 0 0 0 0
-7.5575 -0.8185 -0.0248 100 0 0 0 0
-7.5574 8.5868 0.1786 100 0 0 0 0
-7.5554 -8.5751 0.9829 100 0 0 0 0
-7.5550 8.4544 0.1802 100 0 0 0 0
-7.5540 -0.8606 -0.0249 100 0 0 0 0
-7.5538 0.8346 -0.0249 100 0 0 0 0
-7.5513 0.8939 -0.0251 100 0 0 0 0
-7.5488 -8.6613 1.3915 100 0 0 0 0
-7.5469 8.1176 0.5750 100 0 0 0 0
-7.5460 8.6700 0.1778 100 0 0 0 0
-7.5436 8.2380 0.5766 100 0 0 0 0
-7.5389 -8.6885 1.3927 100 0 0 0 0
-7.5380 -8.6491 0.9850 100 0 0 0 0
-7.5376 -0.9949 -0.0249 100 0 0 0 0
-7.5364 -1.0032 -0.0250 100 0 0 0 0
-7.5362 0.9943 -0.0250 100 0 0 0 0
-7.5357 8.7555 0.1768 100 0 0 0 0
-7.5354 8.4140 0.1812 100 0 0 0 0
-7.5343 8.3384 1.7713 100 0 0 0 0
-7.5323 8.1560 0.5755 100 0 0 0 0
-7.5303 1.0276 -0.0249 100 0 0 0 0
-7.5274 -8.6945 0.9865 100 0 0 0 0
-7.5254 8.8387 0.1758 100 0 0 0 0
-7.5214 8.9136 0.1749 100 0 0 0 0
-7.5210 -1.1291 -0.0250 100 0 0 0 0
-7.5205 8.0360 1.3512 100 0 0 0 0
-7.5171 1.1624 -0.0252 100 0 0 0 0
-7.5168 -1.1626 -0.0250 100 0 0 0 0
-7.5164 9.0826 0.1727 100 0 0 0 0
-7.5161 8.9878 0.1737 100 0 0 0 0
-7.5121 1.1531 -0.0251 100 0 0 0 0
-7.5115 9.0429 0.1733 100 0 0 0 0
-7.5083 -8.7696 0.9888 100 0 0 0 0
-7.5042 -8.7649 1.3958 100 0 0 0 0
-7.5037 -9.1003 1.4181 100 0 0 0 0
-7.4999 -1.2627 -0.0250 100 0 0 0 0
-7.4985 8.3363 0.1826 100 0 0 0 0
-7.4934 1.2957 -0.0251 100 0 0 0 0
-7.4913 -1.3212 -0.0250 100 0 0 0 0
-7.4903 -9.0037 1.4109 100 0 0 0 0
-7.4899 -8.8461 0.9913 100 0 0 0 0
-7.4883 8.0555 1.3504 100 0 0 0 0
-7.4840 1.3454 -0.0252 100 0 0 0 0
-7.4819 7.8228 0.1894 100 0 0 0 0
-7.4813 -8.9332 1.4056 100 0 0 0 0
-7.4803 -8.9159 1.4046 100 0 0 0 0
-7.4802 7.7179 1.7115 100 0 0 0 0
-7.4790 -8.8140 1.3977 100 0 0 0 0
-7.4787 7.7138 1.7106 100 0 0 0 0
-7.4771 -8.8886 0.9924 100 0 0 0 0
-7.4765 -1.3959 -0.0250 100 0 0 0 0
-7.4760 -1.4043 -0.0251 100 0 0 0 0
-7.4758 -8.8871 1.4022 100 0 0 0 0
-7.4707 -8.9207 0.9935 100 0 0 0 0
-7.4702 1.3945 -0.0248 100 0 0 0 0
-7.4684 -8.8409 1.3988 100 0 0 0 0
-7.4667 8.0682 1.3498 100 0 0 0 0
-7.4661 1.4282 -0.0250 100 0 0 0 0
-7.4574 7.7976 1.7167 100 0 0 0 0
-7.4536 -1.5292 -0.0251 100 0 0 0 0
-7.4470 -1.5623 -0.0251 100 0 0 0 0
-7.4400 1.5609 -0.0250 100 0 0 0 0
-7.4385 1.5520 -0.0250 100 0 0 0 0
-7.4341 7.8574 1.7198 100 0 0 0 0
-7.4319 7.8726 1.7208 100 0 0 0 0
-7.4226 -1.6609 -0.0249 100 0 0 0 0
-7.4155 5.2313 2.5006 100 0 0 0 0
-7.4134 7.8185 0.1903 100 0 0 0 0
-7.4130 1.6934 -0.0251 100 0 0 0 0
-7.4087 -1.7270 -0.0250 100 0 0 0 0
-7.4032 7.9476 1.7253 100 0 0 0 0
-7.4024 5.2826 2.5047 100 0 0 0 0
-7.4013 7.4237 2.0557 100 0 0 0 0
-7.4010 7.9630 1.7263 100 0 0 0 0
-7.4006 1.7425 -0.0251 100 0 0 0 0
-7.3994 7.9584 1.7257 100 0 0 0 0
-7.3957 5.3152 2.5076 100 0 0 0 0
-7.3948 -1.7932 -0.0250 100 0 0 0 0
-7.3925 -1.8013 -0.0251 100 0 0 0 0
-7.3902 1.7922 -0.0251 100 0 0 0 0
-7.3839 7.9977 1.7282 100 0 0 0 0
-7.3815 1.8250 -0.0250 100 0 0 0 0
-7.3801 5.4040 2.5170 100 0 0 0 0
-7.3797 5.3912 2.5150 100 0 0 0 0
-7.3769 4.7310 2.7580 100 0 0 0 0
-7.3765 4.7539 2.7615 100 0 0 0 0
-7.3708 7.4427 2.0546 100 0 0 0 0
-7.3706 5.4715 2.5240 100 0 0 0 0
-7.3694 6.1965 2.2717 100 0 0 0 0
-7.3624 4.8146 2.7673 100 0 0 0 0
-7.3619 8.0784 1.7333 100 0 0 0 0
-7.3615 -1.9243 -0.0250 100 0 0 0 0
-7.3562 6.2272 2.2738 100 0 0 0 0
-7.3545 5.5488 2.5318 100 0 0 0 0
-7.3510 6.2874 2.2794 100 0 0 0 0
-7.3488 -1.9647 -0.0248 100 0 0 0 0
-7.3481 5.5824 2.5355 100 0 0 0 0
-7.3479 4.9096 2.7777 100 0 0 0 0
-7.3464 1.9556 -0.0249 100 0 0 0 0
-7.3392 6.3522 2.2868 100 0 0 0 0
-7.3351 4.9840 2.7861 100 0 0 0 0
-7.3345 6.3766 2.2892 100 0 0 0 0
-7.3311 7.8191 0.1913 100 0 0 0 0
-7.3283 4.6100 2.7303 100 0 0 0 0
-7.3261 2.0376 -0.0250 100 0 0 0 0
-7.3253 5.7192 2.5502 100 0 0 0 0
-7.3234 -2.0541 -0.0248 100 0 0 0 0
-7.3224 4.5950 2.7265 100 0 0 0 0
-7.3213 2.0538 -0.0250 100 0 0 0 0
-7.3213 5.0811 2.7974 100 0 0 0 0
-7.3208 5.7550 2.5543 100 0 0 0 0
-7.3207 5.0687 2.7952 100 0 0 0 0
-7.3178 5.0774 2.7957 100 0 0 0 0
-7.3176 4.5807 2.7236 100 0 0 0 0
-7.3157 5.7641 2.5550 100 0 0 0 0
-7.3137 -2.0952 -0.0249 100 0 0 0 0
-7.3122 2.0865 -0.0250 100 0 0 0 0
-7.3089 7.4774 2.0512 100 0 0 0 0
-7.3037 5.1535 2.8048 100 0 0 0 0
-7.2999 5.8693 2.5669 100 0 0 0 0
-7.2976 5.8808 2.5681 100 0 0 0 0
-7.2927 5.2299 2.8138 100 0 0 0 0
-7.2906 -2.1853 -0.0250 100 0 0 0 0
-7.2849 -2.2013 -0.0250 100 0 0 0 0
-7.2757 5.3163 2.8236 100 0 0 0 0
-7.2747 2.1988 -0.0248 100 0 0 0 0
-7.2737 2.2161 -0.0250 100 0 0 0 0
-7.2726 5.3264 2.8247 100 0 0 0 0
-7.2543 -2.3157 -0.0252 100 0 0 0 0
-7.2538 5.4486 2.8398 100 0 0 0 0
-7.2490 5.4704 2.8422 100 0 0 0 0
-7.2474 6.1486 2.5978 100 0 0 0 0
-7.2454 5.5055 2.8473 100 0 0 0 0
-7.2450 7.8322 0.1919 100 0 0 0 0
-7.2431 7.5100 2.0478 100 0 0 0 0
-7.2420 2.3302 -0.0252 100 0 0 0 0
-7.2410 6.2106 2.6058 100 0 0 0 0
-7.2403 6.1980 2.6042 100 0 0 0 0
-7.2399 6.1939 2.6025 100 0 0 0 0
-7.2355 2.3459 -0.0251 100 0 0 0 0
-7.2323 5.5578 2.8526 100 0 0 0 0
-7.2283 7.8317 0.1924 100 0 0 0 0
-7.2273 6.2707 2.6129 100 0 0 0 0
-7.2169 5.6358 2.8622 100 0 0 0 0
-7.2140 6.3297 2.6196 100 0 0 0 0
-7.2093 5.6686 2.8658 100 0 0 0 0
-7.2067 2.4342 -0.0251 100 0 0 0 0
-7.2050 6.1011 2.5838 100 0 0 0 0
-7.2020 7.5345 2.0462 100 0 0 0 0
-7.2009 6.4160 2.6302 100 0 0 0 0
-7.1936 2.4745 -0.0251 100 0 0 0 0
-7.1779 7.9499 0.1914 100 0 0 0 0
-7.1768 6.0369 2.5691 100 0 0 0 0
-7.1766 7.9602 0.1914 100 0 0 0 0
-7.1628 2.5622 -0.0251 100 0 0 0 0
-7.1590 5.9950 2.5599 100 0 0 0 0
-7.1459 2.6012 -0.0250 100 0 0 0 0
-7.1450 2.5919 -0.0249 100 0 0 0 0
-7.1420 5.9541 2.5508 100 0 0 0 0
-7.1060 6.6777 3.0196 100 0 0 0 0
-7.1021 5.8682 2.5310 100 0 0 0 0
-7.1005 2.7286 -0.0250 100 0 0 0 0
-7.0995 6.6865 3.0202 100 0 0 0 0
-7.0809 2.7842 -0.0251 100 0 0 0 0
-7.0803 5.8093 2.5181 100 0 0 0 0
-7.0787 5.8097 2.5183 100 0 0 0 0
-7.0728 6.4311 2.9688 100 0 0 0 0
-7.0625 5.7720 2.5102 100 0 0 0 0
-7.0568 2.8385 -0.0250 100 0 0 0 0
-7.0560 6.5148 2.9802 100 0 0 0 0
-7.0510 2.8545 -0.0250 100 0 0 0 0
-7.0490 6.3389 2.9475 100 0 0 0 0
-7.0378 6.6863 3.0077 100 0 0 0 0
-7.0367 5.7124 2.4967 100 0 0 0 0
-7.0258 6.2763 2.9314 100 0 0 0 0
-7.0109 6.6759 3.0005 100 0 0 0 0
-7.0061 2.9639 -0.0250 100 0 0 0 0
-7.0043 6.2297 2.9188 100 0 0 0 0
-6.9993 2.9794 -0.0250 100 0 0 0 0
-6.9958 6.2083 2.9135 100 0 0 0 0
-6.9887 6.1883 2.9085 100 0 0 0 0
-6.9598 3.0728 -0.0250 100 0 0 0 0
-6.9567 6.1073 2.8882 100 0 0 0 0
-6.9475 3.1044 -0.0251 100 0 0 0 0
-6.9369 6.6507 2.9813 100 0 0 0 0
-6.9351 6.6049 1.9126 100 0 0 0 0
-6.9324 -3.1513 -0.0249 100 0 0 0 0
-6.9262 -3.1671 -0.0248 100 0 0 0 0
-6.9252 8.1081 1.7003 100 0 0 0 0
-6.9224 3.1657 -0.0250 100 0 0 0 0
-6.9215 6.5776 1.9080 100 0 0 0 0
-6.9211 6.0226 2.8660 100 0 0 0 0
-6.9134 6.5555 1.9047 100 0 0 0 0
-6.9120 -3.1977 -0.0248 100 0 0 0 0
-6.9115 6.0008 2.8602 100 0 0 0 0
-6.9010 8.1165 1.6992 100 0 0 0 0
-6.8959 -3.2461 -0.0251 100 0 0 0 0
-6.8901 3.2269 -0.0250 100 0 0 0 0
-6.8889 5.9415 2.8450 100 0 0 0 0
-6.8828 -8.5477 0.9588 100 0 0 0 0
-6.8819 -8.4157 1.3373 100 0 0 0 0
-6.8806 5.9212 2.8400 100 0 0 0 0
-6.8785 6.4816 1.8929 100 0 0 0 0
-6.8611 6.4369 1.8860 100 0 0 0 0
-6.8596 -3.3225 -0.0251 100 0 0 0 0
-6.8586 6.6206 2.9609 100 0 0 0 0
-6.8557 5.8606 2.8243 100 0 0 0 0
-6.8545 -8.4565 0.9541 100 0 0 0 0
-6.8492 3.3197 -0.0251 100 0 0 0 0
-6.8447 -8.4273 0.9527 100 0 0 0 0
-6.8425 6.3913 1.8789 100 0 0 0 0
-6.8422 3.3351 -0.0251 100 0 0 0 0
-6.8402 8.1548 1.6980 100 0 0 0 0
-6.8395 -3.3598 -0.0250 100 0 0 0 0
-6.8383 5.8197 2.8137 100 0 0 0 0
-6.8376 -8.9222 1.7684 100 0 0 0 0
-6.8355 -8.8592 1.7622 100 0 0 0 0
-6.8300 -8.3721 1.3315 100 0 0 0 0
-6.8297 6.3654 1.8746 100 0 0 0 0
-6.8280 3.3471 -0.0247 100 0 0 0 0
-6.8260 -8.3672 0.9496 100 0 0 0 0
-6.8244 5.7836 2.8050 100 0 0 0 0
-6.8233 6.3455 1.8717 100 0 0 0 0
-6.8071 6.6009 2.9471 100 0 0 0 0
-6.8009 -8.2814 0.9453 100 0 0 0 0
-6.8004 -3.4441 -0.0251 100 0 0 0 0
-6.7923 5.7054 2.7848 100 0 0 0 0
-6.7887 6.2719 1.8598 100 0 0 0 0
-6.7852 8.1816 1.6963 100 0 0 0 0
-6.7839 -8.3353 1.3263 100 0 0 0 0
-6.7823 -8.2225 0.9423 100 0 0 0 0
-6.7816 6.5911 2.9406 100 0 0 0 0
-6.7791 -3.4807 -0.0249 100 0 0 0 0
-6.7716 3.4700 -0.0249 100 0 0 0 0
-6.7638 3.4940 -0.0251 100 0 0 0 0
-6.7602 5.6264 2.7641 100 0 0 0 0
-6.7593 5.6272 2.7644 100 0 0 0 0
-6.7586 -3.5177 -0.0249 100 0 0 0 0
-6.7586 6.2030 1.8489 100 0 0 0 0
-6.7551 8.1982 1.6952 100 0 0 0 0
-6.7497 6.1813 1.8455 100 0 0 0 0
-6.7467 5.5917 2.7558 100 0 0 0 0
-6.7402 -8.8981 1.7587 100 0 0 0 0
-6.7372 -8.2975 1.3212 100 0 0 0 0
-6.7370 -3.5637 -0.0250 100 0 0 0 0
-6.7325 6.5731 2.9278 100 0 0 0 0
-6.7241 3.5595 -0.0249 100 0 0 0 0
-6.7198 6.1151 1.8352 100 0 0 0 0
-6.7116 3.5913 -0.0250 100 0 0 0 0
-6.7069 -8.2780 1.3181 100 0 0 0 0
-6.7002 5.4803 2.7277 100 0 0 0 0
-6.6918 5.4613 2.7225 100 0 0 0 0
-6.6902 -3.6440 -0.0247 100 0 0 0 0
-6.6884 6.5577 2.9161 100 0 0 0 0
-6.6841 8.2423 1.6939 100 0 0 0 0
-6.6829 6.6990 2.2383 100 0 0 0 0
-6.6800 3.6411 -0.0248 100 0 0 0 0
-6.6787 5.4262 2.7139 100 0 0 0 0
-6.6765 6.6778 2.2345 100 0 0 0 0
-6.6732 -3.6829 -0.0249 100 0 0 0 0
-6.6725 -8.2546 1.3147 100 0 0 0 0
-6.6652 5.3908 2.7053 100 0 0 0 0
-6.6545 -3.7208 -0.0250 100 0 0 0 0
-6.6495 3.7115 -0.0252 100 0 0 0 0
-6.6479 -8.8167 1.7438 100 0 0 0 0
-6.6459 -8.8341 2.1413 100 0 0 0 0
-6.6345 5.3180 2.6866 100 0 0 0 0
-6.6187 5.2814 2.6771 100 0 0 0 0
-6.6159 8.2709 1.6914 100 0 0 0 0
-6.6127 6.5280 2.8960 100 0 0 0 0
-6.6106 -3.8028 -0.0251 100 0 0 0 0
-6.6030 6.4999 2.1994 100 0 0 0 0
-6.6016 3.7910 -0.0250 100 0 0 0 0
-6.6010 8.2836 1.6911 100 0 0 0 0
-6.5993 3.7995 -0.0251 100 0 0 0 0
-6.5973 -8.7725 1.7359 100 0 0 0 0
-6.5965 -3.8239 -0.0250 100 0 0 0 0
-6.5954 6.5235 2.8914 100 0 0 0 0
-6.5912 -8.2111 0.9355 100 0 0 0 0
-6.5857 -8.7954 2.1306 100 0 0 0 0
-6.5827 5.1951 2.6556 100 0 0 0 0
-6.5796 3.8274 -0.0249 100 0 0 0 0
-6.5768 -8.1935 1.3053 100 0 0 0 0
-6.5673 6.4145 2.1838 100 0 0 0 0
-6.5550 -8.7355 1.7290 100 0 0 0 0
-6.5424 -8.1530 0.9315 100 0 0 0 0
-6.5415 6.5019 2.8773 100 0 0 0 0
-6.5404 6.3465 2.1706 100 0 0 0 0
-6.5402 -3.9183 -0.0249 100 0 0 0 0
-6.5354 8.3183 1.6894 100 0 0 0 0
-6.5273 -8.7591 2.1205 100 0 0 0 0
-6.5221 6.5117 2.1905 100 0 0 0 0
-6.5209 3.9300 -0.0250 100 0 0 0 0
-6.5198 -8.1604 1.2999 100 0 0 0 0
-6.5196 6.4948 2.1878 100 0 0 0 0
-6.5171 -8.1389 0.9301 100 0 0 0 0
-6.5162 -3.9533 -0.0248 100 0 0 0 0
-6.5154 6.2807 2.1584 100 0 0 0 0
-6.5142 6.4324 2.1785 100 0 0 0 0
-6.5128 3.9450 -0.0250 100 0 0 0 0
-6.5101 -8.6965 1.7219 100 0 0 0 0
-6.5015 6.2536 2.1528 100 0 0 0 0
-6.4983 -8.7408 2.1154 100 0 0 0 0
-6.4834 -9.0452 2.5555 100 0 0 0 0
-6.4792 6.1914 2.1411 100 0 0 0 0
-6.4714 -4.0347 -0.0249 100 0 0 0 0
-6.4670 -4.0419 -0.0250 100 0 0 0 0
-6.4620 -8.6535 1.7141 100 0 0 0 0
-6.4535 -8.1154 1.2932 100 0 0 0 0
-6.4535 4.0375 -0.0250 100 0 0 0 0
-6.4459 4.0627 -0.0252 100 0 0 0 0
-6.4438 6.1037 2.1245 100 0 0 0 0
-6.4390 -8.1339 0.9273 100 0 0 0 0
-6.4359 -4.0922 -0.0250 100 0 0 0 0
-6.4258 6.0618 2.1167 100 0 0 0 0
-6.4242 -8.6236 1.7084 100 0 0 0 0
-6.4234 -8.0965 1.2902 100 0 0 0 0
-6.4152 6.0386 2.1119 100 0 0 0 0
-6.4133 -8.6881 2.1006 100 0 0 0 0
-6.4065 4.1174 -0.0252 100 0 0 0 0
-6.4022 -4.1509 -0.0251 100 0 0 0 0
-6.3899 -8.5979 1.7033 100 0 0 0 0
-6.3880 -8.7926 2.9037 100 0 0 0 0
-6.3867 -8.6725 2.0962 100 0 0 0 0
-6.3828 5.9555 2.0964 100 0 0 0 0
-6.3719 6.3501 2.8167 100 0 0 0 0
-6.3703 -4.2008 -0.0251 100 0 0 0 0
-6.3680 4.1735 -0.0249 100 0 0 0 0
-6.3675 10.4795 1.8947 100 0 0 0 0
-6.3611 6.4243 2.8285 100 0 0 0 0
-6.3598 -8.5779 1.6991 100 0 0 0 0
-6.3587 -8.0556 1.2840 100 0 0 0 0
-6.3582 5.8937 2.0845 100 0 0 0 0
-6.3572 4.1961 -0.0250 100 0 0 0 0
-6.3556 6.4330 2.8294 100 0 0 0 0
-6.3551 -8.6504 2.0904 100 0 0 0 0
-6.3533 -8.1356 0.9245 100 0 0 0 0
-6.3517 6.4842 2.8379 100 0 0 0 0
-6.3498 6.5111 2.8426 100 0 0 0 0
-6.3497 5.8728 2.0808 100 0 0 0 0
-6.3482 -8.7792 2.8958 100 0 0 0 0
-6.3417 10.5156 1.8971 100 0 0 0 0
-6.3366 6.5845 2.8544 100 0 0 0 0
-6.3330 6.6393 2.8644 100 0 0 0 0
-6.3328 -8.0387 1.2813 100 0 0 0 0
-6.3252 -4.2622 -0.0248 100 0 0 0 0
-6.3174 6.7544 2.8836 100 0 0 0 0
-6.3164 -4.2867 -0.0252 100 0 0 0 0
-6.3049 6.8467 2.8994 100 0 0 0 0
-6.3041 6.8307 2.8959 100 0 0 0 0
-6.2972 4.2786 -0.0250 100 0 0 0 0
-6.2936 4.2864 -0.0249 100 0 0 0 0
-6.2914 5.7316 2.0542 100 0 0 0 0
-6.2910 -8.7839 2.4927 100 0 0 0 0
-6.2866 10.5831 1.9005 100 0 0 0 0
-6.2843 5.7126 2.0504 100 0 0 0 0
-6.2835 6.3473 2.1349 100 0 0 0 0
-6.2780 -8.1324 0.9219 100 0 0 0 0
-6.2763 5.6927 2.0469 100 0 0 0 0
-6.2750 10.5904 1.9008 100 0 0 0 0
-6.2748 -8.7599 2.8823 100 0 0 0 0
-6.2695 -8.7731 2.4882 100 0 0 0 0
-6.2676 6.3454 2.1327 100 0 0 0 0
-6.2664 -8.5125 1.6858 100 0 0 0 0
-6.2601 5.6531 2.0394 100 0 0 0 0
-6.2511 5.6325 2.0354 100 0 0 0 0
-6.2471 -8.6620 2.4683 100 0 0 0 0
-6.2470 4.3566 -0.0249 100 0 0 0 0
-6.2196 4.3996 -0.0250 100 0 0 0 0
-6.2188 -8.1304 0.9199 100 0 0 0 0
-6.2182 -7.9662 1.2700 100 0 0 0 0
-6.2177 5.5533 2.0203 100 0 0 0 0
-6.2142 10.6710 1.9053 100 0 0 0 0
-6.2130 -8.7599 2.4802 100 0 0 0 0
-6.2118 -8.5551 2.0645 100 0 0 0 0
-6.2044 10.6815 1.9055 100 0 0 0 0
-6.1996 -8.6392 2.4594 100 0 0 0 0
-6.1964 -8.7331 2.8667 100 0 0 0 0
-6.1951 -8.7516 2.4765 100 0 0 0 0
-6.1917 4.4310 -0.0247 100 0 0 0 0
-6.1889 -8.1288 0.9190 100 0 0 0 0
-6.1872 -7.9451 1.2669 100 0 0 0 0
-6.1823 -8.5349 2.0592 100 0 0 0 0
-6.1783 6.3523 2.1212 100 0 0 0 0
-6.1753 -8.4492 1.6730 100 0 0 0 0
-6.1542 7.8772 1.6181 100 0 0 0 0
-6.1509 -8.5120 2.0533 100 0 0 0 0
-6.1501 10.7522 1.9100 100 0 0 0 0
-6.1449 -8.4279 1.6686 100 0 0 0 0
-6.1431 4.5112 -0.0251 100 0 0 0 0
-6.1309 10.7739 1.9112 100 0 0 0 0
-6.1256 6.3551 2.1145 100 0 0 0 0
-6.1248 7.8940 1.6174 100 0 0 0 0
-6.1208 4.5361 -0.0249 100 0 0 0 0
-6.1155 -8.1248 0.9163 100 0 0 0 0
-6.1091 -7.9004 1.2596 100 0 0 0 0
-6.1060 -8.7272 2.4623 100 0 0 0 0
-6.0960 7.9113 1.6171 100 0 0 0 0
-6.0891 -8.4672 2.0419 100 0 0 0 0
-6.0883 -8.3886 1.6604 100 0 0 0 0
-6.0863 -8.6997 2.8454 100 0 0 0 0
-6.0854 10.8281 1.9139 100 0 0 0 0
-6.0778 4.5995 -0.0252 100 0 0 0 0
-6.0606 6.3587 2.1063 100 0 0 0 0
-6.0600 4.6180 -0.0249 100 0 0 0 0
-6.0586 -8.4451 2.0362 100 0 0 0 0
-6.0512 -8.6909 2.8391 100 0 0 0 0
-6.0495 10.8770 1.9171 100 0 0 0 0
-6.0481 -4.6561 -0.0249 100 0 0 0 0
-6.0405 6.3600 2.1027 100 0 0 0 0
-6.0365 -4.6791 -0.0251 100 0 0 0 0
-6.0320 -8.6838 2.8352 100 0 0 0 0
-6.0316 -8.7036 2.4503 100 0 0 0 0
-6.0313 -8.1254 0.9138 100 0 0 0 0
-6.0296 -8.3478 1.6522 100 0 0 0 0
-6.0293 -8.4245 2.0309 100 0 0 0 0
-6.0243 6.3596 2.1007 100 0 0 0 0
-6.0223 6.7495 2.4900 100 0 0 0 0
-6.0215 6.7787 2.4949 100 0 0 0 0
-6.0202 10.9097 1.9188 100 0 0 0 0
-6.0170 6.6692 2.4754 100 0 0 0 0
-6.0154 4.6792 -0.0250 100 0 0 0 0
-6.0152 -4.7054 -0.0251 100 0 0 0 0
-6.0133 -8.6779 2.8317 100 0 0 0 0
-6.0096 6.5316 2.4511 100 0 0 0 0
-6.0093 6.5169 2.4483 100 0 0 0 0
-6.0065 7.9563 1.6146 100 0 0 0 0
-6.0053 6.4695 2.4398 100 0 0 0 0
-6.0046 6.4258 2.4324 100 0 0 0 0
-5.9975 6.2938 2.4094 100 0 0 0 0
-5.9961 6.2646 2.4043 100 0 0 0 0
-5.9937 6.1933 2.3921 100 0 0 0 0
-5.9868 6.0395 2.3659 100 0 0 0 0
-5.9839 6.0633 2.3694 100 0 0 0 0
-5.9829 5.9956 2.3581 100 0 0 0 0
-5.9823 10.9557 1.9216 100 0 0 0 0
-5.9793 5.9526 2.3502 100 0 0 0 0
-5.9772 4.7249 -0.0249 100 0 0 0 0
-5.9728 -7.9392 1.2549 100 0 0 0 0
-5.9708 5.8416 2.3314 100 0 0 0 0
-5.9699 5.7893 2.3228 100 0 0 0 0
-5.9694 -4.7661 -0.0251 100 0 0 0 0
-5.9687 5.5511 2.2850 100 0 0 0 0
-5.9674 5.7107 2.3096 100 0 0 0 0
-5.9665 7.9773 1.6135 100 0 0 0 0
-5.9615 6.3666 2.0936 100 0 0 0 0
-5.9608 5.5284 2.2794 100 0 0 0 0
-5.9602 5.6300 2.2961 100 0 0 0 0
-5.9593 -8.1227 0.9114 100 0 0 0 0
-5.9584 10.9932 1.9239 100 0 0 0 0
-5.9583 5.6034 2.2916 100 0 0 0 0
-5.9572 5.5161 2.2776 100 0 0 0 0
-5.9568 -8.6786 2.4380 100 0 0 0 0
-5.9521 -8.3573 1.6476 100 0 0 0 0
-5.9520 -7.9482 1.2544 100 0 0 0 0
-5.9490 -8.6674 2.8212 100 0 0 0 0
-5.9485 4.7554 -0.0247 100 0 0 0 0
-5.9417 5.4776 2.2689 100 0 0 0 0
-5.9402 -8.3604 2.0143 100 0 0 0 0
-5.9400 -8.3601 1.6469 100 0 0 0 0
-5.9384 7.9953 1.6134 100 0 0 0 0
-5.9330 -4.8128 -0.0251 100 0 0 0 0
-5.9223 -7.7685 0.5517 100 0 0 0 0
-5.9169 10.4049 2.2876 100 0 0 0 0
-5.9110 -8.3393 2.0090 100 0 0 0 0
-5.9086 5.3889 2.2498 100 0 0 0 0
-5.9079 -7.9628 1.2532 100 0 0 0 0
-5.9072 7.9541 2.6872 100 0 0 0 0
-5.9066 -8.7683 2.8345 100 0 0 0 0
-5.9043 -4.8439 -0.0249 100 0 0 0 0
-5.9013 7.9616 2.6872 100 0 0 0 0
-5.8952 4.8325 -0.0250 100 0 0 0 0
-5.8906 11.0143 1.9220 100 0 0 0 0
-5.8879 6.3735 2.0851 100 0 0 0 0
-5.8859 -8.1159 0.9087 100 0 0 0 0
-5.8830 -8.7544 2.8289 100 0 0 0 0
-5.8820 4.8535 -0.0251 100 0 0 0 0
-5.8811 6.7106 2.4611 100 0 0 0 0
-5.8809 5.3166 2.2338 100 0 0 0 0
-5.8795 -8.3151 2.0030 100 0 0 0 0
-5.8780 -8.6267 2.8041 100 0 0 0 0
-5.8765 -4.8760 -0.0249 100 0 0 0 0
-5.8763 5.3007 2.2306 100 0 0 0 0
-5.8760 10.4357 2.2883 100 0 0 0 0
-5.8757 -8.1206 0.9086 100 0 0 0 0
-5.8737 -7.9722 1.2520 100 0 0 0 0
-5.8629 -8.3873 1.6440 100 0 0 0 0
-5.8610 8.0370 1.6115 100 0 0 0 0
-5.8603 -8.7420 2.8235 100 0 0 0 0
-5.8589 6.3708 2.0809 100 0 0 0 0
-5.8563 -9.2703 0.1876 100 0 0 0 0
-5.8457 -8.1172 0.9076 100 0 0 0 0
-5.8446 -9.2746 0.5723 100 0 0 0 0
-5.8445 5.2375 2.2151 100 0 0 0 0
-5.8426 11.0720 3.2863 100 0 0 0 0
-5.8399 -7.7666 0.5507 100 0 0 0 0
-5.8395 -8.5915 2.7924 100 0 0 0 0
-5.8351 11.1464 3.3009 100 0 0 0 0
-5.8326 6.3832 2.7219 100 0 0 0 0
-5.8313 7.9786 2.6810 100 0 0 0 0
-5.8272 4.9187 -0.0252 100 0 0 0 0
-5.8258 -8.2792 1.9934 100 0 0 0 0
-5.8228 9.1040 2.4961 100 0 0 0 0
-5.8170 6.6832 2.4468 100 0 0 0 0
-5.8167 -8.6378 2.4158 100 0 0 0 0
-5.8091 4.9368 -0.0250 100 0 0 0 0
-5.8085 10.4519 2.2854 100 0 0 0 0
-5.8070 8.0946 2.6991 100 0 0 0 0
-5.8045 11.0303 1.9191 100 0 0 0 0
-5.8036 11.2010 3.3083 100 0 0 0 0
-5.8029 6.6800 2.4435 100 0 0 0 0
-5.8009 8.0675 1.6104 100 0 0 0 0
-5.7983 -9.2472 0.1884 100 0 0 0 0
-5.7975 8.1004 2.6992 100 0 0 0 0
-5.7970 -8.6292 2.4123 100 0 0 0 0
-5.7970 -7.7633 0.5503 100 0 0 0 0
-5.7964 6.6750 2.4422 100 0 0 0 0
-5.7957 -7.9943 1.2494 100 0 0 0 0
-5.7933 -8.4063 1.6411 100 0 0 0 0
-5.7927 -8.2890 1.9914 100 0 0 0 0
-5.7911 -9.2584 0.5716 100 0 0 0 0
-5.7873 -8.1125 0.9055 100 0 0 0 0
-5.7867 5.1982 2.1994 100 0 0 0 0
-5.7853 -8.7144 2.8086 100 0 0 0 0
-5.7812 8.0781 1.6101 100 0 0 0 0
-5.7751 11.0342 1.9179 100 0 0 0 0
-5.7698 -8.5312 2.7717 100 0 0 0 0
-5.7688 6.3287 2.6996 100 0 0 0 0
-5.7633 -8.6821 2.4172 100 0 0 0 0
-5.7602 11.2392 3.3112 100 0 0 0 0
-5.7531 4.9998 -0.0249 100 0 0 0 0
-5.7485 -8.4210 1.6394 100 0 0 0 0
-5.7362 6.6513 2.4288 100 0 0 0 0
-5.7273 6.3824 2.0651 100 0 0 0 0
-5.7269 11.2666 3.3137 100 0 0 0 0
-5.7263 8.1503 2.6985 100 0 0 0 0
-5.7245 6.4363 2.7129 100 0 0 0 0
-5.7238 10.4642 2.2803 100 0 0 0 0
-5.7228 5.0410 -0.0251 100 0 0 0 0
-5.7203 -8.5986 2.3990 100 0 0 0 0
-5.7202 9.1407 2.4911 100 0 0 0 0
-5.7201 6.4415 2.7124 100 0 0 0 0
-5.7200 -5.0646 -0.0250 100 0 0 0 0
-5.7199 -5.0643 -0.0249 100 0 0 0 0
-5.7194 -8.5989 2.3991 100 0 0 0 0
-5.7170 6.4422 2.7130 100 0 0 0 0
-5.7163 -8.4340 1.6385 100 0 0 0 0
-5.7124 -8.0283 1.2476 100 0 0 0 0
-5.7119 -8.6881 2.7941 100 0 0 0 0
-5.7113 -8.3095 1.9866 100 0 0 0 0
-5.7106 10.4677 2.2801 100 0 0 0 0
-5.7033 8.1184 1.6081 100 0 0 0 0
-5.6897 5.0788 -0.0252 100 0 0 0 0
-5.6807 -8.4403 1.6365 100 0 0 0 0
-5.6759 6.6269 2.4157 100 0 0 0 0
-5.6750 -8.6747 2.7868 100 0 0 0 0
-5.6726 -5.1240 -0.0251 100 0 0 0 0
-5.6716 11.3130 3.3175 100 0 0 0 0
-5.6641 6.3838 2.0571 100 0 0 0 0
-5.6600 9.1580 2.4878 100 0 0 0 0
-5.6586 -8.1016 0.9011 100 0 0 0 0
-5.6566 -8.7281 2.4129 100 0 0 0 0
-5.6559 -8.0430 1.2458 100 0 0 0 0
-5.6499 8.1962 2.6974 100 0 0 0 0
-5.6487 9.1625 2.4871 100 0 0 0 0
-5.6477 8.1546 1.6081 100 0 0 0 0
-5.6462 11.0511 1.9122 100 0 0 0 0
-5.6454 7.8921 3.0026 100 0 0 0 0
-5.6450 8.2018 2.6968 100 0 0 0 0
-5.6432 10.4778 2.2760 100 0 0 0 0
-5.6426 5.1279 -0.0249 100 0 0 0 0
-5.6408 11.3397 3.3194 100 0 0 0 0
-5.6401 6.2178 2.6543 100 0 0 0 0
-5.6400 -5.1629 -0.0251 100 0 0 0 0
-5.6372 11.3506 3.3204 100 0 0 0 0
-5.6350 -8.4532 1.6347 100 0 0 0 0
-5.6339 -8.7353 2.4117 100 0 0 0 0
-5.6338 9.1613 2.4857 100 0 0 0 0
-5.6332 -5.1572 -0.0248 100 0 0 0 0
-5.6312 -8.1007 0.9002 100 0 0 0 0
-5.6300 5.1395 -0.0248 100 0 0 0 0
-5.6261 8.1624 1.6074 100 0 0 0 0
-5.6249 -8.0544 1.2448 100 0 0 0 0
-5.6194 6.6042 2.4028 100 0 0 0 0
-5.6130 -8.3421 1.9819 100 0 0 0 0
-5.6044 -8.6494 2.7727 100 0 0 0 0
-5.5839 6.1707 2.6350 100 0 0 0 0
-5.5834 -8.7632 2.4109 100 0 0 0 0
-5.5831 -5.2254 -0.0252 100 0 0 0 0
-5.5714 6.3923 2.0459 100 0 0 0 0
-5.5696 9.9535 2.6109 100 0 0 0 0
-5.5685 8.2507 2.6968 100 0 0 0 0
-5.5662 5.9260 1.6826 100 0 0 0 0
-5.5650 6.4999 2.6975 100 0 0 0 0
-5.5644 7.9399 2.9996 100 0 0 0 0
-5.5635 9.3182 2.9030 100 0 0 0 0
-5.5632 7.9414 3.0002 100 0 0 0 0
-5.5631 -5.2414 -0.0249 100 0 0 0 0
-5.5629 5.2152 -0.0249 100 0 0 0 0
-5.5612 10.4933 2.2721 100 0 0 0 0
-5.5612 6.5812 2.3899 100 0 0 0 0
-5.5607 7.4621 2.2056 100 0 0 0 0
-5.5593 -8.0745 1.2431 100 0 0 0 0
-5.5583 9.9592 2.6110 100 0 0 0 0
-5.5582 -8.3605 1.9795 100 0 0 0 0
-5.5566 -5.2470 -0.0249 100 0 0 0 0
-5.5553 -8.3578 1.9790 100 0 0 0 0
-5.5551 7.9487 3.0005 100 0 0 0 0
-5.5546 -8.6356 2.7638 100 0 0 0 0
-5.5504 -8.7754 2.4095 100 0 0 0 0
-5.5452 8.1975 1.6049 100 0 0 0 0
-5.5443 7.9522 2.9996 100 0 0 0 0
-5.5437 5.2323 -0.0249 100 0 0 0 0
-5.5430 -8.0890 0.8971 100 0 0 0 0
-5.5428 5.2430 -0.0251 100 0 0 0 0
-5.5396 7.4686 2.2042 100 0 0 0 0
-5.5355 -8.6274 2.7598 100 0 0 0 0
-5.5313 6.5172 2.6947 100 0 0 0 0
-5.5233 6.3948 2.0404 100 0 0 0 0
-5.5196 8.2775 2.6956 100 0 0 0 0
-5.5193 6.1143 2.6119 100 0 0 0 0
-5.5173 9.3351 2.9010 100 0 0 0 0
-5.5150 7.1712 2.4888 100 0 0 0 0
-5.5090 7.9772 2.9995 100 0 0 0 0
-5.5028 -8.4961 1.6299 100 0 0 0 0
-5.5011 8.2897 2.6956 100 0 0 0 0
-5.5007 6.5548 2.3765 100 0 0 0 0
-5.5007 7.9840 3.0000 100 0 0 0 0
-5.4934 10.5067 2.2690 100 0 0 0 0
-5.4922 9.9713 2.6068 100 0 0 0 0
-5.4906 8.2155 1.6030 100 0 0 0 0
-5.4892 7.5024 2.2032 100 0 0 0 0
-5.4889 6.3985 2.0364 100 0 0 0 0
-5.4882 9.2177 2.4798 100 0 0 0 0
-5.4877 -5.3214 -0.0249 100 0 0 0 0
-5.4854 6.5370 2.6908 100 0 0 0 0
-5.4837 5.9311 1.6743 100 0 0 0 0
-5.4798 -8.5020 1.6290 100 0 0 0 0
-5.4783 6.4007 2.0356 100 0 0 0 0
-5.4774 -5.3349 -0.0250 100 0 0 0 0
-5.4720 5.3154 -0.0250 100 0 0 0 0
-5.4653 6.0691 2.5935 100 0 0 0 0
-5.4647 -8.6017 2.7460 100 0 0 0 0
-5.4620 9.3560 2.8982 100 0 0 0 0
-5.4565 8.2043 1.5995 100 0 0 0 0
-5.4543 5.9392 1.6722 100 0 0 0 0
-5.4525 -8.1091 1.2401 100 0 0 0 0
-5.4511 9.2255 2.4777 100 0 0 0 0
-5.4476 5.3391 -0.0249 100 0 0 0 0
-5.4468 7.5148 2.2004 100 0 0 0 0
-5.4431 6.5313 2.3637 100 0 0 0 0
-5.4411 -8.1115 1.2398 100 0 0 0 0
-5.4397 8.1990 1.5981 100 0 0 0 0
-5.4389 9.9798 2.6033 100 0 0 0 0
-5.4384 -8.3991 1.9739 100 0 0 0 0
-5.4350 -8.0837 0.8936 100 0 0 0 0
-5.4229 -8.6828 2.7566 100 0 0 0 0
-5.4224 6.5216 2.3588 100 0 0 0 0
-5.4217 -8.1214 1.2395 100 0 0 0 0
-5.4195 6.5621 2.6847 100 0 0 0 0
-5.4169 10.5202 2.2647 100 0 0 0 0
-5.4133 10.5193 2.2644 100 0 0 0 0
-5.4116 -5.4007 -0.0249 100 0 0 0 0
-5.4100 8.0398 2.9982 100 0 0 0 0
-5.4087 7.3605 2.8500 100 0 0 0 0
-5.4068 6.0189 2.5729 100 0 0 0 0
-5.4060 6.5169 2.3557 100 0 0 0 0
-5.4037 7.2059 2.4792 100 0 0 0 0
-5.4022 7.5066 2.1939 100 0 0 0 0
-5.4022 8.0474 2.9987 100 0 0 0 0
-5.4018 8.3572 2.6956 100 0 0 0 0
-5.4001 9.2432 2.4743 100 0 0 0 0
-5.3984 -8.1258 1.2387 100 0 0 0 0
-5.3977 -8.5194 1.6253 100 0 0 0 0
-5.3965 -8.4159 1.9726 100 0 0 0 0
-5.3955 -5.4204 -0.0250 100 0 0 0 0
-5.3915 8.3582 2.6941 100 0 0 0 0
-5.3903 -8.0755 0.8920 100 0 0 0 0
-5.3891 -8.5264 1.6255 100 0 0 0 0
-5.3887 5.3993 -0.0249 100 0 0 0 0
-5.3877 7.2181 2.4791 100 0 0 0 0
-5.3822 6.5746 2.6805 100 0 0 0 0
-5.3730 7.3468 2.8412 100 0 0 0 0
-5.3665 6.4993 2.3468 100 0 0 0 0
-5.3593 7.5001 2.1882 100 0 0 0 0
-5.3593 -9.8631 2.5715 100 0 0 0 0
-5.3543 8.0731 2.9974 100 0 0 0 0
-5.3541 8.3857 2.6953 100 0 0 0 0
-5.3536 5.4363 -0.0250 100 0 0 0 0
-5.3507 5.9709 2.5534 100 0 0 0 0
-5.3465 6.7110 2.3815 100 0 0 0 0
-5.3411 9.3645 2.0992 100 0 0 0 0
-5.3352 7.3300 2.8316 100 0 0 0 0
-5.3312 10.5326 2.2605 100 0 0 0 0
-5.3312 8.1714 1.5877 100 0 0 0 0
-5.3284 6.4110 2.0179 100 0 0 0 0
-5.3284 -5.4849 -0.0249 100 0 0 0 0
-5.3266 6.5966 2.6757 100 0 0 0 0
-5.3244 9.2647 2.4714 100 0 0 0 0
-5.3233 10.0008 2.5959 100 0 0 0 0
-5.3221 5.9529 1.6595 100 0 0 0 0
-5.3209 6.6022 2.6755 100 0 0 0 0
-5.3180 -8.4371 1.9687 100 0 0 0 0
-5.3171 6.5999 2.6748 100 0 0 0 0
-5.3163 7.4844 2.1797 100 0 0 0 0
-5.3128 5.4785 -0.0250 100 0 0 0 0
-5.3091 7.3230 2.8251 100 0 0 0 0
-5.3079 -8.4418 1.9684 100 0 0 0 0
-5.3074 -8.0680 0.8892 100 0 0 0 0
-5.3052 -9.8419 2.5629 100 0 0 0 0
-5.2988 -5.5149 -0.0249 100 0 0 0 0
-5.2987 -9.7316 2.5437 100 0 0 0 0
-5.2938 6.4131 2.0141 100 0 0 0 0
-5.2938 8.1153 2.9975 100 0 0 0 0
-5.2913 5.9191 2.5324 100 0 0 0 0
-5.2812 -9.6977 2.5361 100 0 0 0 0
-5.2799 5.9593 1.6559 100 0 0 0 0
-5.2796 -8.1597 1.2353 100 0 0 0 0
-5.2751 10.5384 2.2574 100 0 0 0 0
-5.2718 6.6191 2.6713 100 0 0 0 0
-5.2702 8.4361 2.6943 100 0 0 0 0
-5.2665 9.2835 2.4691 100 0 0 0 0
-5.2655 -9.9217 2.5726 100 0 0 0 0
-5.2607 -9.1370 2.8260 100 0 0 0 0
-5.2602 6.4577 2.3233 100 0 0 0 0
-5.2569 5.5309 -0.0249 100 0 0 0 0
-5.2531 8.1517 1.5804 100 0 0 0 0
-5.2513 -5.5631 -0.0250 100 0 0 0 0
-5.2466 8.1419 2.9965 100 0 0 0 0
-5.2451 10.0151 2.5910 100 0 0 0 0
-5.2430 8.4554 2.6948 100 0 0 0 0
-5.2425 5.8750 2.5140 100 0 0 0 0
-5.2422 10.6955 3.5887 100 0 0 0 0
-5.2419 7.2885 2.8080 100 0 0 0 0
-5.2417 9.4280 2.8868 100 0 0 0 0
-5.2416 7.4394 2.1648 100 0 0 0 0
-5.2403 6.6985 2.3634 100 0 0 0 0
-5.2392 -9.8044 2.5509 100 0 0 0 0
-5.2378 10.5463 2.2556 100 0 0 0 0
-5.2368 9.2991 2.4685 100 0 0 0 0
-5.2341 -9.1607 2.8277 100 0 0 0 0
-5.2337 -8.1682 1.2338 100 0 0 0 0
-5.2328 -9.9135 2.5682 100 0 0 0 0
-5.2321 10.0174 2.5905 100 0 0 0 0
-5.2313 -9.1584 2.8272 100 0 0 0 0
-5.2272 5.5599 -0.0249 100 0 0 0 0
-5.2254 6.6950 2.3609 100 0 0 0 0
-5.2249 -9.7985 2.5480 100 0 0 0 0
-5.2240 5.9599 1.6495 100 0 0 0 0
-5.2224 -8.3493 1.5961 100 0 0 0 0
-5.2218 6.4405 2.3146 100 0 0 0 0
-5.2212 7.2771 2.8024 100 0 0 0 0
-5.2143 -8.3604 1.5971 100 0 0 0 0
-5.2126 -8.0588 0.8860 100 0 0 0 0
-5.2105 8.1655 2.9967 100 0 0 0 0
-5.2057 8.4793 2.6950 100 0 0 0 0
-5.2054 -9.7372 2.9405 100 0 0 0 0
-5.2039 -5.6113 -0.0251 100 0 0 0 0
-5.1930 8.1387 1.5752 100 0 0 0 0
-5.1929 -8.9566 2.4028 100 0 0 0 0
-5.1898 -9.4849 2.4913 100 0 0 0 0
-5.1874 5.8311 2.4963 100 0 0 0 0
-5.1862 6.4264 2.0025 100 0 0 0 0
-5.1807 -9.0015 2.4088 100 0 0 0 0
-5.1786 7.4036 2.1523 100 0 0 0 0
-5.1779 10.7511 3.5953 100 0 0 0 0
-5.1747 6.4998 2.0123 100 0 0 0 0
-5.1735 -5.6408 -0.0251 100 0 0 0 0
-5.1712 6.6877 2.3517 100 0 0 0 0
-5.1699 -9.4250 2.4792 100 0 0 0 0
-5.1689 10.7629 3.5968 100 0 0 0 0
-5.1685 5.9658 1.6447 100 0 0 0 0
-5.1677 -9.7189 2.9326 100 0 0 0 0
-5.1665 6.4169 2.3025 100 0 0 0 0
-5.1641 7.3977 2.1492 100 0 0 0 0
-5.1625 6.5564 2.0190 100 0 0 0 0
-5.1617 -9.0831 2.4208 100 0 0 0 0
-5.1615 6.6602 2.6612 100 0 0 0 0
-5.1612 9.4565 2.8836 100 0 0 0 0
-5.1608 8.2008 2.9965 100 0 0 0 0
-5.1606 -9.3919 2.4734 100 0 0 0 0
-5.1604 5.6257 -0.0250 100 0 0 0 0
-5.1597 -8.0555 0.8844 100 0 0 0 0
-5.1585 6.6867 2.3499 100 0 0 0 0
-5.1579 -8.1892 1.2318 100 0 0 0 0
-5.1578 8.2000 2.9963 100 0 0 0 0
-5.1574 10.7696 3.5974 100 0 0 0 0
-5.1552 -9.0947 2.4221 100 0 0 0 0
-5.1531 6.5895 2.0228 100 0 0 0 0
-5.1531 8.5171 2.6955 100 0 0 0 0
-5.1524 -9.7140 2.9296 100 0 0 0 0
-5.1522 -9.3695 2.4681 100 0 0 0 0
-5.1487 5.6365 -0.0249 100 0 0 0 0
-5.1475 9.4565 2.8824 100 0 0 0 0
-5.1448 -9.5766 2.9012 100 0 0 0 0
-5.1351 6.6722 2.0334 100 0 0 0 0
-5.1343 -9.1744 2.4336 100 0 0 0 0
-5.1326 8.1211 1.5691 100 0 0 0 0
-5.1323 6.4043 2.2951 100 0 0 0 0
-5.1320 6.6834 2.0350 100 0 0 0 0
-5.1263 -9.4936 2.8822 100 0 0 0 0
-5.1251 5.9698 1.6408 100 0 0 0 0
-5.1243 6.6736 2.6580 100 0 0 0 0
-5.1227 -9.2246 2.4409 100 0 0 0 0
-5.1196 8.3796 1.5950 100 0 0 0 0
-5.1187 10.0399 2.5839 100 0 0 0 0
-5.1180 -9.4539 2.8734 100 0 0 0 0
-5.1148 6.7511 2.0429 100 0 0 0 0
-5.1145 -9.2551 2.4450 100 0 0 0 0
-5.1134 -8.2025 1.2308 100 0 0 0 0
-5.1126 8.5360 2.6946 100 0 0 0 0
-5.1065 5.9752 1.6395 100 0 0 0 0
-5.1053 -5.7039 -0.0251 100 0 0 0 0
-5.0997 6.8247 2.0527 100 0 0 0 0
-5.0974 -9.6885 2.9185 100 0 0 0 0
-5.0953 8.8076 2.7460 100 0 0 0 0
-5.0932 8.3580 1.5910 100 0 0 0 0
-5.0898 7.7720 1.8640 100 0 0 0 0
-5.0885 6.6864 2.6544 100 0 0 0 0
-5.0883 8.1116 1.5652 100 0 0 0 0
-5.0850 8.2464 2.9967 100 0 0 0 0
-5.0847 5.6928 -0.0249 100 0 0 0 0
-5.0821 9.4824 2.8798 100 0 0 0 0
-5.0814 7.3534 2.1335 100 0 0 0 0
-5.0802 10.0475 2.5818 100 0 0 0 0
-5.0780 -8.0851 0.8834 100 0 0 0 0
-5.0746 10.8369 3.6034 100 0 0 0 0
-5.0724 -8.7540 1.9909 100 0 0 0 0
-5.0671 8.2584 2.9969 100 0 0 0 0
-5.0621 5.7187 -0.0251 100 0 0 0 0
-5.0608 -9.6718 2.9111 100 0 0 0 0
-5.0477 -8.7762 1.9917 100 0 0 0 0
-5.0438 8.1014 1.5612 100 0 0 0 0
-5.0438 -8.9936 2.7724 100 0 0 0 0
-5.0436 -9.0164 2.7770 100 0 0 0 0
-5.0403 8.2899 1.5803 100 0 0 0 0
-5.0377 7.3260 2.1243 100 0 0 0 0
-5.0347 9.4955 2.8775 100 0 0 0 0
-5.0308 -9.1075 2.7935 100 0 0 0 0
-5.0281 8.2740 1.5781 100 0 0 0 0
-5.0277 10.0549 2.5786 100 0 0 0 0
-5.0233 7.3199 2.1212 100 0 0 0 0
-5.0221 -9.9649 1.7559 100 0 0 0 0
-5.0170 -9.9518 1.7541 100 0 0 0 0
-5.0133 8.0931 1.5584 100 0 0 0 0
-5.0070 5.7705 -0.0252 100 0 0 0 0
-5.0064 6.7180 2.6478 100 0 0 0 0
-5.0062 -5.7961 -0.0252 100 0 0 0 0
-5.0060 7.3123 2.1183 100 0 0 0 0
-5.0054 8.2989 2.9971 100 0 0 0 0
-5.0041 8.7641 2.7268 100 0 0 0 0
-5.0026 5.9868 1.6300 100 0 0 0 0
-5.0012 10.9002 3.6105 100 0 0 0 0
-5.0012 7.7506 1.8535 100 0 0 0 0
-4.9978 -5.7993 -0.0250 100 0 0 0 0
-4.9978 -8.8464 1.9974 100 0 0 0 0
-4.9937 8.7642 2.7254 100 0 0 0 0
-4.9935 -9.8829 1.7453 100 0 0 0 0
-4.9933 -9.1582 2.7996 100 0 0 0 0
-4.9932 10.0648 2.5768 100 0 0 0 0
-4.9925 -5.8061 -0.0251 100 0 0 0 0
-4.9903 10.9083 3.6116 100 0 0 0 0
-4.9894 -9.8722 1.7437 100 0 0 0 0
-4.9891 6.0383 1.6347 100 0 0 0 0
-4.9850 -9.1670 2.8005 100 0 0 0 0
-4.9846 6.0464 1.6355 100 0 0 0 0
-4.9784 6.7274 2.6455 100 0 0 0 0
-4.9782 8.2103 1.5680 100 0 0 0 0
-4.9695 5.7925 -0.0248 100 0 0 0 0
-4.9661 6.1181 1.6422 100 0 0 0 0
-4.9646 8.1921 1.5654 100 0 0 0 0
-4.9637 -9.7961 1.7341 100 0 0 0 0
-4.9630 -8.6328 1.6090 100 0 0 0 0
-4.9604 5.8079 -0.0251 100 0 0 0 0
-4.9538 8.0780 1.5530 100 0 0 0 0
-4.9523 8.7419 2.7167 100 0 0 0 0
-4.9478 6.1930 1.6496 100 0 0 0 0
-4.9438 6.2161 1.6521 100 0 0 0 0
-4.9423 -8.9514 2.0073 100 0 0 0 0
-4.9345 -9.7139 1.7233 100 0 0 0 0
-4.9287 10.9599 3.6166 100 0 0 0 0
-4.9265 7.7302 1.8444 100 0 0 0 0
-4.9250 7.2652 2.1017 100 0 0 0 0
-4.9235 6.3023 1.6603 100 0 0 0 0
-4.9216 8.3483 2.9970 100 0 0 0 0
-4.9213 -8.8937 1.2738 100 0 0 0 0
-4.9187 -8.9098 1.2747 100 0 0 0 0
-4.9156 -8.6826 1.6114 100 0 0 0 0
-4.9153 -8.9957 2.0115 100 0 0 0 0
-4.9146 -5.8714 -0.0251 100 0 0 0 0
-4.9145 8.3536 2.9965 100 0 0 0 0
-4.9110 -9.6455 1.7148 100 0 0 0 0
-4.9100 -9.0094 2.0129 100 0 0 0 0
-4.9082 6.3550 1.6655 100 0 0 0 0
-4.9015 -5.8818 -0.0250 100 0 0 0 0
-4.8977 6.3850 1.6684 100 0 0 0 0
-4.8966 -9.5926 1.7081 100 0 0 0 0
-4.8897 8.7186 2.7044 100 0 0 0 0
-4.8865 7.2439 2.0940 100 0 0 0 0
-4.8858 10.9949 3.6206 100 0 0 0 0
-4.8817 -9.5132 1.6987 100 0 0 0 0
-4.8760 5.8782 -0.0251 100 0 0 0 0
-4.8745 7.7219 1.8386 100 0 0 0 0
-4.8705 6.5098 1.6813 100 0 0 0 0
-4.8686 -9.4377 1.6897 100 0 0 0 0
-4.8646 -9.0917 2.0209 100 0 0 0 0
-4.8602 -8.9898 1.6409 100 0 0 0 0
-4.8571 5.8953 -0.0250 100 0 0 0 0
-4.8545 6.5638 1.6866 100 0 0 0 0
-4.8537 -9.0014 1.6417 100 0 0 0 0
-4.8481 -9.3248 1.6762 100 0 0 0 0
-4.8461 7.2195 2.0859 100 0 0 0 0
-4.8456 7.7147 1.8350 100 0 0 0 0
-4.8441 11.0327 3.6255 100 0 0 0 0
-4.8425 6.6215 1.6926 100 0 0 0 0
-4.8425 -9.2920 1.6726 100 0 0 0 0
-4.8407 8.3986 2.9973 100 0 0 0 0
-4.8398 -9.1394 2.0255 100 0 0 0 0
-4.8392 -5.9393 -0.0252 100 0 0 0 0
-4.8380 -9.0434 1.6453 100 0 0 0 0
-4.8341 -8.7607 1.6146 100 0 0 0 0
-4.8331 -9.2476 1.6670 100 0 0 0 0
-4.8276 6.6782 1.6985 100 0 0 0 0
-4.8261 -9.1621 2.0276 100 0 0 0 0
-4.8225 -9.1793 1.6590 100 0 0 0 0
-4.8207 11.0461 3.6263 100 0 0 0 0
-4.8167 -9.0968 1.6497 100 0 0 0 0
-4.8097 6.7472 1.7057 100 0 0 0 0
-4.8012 -8.3587 0.8878 100 0 0 0 0
-4.7973 -8.3520 1.2271 100 0 0 0 0
-4.7971 -5.9677 -0.0249 100 0 0 0 0
-4.7894 6.8275 1.7140 100 0 0 0 0
-4.7876 8.4364 2.9987 100 0 0 0 0
-4.7856 5.9541 -0.0250 100 0 0 0 0
-4.7822 -8.3684 0.8878 100 0 0 0 0
-4.7813 -9.2485 2.0364 100 0 0 0 0
-4.7803 6.8789 1.7198 100 0 0 0 0
-4.7785 8.4422 2.9992 100 0 0 0 0
-4.7729 7.1809 2.0717 100 0 0 0 0
-4.7688 6.9112 1.7230 100 0 0 0 0
-4.7685 11.0873 3.6302 100 0 0 0 0
-4.7646 5.9688 -0.0249 100 0 0 0 0
-4.7634 6.9360 1.7258 100 0 0 0 0
-4.7623 7.6970 1.8258 100 0 0 0 0
-4.7621 -9.2861 2.0404 100 0 0 0 0
-4.7594 -8.3927 0.8883 100 0 0 0 0
-4.7582 -6.0004 -0.0249 100 0 0 0 0
-4.7566 -9.3005 2.0420 100 0 0 0 0
-4.7546 5.9836 -0.0252 100 0 0 0 0
-4.7542 7.1704 2.0678 100 0 0 0 0
-4.7506 -8.3566 1.2255 100 0 0 0 0
-4.7483 6.9939 1.7317 100 0 0 0 0
-4.7469 -9.4299 1.3077 100 0 0 0 0
-4.7410 -8.3613 1.2254 100 0 0 0 0
-4.7380 -9.3374 2.0456 100 0 0 0 0
-4.7345 7.1584 2.0640 100 0 0 0 0
-4.7319 7.0700 1.7402 100 0 0 0 0
-4.7263 -9.3650 1.3017 100 0 0 0 0
-4.7168 7.1324 1.7472 100 0 0 0 0
-4.7131 -8.4407 0.8894 100 0 0 0 0
-4.7099 9.0399 3.1302 100 0 0 0 0
-4.7066 -9.3018 1.2961 100 0 0 0 0
-4.7040 7.6801 1.8187 100 0 0 0 0
-4.6944 -6.0559 -0.0251 100 0 0 0 0
-4.6866 11.1618 3.6395 100 0 0 0 0
-4.6857 -9.2370 1.2901 100 0 0 0 0
-4.6850 8.4926 2.9982 100 0 0 0 0
-4.6846 6.0424 -0.0251 100 0 0 0 0
-4.6811 11.1563 3.6379 100 0 0 0 0
-4.6751 -6.0723 -0.0251 100 0 0 0 0
-4.6717 -8.4741 0.8897 100 0 0 0 0
-4.6666 -9.1780 1.2850 100 0 0 0 0
-4.6613 11.1714 3.6391 100 0 0 0 0
-4.6600 8.5145 2.9999 100 0 0 0 0
-4.6560 -9.0848 1.2772 100 0 0 0 0
-4.6525 -9.0060 1.2709 100 0 0 0 0
-4.6506 8.5198 3.0002 100 0 0 0 0
-4.6493 11.1847 3.6419 100 0 0 0 0
-4.6493 -8.9287 1.2649 100 0 0 0 0
-4.6460 6.0644 -0.0249 100 0 0 0 0
-4.6455 -8.8513 1.2587 100 0 0 0 0
-4.6418 -8.7753 1.2526 100 0 0 0 0
-4.6408 8.5244 2.9997 100 0 0 0 0
-4.6380 -8.7020 1.2470 100 0 0 0 0
-4.6357 -8.6300 1.2414 100 0 0 0 0
-4.6330 -8.6030 1.2391 100 0 0 0 0
-4.6314 8.5297 3.0001 100 0 0 0 0
-4.6300 -8.5310 1.2335 100 0 0 0 0
-4.6293 7.1017 2.0430 100 0 0 0 0
-4.6285 9.0026 3.1107 100 0 0 0 0
-4.6263 -8.4587 1.2279 100 0 0 0 0
-4.6247 -8.4126 1.2243 100 0 0 0 0
-4.6177 -8.5310 0.8909 100 0 0 0 0
-4.6133 8.9982 3.1076 100 0 0 0 0
-4.6124 7.6623 1.8085 100 0 0 0 0
-4.6106 7.0907 2.0394 100 0 0 0 0
-4.6072 -6.1231 -0.0251 100 0 0 0 0
-4.6047 9.3253 0.1973 100 0 0 0 0
-4.6046 9.3252 2.0377 100 0 0 0 0
-4.6044 9.3248 0.5627 100 0 0 0 0
-4.6041 9.3242 1.2956 100 0 0 0 0
-4.6034 9.3229 0.9284 100 0 0 0 0
-4.6034 9.3228 2.7958 100 0 0 0 0
-4.6029 9.3218 1.6647 100 0 0 0 0
-4.6022 9.3204 2.4135 100 0 0 0 0
-4.5985 8.5511 2.9999 100 0 0 0 0
-4.5932 -8.5531 0.8914 100 0 0 0 0
-4.5929 7.0810 2.0358 100 0 0 0 0
-4.5867 -6.1377 -0.0250 100 0 0 0 0
-4.5856 11.2349 3.6471 100 0 0 0 0
-4.5785 6.1146 -0.0248 100 0 0 0 0
-4.5630 9.3198 2.4100 100 0 0 0 0
-4.5625 9.3189 2.0339 100 0 0 0 0
-4.5589 -8.6231 0.8936 100 0 0 0 0
-4.5450 7.6476 1.8010 100 0 0 0 0
-4.5424 -8.6832 0.8961 100 0 0 0 0
-4.5406 6.1493 -0.0251 100 0 0 0 0
-4.5372 9.3199 1.6610 100 0 0 0 0
-4.5313 8.9622 3.0892 100 0 0 0 0
-4.5308 11.2791 3.6527 100 0 0 0 0
-4.5292 7.6407 1.7986 100 0 0 0 0
-4.5268 9.3251 2.7885 100 0 0 0 0
-4.5268 9.3250 2.0323 100 0 0 0 0
-4.5267 9.3250 0.1979 100 0 0 0 0
-4.5264 9.3244 0.9267 100 0 0 0 0
-4.5261 9.3237 1.2925 100 0 0 0 0
-4.5257 9.3229 1.6606 100 0 0 0 0
-4.5256 9.3228 0.5620 100 0 0 0 0
-4.5248 9.3210 2.4069 100 0 0 0 0
-4.5230 8.5981 3.0020 100 0 0 0 0
-4.5229 -8.7621 0.8992 100 0 0 0 0
-4.5214 7.0410 2.0219 100 0 0 0 0
-4.5194 -8.7786 0.9000 100 0 0 0 0
-4.5174 -6.1864 -0.0248 100 0 0 0 0
-4.5140 8.5996 3.0007 100 0 0 0 0
-4.5125 8.6014 3.0013 100 0 0 0 0
-4.5041 -0.0359 -0.0250 100 0 0 0 0
-4.5027 0.1262 -0.0251 100 0 0 0 0
-4.5017 -0.1979 -0.0252 100 0 0 0 0
-4.5016 0.1161 -0.0250 100 0 0 0 0
-4.5011 -0.1168 -0.0249 100 0 0 0 0
-4.4985 8.9478 3.0817 100 0 0 0 0
-4.4968 0.2882 -0.0253 100 0 0 0 0
-4.4957 -8.8728 0.9036 100 0 0 0 0
-4.4947 0.2069 -0.0247 100 0 0 0 0
-4.4938 -0.2786 -0.0248 100 0 0 0 0
-4.4924 -0.3597 -0.0252 100 0 0 0 0
-4.4908 9.3198 0.5617 100 0 0 0 0
-4.4899 7.6331 1.7946 100 0 0 0 0
-4.4898 0.3690 -0.0252 100 0 0 0 0
-4.4885 -0.3645 -0.0249 100 0 0 0 0
-4.4861 11.3130 3.6565 100 0 0 0 0
-4.4854 -0.4405 -0.0251 100 0 0 0 0
-4.4837 -8.9211 0.9057 100 0 0 0 0
-4.4828 0.4497 -0.0252 100 0 0 0 0
-4.4806 9.3197 2.7812 100 0 0 0 0
-4.4795 -6.2202 -0.0251 100 0 0 0 0
-4.4763 -0.5210 -0.0251 100 0 0 0 0
-4.4747 11.3208 3.6576 100 0 0 0 0
-4.4723 6.1983 -0.0250 100 0 0 0 0
-4.4695 0.5298 -0.0248 100 0 0 0 0
-4.4658 -0.6013 -0.0250 100 0 0 0 0
-4.4598 9.3198 0.9247 100 0 0 0 0
-4.4593 0.6101 -0.0248 100 0 0 0 0
-4.4523 0.6910 -0.0252 100 0 0 0 0
-4.4523 -0.6812 -0.0248 100 0 0 0 0
-4.4500 9.3257 1.2899 100 0 0 0 0
-4.4491 9.3240 2.0269 100 0 0 0 0
-4.4491 9.3239 0.5615 100 0 0 0 0
-4.4489 9.3236 2.4011 100 0 0 0 0
-4.4489 9.3234 1.6566 100 0 0 0 0
-4.4486 9.3230 0.1986 100 0 0 0 0
-4.4480 9.3218 2.7800 100 0 0 0 0
-4.4480 9.3217 0.9248 100 0 0 0 0
-4.4479 8.9221 3.0696 100 0 0 0 0
-4.4449 6.2187 -0.0250 100 0 0 0 0
-4.4429 -0.7617 -0.0250 100 0 0 0 0
-4.4406 0.7615 -0.0251 100 0 0 0 0
-4.4390 9.3190 1.2884 100 0 0 0 0
-4.4389 0.7505 -0.0249 100 0 0 0 0
-4.4387 -6.2504 -0.0251 100 0 0 0 0
-4.4382 -0.7711 -0.0247 100 0 0 0 0
-4.4347 0.7702 -0.0248 100 0 0 0 0
-4.4315 6.2292 -0.0250 100 0 0 0 0
-4.4293 -0.8416 -0.0250 100 0 0 0 0
-4.4264 9.3193 0.1989 100 0 0 0 0
-4.4231 0.8504 -0.0251 100 0 0 0 0
-4.4148 -0.9214 -0.0251 100 0 0 0 0
-4.4089 0.9302 -0.0252 100 0 0 0 0
-4.3874 1.0085 -0.0248 100 0 0 0 0
-4.3815 -1.0800 -0.0252 100 0 0 0 0
-4.3765 11.3967 3.6665 100 0 0 0 0
-4.3705 8.8875 3.0516 100 0 0 0 0
-4.3696 7.6007 1.7803 100 0 0 0 0
-4.3686 -6.2977 -0.0249 100 0 0 0 0
-4.3683 6.2830 -0.0254 100 0 0 0 0
-4.3674 1.0869 -0.0247 100 0 0 0 0
-4.3672 11.4103 3.6689 100 0 0 0 0
-4.3631 9.3259 1.2865 100 0 0 0 0
-4.3624 9.3243 2.7716 100 0 0 0 0
-4.3622 9.3239 0.9229 100 0 0 0 0
-4.3619 9.3233 1.6518 100 0 0 0 0
-4.3617 -1.1586 -0.0252 100 0 0 0 0
-4.3617 9.3229 2.3933 100 0 0 0 0
-4.3617 9.3229 0.5608 100 0 0 0 0
-4.3612 9.3220 2.0203 100 0 0 0 0
-4.3612 9.3220 0.1993 100 0 0 0 0
-4.3601 -1.1774 -0.0255 100 0 0 0 0
-4.3596 -1.1573 -0.0250 100 0 0 0 0
-4.3574 -6.3112 -0.0252 100 0 0 0 0
-4.3541 1.1567 -0.0250 100 0 0 0 0
-4.3527 1.1668 -0.0252 100 0 0 0 0
-4.3523 9.3189 0.5606 100 0 0 0 0
-4.3469 7.6007 1.7785 100 0 0 0 0
-4.3406 8.8771 3.0456 100 0 0 0 0
-4.3354 -1.2354 -0.0247 100 0 0 0 0
-4.3323 1.2452 -0.0252 100 0 0 0 0
-4.3197 6.3054 -0.0248 100 0 0 0 0
-4.3159 -1.3141 -0.0249 100 0 0 0 0
-4.3042 1.3215 -0.0248 100 0 0 0 0
-4.2989 11.4600 3.6749 100 0 0 0 0
-4.2944 -1.3922 -0.0251 100 0 0 0 0
-4.2904 -1.4007 -0.0250 100 0 0 0 0
-4.2876 9.3273 2.3878 100 0 0 0 0
-4.2874 9.3269 1.6482 100 0 0 0 0
-4.2867 9.3255 0.9211 100 0 0 0 0
-4.2864 9.3194 0.9209 100 0 0 0 0
-4.2863 9.3248 0.1996 100 0 0 0 0
-4.2857 9.3234 2.7638 100 0 0 0 0
-4.2855 9.3230 2.0152 100 0 0 0 0
-4.2853 1.4004 -0.0252 100 0 0 0 0
-4.2853 9.3225 0.5601 100 0 0 0 0
-4.2849 9.3218 1.2831 100 0 0 0 0
-4.2795 11.4774 3.6770 100 0 0 0 0
-4.2793 9.3197 0.5598 100 0 0 0 0
-4.2763 -6.3584 -0.0248 100 0 0 0 0
-4.2732 9.3182 2.3848 100 0 0 0 0
-4.2707 11.4844 3.6771 100 0 0 0 0
-4.2610 9.3244 0.1997 100 0 0 0 0
-4.2605 9.3233 2.0136 100 0 0 0 0
-4.2600 1.4774 -0.0252 100 0 0 0 0
-4.2580 -6.3755 -0.0250 100 0 0 0 0
-4.2539 9.3195 2.7587 100 0 0 0 0
-4.2494 9.3266 2.7611 100 0 0 0 0
-4.2492 9.3261 0.5601 100 0 0 0 0
-4.2488 9.3254 0.2001 100 0 0 0 0
-4.2486 9.3249 1.6462 100 0 0 0 0
-4.2483 9.3242 1.2821 100 0 0 0 0
-4.2469 9.3213 0.9203 100 0 0 0 0
-4.2469 9.3211 2.3836 100 0 0 0 0
-4.2455 9.3183 2.0121 100 0 0 0 0
-4.2434 6.3577 -0.0248 100 0 0 0 0
-4.2306 1.5530 -0.0250 100 0 0 0 0
-4.2261 9.3196 0.9195 100 0 0 0 0
-4.2123 9.3229 0.9194 100 0 0 0 0
-4.2103 6.3849 -0.0250 100 0 0 0 0
-4.2024 1.6289 -0.0250 100 0 0 0 0
-4.2018 1.6404 -0.0250 100 0 0 0 0
-4.2006 9.3189 1.6426 100 0 0 0 0
-4.2000 9.3233 2.7553 100 0 0 0 0
-4.1971 1.6381 -0.0247 100 0 0 0 0
-4.1964 -6.4205 -0.0251 100 0 0 0 0
-4.1709 1.7036 -0.0248 100 0 0 0 0
-4.1474 -6.4534 -0.0251 100 0 0 0 0
-4.1412 1.7790 -0.0249 100 0 0 0 0
-4.1383 9.3197 2.7483 100 0 0 0 0
-4.1376 9.3182 2.0045 100 0 0 0 0
-4.1373 9.3232 1.6402 100 0 0 0 0
-4.1322 -3.5092 0.8620 100 0 0 0 0
-4.1317 -3.5088 1.4507 100 0 0 0 0
-4.1315 -3.5086 1.0563 100 0 0 0 0
-4.1313 -3.5084 1.6516 100 0 0 0 0
-4.1311 -3.5083 0.0913 100 0 0 0 0
-4.1308 -3.5080 1.2522 100 0 0 0 0
-4.1303 -3.5076 0.4761 100 0 0 0 0
-4.1300 -3.5074 0.2839 100 0 0 0 0
-4.1298 -3.5072 0.6685 100 0 0 0 0
-4.1268 9.3277 2.7493 100 0 0 0 0
-4.1255 9.3248 2.3742 100 0 0 0 0
-4.1253 6.4398 -0.0250 100 0 0 0 0
-4.1252 9.3240 1.2775 100 0 0 0 0
-4.1251 9.3238 0.9176 100 0 0 0 0
-4.1247 9.3231 0.5590 100 0 0 0 0
-4.1243 9.3222 2.0045 100 0 0 0 0
-4.1240 9.3215 1.6392 100 0 0 0 0
-4.1238 6.4477 -0.0250 100 0 0 0 0
-4.1237 9.3209 0.2010 100 0 0 0 0
-4.1217 1.8313 -0.0251 100 0 0 0 0
-4.1172 -3.5123 1.6497 100 0 0 0 0
-4.1167 -3.5119 1.0552 100 0 0 0 0
-4.1166 -3.5119 0.2840 100 0 0 0 0
-4.1160 -3.5113 0.4760 100 0 0 0 0
-4.1151 -3.5106 0.6681 100 0 0 0 0
-4.1148 -3.5104 1.4484 100 0 0 0 0
-4.1144 -3.5100 0.8608 100 0 0 0 0
-4.1144 -3.5100 0.0920 100 0 0 0 0
-4.1143 -3.5099 1.2504 100 0 0 0 0
-4.1105 1.8539 -0.0250 100 0 0 0 0
-4.1103 -6.4741 -0.0249 100 0 0 0 0
-4.0979 6.4603 -0.0250 100 0 0 0 0
-4.0946 -3.6515 0.2827 100 0 0 0 0
-4.0943 -3.6513 0.6720 100 0 0 0 0
-4.0941 -3.6511 0.4773 100 0 0 0 0
-4.0934 -3.6505 1.6661 100 0 0 0 0
-4.0932 -3.6504 1.2623 100 0 0 0 0
-4.0930 -1.9221 -0.0251 100 0 0 0 0
-4.0926 -3.6498 1.4626 100 0 0 0 0
-4.0919 -3.6492 0.0882 100 0 0 0 0
-4.0900 -3.6476 1.0635 100 0 0 0 0
-4.0880 -3.6458 0.8668 100 0 0 0 0
-4.0794 1.9288 -0.0252 100 0 0 0 0
-4.0678 9.3173 1.6354 100 0 0 0 0
-4.0667 -3.5800 0.4761 100 0 0 0 0
-4.0667 -3.5800 0.6684 100 0 0 0 0
-4.0662 -3.5796 1.0557 100 0 0 0 0
-4.0658 -3.5792 0.8614 100 0 0 0 0
-4.0651 -3.5787 1.6502 100 0 0 0 0
-4.0645 -3.5782 1.4493 100 0 0 0 0
-4.0645 -3.5782 1.2513 100 0 0 0 0
-4.0644 -3.5780 0.2840 100 0 0 0 0
-4.0640 -3.5777 0.0917 100 0 0 0 0
-4.0597 -1.9960 -0.0252 100 0 0 0 0
-4.0538 9.3199 2.7400 100 0 0 0 0
-4.0537 9.3196 2.3669 100 0 0 0 0
-4.0519 9.3272 2.7423 100 0 0 0 0
-4.0517 9.3266 2.3688 100 0 0 0 0
-4.0506 9.3243 2.0001 100 0 0 0 0
-4.0504 9.3238 1.6359 100 0 0 0 0
-4.0504 9.3182 1.9989 100 0 0 0 0
-4.0503 9.3235 0.9161 100 0 0 0 0
-4.0500 9.3229 0.5586 100 0 0 0 0
-4.0499 9.3225 0.2015 100 0 0 0 0
-4.0497 9.3222 1.2748 100 0 0 0 0
-4.0434 2.0015 -0.0251 100 0 0 0 0
-4.0412 9.3196 0.5582 100 0 0 0 0
-4.0389 -6.5196 -0.0249 100 0 0 0 0
-4.0388 -6.5203 -0.0250 100 0 0 0 0
-4.0356 -2.0345 -0.0247 100 0 0 0 0
-4.0249 -2.0692 -0.0252 100 0 0 0 0
-4.0245 2.0374 -0.0250 100 0 0 0 0
-4.0164 9.3194 2.3638 100 0 0 0 0
-4.0065 2.0736 -0.0250 100 0 0 0 0
-4.0015 9.3195 0.9147 100 0 0 0 0
-3.9950 6.5186 -0.0247 100 0 0 0 0
-3.9852 6.5351 -0.0252 100 0 0 0 0
-3.9839 -2.1393 -0.0248 100 0 0 0 0
-3.9747 2.1484 -0.0255 100 0 0 0 0
-3.9681 9.3278 0.5580 100 0 0 0 0
-3.9671 9.3198 0.2021 100 0 0 0 0
-3.9671 9.3255 2.7337 100 0 0 0 0
-3.9667 9.3248 1.2719 100 0 0 0 0
-3.9665 9.3242 1.9946 100 0 0 0 0
-3.9665 9.3241 0.9143 100 0 0 0 0
-3.9662 9.3236 0.2021 100 0 0 0 0
-3.9661 9.3234 2.3613 100 0 0 0 0
-3.9650 9.3208 1.6312 100 0 0 0 0
-3.9587 -2.1883 -0.0248 100 0 0 0 0
-3.9456 -2.2106 -0.0248 100 0 0 0 0
-3.9431 9.3271 2.3602 100 0 0 0 0
-3.9409 2.1993 -0.0250 100 0 0 0 0
-3.9297 2.2163 -0.0249 100 0 0 0 0
-3.9099 -2.2834 -0.0251 100 0 0 0 0
-3.8935 9.3262 0.9127 100 0 0 0 0
-3.8931 9.3252 0.5573 100 0 0 0 0
-3.8929 9.3248 1.6280 100 0 0 0 0
-3.8927 9.3244 0.2024 100 0 0 0 0
-3.8903 2.2870 -0.0249 100 0 0 0 0
-3.8843 6.5967 -0.0251 100 0 0 0 0
-3.8811 6.6019 -0.0251 100 0 0 0 0
-3.8809 9.3253 2.3552 100 0 0 0 0
-3.8807 9.3249 2.7259 100 0 0 0 0
-3.8804 9.3241 1.2689 100 0 0 0 0
-3.8801 9.3233 1.9891 100 0 0 0 0
-3.8738 6.5960 -0.0250 100 0 0 0 0
-3.8705 -2.3543 -0.0252 100 0 0 0 0
-3.8669 6.6009 -0.0248 100 0 0 0 0
-3.8562 9.3245 1.2682 100 0 0 0 0
-3.8560 9.3241 1.6264 100 0 0 0 0
-3.8560 9.3241 1.9878 100 0 0 0 0
-3.8559 9.3239 0.5572 100 0 0 0 0
-3.8557 9.3234 2.7234 100 0 0 0 0
-3.8556 9.3233 2.3530 100 0 0 0 0
-3.8555 9.3230 0.9120 100 0 0 0 0
-3.8546 9.3210 0.2029 100 0 0 0 0
-3.8527 2.3589 -0.0252 100 0 0 0 0
-3.8271 -2.4227 -0.0250 100 0 0 0 0
-3.8252 9.3196 1.9842 100 0 0 0 0
-3.8188 -2.4412 -0.0252 100 0 0 0 0
-3.8080 2.4266 -0.0250 100 0 0 0 0
-3.8035 -6.6686 -0.0251 100 0 0 0 0
-3.8022 2.4409 -0.0251 100 0 0 0 0
-3.8008 9.3196 1.2652 100 0 0 0 0
-3.7999 2.4395 -0.0249 100 0 0 0 0
-3.7949 -6.6706 -0.0249 100 0 0 0 0
-3.7862 9.3200 1.2651 100 0 0 0 0
-3.7857 9.3189 2.7154 100 0 0 0 0
-3.7843 -2.4915 -0.0250 100 0 0 0 0
-3.7743 -6.6859 -0.0250 100 0 0 0 0
-3.7653 2.4954 -0.0250 100 0 0 0 0
-3.7613 9.3189 0.5563 100 0 0 0 0
-3.7504 6.6695 -0.0248 100 0 0 0 0
-3.7471 9.3198 1.6206 100 0 0 0 0
-3.7374 -2.5576 -0.0247 100 0 0 0 0
-3.7255 9.3263 1.9800 100 0 0 0 0
-3.7255 9.3263 2.7122 100 0 0 0 0
-3.7255 9.3262 0.2037 100 0 0 0 0
-3.7249 9.3248 2.3433 100 0 0 0 0
-3.7247 6.6905 -0.0251 100 0 0 0 0
-3.7242 9.3231 0.5563 100 0 0 0 0
-3.7238 9.3222 1.6198 100 0 0 0 0
-3.7233 9.3208 1.2633 100 0 0 0 0
-3.7232 9.3206 0.9091 100 0 0 0 0
-3.7220 2.5639 -0.0251 100 0 0 0 0
-3.7199 -2.5942 -0.0252 100 0 0 0 0
-3.7134 -2.6012 -0.0251 100 0 0 0 0
-3.7108 9.3199 1.6189 100 0 0 0 0
-3.6910 2.5979 -0.0245 100 0 0 0 0
-3.6865 -6.7366 -0.0251 100 0 0 0 0
-3.6775 2.6317 -0.0253 100 0 0 0 0
-3.6651 9.3263 1.2619 100 0 0 0 0
-3.6647 9.3252 2.7068 100 0 0 0 0
-3.6643 9.3242 0.2042 100 0 0 0 0
-3.6642 9.3241 2.3388 100 0 0 0 0
-3.6637 9.3229 1.9759 100 0 0 0 0
-3.6635 9.3223 0.9081 100 0 0 0 0
-3.6634 9.3220 1.6171 100 0 0 0 0
-3.6632 9.3217 0.5559 100 0 0 0 0
-3.6546 9.3177 1.2603 100 0 0 0 0
-3.6480 6.7285 -0.0249 100 0 0 0 0
-3.6435 -6.7639 -0.0252 100 0 0 0 0
-3.6421 2.6811 -0.0252 100 0 0 0 0
-3.6398 -6.7582 -0.0249 100 0 0 0 0
-3.6342 6.7388 -0.0250 100 0 0 0 0
-3.6342 9.3199 1.9727 100 0 0 0 0
-3.6315 9.3199 0.9069 100 0 0 0 0
-3.6255 2.6941 -0.0247 100 0 0 0 0
-3.6092 9.3175 1.2587 100 0 0 0 0
-3.5756 -2.7898 -0.0248 100 0 0 0 0
-3.5715 9.3199 1.6121 100 0 0 0 0
-3.5712 9.3256 0.2045 100 0 0 0 0
-3.5711 9.3253 0.9061 100 0 0 0 0
-3.5709 9.3249 2.6982 100 0 0 0 0
-3.5706 9.3242 1.6127 100 0 0 0 0
-3.5701 9.3228 2.3314 100 0 0 0 0
-3.5700 9.3224 1.9699 100 0 0 0 0
-3.5699 -0.3637 0.0552 100 0 0 0 0
-3.5697 -0.3637 0.3152 100 0 0 0 0
-3.5694 9.3211 1.2580 100 0 0 0 0
-3.5694 9.3209 0.5550 100 0 0 0 0
-3.5681 -6.8019 -0.0251 100 0 0 0 0
-3.5677 -0.3635 0.1856 100 0 0 0 0
-3.5676 6.7743 -0.0249 100 0 0 0 0
-3.5631 2.7865 -0.0251 100 0 0 0 0
-3.5598 -6.8044 -0.0249 100 0 0 0 0
-3.5531 -2.8240 -0.0251 100 0 0 0 0
-3.5307 2.8255 -0.0250 100 0 0 0 0
-3.5153 6.8032 -0.0250 100 0 0 0 0
-3.5144 9.3197 1.2561 100 0 0 0 0
-3.5052 9.3199 1.6087 100 0 0 0 0
-3.5023 9.3195 0.5547 100 0 0 0 0
-3.5020 -2.8869 -0.0249 100 0 0 0 0
-3.4874 9.3249 0.5546 100 0 0 0 0
-3.4872 9.3243 0.9045 100 0 0 0 0
-3.4871 9.3243 0.2051 100 0 0 0 0
-3.4869 9.3237 2.3258 100 0 0 0 0
-3.4867 9.3232 1.9653 100 0 0 0 0
-3.4861 9.3215 1.6087 100 0 0 0 0
-3.4859 9.3211 1.2554 100 0 0 0 0
-3.4858 9.3206 2.6903 100 0 0 0 0
-3.4842 -6.8428 -0.0249 100 0 0 0 0
-3.4839 2.8918 -0.0253 100 0 0 0 0
-3.4783 -2.9129 -0.0247 100 0 0 0 0
-3.4759 9.3258 1.6090 100 0 0 0 0
-3.4756 9.3252 0.5548 100 0 0 0 0
-3.4755 9.3249 1.9652 100 0 0 0 0
-3.4751 9.3239 1.2556 100 0 0 0 0
-3.4751 9.3238 0.2054 100 0 0 0 0
-3.4749 9.3234 2.6903 100 0 0 0 0
-3.4749 9.3232 0.9045 100 0 0 0 0
-3.4747 9.3226 2.3250 100 0 0 0 0
-3.4593 2.9175 -0.0250 100 0 0 0 0
-3.4549 6.8321 -0.0250 100 0 0 0 0
-3.4522 -2.9509 -0.0250 100 0 0 0 0
-3.4470 -6.8623 -0.0249 100 0 0 0 0
-3.4339 9.3199 1.2535 100 0 0 0 0
-3.4287 9.3199 0.2057 100 0 0 0 0
-3.4285 2.9512 -0.0249 100 0 0 0 0
-3.4024 -3.0148 -0.0253 100 0 0 0 0
-3.4002 6.8566 -0.0248 100 0 0 0 0
-3.3961 6.8673 -0.0250 100 0 0 0 0
-3.3948 9.3242 1.9604 100 0 0 0 0
-3.3919 2.9997 -0.0252 100 0 0 0 0
-3.3781 3.0147 -0.0251 100 0 0 0 0
-3.3742 9.3184 0.5539 100 0 0 0 0
-3.3479 9.3250 2.6801 100 0 0 0 0
-3.3473 -3.0743 -0.0250 100 0 0 0 0
-3.3415 -3.0826 -0.0251 100 0 0 0 0
-3.3362 0.2697 0.4406 100 0 0 0 0
-3.3352 9.3226 1.2510 100 0 0 0 0
-3.3260 0.2772 0.5614 100 0 0 0 0
-3.3243 9.3252 2.6781 100 0 0 0 0
-3.3242 9.3248 1.6021 100 0 0 0 0
-3.3240 9.3245 0.9015 100 0 0 0 0
-3.3239 9.3240 2.3147 100 0 0 0 0
-3.3238 9.3238 1.9563 100 0 0 0 0
-3.3237 9.3237 0.5536 100 0 0 0 0
-3.3226 9.3206 0.2062 100 0 0 0 0
-3.3221 9.3193 1.2503 100 0 0 0 0
-3.3211 3.0854 -0.0252 100 0 0 0 0
-3.3167 0.2532 0.4403 100 0 0 0 0
-3.3130 9.3195 1.6009 100 0 0 0 0
-3.3075 0.2525 0.6812 100 0 0 0 0
-3.3004 -0.6811 0.4409 100 0 0 0 0
-3.2925 -3.1340 -0.0250 100 0 0 0 0
-3.2899 6.9191 -0.0250 100 0 0 0 0
-3.2894 9.3260 1.9550 100 0 0 0 0
-3.2890 9.3248 1.6009 100 0 0 0 0
-3.2887 9.3240 2.3126 100 0 0 0 0
-3.2885 9.3233 1.2498 100 0 0 0 0
-3.2881 9.3224 2.6749 100 0 0 0 0
-3.2879 9.3219 0.9010 100 0 0 0 0
-3.2879 9.3218 0.5535 100 0 0 0 0
-3.2878 9.3215 0.2066 100 0 0 0 0
-3.2745 6.9264 -0.0250 100 0 0 0 0
-3.2691 -3.1603 -0.0250 100 0 0 0 0
-3.2685 3.1340 -0.0249 100 0 0 0 0
-3.2656 0.2079 0.4393 100 0 0 0 0
-3.2598 -0.6327 0.4400 100 0 0 0 0
-3.2587 0.2075 0.6767 100 0 0 0 0
-3.2548 0.1963 0.4391 100 0 0 0 0
-3.2529 -0.6277 0.4399 100 0 0 0 0
-3.2508 0.2070 0.5573 100 0 0 0 0
-3.2489 0.1995 0.6758 100 0 0 0 0
-3.2402 3.1629 -0.0249 100 0 0 0 0
-3.2389 -3.1948 -0.0251 100 0 0 0 0
-3.2361 9.3189 2.6686 100 0 0 0 0
-3.2309 -0.6002 0.4394 100 0 0 0 0
-3.2125 3.1926 -0.0249 100 0 0 0 0
-3.2070 0.0288 0.3218 100 0 0 0 0
-3.2036 0.0288 0.0887 100 0 0 0 0
-3.2017 0.0288 0.2056 100 0 0 0 0
-3.2014 0.1453 0.4381 100 0 0 0 0
-3.2009 9.3184 1.9483 100 0 0 0 0
-3.1923 -0.5568 0.4387 100 0 0 0 0
-3.1864 0.1446 0.6701 100 0 0 0 0
-3.1845 9.3200 1.2464 100 0 0 0 0
-3.1829 -3.2534 -0.0252 100 0 0 0 0
-3.1803 0.1443 0.5534 100 0 0 0 0
-3.1737 -0.0293 -0.0251 100 0 0 0 0
-3.1719 -0.1448 -0.0252 100 0 0 0 0
-3.1719 -0.0871 -0.0250 100 0 0 0 0
-3.1700 0.1438 -0.0251 100 0 0 0 0
-3.1689 0.0860 -0.0247 100 0 0 0 0
-3.1685 6.9786 -0.0250 100 0 0 0 0
-3.1683 0.1189 0.4375 100 0 0 0 0
-3.1668 3.2470 -0.0253 100 0 0 0 0
-3.1655 0.2014 -0.0249 100 0 0 0 0
-3.1637 9.3271 2.6660 100 0 0 0 0
-3.1635 9.3263 1.5957 100 0 0 0 0
-3.1633 -0.2813 -0.0251 100 0 0 0 0
-3.1629 -0.2600 -0.0249 100 0 0 0 0
-3.1629 9.3247 0.2072 100 0 0 0 0
-3.1628 9.3245 0.8988 100 0 0 0 0
-3.1626 9.3239 1.9478 100 0 0 0 0
-3.1616 9.3210 0.5527 100 0 0 0 0
-3.1616 -0.5197 0.4380 100 0 0 0 0
-3.1615 9.3208 2.3034 100 0 0 0 0
-3.1614 9.3203 1.2457 100 0 0 0 0
-3.1600 0.3097 -0.0253 100 0 0 0 0
-3.1599 0.2740 -0.0249 100 0 0 0 0
-3.1591 0.1221 0.6676 100 0 0 0 0
-3.1587 -0.3175 -0.0250 100 0 0 0 0
-3.1574 -0.5201 0.4379 100 0 0 0 0
-3.1567 -0.2737 -0.0243 100 0 0 0 0
-3.1559 0.1255 0.5521 100 0 0 0 0
-3.1551 3.2497 -0.0248 100 0 0 0 0
-3.1550 0.3163 -0.0248 100 0 0 0 0
-3.1518 6.9833 -0.0249 100 0 0 0 0
-3.1472 -0.4324 -0.0251 100 0 0 0 0
-3.1425 0.4311 -0.0250 100 0 0 0 0
-3.1419 -0.4900 -0.0254 100 0 0 0 0
-3.1356 0.4884 -0.0251 100 0 0 0 0
-3.1333 0.0850 0.4369 100 0 0 0 0
-3.1314 -0.4885 0.4374 100 0 0 0 0
-3.1310 -0.5468 -0.0252 100 0 0 0 0
-3.1310 9.3184 0.5524 100 0 0 0 0
-3.1287 9.3193 2.3007 100 0 0 0 0
-3.1253 0.5453 -0.0250 100 0 0 0 0
-3.1241 -3.3092 -0.0250 100 0 0 0 0
-3.1217 -0.7818 0.5549 100 0 0 0 0
-3.1182 0.0845 0.6639 100 0 0 0 0
-3.1179 0.0845 0.5501 100 0 0 0 0
-3.1154 9.3218 2.6611 100 0 0 0 0
-3.1148 0.6020 -0.0250 100 0 0 0 0
-3.1090 -3.3224 -0.0249 100 0 0 0 0
-3.1056 -0.6595 -0.0246 100 0 0 0 0
-3.1052 9.3258 0.8979 100 0 0 0 0
-3.1052 9.3257 0.5525 100 0 0 0 0
-3.1050 9.3253 2.3008 100 0 0 0 0
-3.1048 9.3247 0.2076 100 0 0 0 0
-3.1044 9.3234 1.2444 100 0 0 0 0
-3.1039 9.3219 1.9446 100 0 0 0 0
-3.1038 9.3218 1.5929 100 0 0 0 0
-3.1031 9.3198 2.6600 100 0 0 0 0
-3.1012 -0.7175 -0.0255 100 0 0 0 0
-3.0924 0.7153 -0.0251 100 0 0 0 0
-3.0851 -0.7731 -0.0251 100 0 0 0 0
-3.0846 7.0176 -0.0250 100 0 0 0 0
-3.0838 0.0396 0.4359 100 0 0 0 0
-3.0818 3.3266 -0.0250 100 0 0 0 0
-3.0814 0.7647 -0.0252 100 0 0 0 0
-3.0810 -0.7312 0.5522 100 0 0 0 0
-3.0806 -0.4239 0.4364 100 0 0 0 0
-3.0793 0.0523 0.6604 100 0 0 0 0
-3.0790 0.0523 0.5480 100 0 0 0 0
-3.0781 0.7712 -0.0250 100 0 0 0 0
-3.0690 -7.0514 -0.0251 100 0 0 0 0
-3.0667 -0.8280 -0.0245 100 0 0 0 0
-3.0645 -3.3641 -0.0248 100 0 0 0 0
-3.0621 -0.7090 0.5510 100 0 0 0 0
-3.0615 9.3184 2.6558 100 0 0 0 0
-3.0565 -0.8850 -0.0251 100 0 0 0 0
-3.0530 9.3196 0.8963 100 0 0 0 0
-3.0509 0.0269 0.6579 100 0 0 0 0
-3.0481 0.8827 -0.0249 100 0 0 0 0
-3.0474 -0.8413 0.6669 100 0 0 0 0
-3.0471 0.0268 0.5463 100 0 0 0 0
-3.0405 3.3642 -0.0250 100 0 0 0 0
-3.0377 9.3241 0.2078 100 0 0 0 0
-3.0327 0.9384 -0.0250 100 0 0 0 0
-3.0296 7.0414 -0.0250 100 0 0 0 0
-3.0266 -0.8178 0.6646 100 0 0 0 0
-3.0235 -0.3607 0.4353 100 0 0 0 0
-3.0226 -1.0017 -0.0251 100 0 0 0 0
-3.0223 -0.9953 -0.0249 100 0 0 0 0
-3.0150 9.3176 1.5883 100 0 0 0 0
-3.0078 -0.0285 0.4347 100 0 0 0 0
-3.0054 -3.4194 -0.0248 100 0 0 0 0
-3.0039 9.3263 0.8962 100 0 0 0 0
-3.0035 9.3251 0.5519 100 0 0 0 0
-3.0030 9.3237 2.2940 100 0 0 0 0
-3.0029 -0.6390 0.5472 100 0 0 0 0
-3.0029 9.3234 1.2415 100 0 0 0 0
-3.0027 9.3228 1.9394 100 0 0 0 0
-3.0025 9.3222 2.6529 100 0 0 0 0
-3.0022 9.3213 1.5887 100 0 0 0 0
-3.0018 1.0385 -0.0251 100 0 0 0 0
-3.0017 3.4036 -0.0250 100 0 0 0 0
-3.0017 -0.9327 0.7802 100 0 0 0 0
-3.0010 9.3176 0.2083 100 0 0 0 0
-3.0001 -0.3299 0.4348 100 0 0 0 0
-2.9978 3.3999 -0.0247 100 0 0 0 0
-2.9967 -0.0352 0.4345 100 0 0 0 0
-2.9959 -7.0780 -0.0249 100 0 0 0 0
-2.9940 1.0471 -0.0245 100 0 0 0 0
-2.9939 -0.9269 0.7791 100 0 0 0 0
-2.9909 -0.0285 0.5433 100 0 0 0 0
-2.9840 -0.7633 0.6599 100 0 0 0 0
-2.9811 3.4193 -0.0250 100 0 0 0 0
-2.9802 1.1034 -0.0252 100 0 0 0 0
-2.9771 -0.0284 0.6514 100 0 0 0 0
-2.9726 -0.6041 0.5452 100 0 0 0 0
-2.9720 -0.3002 0.4343 100 0 0 0 0
-2.9696 9.3195 2.2908 100 0 0 0 0
-2.9689 -0.7456 0.6582 100 0 0 0 0
-2.9614 -0.0823 0.4339 100 0 0 0 0
-2.9608 9.3195 0.5516 100 0 0 0 0
-2.9587 -7.0944 -0.0248 100 0 0 0 0
-2.9574 9.3252 1.2402 100 0 0 0 0
-2.9468 9.3200 1.9359 100 0 0 0 0
-2.9454 -3.4738 -0.0248 100 0 0 0 0
-2.9448 7.0782 -0.0250 100 0 0 0 0
-2.9442 9.3198 1.5864 100 0 0 0 0
-2.9435 -0.5714 0.5435 100 0 0 0 0
-2.9408 -0.8533 0.7704 100 0 0 0 0
-2.9392 -0.0818 0.5407 100 0 0 0 0
-2.9392 1.2114 -0.0252 100 0 0 0 0
-2.9390 -3.4817 -0.0250 100 0 0 0 0
-2.9366 -0.1354 0.4335 100 0 0 0 0
-2.9325 -0.0948 0.7556 100 0 0 0 0
-2.9266 -0.0816 0.6471 100 0 0 0 0
-2.9239 -0.2420 0.4334 100 0 0 0 0
-2.9237 -0.8299 0.7676 100 0 0 0 0
-2.9233 9.3257 1.2395 100 0 0 0 0
-2.9231 9.3252 1.5862 100 0 0 0 0
-2.9227 7.0917 -0.0251 100 0 0 0 0
-2.9226 9.3238 2.6476 100 0 0 0 0
-2.9226 9.3238 2.2892 100 0 0 0 0
-2.9225 3.4810 -0.0252 100 0 0 0 0
-2.9223 9.3229 1.9355 100 0 0 0 0
-2.9219 9.3216 0.5515 100 0 0 0 0
-2.9217 9.3209 0.8946 100 0 0 0 0
-2.9216 9.3205 0.2087 100 0 0 0 0
-2.9213 1.2588 -0.0254 100 0 0 0 0
-2.9200 3.4725 -0.0249 100 0 0 0 0
-2.9196 -0.1882 0.4332 100 0 0 0 0
-2.9191 -0.0846 0.6464 100 0 0 0 0
-2.9171 1.2648 -0.0252 100 0 0 0 0
-2.9170 -0.6807 0.6525 100 0 0 0 0
-2.9168 -0.1009 0.7537 100 0 0 0 0
-2.9146 -7.1206 -0.0251 100 0 0 0 0
-2.9139 -0.6767 0.6522 100 0 0 0 0
-2.9126 -0.2008 0.4331 100 0 0 0 0
-2.9122 -0.1008 0.5393 100 0 0 0 0
-2.9100 -4.7668 0.8734 100 0 0 0 0
-2.9090 -4.7653 1.2730 100 0 0 0 0
-2.9088 -4.7649 1.6816 100 0 0 0 0
-2.9081 -4.7639 0.2816 100 0 0 0 0
-2.9075 -4.7629 0.0846 100 0 0 0 0
-2.9071 -4.7623 1.0718 100 0 0 0 0
-2.9069 -4.7620 0.4783 100 0 0 0 0
-2.9067 7.0979 -0.0251 100 0 0 0 0
-2.9065 -4.7613 0.6752 100 0 0 0 0
-2.9061 -4.7608 1.4749 100 0 0 0 0
-2.9044 -0.9585 0.8827 100 0 0 0 0
-2.9019 -0.5226 0.5409 100 0 0 0 0
-2.8906 -0.1336 0.5382 100 0 0 0 0
-2.8884 -3.5317 -0.0253 100 0 0 0 0
-2.8865 -0.5067 0.5400 100 0 0 0 0
-2.8840 -4.7375 0.6736 100 0 0 0 0
-2.8838 -4.7371 1.2671 100 0 0 0 0
-2.8833 -4.7363 0.8700 100 0 0 0 0
-2.8831 -4.7360 1.4685 100 0 0 0 0
-2.8831 -4.7360 1.0676 100 0 0 0 0
-2.8831 -4.7360 0.0865 100 0 0 0 0
-2.8828 -0.7811 0.7612 100 0 0 0 0
-2.8824 -4.7349 0.2823 100 0 0 0 0
-2.8823 -4.7347 1.6725 100 0 0 0 0
-2.8816 -4.7337 0.4777 100 0 0 0 0
-2.8807 9.3199 0.2090 100 0 0 0 0
-2.8805 -1.3734 -0.0251 100 0 0 0 0
-2.8719 -0.1329 0.6424 100 0 0 0 0
-2.8713 -0.7633 0.7593 100 0 0 0 0
-2.8704 -0.1328 0.7481 100 0 0 0 0
-2.8684 1.3695 -0.0249 100 0 0 0 0
-2.8576 3.5242 -0.0248 100 0 0 0 0
-2.8552 9.3200 0.5509 100 0 0 0 0
-2.8523 -0.8854 0.8714 100 0 0 0 0
-2.8520 -1.4239 -0.0246 100 0 0 0 0
-2.8485 9.3181 1.2364 100 0 0 0 0
-2.8479 -3.5617 -0.0251 100 0 0 0 0
-2.8462 9.3271 1.2375 100 0 0 0 0
-2.8461 1.4228 -0.0252 100 0 0 0 0
-2.8457 9.3255 0.2090 100 0 0 0 0
-2.8455 9.3170 0.8930 100 0 0 0 0
-2.8455 9.3250 2.6422 100 0 0 0 0
-2.8451 9.3238 2.2844 100 0 0 0 0
-2.8451 9.3237 1.5829 100 0 0 0 0
-2.8448 9.3228 0.8934 100 0 0 0 0
-2.8444 9.3216 0.5510 100 0 0 0 0
-2.8439 9.3201 1.9311 100 0 0 0 0
-2.8412 -0.5824 0.6443 100 0 0 0 0
-2.8410 -0.7254 0.7546 100 0 0 0 0
-2.8395 -0.4459 0.5370 100 0 0 0 0
-2.8382 -0.1835 0.5356 100 0 0 0 0
-2.8347 -7.1483 -0.0249 100 0 0 0 0
-2.8322 -0.7133 0.7532 100 0 0 0 0
-2.8315 -1.4780 -0.0252 100 0 0 0 0
-2.8253 -0.1891 0.8482 100 0 0 0 0
-2.8238 -0.1827 0.6385 100 0 0 0 0
-2.8234 9.3191 2.2819 100 0 0 0 0
-2.8206 3.5587 -0.0250 100 0 0 0 0
-2.8187 -0.8402 0.8644 100 0 0 0 0
-2.8178 1.4733 -0.0249 100 0 0 0 0
-2.8114 -0.1820 0.7412 100 0 0 0 0
-2.8097 -0.5471 0.6410 100 0 0 0 0
-2.8093 9.3188 1.5811 100 0 0 0 0
-2.8080 -0.2333 0.5342 100 0 0 0 0
-2.8042 -0.2004 0.8449 100 0 0 0 0
-2.8039 -7.1626 -0.0249 100 0 0 0 0
-2.8016 -1.5276 -0.0247 100 0 0 0 0
-2.8008 9.3194 1.2355 100 0 0 0 0
-2.7992 3.5807 -0.0254 100 0 0 0 0
-2.7992 -0.8145 0.8603 100 0 0 0 0
-2.7955 -2.0114 0.4418 100 0 0 0 0
-2.7941 -2.0105 0.0705 100 0 0 0 0
-2.7936 -2.0101 0.6894 100 0 0 0 0
-2.7934 1.5256 -0.0251 100 0 0 0 0
-2.7934 -2.0099 0.5653 100 0 0 0 0
-2.7929 -2.0096 1.3274 100 0 0 0 0
-2.7929 -2.0096 0.8141 100 0 0 0 0
-2.7916 -2.0087 1.0670 100 0 0 0 0
-2.7913 -2.0085 0.3183 100 0 0 0 0
-2.7912 -2.0085 0.9397 100 0 0 0 0
-2.7905 -0.3867 0.5341 100 0 0 0 0
-2.7894 -2.0072 1.1953 100 0 0 0 0
-2.7893 -2.0071 0.1949 100 0 0 0 0
-2.7869 9.3197 0.8923 100 0 0 0 0
-2.7843 -0.9211 0.9725 100 0 0 0 0
-2.7810 7.1481 -0.0250 100 0 0 0 0
-2.7806 -0.6476 0.7452 100 0 0 0 0
-2.7763 -0.3334 0.5330 100 0 0 0 0
-2.7760 -0.2309 0.6346 100 0 0 0 0
-2.7760 9.3213 2.2799 100 0 0 0 0
-2.7755 -1.5790 -0.0248 100 0 0 0 0
-2.7709 -0.2170 0.8398 100 0 0 0 0
-2.7701 -0.2398 0.9445 100 0 0 0 0
-2.7700 -0.2305 0.7365 100 0 0 0 0
-2.7686 -2.1841 0.9530 100 0 0 0 0
-2.7682 -2.1839 0.3168 100 0 0 0 0
-2.7679 -2.1836 0.5696 100 0 0 0 0
-2.7678 -2.1835 1.0831 100 0 0 0 0
-2.7676 -2.1834 0.1904 100 0 0 0 0
-2.7674 -2.1833 0.8241 100 0 0 0 0
-2.7669 -2.1829 0.4431 100 0 0 0 0
-2.7665 -2.1825 0.6963 100 0 0 0 0
-2.7663 9.3264 2.2805 100 0 0 0 0
-2.7660 -2.1821 1.2145 100 0 0 0 0
-2.7656 9.3242 1.2352 100 0 0 0 0
-2.7654 9.3235 0.5506 100 0 0 0 0
-2.7654 9.3235 0.2094 100 0 0 0 0
-2.7652 9.3230 2.6364 100 0 0 0 0
-2.7650 9.3223 1.9278 100 0 0 0 0
-2.7649 1.5759 -0.0250 100 0 0 0 0
-2.7648 9.3217 1.5799 100 0 0 0 0
-2.7646 -4.7187 1.0580 100 0 0 0 0
-2.7646 9.3208 0.8921 100 0 0 0 0
-2.7643 -2.1798 0.0639 100 0 0 0 0
-2.7643 -4.7182 0.0906 100 0 0 0 0
-2.7637 -4.7172 0.2836 100 0 0 0 0
-2.7633 -4.7166 0.6692 100 0 0 0 0
-2.7632 -4.7165 0.8629 100 0 0 0 0
-2.7632 -4.7165 1.6543 100 0 0 0 0
-2.7631 -4.7163 0.4763 100 0 0 0 0
-2.7631 -4.7162 1.2541 100 0 0 0 0
-2.7625 -4.7153 1.4526 100 0 0 0 0
-2.7607 7.1618 -0.0252 100 0 0 0 0
-2.7605 -0.4861 0.6359 100 0 0 0 0
-2.7603 -3.6311 -0.0249 100 0 0 0 0
-2.7603 -0.8920 0.9663 100 0 0 0 0
-2.7596 -3.6383 -0.0253 100 0 0 0 0
-2.7595 -0.7604 0.8519 100 0 0 0 0
-2.7591 -2.0186 0.9365 100 0 0 0 0
-2.7589 -4.7208 1.2545 100 0 0 0 0
-2.7583 -4.7199 1.6544 100 0 0 0 0
-2.7581 -4.7195 1.4529 100 0 0 0 0
-2.7579 -4.7192 1.0577 100 0 0 0 0
-2.7573 -4.7183 0.6692 100 0 0 0 0
-2.7573 -4.7183 0.4763 100 0 0 0 0
-2.7568 -4.7174 0.0909 100 0 0 0 0
-2.7564 -4.7169 0.8626 100 0 0 0 0
-2.7563 -4.7166 0.2837 100 0 0 0 0
-2.7554 9.3200 2.2781 100 0 0 0 0
-2.7502 -0.7473 0.8501 100 0 0 0 0
-2.7501 -1.6309 -0.0251 100 0 0 0 0
-2.7500 7.1580 -0.0248 100 0 0 0 0
-2.7476 -0.6039 0.7401 100 0 0 0 0
-2.7468 9.3200 0.2096 100 0 0 0 0
-2.7447 -4.7674 0.4769 100 0 0 0 0
-2.7441 9.3278 1.5799 100 0 0 0 0
-2.7435 -4.7655 0.2831 100 0 0 0 0
-2.7435 9.3260 1.2348 100 0 0 0 0
-2.7432 -4.7649 1.4590 100 0 0 0 0
-2.7429 9.3242 2.6352 100 0 0 0 0
-2.7429 9.3241 0.2096 100 0 0 0 0
-2.7427 9.3236 0.5505 100 0 0 0 0
-2.7427 9.3235 0.8919 100 0 0 0 0
-2.7427 9.3234 2.2786 100 0 0 0 0
-2.7422 9.3217 1.9268 100 0 0 0 0
-2.7420 -4.7630 0.8654 100 0 0 0 0
-2.7418 -4.7628 1.2588 100 0 0 0 0
-2.7416 -4.7623 0.0892 100 0 0 0 0
-2.7404 -4.7603 1.6603 100 0 0 0 0
-2.7403 -4.7601 1.0609 100 0 0 0 0
-2.7397 1.6280 -0.0254 100 0 0 0 0
-2.7375 -4.7673 0.6709 100 0 0 0 0
-2.7321 9.3177 1.5778 100 0 0 0 0
-2.7321 3.6266 -0.0248 100 0 0 0 0
-2.7299 -0.5843 0.7375 100 0 0 0 0
-2.7287 -2.0399 0.0737 100 0 0 0 0
-2.7286 -2.0399 1.0604 100 0 0 0 0
-2.7286 -2.0399 0.6862 100 0 0 0 0
-2.7285 -0.2777 0.6308 100 0 0 0 0
-2.7281 -2.0395 1.1880 100 0 0 0 0
-2.7281 -2.0395 0.5634 100 0 0 0 0
-2.7271 -0.8487 0.9578 100 0 0 0 0
-2.7270 -2.0387 0.8095 100 0 0 0 0
-2.7268 -0.4419 0.6323 100 0 0 0 0
-2.7260 -2.0380 0.1967 100 0 0 0 0
-2.7255 -2.0377 0.4410 100 0 0 0 0
-2.7248 -2.0372 0.3190 100 0 0 0 0
-2.7240 9.3196 0.5503 100 0 0 0 0
-2.7221 -0.2771 0.7311 100 0 0 0 0
-2.7191 -1.6797 -0.0248 100 0 0 0 0
-2.7190 -0.2829 0.7308 100 0 0 0 0
-2.7177 -2.1269 0.3182 100 0 0 0 0
-2.7166 -2.1260 0.4418 100 0 0 0 0
-2.7157 -0.4278 0.6312 100 0 0 0 0
-2.7156 -2.1253 0.6897 100 0 0 0 0
-2.7151 -2.1249 0.1945 100 0 0 0 0
-2.7147 -2.1247 0.0704 100 0 0 0 0
-2.7146 -2.1245 0.8145 100 0 0 0 0
-2.7142 -2.1243 1.0678 100 0 0 0 0
-2.7141 -2.1242 0.5654 100 0 0 0 0
-2.7140 -2.1241 0.9404 100 0 0 0 0
-2.7136 -0.2763 0.8316 100 0 0 0 0
-2.7113 -2.1221 1.1961 100 0 0 0 0
-2.7109 -7.2028 -0.0251 100 0 0 0 0
-2.7088 -0.3260 0.6295 100 0 0 0 0
-2.7088 -0.2911 1.0374 100 0 0 0 0
-2.7087 -2.1013 0.0720 100 0 0 0 0
-2.7087 1.6768 -0.0252 100 0 0 0 0
-2.7085 -2.1011 0.9375 100 0 0 0 0
-2.7081 -0.2819 0.8308 100 0 0 0 0
-2.7081 -2.1008 0.5644 100 0 0 0 0
-2.7077 -2.1006 0.3186 100 0 0 0 0
-2.7071 -2.1001 0.4414 100 0 0 0 0
-2.7067 -2.0998 1.0638 100 0 0 0 0
-2.7058 -2.0992 0.1957 100 0 0 0 0
-2.7051 -2.0986 0.6876 100 0 0 0 0
-2.7045 -2.0982 0.8116 100 0 0 0 0
-2.7044 -2.0982 1.1915 100 0 0 0 0
-2.7041 9.3197 1.9238 100 0 0 0 0
-2.7027 -0.2814 0.9322 100 0 0 0 0
-2.7027 -0.2753 0.9321 100 0 0 0 0
-2.7024 -0.6781 0.8400 100 0 0 0 0
-2.7003 -0.6821 0.8399 100 0 0 0 0
-2.6988 -3.6840 -0.0252 100 0 0 0 0
-2.6929 -1.7313 -0.0253 100 0 0 0 0
-2.6869 7.1848 -0.0250 100 0 0 0 0
-2.6830 -0.6514 0.8361 100 0 0 0 0
-2.6824 -0.5154 0.7302 100 0 0 0 0
-2.6819 1.7239 -0.0254 100 0 0 0 0
-2.6816 3.6688 -0.0251 100 0 0 0 0
-2.6813 -0.7854 0.9458 100 0 0 0 0
-2.6801 -0.8939 1.0589 100 0 0 0 0
-2.6799 -7.2168 -0.0251 100 0 0 0 0
-2.6799 -3.6924 -0.0248 100 0 0 0 0
-2.6797 -0.3227 0.7265 100 0 0 0 0
-2.6792 1.7184 -0.0245 100 0 0 0 0
-2.6779 -0.7813 0.9450 100 0 0 0 0
-2.6773 1.7252 -0.0250 100 0 0 0 0
-2.6761 9.3197 1.5762 100 0 0 0 0
-2.6761 9.3196 0.2098 100 0 0 0 0
-2.6760 9.3193 1.2323 100 0 0 0 0
-2.6750 -0.8869 1.0573 100 0 0 0 0
-2.6704 -0.3217 0.8255 100 0 0 0 0
-2.6700 3.6788 -0.0251 100 0 0 0 0
-2.6613 -0.6215 0.8318 100 0 0 0 0
-2.6603 -0.3206 0.9248 100 0 0 0 0
-2.6586 -1.7780 -0.0247 100 0 0 0 0
-2.6574 -0.3414 1.1308 100 0 0 0 0
-2.6549 7.1970 -0.0250 100 0 0 0 0
-2.6546 -0.3200 1.0257 100 0 0 0 0
-2.6446 -0.4174 0.7237 100 0 0 0 0
-2.6423 -0.4667 0.7244 100 0 0 0 0
-2.6326 -3.7308 -0.0250 100 0 0 0 0
-2.6312 -0.7169 0.9330 100 0 0 0 0
-2.6301 -0.3531 0.9196 100 0 0 0 0
-2.6294 -0.3661 0.8199 100 0 0 0 0
-2.6280 -1.8269 -0.0248 100 0 0 0 0
-2.6258 -0.8191 1.0419 100 0 0 0 0
-2.6241 -0.3654 0.9188 100 0 0 0 0
-2.6167 -7.2417 -0.0252 100 0 0 0 0
-2.6163 1.8233 -0.0252 100 0 0 0 0
-2.6135 -0.5611 0.8224 100 0 0 0 0
-2.6114 -0.3638 1.0170 100 0 0 0 0
-2.6108 9.3273 0.8900 100 0 0 0 0
-2.6106 9.3265 0.5498 100 0 0 0 0
-2.6102 9.3251 1.9211 100 0 0 0 0
-2.6098 9.3238 2.2711 100 0 0 0 0
-2.6096 9.3232 1.5745 100 0 0 0 0
-2.6093 9.3219 0.2102 100 0 0 0 0
-2.6091 9.3214 2.6255 100 0 0 0 0
-2.6089 9.3206 1.2309 100 0 0 0 0
-2.6077 -0.3633 1.1183 100 0 0 0 0
-2.6037 3.7254 -0.0249 100 0 0 0 0
-2.6024 -0.6773 0.9257 100 0 0 0 0
-2.6000 9.3198 0.5497 100 0 0 0 0
-2.5999 -0.4109 0.8162 100 0 0 0 0
-2.5994 -0.6835 0.9254 100 0 0 0 0
-2.5970 -1.8756 -0.0250 100 0 0 0 0
-2.5880 9.3172 2.6228 100 0 0 0 0
-2.5863 -0.6551 0.9217 100 0 0 0 0
-2.5858 1.8725 -0.0255 100 0 0 0 0
-2.5846 -0.7620 1.0291 100 0 0 0 0
-2.5839 -7.2492 -0.0250 100 0 0 0 0
-2.5834 -0.5208 0.8165 100 0 0 0 0
-2.5814 -0.4082 0.9117 100 0 0 0 0
-2.5812 -0.5055 0.8157 100 0 0 0 0
-2.5811 -0.7548 1.0279 100 0 0 0 0
-2.5772 9.3190 0.8890 100 0 0 0 0
-2.5743 -0.8555 1.1378 100 0 0 0 0
-2.5720 -0.4069 1.0094 100 0 0 0 0
-2.5698 -1.9271 1.2657 100 0 0 0 0
-2.5689 9.3197 1.5723 100 0 0 0 0
-2.5669 -3.7782 -0.0250 100 0 0 0 0
-2.5654 9.3254 0.2104 100 0 0 0 0
-2.5649 9.3238 1.2302 100 0 0 0 0
-2.5649 9.3238 2.2688 100 0 0 0 0
-2.5647 9.3231 0.5496 100 0 0 0 0
-2.5646 9.3228 1.5730 100 0 0 0 0
-2.5646 9.3228 0.8892 100 0 0 0 0
-2.5645 9.3223 1.9188 100 0 0 0 0
-2.5644 9.3219 2.6229 100 0 0 0 0
-2.5635 -1.9226 -0.0250 100 0 0 0 0
-2.5635 -0.4056 1.1081 100 0 0 0 0
-2.5600 9.3181 1.9170 100 0 0 0 0
-2.5490 -0.6030 0.9124 100 0 0 0 0
-2.5484 1.9167 -0.0249 100 0 0 0 0
-2.5443 7.2384 -0.0249 100 0 0 0 0
-2.5423 -0.5955 0.9108 100 0 0 0 0
-2.5404 -3.8018 -0.0254 100 0 0 0 0
-2.5354 -1.9736 1.2656 100 0 0 0 0
-2.5352 9.3196 0.2105 100 0 0 0 0
-2.5348 3.7683 -0.0245 100 0 0 0 0
-2.5337 -0.4969 0.9054 100 0 0 0 0
-2.5320 -0.4486 1.0017 100 0 0 0 0
-2.5307 -0.7912 1.1216 100 0 0 0 0
-2.5302 -1.9697 -0.0250 100 0 0 0 0
-2.5279 -0.4480 1.1005 100 0 0 0 0
-2.5278 7.2430 -0.0249 100 0 0 0 0
-2.5225 1.9610 -0.0251 100 0 0 0 0
-2.5223 -0.4632 0.9999 100 0 0 0 0
-2.5211 -0.6665 1.0093 100 0 0 0 0
-2.5190 1.9579 -0.0249 100 0 0 0 0
-2.5136 1.9628 -0.0248 100 0 0 0 0
-2.5128 9.3197 0.5492 100 0 0 0 0
-2.5099 -0.7625 1.1141 100 0 0 0 0
-2.5017 -2.0206 1.2659 100 0 0 0 0
-2.5013 -3.8258 -0.0251 100 0 0 0 0
-2.4963 -2.0165 -0.0252 100 0 0 0 0
-2.4955 3.8000 -0.0248 100 0 0 0 0
-2.4954 -0.6336 1.0018 100 0 0 0 0
-2.4950 -0.4898 0.9949 100 0 0 0 0
-2.4915 -0.7302 1.1071 100 0 0 0 0
-2.4863 -0.4882 1.0913 100 0 0 0 0
-2.4816 -0.5823 0.9961 100 0 0 0 0
-2.4781 -0.6019 0.9962 100 0 0 0 0
-2.4720 3.8198 -0.0251 100 0 0 0 0
-2.4683 -2.0680 1.2666 100 0 0 0 0
-2.4596 9.3193 1.9130 100 0 0 0 0
-2.4594 9.3188 0.8871 100 0 0 0 0
-2.4593 -2.0609 -0.0249 100 0 0 0 0
-2.4557 -7.2925 -0.0248 100 0 0 0 0
-2.4479 -0.6701 1.0916 100 0 0 0 0
-2.4473 2.0575 -0.0255 100 0 0 0 0
-2.4448 9.3250 1.5692 100 0 0 0 0
-2.4446 9.3245 1.2273 100 0 0 0 0
-2.4446 9.3242 2.2624 100 0 0 0 0
-2.4444 9.3235 2.6156 100 0 0 0 0
-2.4443 9.3231 0.2110 100 0 0 0 0
-2.4441 9.3227 0.8874 100 0 0 0 0
-2.4441 9.3225 1.9135 100 0 0 0 0
-2.4441 9.3224 0.5490 100 0 0 0 0
-2.4410 7.2749 -0.0249 100 0 0 0 0
-2.4410 -0.5734 1.0839 100 0 0 0 0
-2.4389 -0.5844 1.0840 100 0 0 0 0
-2.4334 -0.0257 -0.0253 100 0 0 0 0
-2.4333 -0.6189 1.0846 100 0 0 0 0
-2.4331 -3.8696 -0.0249 100 0 0 0 0
-2.4319 -7.3014 -0.0248 100 0 0 0 0
-2.4303 0.0638 -0.0250 100 0 0 0 0
-2.4291 -2.1108 1.2657 100 0 0 0 0
-2.4291 -0.1600 -0.0253 100 0 0 0 0
-2.4289 -0.1152 -0.0249 100 0 0 0 0
-2.4248 0.1531 -0.0248 100 0 0 0 0
-2.4225 -2.1054 -0.0248 100 0 0 0 0
-2.4210 9.3197 0.5487 100 0 0 0 0
-2.4201 -0.2491 -0.0249 100 0 0 0 0
-2.4161 0.2421 -0.0246 100 0 0 0 0
-2.4137 -0.3385 -0.0255 100 0 0 0 0
-2.4081 2.1001 -0.0251 100 0 0 0 0
-2.4073 0.3312 -0.0248 100 0 0 0 0
-2.4041 0.3759 -0.0254 100 0 0 0 0
-2.4024 3.8614 -0.0247 100 0 0 0 0
-2.4013 7.2910 -0.0250 100 0 0 0 0
-2.3998 -0.4270 -0.0253 100 0 0 0 0
-2.3987 9.3193 2.2590 100 0 0 0 0
-2.3955 9.3194 2.6105 100 0 0 0 0
-2.3939 -7.3214 -0.0251 100 0 0 0 0
-2.3912 0.4646 -0.0257 100 0 0 0 0
-2.3903 9.3199 0.8865 100 0 0 0 0
-2.3900 -2.1535 1.2650 100 0 0 0 0
-2.3889 9.3242 2.2597 100 0 0 0 0
-2.3889 9.3240 0.2113 100 0 0 0 0
-2.3887 9.3235 0.5488 100 0 0 0 0
-2.3887 9.3233 2.6123 100 0 0 0 0
-2.3885 9.3229 1.5672 100 0 0 0 0
-2.3885 9.3228 1.9114 100 0 0 0 0
-2.3884 9.3223 0.8867 100 0 0 0 0
-2.3881 -2.1518 -0.0252 100 0 0 0 0
-2.3880 9.3210 1.2258 100 0 0 0 0
-2.3843 -0.5152 -0.0254 100 0 0 0 0
-2.3729 -0.5586 -0.0250 100 0 0 0 0
-2.3693 2.1429 -0.0249 100 0 0 0 0
-2.3676 0.5512 -0.0249 100 0 0 0 0
-2.3636 -3.9112 -0.0247 100 0 0 0 0
-2.3626 3.8928 -0.0251 100 0 0 0 0
-2.3609 -0.6017 -0.0247 100 0 0 0 0
-2.3605 0.6050 -0.0256 100 0 0 0 0
-2.3597 -0.5974 -0.0244 100 0 0 0 0
-2.3594 0.5953 -0.0252 100 0 0 0 0
-2.3541 -2.1989 1.2657 100 0 0 0 0
-2.3533 -0.6459 -0.0252 100 0 0 0 0
-2.3485 -2.1939 -0.0250 100 0 0 0 0
-2.3483 9.3190 1.5651 100 0 0 0 0
-2.3439 0.6375 -0.0245 100 0 0 0 0
-2.3389 0.6825 -0.0256 100 0 0 0 0
-2.3361 3.9081 -0.0250 100 0 0 0 0
-2.3301 -7.3431 -0.0252 100 0 0 0 0
-2.3301 2.1852 -0.0247 100 0 0 0 0
-2.3293 -0.7322 -0.0251 100 0 0 0 0
-2.3259 9.3181 2.2548 100 0 0 0 0
-2.3174 -2.2437 1.2664 100 0 0 0 0
-2.3163 -0.7750 -0.0251 100 0 0 0 0
-2.3124 9.3190 0.5484 100 0 0 0 0
-2.3106 -2.2375 -0.0251 100 0 0 0 0
-2.3094 0.7672 -0.0250 100 0 0 0 0
-2.3041 7.3189 -0.0248 100 0 0 0 0
-2.2971 -3.9576 -0.0250 100 0 0 0 0
-2.2936 2.2301 -0.0251 100 0 0 0 0
-2.2931 -3.9607 -0.0250 100 0 0 0 0
-2.2901 7.3310 -0.0251 100 0 0 0 0
-2.2829 0.8527 -0.0254 100 0 0 0 0
-2.2814 9.3273 2.2548 100 0 0 0 0
-2.2806 9.3244 1.9071 100 0 0 0 0
-2.2806 9.3244 0.2117 100 0 0 0 0
-2.2804 9.3236 0.8852 100 0 0 0 0
-2.2804 9.3235 2.6058 100 0 0 0 0
-2.2804 9.3234 1.2235 100 0 0 0 0
-2.2803 9.3233 0.5483 100 0 0 0 0
-2.2802 9.3229 1.5637 100 0 0 0 0
-2.2799 -2.2769 1.2652 100 0 0 0 0
-2.2778 -2.2699 -0.0249 100 0 0 0 0
-2.2734 7.3352 -0.0251 100 0 0 0 0
-2.2703 9.3170 0.5482 100 0 0 0 0
-2.2674 3.9512 -0.0251 100 0 0 0 0
-2.2638 0.8934 -0.0247 100 0 0 0 0
-2.2574 9.3198 2.2522 100 0 0 0 0
-2.2553 2.2733 -0.0253 100 0 0 0 0
-2.2480 0.9352 -0.0248 100 0 0 0 0
-2.2340 -2.3241 1.2649 100 0 0 0 0
-2.2297 -2.3198 -0.0248 100 0 0 0 0
-2.2273 -3.9988 -0.0249 100 0 0 0 0
-2.2268 9.3195 2.6014 100 0 0 0 0
-2.2169 1.0193 -0.0254 100 0 0 0 0
-2.2158 9.3195 1.5612 100 0 0 0 0
-2.2151 9.3267 1.2225 100 0 0 0 0
-2.2149 9.3258 2.6028 100 0 0 0 0
-2.2147 9.3253 1.5621 100 0 0 0 0
-2.2145 9.3244 0.2120 100 0 0 0 0
-2.2144 2.3141 -0.0252 100 0 0 0 0
-2.2144 9.3240 2.2511 100 0 0 0 0
-2.2144 9.3239 1.9046 100 0 0 0 0
-2.2140 9.3225 0.8844 100 0 0 0 0
-2.2139 9.3222 0.5480 100 0 0 0 0
-2.2029 -1.0668 -0.0248 100 0 0 0 0
-2.2016 -2.3621 1.2662 100 0 0 0 0
-2.2012 -7.3842 -0.0251 100 0 0 0 0
-2.2005 3.9871 -0.0249 100 0 0 0 0
-2.2002 -1.0808 -0.0254 100 0 0 0 0
-2.1997 -1.0713 -0.0246 100 0 0 0 0
-2.1986 -2.3490 -0.0247 100 0 0 0 0
-2.1971 1.0595 -0.0252 100 0 0 0 0
-2.1960 3.9895 -0.0248 100 0 0 0 0
-2.1943 9.3216 2.6003 100 0 0 0 0
-2.1939 9.3199 0.2122 100 0 0 0 0
-2.1930 -7.3863 -0.0250 100 0 0 0 0
-2.1828 9.3197 0.5478 100 0 0 0 0
-2.1781 1.1000 -0.0252 100 0 0 0 0
-2.1729 2.3543 -0.0251 100 0 0 0 0
-2.1647 -1.1477 -0.0248 100 0 0 0 0
-2.1618 9.3234 1.5601 100 0 0 0 0
-2.1574 -4.0397 -0.0250 100 0 0 0 0
-2.1552 9.3195 1.9009 100 0 0 0 0
-2.1540 -2.4077 1.2658 100 0 0 0 0
-2.1537 -4.0433 -0.0251 100 0 0 0 0
-2.1531 -7.4009 -0.0252 100 0 0 0 0
-2.1477 -2.4010 -0.0248 100 0 0 0 0
-2.1441 7.3748 -0.0250 100 0 0 0 0
-2.1396 9.3224 0.8834 100 0 0 0 0
-2.1396 1.1809 -0.0256 100 0 0 0 0
-2.1388 9.3194 2.2465 100 0 0 0 0
-2.1298 2.3928 -0.0249 100 0 0 0 0
-2.1293 9.3252 1.9012 100 0 0 0 0
-2.1293 9.3252 0.5475 100 0 0 0 0
-2.1289 9.3237 2.5971 100 0 0 0 0
-2.1287 9.3229 0.2122 100 0 0 0 0
-2.1287 9.3227 1.5590 100 0 0 0 0
-2.1287 9.3226 2.2465 100 0 0 0 0
-2.1285 9.3220 1.2199 100 0 0 0 0
-2.1279 9.3197 0.8830 100 0 0 0 0
-2.1259 -1.2284 -0.0252 100 0 0 0 0
-2.1195 -2.4385 1.2657 100 0 0 0 0
-2.1189 -2.4274 -0.0248 100 0 0 0 0
-2.1177 -1.2271 -0.0240 100 0 0 0 0
-2.1171 1.2197 -0.0253 100 0 0 0 0
-2.1128 4.0364 -0.0247 100 0 0 0 0
-2.1087 9.3197 2.2447 100 0 0 0 0
-2.0908 1.2563 -0.0245 100 0 0 0 0
-2.0889 9.3174 1.2185 100 0 0 0 0
-2.0867 2.4311 -0.0248 100 0 0 0 0
-2.0861 -4.0782 -0.0249 100 0 0 0 0
-2.0809 -1.3058 -0.0250 100 0 0 0 0
-2.0732 9.3197 1.8985 100 0 0 0 0
-2.0711 -7.4212 -0.0250 100 0 0 0 0
-2.0681 -2.4851 1.2655 100 0 0 0 0
-2.0643 -2.4809 -0.0251 100 0 0 0 0
-2.0639 7.3992 -0.0250 100 0 0 0 0
-2.0622 9.3194 1.5570 100 0 0 0 0
-2.0574 -1.3439 -0.0249 100 0 0 0 0
-2.0550 4.0693 -0.0249 100 0 0 0 0
-2.0548 -9.8505 0.9081 100 0 0 0 0
-2.0544 -9.8488 0.5558 100 0 0 0 0
-2.0517 -9.8364 0.2043 100 0 0 0 0
-2.0482 7.4066 -0.0252 100 0 0 0 0
-2.0476 1.3347 -0.0250 100 0 0 0 0
-2.0457 9.3199 0.2128 100 0 0 0 0
-2.0450 2.4711 -0.0250 100 0 0 0 0
-2.0423 9.3277 2.5939 100 0 0 0 0
-2.0420 9.3263 0.2127 100 0 0 0 0
-2.0418 9.3253 1.5571 100 0 0 0 0
-2.0415 9.3241 1.8982 100 0 0 0 0
-2.0414 9.3236 0.5474 100 0 0 0 0
-2.0410 9.3222 1.2185 100 0 0 0 0
-2.0407 9.3208 0.8822 100 0 0 0 0
-2.0406 9.3202 2.2425 100 0 0 0 0
-2.0392 -7.4332 -0.0251 100 0 0 0 0
-2.0390 -2.5114 1.2659 100 0 0 0 0
-2.0321 9.3200 0.5470 100 0 0 0 0
-2.0318 -1.3807 -0.0246 100 0 0 0 0
-2.0228 1.3719 -0.0248 100 0 0 0 0
-2.0210 -2.5190 -0.0251 100 0 0 0 0
-2.0159 -4.1186 -0.0251 100 0 0 0 0
-2.0141 7.4121 -0.0249 100 0 0 0 0
-2.0117 -4.1214 -0.0251 100 0 0 0 0
-2.0062 -9.6376 0.2079 100 0 0 0 0
-2.0017 -9.6545 0.8975 100 0 0 0 0
-2.0013 2.5089 -0.0251 100 0 0 0 0
-2.0013 -9.6525 0.5524 100 0 0 0 0
-1.9971 1.4086 -0.0246 100 0 0 0 0
-1.9934 9.3176 1.5541 100 0 0 0 0
-1.9848 -1.4568 -0.0250 100 0 0 0 0
-1.9829 4.1062 -0.0248 100 0 0 0 0
-1.9789 -2.5588 1.2650 100 0 0 0 0
-1.9749 -2.5540 -0.0248 100 0 0 0 0
-1.9699 -9.5104 0.2103 100 0 0 0 0
-1.9682 9.3262 1.5551 100 0 0 0 0
-1.9679 9.3252 1.8956 100 0 0 0 0
-1.9678 9.3247 1.2172 100 0 0 0 0
-1.9678 9.3247 2.2400 100 0 0 0 0
-1.9677 9.3242 2.5890 100 0 0 0 0
-1.9676 9.3236 0.2130 100 0 0 0 0
-1.9674 9.3229 0.5470 100 0 0 0 0
-1.9671 9.3216 0.8813 100 0 0 0 0
-1.9649 4.1233 -0.0252 100 0 0 0 0
-1.9613 -0.0001 -0.0256 100 0 0 0 0
-1.9609 -0.1283 -0.0260 100 0 0 0 0
-1.9607 -0.0599 -0.0256 100 0 0 0 0
-1.9607 0.0452 -0.0257 100 0 0 0 0
-1.9603 -1.4943 -0.0252 100 0 0 0 0
-1.9600 2.5438 -0.0252 100 0 0 0 0
-1.9598 -9.5145 0.2102 100 0 0 0 0
-1.9597 -0.0234 -0.0253 100 0 0 0 0
-1.9584 9.3195 2.5869 100 0 0 0 0
-1.9583 -9.6602 0.5523 100 0 0 0 0
-1.9580 -9.6588 0.8972 100 0 0 0 0
-1.9576 0.0495 -0.0251 100 0 0 0 0
-1.9573 0.1226 -0.0257 100 0 0 0 0
-1.9563 2.5450 -0.0250 100 0 0 0 0
-1.9529 -0.0962 -0.0243 100 0 0 0 0
-1.9499 -0.1689 -0.0245 100 0 0 0 0
-1.9479 1.4799 -0.0247 100 0 0 0 0
-1.9461 1.4820 -0.0246 100 0 0 0 0
-1.9429 -0.2782 -0.0253 100 0 0 0 0
-1.9410 -7.4579 -0.0250 100 0 0 0 0
-1.9394 9.3198 1.2158 100 0 0 0 0
-1.9380 0.3042 -0.0258 100 0 0 0 0
-1.9371 -2.5991 1.2663 100 0 0 0 0
-1.9367 0.2672 -0.0245 100 0 0 0 0
-1.9334 -2.5945 -0.0254 100 0 0 0 0
-1.9329 -1.5297 -0.0250 100 0 0 0 0
-1.9290 -0.3498 -0.0247 100 0 0 0 0
-1.9231 0.3758 -0.0253 100 0 0 0 0
-1.9190 -0.4221 -0.0253 100 0 0 0 0
-1.9177 9.3200 0.2131 100 0 0 0 0
-1.9121 9.3186 0.8805 100 0 0 0 0
-1.9120 9.3182 1.5527 100 0 0 0 0
-1.9112 4.1438 -0.0250 100 0 0 0 0
-1.9075 -1.5666 -0.0253 100 0 0 0 0
-1.9072 0.4470 -0.0251 100 0 0 0 0
-1.8974 -0.4920 -0.0241 100 0 0 0 0
-1.8898 -2.6326 1.2655 100 0 0 0 0
-1.8857 -2.6272 -0.0250 100 0 0 0 0
-1.8841 1.5687 -0.0250 100 0 0 0 0
-1.8838 7.4486 -0.0249 100 0 0 0 0
-1.8824 -0.5633 -0.0247 100 0 0 0 0
-1.8820 2.6022 -0.0247 100 0 0 0 0
-1.8810 9.3250 2.5849 100 0 0 0 0
-1.8808 9.3246 0.2131 100 0 0 0 0
-1.8808 0.5509 -0.0251 100 0 0 0 0
-1.8808 9.3245 0.8804 100 0 0 0 0
-1.8806 9.3232 1.2153 100 0 0 0 0
-1.8805 9.3232 0.5465 100 0 0 0 0
-1.8804 9.3225 2.2359 100 0 0 0 0
-1.8804 9.3223 1.8922 100 0 0 0 0
-1.8802 9.3216 1.5521 100 0 0 0 0
-1.8799 0.5529 -0.0250 100 0 0 0 0
-1.8758 -7.4775 -0.0250 100 0 0 0 0
-1.8749 -0.5991 -0.0252 100 0 0 0 0
-1.8703 9.3260 1.2156 100 0 0 0 0
-1.8700 9.3246 0.2134 100 0 0 0 0
-1.8700 9.3242 2.5844 100 0 0 0 0
-1.8699 9.3239 1.5524 100 0 0 0 0
-1.8698 9.3235 2.2359 100 0 0 0 0
-1.8697 9.3232 0.5467 100 0 0 0 0
-1.8697 9.3231 1.8922 100 0 0 0 0
-1.8694 9.3219 0.8803 100 0 0 0 0
-1.8672 1.5906 -0.0251 100 0 0 0 0
-1.8661 9.3191 0.8798 100 0 0 0 0
-1.8653 2.6160 -0.0249 100 0 0 0 0
-1.8647 -0.6341 -0.0253 100 0 0 0 0
-1.8607 9.3196 2.5823 100 0 0 0 0
-1.8558 0.6218 -0.0244 100 0 0 0 0
-1.8533 -1.6380 -0.0255 100 0 0 0 0
-1.8438 -2.6675 1.2656 100 0 0 0 0
-1.8437 -9.6901 0.8975 100 0 0 0 0
-1.8425 -9.6844 0.5522 100 0 0 0 0
-1.8400 -2.6625 -0.0251 100 0 0 0 0
-1.8394 4.1817 -0.0252 100 0 0 0 0
-1.8351 0.6917 -0.0250 100 0 0 0 0
-1.8315 -2.6810 1.2666 100 0 0 0 0
-1.8308 9.3190 2.2328 100 0 0 0 0
-1.8209 -1.6692 -0.0248 100 0 0 0 0
-1.8134 -9.5414 0.2102 100 0 0 0 0
-1.8115 -2.6839 -0.0252 100 0 0 0 0
-1.8114 -7.4971 -0.0252 100 0 0 0 0
-1.8095 1.6591 -0.0251 100 0 0 0 0
-1.8066 9.3199 0.5462 100 0 0 0 0
-1.8027 7.4697 -0.0249 100 0 0 0 0
-1.8024 0.7845 -0.0255 100 0 0 0 0
-1.8014 4.2023 -0.0251 100 0 0 0 0
-1.7967 4.1969 -0.0248 100 0 0 0 0
-1.7945 -7.4995 -0.0251 100 0 0 0 0
-1.7943 0.7932 -0.0248 100 0 0 0 0
-1.7932 -9.5495 0.2102 100 0 0 0 0
-1.7927 -1.7040 -0.0250 100 0 0 0 0
-1.7904 -9.7014 0.8976 100 0 0 0 0
-1.7903 -9.7008 0.5524 100 0 0 0 0
-1.7801 1.6928 -0.0251 100 0 0 0 0
-1.7771 2.6786 -0.0247 100 0 0 0 0
-1.7728 2.6851 -0.0251 100 0 0 0 0
-1.7699 7.4798 -0.0250 100 0 0 0 0
-1.7684 9.3182 1.8873 100 0 0 0 0
-1.7665 4.2172 -0.0254 100 0 0 0 0
-1.7645 0.8597 -0.0247 100 0 0 0 0
-1.7633 9.3192 1.2130 100 0 0 0 0
-1.7632 9.3185 0.2138 100 0 0 0 0
-1.7576 -0.9053 -0.0250 100 0 0 0 0
-1.7553 9.3195 1.5487 100 0 0 0 0
-1.7533 7.4842 -0.0250 100 0 0 0 0
-1.7517 -9.5607 0.2102 100 0 0 0 0
-1.7506 1.7266 -0.0252 100 0 0 0 0
-1.7488 -2.7336 1.2652 100 0 0 0 0
-1.7463 -2.7299 -0.0251 100 0 0 0 0
-1.7384 0.9281 -0.0259 100 0 0 0 0
-1.7335 -1.7712 -0.0253 100 0 0 0 0
-1.7272 -0.9718 -0.0255 100 0 0 0 0
-1.7228 9.3189 2.2288 100 0 0 0 0
-1.7218 -4.2545 -0.0248 100 0 0 0 0
-1.7217 9.3267 2.5780 100 0 0 0 0
-1.7216 9.3264 1.2129 100 0 0 0 0
-1.7215 9.3257 0.8789 100 0 0 0 0
-1.7212 9.3242 0.5462 100 0 0 0 0
-1.7211 9.3239 2.2301 100 0 0 0 0
-1.7211 9.3237 1.5486 100 0 0 0 0
-1.7211 9.3234 1.8874 100 0 0 0 0
-1.7204 9.3203 0.2140 100 0 0 0 0
-1.7200 -0.9729 -0.0243 100 0 0 0 0
-1.7199 -9.5661 0.2101 100 0 0 0 0
-1.7198 -1.7807 -0.0247 100 0 0 0 0
-1.7183 -4.2590 -0.0249 100 0 0 0 0
-1.7172 1.7566 -0.0247 100 0 0 0 0
-1.7172 0.9583 -0.0249 100 0 0 0 0
-1.7164 -2.7558 1.2654 100 0 0 0 0
-1.7161 -9.7190 0.8978 100 0 0 0 0
-1.7158 -9.7175 0.5524 100 0 0 0 0
-1.7149 -2.7471 -0.0247 100 0 0 0 0
-1.7149 9.3198 2.5753 100 0 0 0 0
-1.7120 9.3194 0.5459 100 0 0 0 0
-1.7055 -9.7212 0.8978 100 0 0 0 0
-1.7001 9.3261 0.2140 100 0 0 0 0
-1.6999 9.3254 0.8787 100 0 0 0 0
-1.6996 9.3239 1.5482 100 0 0 0 0
-1.6995 9.3233 1.2124 100 0 0 0 0
-1.6992 9.3217 2.2289 100 0 0 0 0
-1.6991 9.3214 0.5461 100 0 0 0 0
-1.6990 9.3209 1.8864 100 0 0 0 0
-1.6989 9.3202 2.5756 100 0 0 0 0
-1.6938 -9.7260 0.5525 100 0 0 0 0
-1.6932 9.3194 1.8853 100 0 0 0 0
-1.6897 4.2439 -0.0249 100 0 0 0 0
-1.6800 1.0209 -0.0244 100 0 0 0 0
-1.6795 -7.5270 -0.0250 100 0 0 0 0
-1.6774 2.7502 -0.0251 100 0 0 0 0
-1.6708 -1.0656 -0.0247 100 0 0 0 0
-1.6707 -1.8350 -0.0252 100 0 0 0 0
-1.6610 9.3193 0.8779 100 0 0 0 0
-1.6557 1.8215 -0.0250 100 0 0 0 0
-1.6540 -2.7999 1.2659 100 0 0 0 0
-1.6522 -1.0969 -0.0247 100 0 0 0 0
-1.6486 -4.2894 -0.0251 100 0 0 0 0
-1.6480 -2.7905 -0.0246 100 0 0 0 0
-1.6457 7.5053 -0.0249 100 0 0 0 0
-1.6456 1.0854 -0.0251 100 0 0 0 0
-1.6442 2.7718 -0.0251 100 0 0 0 0
-1.6381 -7.5368 -0.0250 100 0 0 0 0
-1.6375 -1.8651 -0.0250 100 0 0 0 0
-1.6313 -0.0218 -0.0256 100 0 0 0 0
-1.6292 0.0704 -0.0256 100 0 0 0 0
-1.6288 9.3193 0.2143 100 0 0 0 0
-1.6287 9.3192 2.2252 100 0 0 0 0
-1.6280 2.7801 -0.0249 100 0 0 0 0
-1.6265 1.1164 -0.0252 100 0 0 0 0
-1.6249 -0.1138 -0.0248 100 0 0 0 0
-1.6240 0.1317 -0.0253 100 0 0 0 0
-1.6229 -0.1752 -0.0254 100 0 0 0 0
-1.6226 1.8517 -0.0248 100 0 0 0 0
-1.6214 7.5141 -0.0249 100 0 0 0 0
-1.6208 9.3192 2.5709 100 0 0 0 0
-1.6165 4.2789 -0.0252 100 0 0 0 0
-1.6162 9.3238 2.9246 100 0 0 0 0
-1.6147 0.2234 -0.0254 100 0 0 0 0
-1.6130 -1.1583 -0.0247 100 0 0 0 0
-1.6111 -0.2666 -0.0252 100 0 0 0 0
-1.6082 9.7619 2.6720 100 0 0 0 0
-1.6079 10.2750 1.6607 100 0 0 0 0
-1.6078 10.0027 1.9897 100 0 0 0 0
-1.6078 9.4536 2.6018 100 0 0 0 0
-1.6078 9.9370 1.6199 100 0 0 0 0
-1.6078 10.0692 1.2749 100 0 0 0 0
-1.6077 9.7593 0.2068 100 0 0 0 0
-1.6077 9.5128 1.5688 100 0 0 0 0
-1.6076 10.0014 1.2691 100 0 0 0 0
-1.6076 9.3936 0.8812 100 0 0 0 0
-1.6076 10.0678 2.7412 100 0 0 0 0
-1.6075 9.6955 1.2427 100 0 0 0 0
-1.6075 10.3254 2.0399 100 0 0 0 0
-1.6075 10.0006 2.3551 100 0 0 0 0
-1.6075 9.6331 1.2375 100 0 0 0 0
-1.6075 9.9350 2.3425 100 0 0 0 0
-1.6075 9.6331 2.6427 100 0 0 0 0
-1.6075 9.6951 0.5520 100 0 0 0 0
-1.6074 9.6948 1.5906 100 0 0 0 0
-1.6074 9.6328 1.5833 100 0 0 0 0
-1.6074 9.6945 2.6564 100 0 0 0 0
-1.6074 9.9345 0.2038 100 0 0 0 0
-1.6074 9.9999 0.9125 100 0 0 0 0
-1.6074 9.8691 2.6960 100 0 0 0 0
-1.6073 9.7569 1.5984 100 0 0 0 0
-1.6073 10.3243 0.1971 100 0 0 0 0
-1.6073 10.1342 1.2804 100 0 0 0 0
-1.6073 9.8689 2.3299 100 0 0 0 0
-1.6073 9.9996 2.7257 100 0 0 0 0
-1.6073 10.2715 1.2922 100 0 0 0 0
-1.6073 9.5106 0.8873 100 0 0 0 0
-1.6073 10.2713 2.7874 100 0 0 0 0
-1.6073 9.5105 0.2110 100 0 0 0 0
-1.6073 10.0662 0.9159 100 0 0 0 0
-1.6073 10.3240 1.6667 100 0 0 0 0
-1.6073 10.2714 0.9264 100 0 0 0 0
-1.6073 10.1340 0.5595 100 0 0 0 0
-1.6073 9.8686 1.9688 100 0 0 0 0
-1.6072 10.0319 2.3603 100 0 0 0 0
-1.6072 10.3238 0.5629 100 0 0 0 0
-1.6072 9.8684 0.5551 100 0 0 0 0
-1.6072 9.9991 0.2027 100 0 0 0 0
-1.6072 10.3236 2.4168 100 0 0 0 0
-1.6072 9.9336 1.2632 100 0 0 0 0
-1.6072 9.5708 2.2729 100 0 0 0 0
-1.6072 9.4503 1.5612 100 0 0 0 0
-1.6072 10.1844 0.9219 100 0 0 0 0
-1.6072 10.1334 2.0100 100 0 0 0 0
-1.6072 9.9334 2.7106 100 0 0 0 0
-1.6072 9.9333 0.5562 100 0 0 0 0
-1.6071 10.0654 2.3675 100 0 0 0 0
-1.6071 9.6932 1.9414 100 0 0 0 0
-1.6071 9.4352 2.5972 100 0 0 0 0
-1.6071 10.1330 1.6436 100 0 0 0 0
-1.6071 9.6311 1.9320 100 0 0 0 0
-1.6071 10.2701 2.4067 100 0 0 0 0
-1.6071 10.2702 0.1978 100 0 0 0 0
-1.6071 9.6309 2.2846 100 0 0 0 0
-1.6071 9.9982 0.5573 100 0 0 0 0
-1.6071 10.3227 0.9291 100 0 0 0 0
-1.6071 9.9327 1.9787 100 0 0 0 0
-1.6070 9.5092 1.9129 100 0 0 0 0
-1.6070 9.6927 0.8965 100 0 0 0 0
-1.6070 9.4347 1.5592 100 0 0 0 0
-1.6070 9.4493 2.2498 100 0 0 0 0
-1.6070 10.0647 0.2015 100 0 0 0 0
-1.6070 9.3906 2.2385 100 0 0 0 0
-1.6070 9.7551 1.9514 100 0 0 0 0
-1.6070 9.8671 1.6115 100 0 0 0 0
-1.6070 10.1147 1.6412 100 0 0 0 0
-1.6070 9.5087 2.6143 100 0 0 0 0
-1.6070 9.6303 0.2090 100 0 0 0 0
-1.6069 10.3220 1.2966 100 0 0 0 0
-1.6069 9.5086 1.2267 100 0 0 0 0
-1.6069 10.3220 2.7988 100 0 0 0 0
-1.6069 9.4488 0.5479 100 0 0 0 0
-1.6069 9.9320 0.9090 100 0 0 0 0
-1.6069 9.6920 2.2961 100 0 0 0 0
-1.6069 9.6921 0.2078 100 0 0 0 0
-1.6069 9.3900 0.5469 100 0 0 0 0
-1.6069 10.1318 0.2003 100 0 0 0 0
-1.6069 9.4485 0.2121 100 0 0 0 0
-1.6069 9.8024 1.9582 100 0 0 0 0
-1.6069 9.3898 0.2131 100 0 0 0 0
-1.6069 9.7543 1.2479 100 0 0 0 0
-1.6069 10.1995 2.7713 100 0 0 0 0
-1.6068 10.1314 2.7556 100 0 0 0 0
-1.6068 10.0636 1.6352 100 0 0 0 0
-1.6068 9.5080 2.2610 100 0 0 0 0
-1.6068 9.4482 1.2215 100 0 0 0 0
-1.6068 9.7538 0.5532 100 0 0 0 0
-1.6068 9.6292 0.5510 100 0 0 0 0
-1.6068 9.3892 2.5871 100 0 0 0 0
-1.6068 9.6292 0.8934 100 0 0 0 0
-1.6067 9.9963 1.6271 100 0 0 0 0
-1.6067 9.8656 0.2050 100 0 0 0 0
-1.6067 10.0629 0.5584 100 0 0 0 0
-1.6067 9.8655 1.2574 100 0 0 0 0
-1.6067 9.7533 2.3081 100 0 0 0 0
-1.6067 9.6596 1.2394 100 0 0 0 0
-1.6067 9.3888 1.2163 100 0 0 0 0
-1.6067 10.0627 1.9990 100 0 0 0 0
-1.6067 10.2677 2.0310 100 0 0 0 0
-1.6067 9.4473 1.9032 100 0 0 0 0
-1.6066 10.1981 0.1993 100 0 0 0 0
-1.6066 9.5067 0.5489 100 0 0 0 0
-1.6066 9.4468 0.8840 100 0 0 0 0
-1.6065 10.1976 2.3930 100 0 0 0 0
-1.6065 9.3879 1.8939 100 0 0 0 0
-1.6065 10.2668 0.5618 100 0 0 0 0
-1.6065 9.7522 0.8998 100 0 0 0 0
-1.6065 9.3876 1.5536 100 0 0 0 0
-1.6065 9.8640 0.9055 100 0 0 0 0
-1.6064 10.1290 0.9190 100 0 0 0 0
-1.6051 -2.8308 1.2660 100 0 0 0 0
-1.6041 0.2839 -0.0252 100 0 0 0 0
-1.6015 -2.8250 -0.0252 100 0 0 0 0
-1.5920 -0.3567 -0.0244 100 0 0 0 0
-1.5904 -2.8411 1.2664 100 0 0 0 0
-1.5903 1.8827 -0.0250 100 0 0 0 0
-1.5859 0.3743 -0.0251 100 0 0 0 0
-1.5851 1.1765 -0.0250 100 0 0 0 0
-1.5773 -0.4162 -0.0240 100 0 0 0 0
-1.5749 -1.2206 -0.0254 100 0 0 0 0
-1.5724 -4.3168 -0.0248 100 0 0 0 0
-1.5710 -0.4780 -0.0261 100 0 0 0 0
-1.5710 -2.8435 -0.0253 100 0 0 0 0
-1.5704 -1.9243 -0.0247 100 0 0 0 0
-1.5645 4.2981 -0.0251 100 0 0 0 0
-1.5605 0.4628 -0.0245 100 0 0 0 0
-1.5596 -1.2378 -0.0251 100 0 0 0 0
-1.5585 -0.5064 -0.0251 100 0 0 0 0
-1.5568 0.4937 -0.0256 100 0 0 0 0
-1.5567 1.9122 -0.0249 100 0 0 0 0
-1.5526 -4.9328 1.3906 100 0 0 0 0
-1.5525 -3.2646 0.5718 100 0 0 0 0
-1.5522 -3.2640 0.4439 100 0 0 0 0
-1.5520 -3.2635 0.1883 100 0 0 0 0
-1.5517 -3.2630 0.3162 100 0 0 0 0
-1.5509 -3.2614 0.6998 100 0 0 0 0
-1.5508 -3.2612 1.2239 100 0 0 0 0
-1.5500 -3.2597 0.0604 100 0 0 0 0
-1.5498 -3.2593 1.0901 100 0 0 0 0
-1.5497 -3.2592 0.8286 100 0 0 0 0
-1.5495 -0.5358 -0.0251 100 0 0 0 0
-1.5494 -3.2585 0.9585 100 0 0 0 0
-1.5479 -7.5581 -0.0251 100 0 0 0 0
-1.5448 0.5221 -0.0249 100 0 0 0 0
-1.5408 1.2344 -0.0246 100 0 0 0 0
-1.5396 4.3048 -0.0249 100 0 0 0 0
-1.5380 -1.9552 -0.0250 100 0 0 0 0
-1.5318 -7.5644 -0.0252 100 0 0 0 0
-1.5308 -3.2397 1.2174 100 0 0 0 0
-1.5308 -3.2396 0.6973 100 0 0 0 0
-1.5306 -3.2392 0.1899 100 0 0 0 0
-1.5305 -3.2391 0.5701 100 0 0 0 0
-1.5272 2.8364 -0.0245 100 0 0 0 0
-1.5218 -3.2307 0.9526 100 0 0 0 0
-1.5208 -3.2287 0.4430 100 0 0 0 0
-1.5205 -3.2283 0.3169 100 0 0 0 0
-1.5205 -3.2281 1.0821 100 0 0 0 0
-1.5201 -3.2273 0.0640 100 0 0 0 0
-1.5200 1.2644 -0.0249 100 0 0 0 0
-1.5193 -3.2258 0.8232 100 0 0 0 0
-1.5153 0.6094 -0.0252 100 0 0 0 0
-1.5109 -3.2179 1.0796 100 0 0 0 0
-1.5068 -1.3063 -0.0248 100 0 0 0 0
-1.5061 -4.8833 1.3783 100 0 0 0 0
-1.5039 -2.8870 1.2652 100 0 0 0 0
-1.5039 -1.9842 -0.0250 100 0 0 0 0
-1.5012 -2.8823 -0.0250 100 0 0 0 0
-1.4980 -4.3492 -0.0251 100 0 0 0 0
-1.4892 7.5425 -0.0249 100 0 0 0 0
-1.4873 1.9686 -0.0247 100 0 0 0 0
-1.4838 -1.3346 -0.0248 100 0 0 0 0
-1.4828 0.6937 -0.0256 100 0 0 0 0
-1.4820 2.8662 -0.0250 100 0 0 0 0
-1.4808 -0.7273 -0.0259 100 0 0 0 0
-1.4803 1.3209 -0.0255 100 0 0 0 0
-1.4799 0.6944 -0.0250 100 0 0 0 0
-1.4791 -4.8554 1.3717 100 0 0 0 0
-1.4790 2.8684 -0.0250 100 0 0 0 0
-1.4789 -4.3559 -0.0251 100 0 0 0 0
-1.4749 1.3188 -0.0248 100 0 0 0 0
-1.4748 1.3216 -0.0251 100 0 0 0 0
-1.4699 -0.7351 -0.0243 100 0 0 0 0
-1.4644 4.3349 -0.0250 100 0 0 0 0
-1.4608 -0.5117 0.6434 100 0 0 0 0
-1.4597 -4.8324 1.3662 100 0 0 0 0
-1.4596 -0.5113 -0.0036 100 0 0 0 0
-1.4593 -0.5113 0.1760 100 0 0 0 0
-1.4593 -0.5113 0.3510 100 0 0 0 0
-1.4592 -0.5112 0.7029 100 0 0 0 0
-1.4592 -0.5112 0.5840 100 0 0 0 0
-1.4588 -0.5111 0.1170 100 0 0 0 0
-1.4582 -0.5109 0.4090 100 0 0 0 0
-1.4581 -0.5109 0.4670 100 0 0 0 0
-1.4571 -0.5106 0.2349 100 0 0 0 0
-1.4568 -0.5105 0.8244 100 0 0 0 0
-1.4533 -2.9150 1.2652 100 0 0 0 0
-1.4530 1.9975 -0.0249 100 0 0 0 0
-1.4512 -2.9111 -0.0251 100 0 0 0 0
-1.4394 -1.3926 -0.0255 100 0 0 0 0
-1.4377 0.7763 -0.0243 100 0 0 0 0
-1.4324 -2.0380 -0.0246 100 0 0 0 0
-1.4322 -2.9210 -0.0251 100 0 0 0 0
-1.4319 -0.8189 -0.0248 100 0 0 0 0
-1.4308 -2.0404 -0.0248 100 0 0 0 0
-1.4234 7.5530 -0.0248 100 0 0 0 0
-1.4214 -4.3756 -0.0250 100 0 0 0 0
-1.4150 -7.5835 -0.0249 100 0 0 0 0
-1.4121 -1.4171 -0.0247 100 0 0 0 0
-1.4121 -0.5226 0.3517 100 0 0 0 0
-1.4117 -0.5225 0.2383 100 0 0 0 0
-1.4114 -0.5224 0.4648 100 0 0 0 0
-1.4105 -0.5221 0.6363 100 0 0 0 0
-1.4104 -0.5220 0.4082 100 0 0 0 0
-1.4100 -0.5219 0.8134 100 0 0 0 0
-1.4100 -0.5219 0.0065 100 0 0 0 0
-1.4095 -0.5218 0.7533 100 0 0 0 0
-1.4091 -0.5216 0.1815 100 0 0 0 0
-1.4086 -0.5215 0.0659 100 0 0 0 0
-1.4086 -3.2235 0.8168 100 0 0 0 0
-1.4080 -3.2223 0.0688 100 0 0 0 0
-1.4080 7.5634 -0.0251 100 0 0 0 0
-1.4077 -3.2216 1.2009 100 0 0 0 0
-1.4074 -3.2211 0.3179 100 0 0 0 0
-1.4072 -0.8755 -0.0260 100 0 0 0 0
-1.4071 -3.2205 1.0709 100 0 0 0 0
-1.4071 -3.2204 0.1937 100 0 0 0 0
-1.4068 -0.5209 0.5782 100 0 0 0 0
-1.4067 -3.2195 0.4420 100 0 0 0 0
-1.4066 -3.2194 0.6909 100 0 0 0 0
-1.4065 -3.2191 0.9427 100 0 0 0 0
-1.4053 -3.2167 0.5661 100 0 0 0 0
-1.4043 -0.6905 0.1746 100 0 0 0 0
-1.4036 -2.9447 1.2659 100 0 0 0 0
-1.4028 -0.6901 0.4676 100 0 0 0 0
-1.4025 1.4037 -0.0250 100 0 0 0 0
-1.4024 -0.6896 0.8277 100 0 0 0 0
-1.4021 -0.6895 0.7047 100 0 0 0 0
-1.4019 -0.6894 0.4092 100 0 0 0 0
-1.4013 -0.6891 0.6445 100 0 0 0 0
-1.4012 0.8548 -0.0254 100 0 0 0 0
-1.4011 -0.6872 0.3509 100 0 0 0 0
-1.4009 -0.6871 0.0556 100 0 0 0 0
-1.4009 -3.2413 0.3176 100 0 0 0 0
-1.4007 2.0440 -0.0253 100 0 0 0 0
-1.4007 -0.6870 0.5259 100 0 0 0 0
-1.4006 4.3600 -0.0249 100 0 0 0 0
-1.4006 -0.6889 0.2340 100 0 0 0 0
-1.4001 -3.2407 0.8185 100 0 0 0 0
-1.3997 -3.2399 0.5671 100 0 0 0 0
-1.3997 -3.2398 0.3177 100 0 0 0 0
-1.3993 -7.5917 -0.0252 100 0 0 0 0
-1.3992 -3.2399 0.1930 100 0 0 0 0
-1.3987 -3.2388 0.6922 100 0 0 0 0
-1.3986 -3.2385 0.0679 100 0 0 0 0
-1.3985 -3.2385 1.0735 100 0 0 0 0
-1.3982 -3.2378 0.4423 100 0 0 0 0
-1.3980 -3.2374 1.2034 100 0 0 0 0
-1.3980 -3.2373 0.8179 100 0 0 0 0
-1.3979 -3.2280 0.9435 100 0 0 0 0
-1.3979 0.8594 -0.0253 100 0 0 0 0
-1.3975 -0.6837 0.7035 100 0 0 0 0
-1.3972 -3.2448 1.0745 100 0 0 0 0
-1.3967 -0.6833 0.6434 100 0 0 0 0
-1.3967 -0.6833 0.1758 100 0 0 0 0
-1.3967 2.0387 -0.0245 100 0 0 0 0
-1.3961 4.3538 -0.0246 100 0 0 0 0
-1.3959 -0.6811 0.5840 100 0 0 0 0
-1.3952 -0.6827 0.1168 100 0 0 0 0
-1.3949 -0.6825 0.4090 100 0 0 0 0
-1.3945 -0.6805 0.3510 100 0 0 0 0
-1.3944 -0.6823 0.8250 100 0 0 0 0
-1.3941 -0.6822 -0.0034 100 0 0 0 0
-1.3940 -0.6803 0.2348 100 0 0 0 0
-1.3936 -0.6820 0.4670 100 0 0 0 0
-1.3892 2.9143 -0.0247 100 0 0 0 0
-1.3887 4.3640 -0.0252 100 0 0 0 0
-1.3885 -0.9002 -0.0251 100 0 0 0 0
-1.3846 -0.0206 -0.0246 100 0 0 0 0
-1.3844 -0.1000 -0.0252 100 0 0 0 0
-1.3836 2.0541 -0.0254 100 0 0 0 0
-1.3833 0.0587 -0.0247 100 0 0 0 0
-1.3791 1.4318 -0.0255 100 0 0 0 0
-1.3789 -3.3084 0.4432 100 0 0 0 0
-1.3781 -0.6621 0.4086 100 0 0 0 0
-1.3780 -3.3065 1.2158 100 0 0 0 0
-1.3780 -3.3065 0.1902 100 0 0 0 0
-1.3780 2.9243 -0.0252 100 0 0 0 0
-1.3778 -0.6620 0.3514 100 0 0 0 0
-1.3778 -3.3060 0.5697 100 0 0 0 0
-1.3776 -0.1791 -0.0252 100 0 0 0 0
-1.3775 -3.3054 0.9532 100 0 0 0 0
-1.3775 -3.3053 0.0634 100 0 0 0 0
-1.3773 -3.3049 0.8243 100 0 0 0 0
-1.3772 -3.3047 1.0833 100 0 0 0 0
-1.3771 -3.3044 0.6965 100 0 0 0 0
-1.3765 -3.3032 0.3169 100 0 0 0 0
-1.3763 -0.6614 0.2369 100 0 0 0 0
-1.3762 -0.6613 0.5808 100 0 0 0 0
-1.3759 -0.6612 0.0621 100 0 0 0 0
-1.3758 -0.6611 0.8181 100 0 0 0 0
-1.3757 -0.6611 0.0025 100 0 0 0 0
-1.3756 -0.6611 0.7575 100 0 0 0 0
-1.3749 -0.6608 0.6388 100 0 0 0 0
-1.3742 -0.6604 0.1794 100 0 0 0 0
-1.3737 0.1906 -0.0254 100 0 0 0 0
-1.3717 0.2171 -0.0259 100 0 0 0 0
-1.3704 -0.2583 -0.0262 100 0 0 0 0
-1.3630 -2.0946 -0.0253 100 0 0 0 0
-1.3610 -1.4690 -0.0244 100 0 0 0 0
-1.3570 7.5710 -0.0250 100 0 0 0 0
-1.3524 -0.3358 -0.0253 100 0 0 0 0
-1.3523 0.2943 -0.0245 100 0 0 0 0
-1.3519 -2.9708 1.2658 100 0 0 0 0
-1.3508 -0.5899 0.5187 100 0 0 0 0
-1.3507 0.9386 -0.0255 100 0 0 0 0
-1.3501 -0.5897 0.6309 100 0 0 0 0
-1.3498 -0.5896 0.0143 100 0 0 0 0
-1.3494 -0.5894 0.1856 100 0 0 0 0
-1.3491 -0.5893 0.2415 100 0 0 0 0
-1.3490 -0.5892 0.7455 100 0 0 0 0
-1.3487 -0.5891 0.3524 100 0 0 0 0
-1.3483 -0.5890 0.0724 100 0 0 0 0
-1.3480 -0.5888 0.8039 100 0 0 0 0
-1.3479 -2.9627 -0.0249 100 0 0 0 0
-1.3472 -0.5885 0.4076 100 0 0 0 0
-1.3472 -0.5885 0.5741 100 0 0 0 0
-1.3455 -4.4040 -0.0252 100 0 0 0 0
-1.3405 -0.6157 0.5187 100 0 0 0 0
-1.3389 -1.4985 -0.0254 100 0 0 0 0
-1.3371 -0.9766 -0.0243 100 0 0 0 0
-1.3364 0.3720 -0.0251 100 0 0 0 0
-1.3290 -0.4392 -0.0261 100 0 0 0 0
-1.3272 1.4832 -0.0254 100 0 0 0 0
-1.3262 -2.1202 -0.0253 100 0 0 0 0
-1.3240 -0.4410 -0.0250 100 0 0 0 0
-1.3234 -1.0043 -0.0253 100 0 0 0 0
-1.3205 0.4414 -0.0258 100 0 0 0 0
-1.3191 -2.1195 -0.0246 100 0 0 0 0
-1.3184 0.4219 -0.0241 100 0 0 0 0
-1.3147 -7.6023 -0.0249 100 0 0 0 0
-1.3142 0.4482 -0.0251 100 0 0 0 0
-1.3128 0.9871 -0.0245 100 0 0 0 0
-1.3110 4.3870 -0.0249 100 0 0 0 0
-1.3087 2.1032 -0.0249 100 0 0 0 0
-1.3021 -0.5141 -0.0254 100 0 0 0 0
-1.3003 -2.9970 1.2661 100 0 0 0 0
-1.3001 1.5077 -0.0252 100 0 0 0 0
-1.2994 -5.1467 1.2238 100 0 0 0 0
-1.2969 -2.9898 -0.0251 100 0 0 0 0
-1.2946 1.0117 -0.0243 100 0 0 0 0
-1.2860 0.5224 -0.0245 100 0 0 0 0
-1.2848 -1.5475 -0.0251 100 0 0 0 0
-1.2724 2.9712 -0.0246 100 0 0 0 0
-1.2720 -0.5875 -0.0249 100 0 0 0 0
-1.2703 2.1263 -0.0246 100 0 0 0 0
-1.2679 -4.4275 -0.0250 100 0 0 0 0
-1.2660 -1.0765 -0.0243 100 0 0 0 0
-1.2571 -1.5713 -0.0249 100 0 0 0 0
-1.2505 -2.1681 -0.0250 100 0 0 0 0
-1.2497 -1.1026 -0.0251 100 0 0 0 0
-1.2477 -3.0211 1.2660 100 0 0 0 0
-1.2460 0.6202 -0.0248 100 0 0 0 0
-1.2447 1.5623 -0.0255 100 0 0 0 0
-1.2446 -3.0143 -0.0251 100 0 0 0 0
-1.2410 7.5931 -0.0250 100 0 0 0 0
-1.2409 1.0866 -0.0249 100 0 0 0 0
-1.2404 -0.6603 -0.0250 100 0 0 0 0
-1.2391 -4.4372 -0.0251 100 0 0 0 0
-1.2389 -5.0791 1.2110 100 0 0 0 0
-1.2382 -0.6627 -0.0247 100 0 0 0 0
-1.2373 -5.4507 1.0683 100 0 0 0 0
-1.2367 0.6451 -0.0254 100 0 0 0 0
-1.2347 4.4146 -0.0252 100 0 0 0 0
-1.2337 2.1519 -0.0249 100 0 0 0 0
-1.2241 7.5962 -0.0250 100 0 0 0 0
-1.2236 1.1121 -0.0256 100 0 0 0 0
-1.2203 -3.0039 1.2589 100 0 0 0 0
-1.2201 2.9955 -0.0247 100 0 0 0 0
-1.2184 -2.9996 1.1362 100 0 0 0 0
-1.2172 1.5790 -0.0248 100 0 0 0 0
-1.2159 -5.3901 1.0606 100 0 0 0 0
-1.2138 0.6929 -0.0257 100 0 0 0 0
-1.2131 -2.9964 1.2563 100 0 0 0 0
-1.2116 -2.1902 -0.0247 100 0 0 0 0
-1.2088 -1.1485 -0.0245 100 0 0 0 0
-1.1994 -1.6159 -0.0242 100 0 0 0 0
-1.1909 -3.0356 -0.0248 100 0 0 0 0
-1.1905 -4.4515 -0.0250 100 0 0 0 0
-1.1901 -0.7533 -0.0245 100 0 0 0 0
-1.1756 -5.2774 1.0460 100 0 0 0 0
-1.1751 -2.2164 -0.0252 100 0 0 0 0
-1.1737 -1.6420 -0.0250 100 0 0 0 0
-1.1733 0.7612 -0.0252 100 0 0 0 0
-1.1710 -1.1969 -0.0253 100 0 0 0 0
-1.1680 3.0202 -0.0249 100 0 0 0 0
-1.1672 -0.8013 -0.0257 100 0 0 0 0
-1.1668 -2.9442 1.2386 100 0 0 0 0
-1.1632 2.2020 -0.0253 100 0 0 0 0
-1.1632 1.1818 -0.0257 100 0 0 0 0
-1.1581 0.7830 -0.0247 100 0 0 0 0
-1.1581 -5.2562 1.0429 100 0 0 0 0
-1.1578 2.1994 -0.0251 100 0 0 0 0
-1.1573 -2.9312 1.2344 100 0 0 0 0
-1.1563 4.4352 -0.0250 100 0 0 0 0
-1.1530 -0.8236 -0.0256 100 0 0 0 0
-1.1472 -1.2168 -0.0244 100 0 0 0 0
-1.1423 -2.9240 1.1130 100 0 0 0 0
-1.1408 1.2029 -0.0253 100 0 0 0 0
-1.1403 1.6397 -0.0246 100 0 0 0 0
-1.1378 -3.0582 -0.0248 100 0 0 0 0
-1.1364 -2.9106 1.2268 100 0 0 0 0
-1.1307 1.6459 -0.0245 100 0 0 0 0
-1.1232 -5.2113 1.0364 100 0 0 0 0
-1.1167 2.2176 -0.0244 100 0 0 0 0
-1.1159 0.8501 -0.0251 100 0 0 0 0
-1.1141 3.0409 -0.0247 100 0 0 0 0
-1.1126 -4.4736 -0.0250 100 0 0 0 0
-1.0964 -2.2590 -0.0250 100 0 0 0 0
-1.0953 1.2443 -0.0246 100 0 0 0 0
-1.0911 -0.9096 -0.0249 100 0 0 0 0
-1.0903 7.6159 -0.0248 100 0 0 0 0
-1.0855 -1.7067 -0.0247 100 0 0 0 0
-1.0846 -3.0805 -0.0249 100 0 0 0 0
-1.0829 -1.2825 -0.0246 100 0 0 0 0
-1.0826 4.4535 -0.0249 100 0 0 0 0
-1.0813 -0.9217 -0.0249 100 0 0 0 0
-1.0805 -5.1589 1.0292 100 0 0 0 0
-1.0801 -2.9191 1.1063 100 0 0 0 0
-1.0791 2.2421 -0.0250 100 0 0 0 0
-1.0789 -1.7089 -0.0243 100 0 0 0 0
-1.0780 -2.2712 -0.0253 100 0 0 0 0
-1.0773 4.4534 -0.0247 100 0 0 0 0
-1.0745 1.2670 -0.0251 100 0 0 0 0
-1.0738 -2.8403 1.2035 100 0 0 0 0
-1.0735 -2.9210 1.1062 100 0 0 0 0
-1.0734 1.6910 -0.0250 100 0 0 0 0
-1.0726 -5.1492 1.0276 100 0 0 0 0
-1.0719 0.9165 -0.0262 100 0 0 0 0
-1.0619 -1.3050 -0.0251 100 0 0 0 0
-1.0613 3.0644 -0.0250 100 0 0 0 0
-1.0506 0.9334 -0.0245 100 0 0 0 0
-1.0347 -4.4959 -0.0251 100 0 0 0 0
-1.0312 -3.1026 -0.0251 100 0 0 0 0
-1.0268 -1.7500 -0.0252 100 0 0 0 0
-1.0256 -0.9926 -0.0250 100 0 0 0 0
-1.0252 -2.7867 1.1846 100 0 0 0 0
-1.0190 -2.9141 1.0999 100 0 0 0 0
-1.0175 -2.3012 -0.0251 100 0 0 0 0
-1.0168 -1.3468 -0.0254 100 0 0 0 0
-1.0148 -5.0770 1.0175 100 0 0 0 0
-1.0124 1.7309 -0.0248 100 0 0 0 0
-1.0103 -5.4139 0.8630 100 0 0 0 0
-1.0084 -1.0127 -0.0250 100 0 0 0 0
-1.0075 7.6286 -0.0248 100 0 0 0 0
-1.0069 3.0838 -0.0249 100 0 0 0 0
-1.0062 1.3288 -0.0253 100 0 0 0 0
-1.0028 2.2834 -0.0253 100 0 0 0 0
-1.0008 -5.3982 0.8614 100 0 0 0 0
-1.0002 1.0004 -0.0251 100 0 0 0 0
-1.0000 -5.0637 1.0157 100 0 0 0 0
-0.9994 0.9939 -0.0245 100 0 0 0 0
-0.9993 2.2827 -0.0249 100 0 0 0 0
-0.9986 -2.7561 1.1744 100 0 0 0 0
-0.9848 1.0164 -0.0257 100 0 0 0 0
-0.9818 1.3475 -0.0250 100 0 0 0 0
-0.9808 1.7491 -0.0244 100 0 0 0 0
-0.9702 -1.3869 -0.0257 100 0 0 0 0
-0.9648 -1.7884 -0.0250 100 0 0 0 0
-0.9588 -2.9092 1.0939 100 0 0 0 0
-0.9580 -5.3375 0.8553 100 0 0 0 0
-0.9571 7.6396 -0.0250 100 0 0 0 0
-0.9564 -4.5170 -0.0253 100 0 0 0 0
-0.9553 -2.7085 1.1584 100 0 0 0 0
-0.9532 3.1050 -0.0251 100 0 0 0 0
-0.9528 -1.0693 -0.0244 100 0 0 0 0
-0.9415 -5.3162 0.8533 100 0 0 0 0
-0.9351 -1.0889 -0.0248 100 0 0 0 0
-0.9351 -2.3363 -0.0245 100 0 0 0 0
-0.9337 -1.8074 -0.0250 100 0 0 0 0
-0.9264 -3.2582 1.0432 100 0 0 0 0
-0.9260 -4.5205 -0.0250 100 0 0 0 0
-0.9255 7.6456 -0.0251 100 0 0 0 0
-0.9250 -2.6761 1.1470 100 0 0 0 0
-0.9230 -3.1429 -0.0253 100 0 0 0 0
-0.9222 4.5011 -0.0254 100 0 0 0 0
-0.9214 -1.4243 -0.0256 100 0 0 0 0
-0.9201 1.0831 -0.0257 100 0 0 0 0
-0.9200 1.4031 -0.0255 100 0 0 0 0
-0.9191 1.7879 -0.0247 100 0 0 0 0
-0.9190 2.3221 -0.0252 100 0 0 0 0
-0.9186 -2.6680 1.1444 100 0 0 0 0
-0.9181 1.0787 -0.0245 100 0 0 0 0
-0.9162 -5.2803 0.8498 100 0 0 0 0
-0.9130 1.3997 -0.0248 100 0 0 0 0
-0.9102 -4.5198 -0.0247 100 0 0 0 0
-0.9085 1.0899 -0.0251 100 0 0 0 0
-0.9079 1.4024 -0.0246 100 0 0 0 0
-0.8989 3.1247 -0.0253 100 0 0 0 0
-0.8986 -2.9013 1.0874 100 0 0 0 0
-0.8943 -2.3545 -0.0245 100 0 0 0 0
-0.8941 -3.2434 1.0384 100 0 0 0 0
-0.8889 -3.2387 1.0373 100 0 0 0 0
-0.8886 1.8080 -0.0252 100 0 0 0 0
-0.8832 -5.2337 0.8452 100 0 0 0 0
-0.8772 -1.1432 -0.0248 100 0 0 0 0
-0.8765 -4.5312 -0.0249 100 0 0 0 0
-0.8691 -1.8413 -0.0245 100 0 0 0 0
-0.8676 -3.1593 -0.0251 100 0 0 0 0
-0.8609 -3.1618 -0.0252 100 0 0 0 0
-0.8575 -1.1607 -0.0249 100 0 0 0 0
-0.8547 -2.3758 -0.0251 100 0 0 0 0
-0.8500 -2.5916 1.1190 100 0 0 0 0
-0.8486 7.6552 -0.0252 100 0 0 0 0
-0.8448 -1.4757 -0.0252 100 0 0 0 0
-0.8416 4.5122 -0.0248 100 0 0 0 0
-0.8414 2.3602 -0.0256 100 0 0 0 0
-0.8396 -2.8939 1.0814 100 0 0 0 0
-0.8378 -1.4785 -0.0249 100 0 0 0 0
-0.8371 2.3586 -0.0254 100 0 0 0 0
-0.8325 1.4551 -0.0247 100 0 0 0 0
-0.8290 1.1597 -0.0252 100 0 0 0 0
-0.8244 1.8426 -0.0252 100 0 0 0 0
-0.8233 7.6600 -0.0252 100 0 0 0 0
-0.8186 -3.1971 1.0255 100 0 0 0 0
-0.8129 4.5195 -0.0249 100 0 0 0 0
-0.8121 -3.1753 -0.0250 100 0 0 0 0
-0.8087 1.1767 -0.0253 100 0 0 0 0
-0.8065 -1.8789 -0.0254 100 0 0 0 0
-0.7973 -4.5480 -0.0249 100 0 0 0 0
-0.7940 2.3713 -0.0248 100 0 0 0 0
-0.7881 3.1574 -0.0251 100 0 0 0 0
-0.7830 -2.5752 1.1083 100 0 0 0 0
-0.7819 1.4902 -0.0254 100 0 0 0 0
-0.7810 -2.8848 1.0752 100 0 0 0 0
-0.7750 -1.2270 -0.0250 100 0 0 0 0
-0.7730 -3.4077 0.9363 100 0 0 0 0
-0.7728 -1.8930 -0.0250 100 0 0 0 0
-0.7712 -2.4081 -0.0250 100 0 0 0 0
-0.7666 -1.5243 -0.0251 100 0 0 0 0
-0.7628 4.5315 -0.0251 100 0 0 0 0
-0.7619 -3.3944 0.9341 100 0 0 0 0
-0.7607 3.1649 -0.0251 100 0 0 0 0
-0.7596 -1.2353 -0.0245 100 0 0 0 0
-0.7587 1.8745 -0.0252 100 0 0 0 0
-0.7578 -4.5574 -0.0250 100 0 0 0 0
-0.7565 1.5076 -0.0259 100 0 0 0 0
-0.7524 2.3876 -0.0249 100 0 0 0 0
-0.7482 -3.3891 0.9323 100 0 0 0 0
-0.7464 1.2262 -0.0260 100 0 0 0 0
-0.7445 -3.1475 1.0123 100 0 0 0 0
-0.7317 -2.5718 1.1030 100 0 0 0 0
-0.7316 3.1699 -0.0247 100 0 0 0 0
-0.7259 1.8905 -0.0253 100 0 0 0 0
-0.7234 -2.8762 1.0694 100 0 0 0 0
-0.7134 -1.5551 -0.0253 100 0 0 0 0
-0.7068 -1.9242 -0.0252 100 0 0 0 0
-0.7030 1.2568 -0.0263 100 0 0 0 0
-0.7011 -3.2071 -0.0251 100 0 0 0 0
-0.6891 7.6777 -0.0253 100 0 0 0 0
-0.6870 -1.2855 -0.0245 100 0 0 0 0
-0.6864 -2.4367 -0.0248 100 0 0 0 0
-0.6864 -1.5698 -0.0253 100 0 0 0 0
-0.6833 4.5469 -0.0252 100 0 0 0 0
-0.6787 -2.4397 -0.0249 100 0 0 0 0
-0.6773 1.2657 -0.0246 100 0 0 0 0
-0.6760 3.1853 -0.0248 100 0 0 0 0
-0.6748 -3.1053 1.0008 100 0 0 0 0
-0.6732 -3.3382 0.9216 100 0 0 0 0
-0.6731 1.5472 -0.0247 100 0 0 0 0
-0.6674 2.4156 -0.0246 100 0 0 0 0
-0.6631 -3.1015 0.9996 100 0 0 0 0
-0.6595 -3.3287 0.9197 100 0 0 0 0
-0.6573 1.9156 -0.0246 100 0 0 0 0
-0.6506 -3.5126 0.8201 100 0 0 0 0
-0.6469 1.5633 -0.0253 100 0 0 0 0
-0.6448 -3.2199 -0.0250 100 0 0 0 0
-0.6430 -1.3150 -0.0251 100 0 0 0 0
-0.6380 -1.9485 -0.0244 100 0 0 0 0
-0.6288 -2.5569 1.0909 100 0 0 0 0
-0.6208 -1.3295 -0.0255 100 0 0 0 0
-0.6117 -3.4799 0.8153 100 0 0 0 0
-0.6103 -2.8561 1.0579 100 0 0 0 0
-0.6073 -3.0637 0.9898 100 0 0 0 0
-0.6056 -1.9659 -0.0253 100 0 0 0 0
-0.6050 7.6783 -0.0249 100 0 0 0 0
-0.6043 1.3209 -0.0262 100 0 0 0 0
-0.6035 4.5615 -0.0253 100 0 0 0 0
-0.6035 -1.6099 -0.0252 100 0 0 0 0
-0.6003 -2.4611 -0.0244 100 0 0 0 0
-0.6002 -3.2854 0.9108 100 0 0 0 0
-0.6001 2.4407 -0.0249 100 0 0 0 0
-0.5966 -2.8541 1.0568 100 0 0 0 0
-0.5931 2.4398 -0.0248 100 0 0 0 0
-0.5911 1.5891 -0.0252 100 0 0 0 0
-0.5911 1.9466 -0.0256 100 0 0 0 0
-0.5885 -3.2325 -0.0249 100 0 0 0 0
-0.5872 1.3176 -0.0245 100 0 0 0 0
-0.5869 1.3207 -0.0252 100 0 0 0 0
-0.5831 2.4461 -0.0253 100 0 0 0 0
-0.5726 -3.4438 0.8098 100 0 0 0 0
-0.5642 3.2140 -0.0252 100 0 0 0 0
-0.5587 -2.4780 -0.0252 100 0 0 0 0
-0.5581 -3.5922 0.6989 100 0 0 0 0
-0.5542 7.6889 -0.0252 100 0 0 0 0
-0.5506 -2.8278 1.0483 100 0 0 0 0
-0.5464 -1.6326 -0.0248 100 0 0 0 0
-0.5424 -3.0247 0.9796 100 0 0 0 0
-0.5363 -1.9886 -0.0250 100 0 0 0 0
-0.5323 -3.2458 -0.0251 100 0 0 0 0
-0.5314 -3.2413 0.9017 100 0 0 0 0
-0.5295 -2.5439 1.0804 100 0 0 0 0
-0.5266 -1.3778 -0.0253 100 0 0 0 0
-0.5264 -3.2347 0.9006 100 0 0 0 0
-0.5254 -1.6406 -0.0249 100 0 0 0 0
-0.5230 4.5711 -0.0250 100 0 0 0 0
-0.5212 1.9677 -0.0250 100 0 0 0 0
-0.5200 -3.3927 0.8026 100 0 0 0 0
-0.5187 -3.2326 0.9001 100 0 0 0 0
-0.5185 -1.6361 -0.0237 100 0 0 0 0
-0.5184 -2.5463 1.0805 100 0 0 0 0
-0.5179 -3.0067 0.9753 100 0 0 0 0
-0.5177 -3.2464 -0.0248 100 0 0 0 0
-0.5157 -3.3900 0.8022 100 0 0 0 0
-0.5152 1.3546 -0.0247 100 0 0 0 0
-0.5068 3.2217 -0.0247 100 0 0 0 0
-0.5052 1.6223 -0.0247 100 0 0 0 0
-0.4960 2.4668 -0.0249 100 0 0 0 0
-0.4921 -2.7979 1.0385 100 0 0 0 0
-0.4860 1.9774 -0.0248 100 0 0 0 0
-0.4817 -2.5409 1.0766 100 0 0 0 0
-0.4783 -2.9805 0.9686 100 0 0 0 0
-0.4776 -1.3979 -0.0247 100 0 0 0 0
-0.4713 -2.4976 -0.0247 100 0 0 0 0
-0.4675 -2.0129 -0.0254 100 0 0 0 0
-0.4612 -1.6678 -0.0253 100 0 0 0 0
-0.4551 -1.4126 -0.0260 100 0 0 0 0
-0.4479 1.6445 -0.0249 100 0 0 0 0
-0.4448 7.6945 -0.0251 100 0 0 0 0
-0.4427 3.2410 -0.0252 100 0 0 0 0
-0.4425 4.5807 -0.0249 100 0 0 0 0
-0.4384 -2.7676 1.0295 100 0 0 0 0
-0.4365 -2.9549 0.9624 100 0 0 0 0
-0.4335 3.2376 -0.0249 100 0 0 0 0
-0.4334 -2.7597 1.0271 100 0 0 0 0
-0.4194 1.6559 -0.0253 100 0 0 0 0
-0.4192 7.6972 -0.0250 100 0 0 0 0
-0.4188 1.3984 -0.0254 100 0 0 0 0
-0.4168 2.0006 -0.0254 100 0 0 0 0
-0.4085 2.4858 -0.0247 100 0 0 0 0
-0.3937 3.2450 -0.0251 100 0 0 0 0
-0.3931 1.4050 -0.0246 100 0 0 0 0
-0.3856 -2.5251 1.0668 100 0 0 0 0
-0.3837 -2.5155 -0.0245 100 0 0 0 0
-0.3819 -2.5205 -0.0252 100 0 0 0 0
-0.3791 -1.4362 -0.0246 100 0 0 0 0
-0.3726 -1.6931 -0.0245 100 0 0 0 0
-0.3667 -2.5150 1.0634 100 0 0 0 0
-0.3623 4.5925 -0.0252 100 0 0 0 0
-0.3613 -2.0398 -0.0251 100 0 0 0 0
-0.3598 -2.5233 -0.0251 100 0 0 0 0
-0.3596 1.6705 -0.0245 100 0 0 0 0
-0.3593 -2.5208 1.0646 100 0 0 0 0
-0.3591 -2.0400 -0.0251 100 0 0 0 0
-0.3590 -2.5176 -0.0244 100 0 0 0 0
-0.3558 -2.5171 1.0635 100 0 0 0 0
-0.3457 2.0173 -0.0252 100 0 0 0 0
-0.3430 1.4220 -0.0245 100 0 0 0 0
-0.3363 3.2511 -0.0248 100 0 0 0 0
-0.3209 2.5035 -0.0248 100 0 0 0 0
-0.3141 -1.7116 -0.0250 100 0 0 0 0
-0.3041 -1.4622 -0.0250 100 0 0 0 0
-0.2900 -2.0551 -0.0250 100 0 0 0 0
-0.2852 -1.7230 -0.0260 100 0 0 0 0
-0.2849 4.6010 -0.0250 100 0 0 0 0
-0.2842 7.7058 -0.0251 100 0 0 0 0
-0.2814 4.5972 -0.0249 100 0 0 0 0
-0.2794 3.2612 -0.0251 100 0 0 0 0
-0.2786 -1.7194 -0.0249 100 0 0 0 0
-0.2782 -2.0535 -0.0244 100 0 0 0 0
-0.2769 2.5117 -0.0249 100 0 0 0 0
-0.2737 2.0289 -0.0244 100 0 0 0 0
-0.2711 1.6957 -0.0250 100 0 0 0 0
-0.2671 1.4448 -0.0246 100 0 0 0 0
-0.2330 2.5211 -0.0254 100 0 0 0 0
-0.2264 -1.4781 -0.0237 100 0 0 0 0
-0.2245 -1.7332 -0.0252 100 0 0 0 0
-0.2055 4.5995 -0.0247 100 0 0 0 0
-0.2053 -1.7742 0.7940 100 0 0 0 0
-0.2052 -1.7738 0.0960 100 0 0 0 0
-0.2052 -1.7737 0.1599 100 0 0 0 0
-0.2051 -1.7734 0.2232 100 0 0 0 0
-0.2050 -1.7728 0.4113 100 0 0 0 0
-0.2049 -1.7722 0.4739 100 0 0 0 0
-0.2049 -1.7721 0.8599 100 0 0 0 0
-0.2047 -1.7711 0.7279 100 0 0 0 0
-0.2046 -1.7707 0.5997 100 0 0 0 0
-0.2046 -1.7704 0.3488 100 0 0 0 0
-0.2046 -1.7703 0.6634 100 0 0 0 0
-0.2020 2.0420 -0.0245 100 0 0 0 0
-0.2019 -1.4896 -0.0252 100 0 0 0 0
-0.2009 4.6075 -0.0252 100 0 0 0 0
-0.2006 7.7109 -0.0251 100 0 0 0 0
-0.1993 -1.7660 0.0335 100 0 0 0 0
-0.1991 -1.7648 0.4734 100 0 0 0 0
-0.1909 1.4676 -0.0257 100 0 0 0 0
-0.1881 2.5232 -0.0248 100 0 0 0 0
-0.1804 1.7114 -0.0244 100 0 0 0 0
-0.1659 2.0470 -0.0244 100 0 0 0 0
-0.1643 3.2704 -0.0247 100 0 0 0 0
-0.1608 -1.7247 0.5931 100 0 0 0 0
-0.1607 -1.7241 0.8448 100 0 0 0 0
-0.1607 -1.7240 0.7805 100 0 0 0 0
-0.1606 -1.7238 0.4103 100 0 0 0 0
-0.1605 -1.7227 0.2283 100 0 0 0 0
-0.1604 -1.7226 0.6545 100 0 0 0 0
-0.1602 -1.7213 0.1057 100 0 0 0 0
-0.1601 -1.7204 0.7164 100 0 0 0 0
-0.1600 -1.7201 0.3498 100 0 0 0 0
-0.1600 -1.7200 0.1675 100 0 0 0 0
-0.1581 -1.7197 0.8436 100 0 0 0 0
-0.1526 -3.5608 0.0687 100 0 0 0 0
-0.1502 -3.5297 0.1951 100 0 0 0 0
-0.1489 7.7100 -0.0250 100 0 0 0 0
-0.1483 -3.5551 0.0692 100 0 0 0 0
-0.1465 -3.4830 0.3192 100 0 0 0 0
-0.1421 -3.4749 0.3194 100 0 0 0 0
-0.1383 -3.3778 0.4389 100 0 0 0 0
-0.1325 -3.3038 -0.0253 100 0 0 0 0
-0.1311 -3.2861 0.5520 100 0 0 0 0
-0.1277 -1.7086 0.4698 100 0 0 0 0
-0.1276 -1.7077 0.3501 100 0 0 0 0
-0.1275 -1.7075 0.2301 100 0 0 0 0
-0.1273 -1.7061 0.1089 100 0 0 0 0
-0.1271 -1.7049 0.1700 100 0 0 0 0
-0.1271 -1.7048 0.4098 100 0 0 0 0
-0.1271 -1.7046 0.8382 100 0 0 0 0
-0.1270 -1.7042 0.6508 100 0 0 0 0
-0.1269 -1.7034 0.7122 100 0 0 0 0
-0.1269 -1.7032 0.5898 100 0 0 0 0
-0.1269 -1.7031 -0.0145 100 0 0 0 0
-0.1250 4.6099 -0.0251 100 0 0 0 0
-0.1240 -1.5050 -0.0253 100 0 0 0 0
-0.1223 -3.1738 0.6573 100 0 0 0 0
-0.1213 1.4816 -0.0258 100 0 0 0 0
-0.1206 1.7267 -0.0257 100 0 0 0 0
-0.1199 4.6108 -0.0251 100 0 0 0 0
-0.1194 -3.2737 0.5514 100 0 0 0 0
-0.1183 -3.1676 0.6568 100 0 0 0 0
-0.1182 -3.3568 0.4385 100 0 0 0 0
-0.1162 -3.4859 0.1976 100 0 0 0 0
-0.1133 -1.7124 0.8400 100 0 0 0 0
-0.1125 1.4804 -0.0253 100 0 0 0 0
-0.1103 -3.0206 0.7504 100 0 0 0 0
-0.1071 3.2800 -0.0253 100 0 0 0 0
-0.0992 2.5330 -0.0248 100 0 0 0 0
-0.0992 -2.8795 0.8353 100 0 0 0 0
-0.0941 2.0601 -0.0252 100 0 0 0 0
-0.0898 1.7281 -0.0251 100 0 0 0 0
-0.0874 1.4799 -0.0241 100 0 0 0 0
-0.0872 -2.7258 0.9089 100 0 0 0 0
-0.0855 -3.4828 0.0759 100 0 0 0 0
-0.0837 -3.4539 0.1993 100 0 0 0 0
-0.0813 -3.4771 0.0764 100 0 0 0 0
-0.0810 -3.4084 0.3206 100 0 0 0 0
-0.0752 -3.3134 0.4377 100 0 0 0 0
-0.0747 -3.3058 -0.0250 100 0 0 0 0
-0.0741 -2.5592 -0.0245 100 0 0 0 0
-0.0729 -2.5441 0.9661 100 0 0 0 0
-0.0715 -3.4380 0.2002 100 0 0 0 0
-0.0696 -3.2215 0.5484 100 0 0 0 0
-0.0690 -3.3956 0.3209 100 0 0 0 0
-0.0684 -1.7186 0.4699 100 0 0 0 0
-0.0684 -1.7181 0.8398 100 0 0 0 0
-0.0683 -1.7177 -0.0161 100 0 0 0 0
-0.0683 -1.7172 0.1694 100 0 0 0 0
-0.0683 -1.7171 0.3501 100 0 0 0 0
-0.0683 -1.7170 0.1084 100 0 0 0 0
-0.0682 -1.7164 0.2300 100 0 0 0 0
-0.0681 -1.7160 0.6514 100 0 0 0 0
-0.0681 -1.7158 0.5904 100 0 0 0 0
-0.0681 -1.7155 0.7130 100 0 0 0 0
-0.0680 -1.7149 0.4099 100 0 0 0 0
-0.0631 -3.1148 0.6518 100 0 0 0 0
-0.0611 -2.3935 1.0197 100 0 0 0 0
-0.0543 -2.9697 0.7437 100 0 0 0 0
-0.0481 7.7108 -0.0249 100 0 0 0 0
-0.0461 -2.8344 0.8276 100 0 0 0 0
-0.0454 -1.5159 -0.0253 100 0 0 0 0
-0.0412 -1.7489 0.6562 100 0 0 0 0
-0.0412 -1.7488 0.5941 100 0 0 0 0
-0.0411 -1.7480 0.2275 100 0 0 0 0
-0.0410 -1.7475 0.8468 100 0 0 0 0
-0.0410 -1.7466 0.4712 100 0 0 0 0
-0.0409 -1.7461 0.7184 100 0 0 0 0
-0.0409 -1.7460 0.1043 100 0 0 0 0
-0.0408 -1.7454 -0.0218 100 0 0 0 0
-0.0408 -1.7453 0.3496 100 0 0 0 0
-0.0408 -1.7448 0.7816 100 0 0 0 0
-0.0408 -1.7447 0.4104 100 0 0 0 0
-0.0407 -1.7440 0.1665 100 0 0 0 0
-0.0401 -2.0857 -0.0251 100 0 0 0 0
-0.0399 -3.4080 0.2018 100 0 0 0 0
-0.0397 -3.1892 0.5468 100 0 0 0 0
-0.0397 -1.7532 0.6569 100 0 0 0 0
-0.0396 -1.7526 0.1655 100 0 0 0 0
-0.0396 -1.7521 0.7833 100 0 0 0 0
-0.0396 -1.7520 0.2272 100 0 0 0 0
-0.0396 -1.7518 0.5945 100 0 0 0 0
-0.0394 -1.7504 0.4105 100 0 0 0 0
-0.0394 -1.7502 0.8476 100 0 0 0 0
-0.0393 -1.7491 0.4714 100 0 0 0 0
-0.0393 -1.7487 0.7189 100 0 0 0 0
-0.0391 -1.7474 0.3496 100 0 0 0 0
-0.0390 -1.7462 0.1043 100 0 0 0 0
-0.0388 4.6118 -0.0249 100 0 0 0 0
-0.0383 -2.5234 0.9611 100 0 0 0 0
-0.0379 -3.0896 0.6496 100 0 0 0 0
-0.0375 -2.6932 0.9019 100 0 0 0 0
-0.0372 -2.9541 0.7417 100 0 0 0 0
-0.0339 1.4914 -0.0254 100 0 0 0 0
-0.0288 1.7350 -0.0252 100 0 0 0 0
-0.0231 -1.8053 0.7298 100 0 0 0 0
-0.0230 -1.8042 0.0952 100 0 0 0 0
-0.0229 -1.8032 0.1593 100 0 0 0 0
-0.0229 -1.8027 0.7948 100 0 0 0 0
-0.0229 -1.8021 0.8613 100 0 0 0 0
-0.0228 -1.8015 0.5371 100 0 0 0 0
-0.0228 -1.8014 0.4741 100 0 0 0 0
-0.0227 -1.8003 0.4113 100 0 0 0 0
-0.0227 -1.8003 0.3487 100 0 0 0 0
-0.0227 -1.8001 0.6642 100 0 0 0 0
-0.0216 -2.4321 1.0293 100 0 0 0 0
-0.0215 -3.4115 0.0824 100 0 0 0 0
-0.0212 -1.8060 0.0301 100 0 0 0 0
-0.0212 -1.8059 0.2225 100 0 0 0 0
-0.0212 2.0636 -0.0247 100 0 0 0 0
-0.0203 -3.3841 0.2032 100 0 0 0 0
-0.0183 -3.3377 0.3219 100 0 0 0 0
-0.0171 -3.3101 -0.0252 100 0 0 0 0
-0.0142 -3.2435 0.4364 100 0 0 0 0
-0.0138 7.7151 -0.0250 100 0 0 0 0
-0.0106 -3.1588 0.5450 100 0 0 0 0
-0.0105 -3.2395 0.4364 100 0 0 0 0
-0.0100 2.5408 -0.0251 100 0 0 0 0
-0.0061 -3.0544 0.6463 100 0 0 0 0
-0.0000 -2.9144 0.7365 100 0 0 0 0
0.0009 -3.3133 0.3223 100 0 0 0 0
0.0055 -2.7882 0.8199 100 0 0 0 0
0.0084 3.2815 -0.0248 100 0 0 0 0
0.0110 -2.6593 0.8948 100 0 0 0 0
0.0150 -2.5681 -0.0251 100 0 0 0 0
0.0156 7.7208 -0.0252 100 0 0 0 0
0.0187 -2.4825 0.9506 100 0 0 0 0
0.0191 -1.7637 -0.0249 100 0 0 0 0
0.0193 -2.4681 1.0384 100 0 0 0 0
0.0337 -1.5228 -0.0253 100 0 0 0 0
0.0354 -2.0957 -0.0252 100 0 0 0 0
0.0370 -3.3159 0.2068 100 0 0 0 0
0.0398 -3.3432 0.0885 100 0 0 0 0
0.0399 -2.7554 0.8147 100 0 0 0 0
0.0417 -3.2694 0.3231 100 0 0 0 0
0.0422 4.6121 -0.0247 100 0 0 0 0
0.0437 -3.3335 0.0895 100 0 0 0 0
0.0440 -3.1806 0.4353 100 0 0 0 0
0.0453 1.4974 -0.0253 100 0 0 0 0
0.0461 -3.0984 0.5417 100 0 0 0 0
0.0484 -3.0098 0.6422 100 0 0 0 0
0.0516 2.0663 -0.0244 100 0 0 0 0
0.0520 -2.8703 0.7309 100 0 0 0 0
0.0583 -2.6238 0.8876 100 0 0 0 0
0.0614 -2.5033 0.9551 100 0 0 0 0
0.0614 -2.5025 1.0472 100 0 0 0 0
0.0632 1.7406 -0.0251 100 0 0 0 0
0.0661 3.2826 -0.0247 100 0 0 0 0
0.0795 2.5419 -0.0247 100 0 0 0 0
0.0820 7.7202 -0.0252 100 0 0 0 0
0.0984 -3.3037 -0.0241 100 0 0 0 0
0.0987 -3.2730 0.0948 100 0 0 0 0
0.0989 -3.2487 0.2104 100 0 0 0 0
0.0993 -3.2029 0.3243 100 0 0 0 0
0.0999 -3.1192 0.4342 100 0 0 0 0
0.1006 -3.0402 0.5386 100 0 0 0 0
0.1013 -2.9526 0.6372 100 0 0 0 0
0.1024 -2.8203 0.7247 100 0 0 0 0
0.1034 -2.7046 0.8063 100 0 0 0 0
0.1043 -2.5904 0.8810 100 0 0 0 0
0.1045 -2.5707 -0.0251 100 0 0 0 0
0.1047 -2.5437 0.9642 100 0 0 0 0
0.1047 -2.5417 1.0575 100 0 0 0 0
0.1060 -3.2392 0.2109 100 0 0 0 0
0.1084 -2.0959 -0.0249 100 0 0 0 0
0.1110 -1.7712 -0.0259 100 0 0 0 0
0.1130 7.7079 -0.0247 100 0 0 0 0
0.1131 -1.5238 -0.0248 100 0 0 0 0
0.1202 -3.2506 0.0967 100 0 0 0 0
0.1203 -3.1807 0.3247 100 0 0 0 0
0.1204 -3.0985 0.4339 100 0 0 0 0
0.1205 -3.0222 0.5377 100 0 0 0 0
0.1207 -2.9347 0.6357 100 0 0 0 0
0.1211 -2.6835 0.8031 100 0 0 0 0
0.1213 -2.5580 1.0621 100 0 0 0 0
0.1215 7.7129 -0.0249 100 0 0 0 0
0.1231 4.6155 -0.0249 100 0 0 0 0
0.1238 3.2848 -0.0249 100 0 0 0 0
0.1242 2.5421 -0.0247 100 0 0 0 0
0.1244 2.0700 -0.0249 100 0 0 0 0
0.1246 1.7423 -0.0253 100 0 0 0 0
0.1247 1.5001 -0.0255 100 0 0 0 0
0.1325 -2.6063 1.0752 100 0 0 0 0
0.1424 7.7203 -0.0252 100 0 0 0 0
0.1493 -2.5809 0.8791 100 0 0 0 0
0.1493 -2.5821 0.9731 100 0 0 0 0
0.1511 -2.7776 0.7194 100 0 0 0 0
0.1523 -2.9056 0.6330 100 0 0 0 0
0.1531 -2.9838 0.5357 100 0 0 0 0
0.1538 -3.0632 0.4332 100 0 0 0 0
0.1545 -3.1450 0.3253 100 0 0 0 0
0.1549 -3.1862 0.2137 100 0 0 0 0
0.1552 -3.2121 0.1001 100 0 0 0 0
0.1554 -3.2403 -0.0163 100 0 0 0 0
0.1589 -3.2382 -0.0160 100 0 0 0 0
0.1725 -1.7676 -0.0252 100 0 0 0 0
0.1788 -3.1583 0.2151 100 0 0 0 0
0.1814 -2.0996 -0.0257 100 0 0 0 0
0.1924 -1.5233 -0.0250 100 0 0 0 0
0.1940 -2.5703 -0.0252 100 0 0 0 0
0.1955 -2.6256 0.9833 100 0 0 0 0
0.1955 -2.6258 0.7939 100 0 0 0 0
0.1955 -2.6258 0.8880 100 0 0 0 0
0.1984 -2.7339 0.7142 100 0 0 0 0
0.2013 -2.6279 0.9840 100 0 0 0 0
0.2017 -2.8583 0.6290 100 0 0 0 0
0.2037 -2.9314 0.5330 100 0 0 0 0
0.2041 1.4976 -0.0253 100 0 0 0 0
0.2042 4.6164 -0.0251 100 0 0 0 0
0.2055 -3.0020 0.4322 100 0 0 0 0
0.2078 -3.0856 0.3263 100 0 0 0 0
0.2089 -3.1257 0.2168 100 0 0 0 0
0.2103 -3.1799 -0.0090 100 0 0 0 0
0.2137 2.5433 -0.0251 100 0 0 0 0
0.2167 1.7400 -0.0253 100 0 0 0 0
0.2338 2.0676 -0.0250 100 0 0 0 0
0.2387 -2.5684 -0.0251 100 0 0 0 0
0.2392 3.2816 -0.0248 100 0 0 0 0
0.2433 -2.6713 0.8972 100 0 0 0 0
0.2433 -2.6719 0.8015 100 0 0 0 0
0.2441 -2.6904 0.7090 100 0 0 0 0
0.2492 -2.8053 0.6245 100 0 0 0 0
0.2524 -2.8782 0.5303 100 0 0 0 0
0.2525 -2.6806 0.8030 100 0 0 0 0
0.2525 -2.6809 0.8992 100 0 0 0 0
0.2539 -2.0893 -0.0243 100 0 0 0 0
0.2554 -2.6791 0.7080 100 0 0 0 0
0.2555 -2.9478 0.4313 100 0 0 0 0
0.2568 7.7148 -0.0250 100 0 0 0 0
0.2592 -3.0309 0.3273 100 0 0 0 0
0.2609 -3.0689 0.2197 100 0 0 0 0
0.2618 -3.0884 0.1107 100 0 0 0 0
0.2630 -3.1159 -0.0014 100 0 0 0 0
0.2643 -1.7600 -0.0246 100 0 0 0 0
0.2716 7.7203 -0.0252 100 0 0 0 0
0.2717 -1.5192 -0.0254 100 0 0 0 0
0.2748 -3.0784 0.1115 100 0 0 0 0
0.2801 -2.9242 0.4309 100 0 0 0 0
0.2813 -3.0044 0.3277 100 0 0 0 0
0.2822 -3.0915 0.0015 100 0 0 0 0
0.2823 -2.8483 0.5289 100 0 0 0 0
0.2831 1.4890 -0.0247 100 0 0 0 0
0.2852 4.6146 -0.0251 100 0 0 0 0
0.2926 -2.7145 0.7123 100 0 0 0 0
0.2927 -2.7155 0.8088 100 0 0 0 0
0.2957 -2.7648 0.6212 100 0 0 0 0
0.2969 3.2807 -0.0250 100 0 0 0 0
0.3009 7.7217 -0.0252 100 0 0 0 0
0.3031 2.5385 -0.0251 100 0 0 0 0
0.3065 2.0619 -0.0249 100 0 0 0 0
0.3083 1.7296 -0.0246 100 0 0 0 0
0.3084 -2.9693 0.3283 100 0 0 0 0
0.3110 -3.0113 0.2226 100 0 0 0 0
0.3126 -3.0371 0.1149 100 0 0 0 0
0.3138 -3.0578 0.0054 100 0 0 0 0
0.3267 -2.0851 -0.0246 100 0 0 0 0
0.3281 -2.5627 -0.0251 100 0 0 0 0
0.3411 -2.7609 0.8171 100 0 0 0 0
0.3430 -2.9973 0.1182 100 0 0 0 0
0.3434 -2.7562 0.6207 100 0 0 0 0
0.3438 -2.7606 0.7184 100 0 0 0 0
0.3452 -2.7781 0.5253 100 0 0 0 0
0.3499 -1.5053 -0.0243 100 0 0 0 0
0.3507 -2.8482 0.4296 100 0 0 0 0
0.3558 -2.9115 0.3292 100 0 0 0 0
0.3560 -1.7521 -0.0250 100 0 0 0 0
0.3561 -2.8372 0.4295 100 0 0 0 0
0.3566 1.4767 -0.0235 100 0 0 0 0
0.3576 7.7133 -0.0251 100 0 0 0 0
0.3594 -2.9570 0.2252 100 0 0 0 0
0.3603 1.4808 -0.0252 100 0 0 0 0
0.3615 -2.9839 0.1193 100 0 0 0 0
0.3617 1.4788 -0.0248 100 0 0 0 0
0.3622 -2.9519 0.2255 100 0 0 0 0
0.3631 -3.0037 0.0116 100 0 0 0 0
0.3662 4.6121 -0.0252 100 0 0 0 0
0.3691 1.7213 -0.0244 100 0 0 0 0
0.3787 2.0517 -0.0244 100 0 0 0 0
0.3920 2.5275 -0.0246 100 0 0 0 0
0.3920 7.7102 -0.0250 100 0 0 0 0
0.3970 -2.8095 0.5272 100 0 0 0 0
0.3970 -2.8099 0.6258 100 0 0 0 0
0.3970 -2.8101 0.4290 100 0 0 0 0
0.3973 -2.8128 0.7253 100 0 0 0 0
0.4027 -2.8684 0.3299 100 0 0 0 0
0.4063 -2.9058 0.2277 100 0 0 0 0
0.4083 -2.9262 0.1239 100 0 0 0 0
0.4106 -2.9501 0.0177 100 0 0 0 0
0.4119 3.2707 -0.0247 100 0 0 0 0
0.4141 -2.9190 0.1245 100 0 0 0 0
0.4164 -1.7413 -0.0246 100 0 0 0 0
0.4170 -2.5531 -0.0249 100 0 0 0 0
0.4248 -2.8377 0.3305 100 0 0 0 0
0.4292 -1.4977 -0.0260 100 0 0 0 0
0.4303 1.7156 -0.0253 100 0 0 0 0
0.4314 -2.8405 0.6289 100 0 0 0 0
0.4315 -2.8414 0.4297 100 0 0 0 0
0.4348 -2.8429 0.5293 100 0 0 0 0
0.4359 -2.0766 -0.0256 100 0 0 0 0
0.4368 -2.9198 0.0209 100 0 0 0 0
0.4417 -2.8485 0.6297 100 0 0 0 0
0.4469 4.6039 -0.0249 100 0 0 0 0
0.4510 2.0429 -0.0246 100 0 0 0 0
0.4519 -2.8570 0.5300 100 0 0 0 0
0.4605 1.7099 -0.0252 100 0 0 0 0
0.4655 1.4589 -0.0248 100 0 0 0 0
0.4696 3.2677 -0.0250 100 0 0 0 0
0.4787 2.5229 -0.0256 100 0 0 0 0
0.4801 -1.4824 -0.0250 100 0 0 0 0
0.4805 2.5153 -0.0244 100 0 0 0 0
0.4874 2.0398 -0.0252 100 0 0 0 0
0.5051 -1.4734 -0.0243 100 0 0 0 0
0.5058 -2.5418 -0.0250 100 0 0 0 0
0.5074 -2.0620 -0.0251 100 0 0 0 0
0.5075 -1.7273 -0.0254 100 0 0 0 0
0.5088 -2.9048 0.2271 100 0 0 0 0
0.5089 -2.9057 0.3291 100 0 0 0 0
0.5092 -2.9076 0.1245 100 0 0 0 0
0.5096 -2.9110 0.4310 100 0 0 0 0
0.5098 -2.9123 0.0209 100 0 0 0 0
0.5174 4.5990 -0.0249 100 0 0 0 0
0.5174 -2.9207 0.4312 100 0 0 0 0
0.5175 -1.7189 -0.0242 100 0 0 0 0
0.5183 7.7004 -0.0249 100 0 0 0 0
0.5204 -2.9186 0.2264 100 0 0 0 0
0.5205 -2.9198 0.3288 100 0 0 0 0
0.5206 -2.9178 0.0198 100 0 0 0 0
0.5209 -2.9222 0.1232 100 0 0 0 0
0.5212 -2.9223 0.4313 100 0 0 0 0
0.5228 2.0305 -0.0247 100 0 0 0 0
0.5243 -2.9233 0.3287 100 0 0 0 0
0.5252 2.5118 -0.0249 100 0 0 0 0
0.5258 -1.7205 -0.0251 100 0 0 0 0
0.5261 4.6015 -0.0251 100 0 0 0 0
0.5265 3.2576 -0.0246 100 0 0 0 0
0.5271 7.7041 -0.0249 100 0 0 0 0
0.5274 4.5953 -0.0247 100 0 0 0 0
0.5294 2.0423 -0.0266 100 0 0 0 0
0.5425 1.4395 -0.0249 100 0 0 0 0
0.5505 1.6901 -0.0253 100 0 0 0 0
0.5691 -2.9627 0.1190 100 0 0 0 0
0.5693 -2.9638 0.0136 100 0 0 0 0
0.5695 -2.9653 0.2235 100 0 0 0 0
0.5786 -2.0460 -0.0248 100 0 0 0 0
0.5813 -1.4520 -0.0244 100 0 0 0 0
0.5906 -2.5182 -0.0244 100 0 0 0 0
0.5936 -2.5244 -0.0246 100 0 0 0 0
0.5970 -1.7050 -0.0255 100 0 0 0 0
0.5982 -2.0392 -0.0246 100 0 0 0 0
0.6023 -2.5252 -0.0250 100 0 0 0 0
0.6088 4.5946 -0.0253 100 0 0 0 0
0.6135 2.4973 -0.0250 100 0 0 0 0
0.6167 1.4114 -0.0238 100 0 0 0 0
0.6219 -2.0407 -0.0258 100 0 0 0 0
0.6273 1.7349 0.1567 100 0 0 0 0
0.6274 1.7353 0.8000 100 0 0 0 0
0.6276 1.7359 0.0263 100 0 0 0 0
0.6276 1.7362 0.2208 100 0 0 0 0
0.6277 1.7365 0.0917 100 0 0 0 0
0.6278 1.7368 0.5393 100 0 0 0 0
0.6280 1.7375 0.3482 100 0 0 0 0
0.6281 1.7378 0.8681 100 0 0 0 0
0.6283 1.7385 0.7343 100 0 0 0 0
0.6283 1.7385 0.6687 100 0 0 0 0
0.6287 1.7400 0.4756 100 0 0 0 0
0.6289 1.7406 0.4119 100 0 0 0 0
0.6301 2.0090 -0.0251 100 0 0 0 0
0.6381 -2.5187 -0.0251 100 0 0 0 0
0.6413 3.2452 -0.0250 100 0 0 0 0
0.6461 1.6877 0.0342 100 0 0 0 0
0.6465 1.6889 0.1614 100 0 0 0 0
0.6471 1.6909 0.8575 100 0 0 0 0
0.6471 1.6910 0.4734 100 0 0 0 0
0.6473 1.6917 0.7916 100 0 0 0 0
0.6476 1.6927 0.3489 100 0 0 0 0
0.6480 1.6938 0.4112 100 0 0 0 0
0.6481 1.6942 0.6628 100 0 0 0 0
0.6482 1.6945 0.7272 100 0 0 0 0
0.6482 1.6947 0.2237 100 0 0 0 0
0.6483 1.6949 0.5993 100 0 0 0 0
0.6483 1.6949 0.0971 100 0 0 0 0
0.6498 -2.0304 -0.0252 100 0 0 0 0
0.6555 -1.6862 -0.0252 100 0 0 0 0
0.6565 -1.4269 -0.0247 100 0 0 0 0
0.6624 7.7001 -0.0252 100 0 0 0 0
0.6680 1.3978 -0.0251 100 0 0 0 0
0.6734 -3.2677 -0.0252 100 0 0 0 0
0.6762 3.2388 -0.0249 100 0 0 0 0
0.6802 3.2405 -0.0252 100 0 0 0 0
0.6889 4.5817 -0.0250 100 0 0 0 0
0.6925 1.3880 -0.0250 100 0 0 0 0
0.6987 3.2382 -0.0254 100 0 0 0 0
0.7013 2.4795 -0.0252 100 0 0 0 0
0.7055 -1.4071 -0.0246 100 0 0 0 0
0.7080 1.6762 0.0327 100 0 0 0 0
0.7082 1.6768 0.0969 100 0 0 0 0
0.7083 1.6772 0.3488 100 0 0 0 0
0.7088 1.6785 0.5997 100 0 0 0 0
0.7091 1.6793 0.8597 100 0 0 0 0
0.7093 1.6801 0.7282 100 0 0 0 0
0.7094 1.6803 0.2233 100 0 0 0 0
0.7095 1.6807 0.1600 100 0 0 0 0
0.7096 1.6809 0.7937 100 0 0 0 0
0.7098 1.6815 0.6639 100 0 0 0 0
0.7100 1.6821 0.4740 100 0 0 0 0
0.7102 1.6827 0.4113 100 0 0 0 0
0.7252 -2.4984 -0.0249 100 0 0 0 0
0.7260 1.6344 -0.0248 100 0 0 0 0
0.7296 -3.2540 -0.0248 100 0 0 0 0
0.7414 -1.6530 -0.0244 100 0 0 0 0
0.7537 7.6855 -0.0248 100 0 0 0 0
0.7541 -1.9973 -0.0246 100 0 0 0 0
0.7551 -1.3885 -0.0253 100 0 0 0 0
0.7655 1.3569 -0.0252 100 0 0 0 0
0.7697 4.5749 -0.0253 100 0 0 0 0
0.7701 -1.6421 -0.0244 100 0 0 0 0
0.7709 1.7127 0.7380 100 0 0 0 0
0.7710 1.7131 0.0882 100 0 0 0 0
0.7714 1.7142 0.8740 100 0 0 0 0
0.7720 1.7157 0.8059 100 0 0 0 0
0.7741 1.7154 0.5415 100 0 0 0 0
0.7746 1.7166 0.0210 100 0 0 0 0
0.7747 1.7168 0.2184 100 0 0 0 0
0.7749 1.7173 0.4123 100 0 0 0 0
0.7753 1.7185 0.6729 100 0 0 0 0
0.7754 1.7187 0.3477 100 0 0 0 0
0.7757 1.7194 0.4770 100 0 0 0 0
0.7780 1.7195 0.1527 100 0 0 0 0
0.7843 1.6147 -0.0254 100 0 0 0 0
0.7868 -3.2456 -0.0251 100 0 0 0 0
0.7886 2.4594 -0.0254 100 0 0 0 0
0.7946 1.7392 0.0830 100 0 0 0 0
0.7946 1.7392 0.4127 100 0 0 0 0
0.7947 1.7396 0.1497 100 0 0 0 0
0.7948 1.7398 0.5442 100 0 0 0 0
0.7949 1.7399 0.6772 100 0 0 0 0
0.7953 1.7410 0.0150 100 0 0 0 0
0.7954 1.7413 0.8135 100 0 0 0 0
0.7955 1.7415 0.2157 100 0 0 0 0
0.7955 1.7415 0.4784 100 0 0 0 0
0.7956 1.7418 0.8833 100 0 0 0 0
0.7957 1.7420 0.7452 100 0 0 0 0
0.7958 1.7422 0.3472 100 0 0 0 0
0.7967 7.6825 -0.0248 100 0 0 0 0
0.8041 -3.2393 -0.0249 100 0 0 0 0
0.8115 3.2130 -0.0250 100 0 0 0 0
0.8121 -2.4767 -0.0251 100 0 0 0 0
0.8235 -1.9750 -0.0248 100 0 0 0 0
0.8260 -1.3528 -0.0251 100 0 0 0 0
0.8269 -1.6190 -0.0246 100 0 0 0 0
0.8345 -4.5894 -0.0252 100 0 0 0 0
0.8353 1.3190 -0.0244 100 0 0 0 0
0.8401 1.5891 -0.0250 100 0 0 0 0
0.8422 1.3206 -0.0255 100 0 0 0 0
0.8489 4.5562 -0.0247 100 0 0 0 0
0.8576 -1.9623 -0.0247 100 0 0 0 0
0.8588 1.3069 -0.0246 100 0 0 0 0
0.8684 3.2028 -0.0253 100 0 0 0 0
0.8710 -1.3249 -0.0243 100 0 0 0 0
0.8739 1.9335 -0.0254 100 0 0 0 0
0.8913 -1.9483 -0.0245 100 0 0 0 0
0.8940 -4.5779 -0.0250 100 0 0 0 0
0.8983 -2.4524 -0.0253 100 0 0 0 0
0.8991 -3.2189 -0.0249 100 0 0 0 0
0.9104 -1.5803 -0.0247 100 0 0 0 0
0.9145 7.6745 -0.0250 100 0 0 0 0
0.9169 -1.2987 -0.0245 100 0 0 0 0
0.9186 -2.4398 -0.0248 100 0 0 0 0
0.9196 1.5512 -0.0250 100 0 0 0 0
0.9236 3.1854 -0.0248 100 0 0 0 0
0.9239 1.5507 -0.0254 100 0 0 0 0
0.9271 1.2666 -0.0246 100 0 0 0 0
0.9289 4.5438 -0.0248 100 0 0 0 0
0.9318 7.6751 -0.0251 100 0 0 0 0
0.9379 -1.5667 -0.0248 100 0 0 0 0
0.9410 1.9047 -0.0251 100 0 0 0 0
0.9414 -2.4402 -0.0256 100 0 0 0 0
0.9553 -3.2058 -0.0250 100 0 0 0 0
0.9724 1.2394 -0.0251 100 0 0 0 0
0.9738 -4.5638 -0.0250 100 0 0 0 0
0.9834 -2.4246 -0.0254 100 0 0 0 0
0.9852 -1.2582 -0.0254 100 0 0 0 0
0.9921 -1.5379 -0.0249 100 0 0 0 0
0.9937 -1.9097 -0.0255 100 0 0 0 0
0.9941 1.8799 -0.0248 100 0 0 0 0
1.0030 1.5033 -0.0245 100 0 0 0 0
1.0045 1.8826 -0.0257 100 0 0 0 0
1.0048 -1.2401 -0.0245 100 0 0 0 0
1.0068 1.8734 -0.0247 100 0 0 0 0
1.0090 4.5315 -0.0250 100 0 0 0 0
1.0165 1.2099 -0.0255 100 0 0 0 0
1.0255 -1.8916 -0.0249 100 0 0 0 0
1.0427 2.3726 -0.0248 100 0 0 0 0
1.0532 -4.5480 -0.0250 100 0 0 0 0
1.0572 1.4743 -0.0252 100 0 0 0 0
1.0580 -1.8750 -0.0248 100 0 0 0 0
1.0662 7.6596 -0.0251 100 0 0 0 0
1.0663 -2.3906 -0.0250 100 0 0 0 0
1.0669 -3.1759 -0.0252 100 0 0 0 0
1.0693 -1.1939 -0.0250 100 0 0 0 0
1.0727 -1.4931 -0.0256 100 0 0 0 0
1.0768 1.1582 -0.0243 100 0 0 0 0
1.0779 4.5158 -0.0249 100 0 0 0 0
1.0792 2.3591 -0.0249 100 0 0 0 0
1.0802 -3.1693 -0.0249 100 0 0 0 0
1.0817 1.1618 -0.0257 100 0 0 0 0
1.0821 -1.4859 -0.0256 100 0 0 0 0
1.0836 1.4586 -0.0254 100 0 0 0 0
1.0839 2.3601 -0.0252 100 0 0 0 0
1.0844 2.3563 -0.0248 100 0 0 0 0
1.0858 4.5235 -0.0254 100 0 0 0 0
1.0881 4.5139 -0.0249 100 0 0 0 0
1.0976 1.1420 -0.0245 100 0 0 0 0
1.1072 1.8294 -0.0258 100 0 0 0 0
1.1097 -2.3783 -0.0258 100 0 0 0 0
1.1101 -1.1602 -0.0250 100 0 0 0 0
1.1214 -3.1566 -0.0249 100 0 0 0 0
1.1335 -4.5357 -0.0254 100 0 0 0 0
1.1489 -2.3562 -0.0250 100 0 0 0 0
1.1495 -1.4420 -0.0258 100 0 0 0 0
1.1497 -1.1251 -0.0251 100 0 0 0 0
1.1556 -1.8255 -0.0252 100 0 0 0 0
1.1574 -4.5175 -0.0247 100 0 0 0 0
1.1575 7.6466 -0.0250 100 0 0 0 0
1.1587 1.7964 -0.0250 100 0 0 0 0
1.1619 -4.5223 -0.0248 100 0 0 0 0
1.1672 2.3223 -0.0250 100 0 0 0 0
1.1677 4.4988 -0.0251 100 0 0 0 0
1.1693 1.7907 -0.0251 100 0 0 0 0
1.1699 1.0801 -0.0251 100 0 0 0 0
1.1712 -1.4196 -0.0246 100 0 0 0 0
1.1713 1.4015 -0.0260 100 0 0 0 0
1.1781 1.0733 -0.0253 100 0 0 0 0
1.1838 1.3875 -0.0253 100 0 0 0 0
1.1843 -1.8025 -0.0241 100 0 0 0 0
1.1866 -1.0872 -0.0245 100 0 0 0 0
1.1919 7.6432 -0.0252 100 0 0 0 0
1.2001 7.6400 -0.0250 100 0 0 0 0
1.2109 -4.5109 -0.0248 100 0 0 0 0
1.2191 -1.7895 -0.0255 100 0 0 0 0
1.2202 -1.3826 -0.0248 100 0 0 0 0
1.2273 -1.0529 -0.0259 100 0 0 0 0
1.2301 -2.3185 -0.0249 100 0 0 0 0
1.2312 -3.1212 -0.0251 100 0 0 0 0
1.2467 4.4807 -0.0252 100 0 0 0 0
1.2481 2.2842 -0.0250 100 0 0 0 0
1.2485 1.0015 -0.0255 100 0 0 0 0
1.2486 0.9944 -0.0243 100 0 0 0 0
1.2557 1.3298 -0.0252 100 0 0 0 0
1.2613 1.7317 -0.0247 100 0 0 0 0
1.2625 -1.0133 -0.0258 100 0 0 0 0
1.2697 -2.2977 -0.0247 100 0 0 0 0
1.2782 1.3089 -0.0249 100 0 0 0 0
1.2839 -7.6579 -0.0251 100 0 0 0 0
1.2843 -3.0982 -0.0247 100 0 0 0 0
1.2882 2.2642 -0.0250 100 0 0 0 0
1.2893 -1.3220 -0.0243 100 0 0 0 0
1.2901 -4.4939 -0.0251 100 0 0 0 0
1.2920 1.7119 -0.0248 100 0 0 0 0
1.3086 -1.7265 -0.0247 100 0 0 0 0
1.3091 3.0656 -0.0250 100 0 0 0 0
1.3094 -2.2772 -0.0247 100 0 0 0 0
1.3109 -0.9503 -0.0249 100 0 0 0 0
1.3144 -1.3040 -0.0252 100 0 0 0 0
1.3159 7.6164 -0.0246 100 0 0 0 0
1.3174 -1.7186 -0.0245 100 0 0 0 0
1.3188 0.9153 -0.0251 100 0 0 0 0
1.3212 1.6902 -0.0245 100 0 0 0 0
1.3213 -1.7202 -0.0252 100 0 0 0 0
1.3239 0.9206 -0.0266 100 0 0 0 0
1.3247 4.4586 -0.0250 100 0 0 0 0
1.3258 -7.6488 -0.0251 100 0 0 0 0
1.3264 1.2705 -0.0258 100 0 0 0 0
1.3275 2.2429 -0.0249 100 0 0 0 0
1.3286 -0.9305 -0.0254 100 0 0 0 0
1.3337 7.6191 -0.0249 100 0 0 0 0
1.3369 0.8957 -0.0258 100 0 0 0 0
1.3397 -3.0815 -0.0252 100 0 0 0 0
1.3500 -7.6378 -0.0248 100 0 0 0 0
1.3600 -1.2627 -0.0255 100 0 0 0 0
1.3628 3.0444 -0.0250 100 0 0 0 0
1.3663 1.2234 -0.0244 100 0 0 0 0
1.3683 -4.4725 -0.0250 100 0 0 0 0
1.3800 0.8289 -0.0248 100 0 0 0 0
1.3800 -1.2393 -0.0250 100 0 0 0 0
1.3877 -0.8427 -0.0247 100 0 0 0 0
1.3887 -2.2357 -0.0249 100 0 0 0 0
1.3887 -0.8392 -0.0245 100 0 0 0 0
1.3933 -3.0600 -0.0252 100 0 0 0 0
1.3970 1.6372 -0.0249 100 0 0 0 0
1.3980 -1.6635 -0.0251 100 0 0 0 0
1.4006 1.6408 -0.0255 100 0 0 0 0
1.4045 2.2030 -0.0253 100 0 0 0 0
1.4051 2.1983 -0.0247 100 0 0 0 0
1.4081 -7.6315 -0.0249 100 0 0 0 0
1.4099 0.7853 -0.0252 100 0 0 0 0
1.4101 1.6265 -0.0249 100 0 0 0 0
1.4111 1.1814 -0.0252 100 0 0 0 0
1.4157 3.0212 -0.0248 100 0 0 0 0
1.4261 -1.6403 -0.0249 100 0 0 0 0
1.4284 -2.2150 -0.0252 100 0 0 0 0
1.4316 -0.7765 -0.0254 100 0 0 0 0
1.4360 0.7392 -0.0249 100 0 0 0 0
1.4422 -1.1713 -0.0248 100 0 0 0 0
1.4455 -3.0353 -0.0249 100 0 0 0 0
1.4457 -4.4485 -0.0249 100 0 0 0 0
1.4505 1.1342 -0.0246 100 0 0 0 0
1.4563 -1.6196 -0.0255 100 0 0 0 0
1.4625 -1.1483 -0.0249 100 0 0 0 0
1.4660 -2.1906 -0.0250 100 0 0 0 0
1.4672 7.5975 -0.0250 100 0 0 0 0
1.4686 2.9981 -0.0248 100 0 0 0 0
1.4709 -0.7075 -0.0257 100 0 0 0 0
1.4726 0.6689 -0.0246 100 0 0 0 0
1.4767 -0.6770 -0.0237 100 0 0 0 0
1.4795 -4.4363 -0.0248 100 0 0 0 0
1.4802 -0.6825 -0.0249 100 0 0 0 0
1.4818 2.1524 -0.0247 100 0 0 0 0
1.4838 0.6449 -0.0244 100 0 0 0 0
1.4926 1.0894 -0.0255 100 0 0 0 0
1.4941 1.5601 -0.0253 100 0 0 0 0
1.4947 1.5572 -0.0250 100 0 0 0 0
1.4982 -3.0116 -0.0249 100 0 0 0 0
1.5020 -1.1013 -0.0251 100 0 0 0 0
1.5088 0.5983 -0.0252 100 0 0 0 0
1.5101 1.0641 -0.0250 100 0 0 0 0
1.5110 -10.0393 0.5567 100 0 0 0 0
1.5111 -1.5713 -0.0253 100 0 0 0 0
1.5113 -10.0414 0.9106 100 0 0 0 0
1.5126 -0.6101 -0.0246 100 0 0 0 0
1.5164 -10.2465 0.9214 100 0 0 0 0
1.5173 -10.2900 0.9240 100 0 0 0 0
1.5224 2.9771 -0.0252 100 0 0 0 0
1.5225 -10.0412 0.5568 100 0 0 0 0
1.5231 -10.2103 0.9195 100 0 0 0 0
1.5236 -4.4263 -0.0250 100 0 0 0 0
1.5239 -10.2162 0.5598 100 0 0 0 0
1.5337 -10.0399 0.9106 100 0 0 0 0
1.5385 -1.5472 -0.0254 100 0 0 0 0
1.5413 -2.1422 -0.0250 100 0 0 0 0
1.5414 -7.6091 -0.0250 100 0 0 0 0
1.5451 -0.5377 -0.0255 100 0 0 0 0
1.5506 -2.9875 -0.0250 100 0 0 0 0
1.5506 0.5009 -0.0259 100 0 0 0 0
1.5518 -0.5119 -0.0249 100 0 0 0 0
1.5550 -1.0260 -0.0245 100 0 0 0 0
1.5581 7.5820 -0.0250 100 0 0 0 0
1.5587 2.1065 -0.0252 100 0 0 0 0
1.5590 0.9959 -0.0247 100 0 0 0 0
1.5601 -2.1291 -0.0250 100 0 0 0 0
1.5622 1.0008 -0.0259 100 0 0 0 0
1.5636 0.9892 -0.0247 100 0 0 0 0
1.5642 0.4495 -0.0249 100 0 0 0 0
1.5659 -7.6006 -0.0247 100 0 0 0 0
1.5687 0.4233 -0.0240 100 0 0 0 0
1.5707 -0.4625 -0.0255 100 0 0 0 0
1.5742 2.9515 -0.0251 100 0 0 0 0
1.5744 -1.0021 -0.0250 100 0 0 0 0
1.5782 1.4863 -0.0258 100 0 0 0 0
1.5884 -1.4939 -0.0246 100 0 0 0 0
1.5929 0.3477 -0.0249 100 0 0 0 0
1.5940 2.0787 -0.0248 100 0 0 0 0
1.5947 -10.0406 0.9113 100 0 0 0 0
1.5982 -0.3602 -0.0254 100 0 0 0 0
1.5997 1.4561 -0.0246 100 0 0 0 0
1.6002 -4.3999 -0.0249 100 0 0 0 0
1.6007 7.5751 -0.0251 100 0 0 0 0
1.6036 -2.9644 -0.0253 100 0 0 0 0
1.6093 0.2701 -0.0248 100 0 0 0 0
1.6105 -9.8866 0.2057 100 0 0 0 0
1.6137 -0.2823 -0.0252 100 0 0 0 0
1.6145 -2.0908 -0.0249 100 0 0 0 0
1.6153 -10.0410 0.5570 100 0 0 0 0
1.6170 -1.4709 -0.0254 100 0 0 0 0
1.6186 0.9150 -0.0259 100 0 0 0 0
1.6199 -0.2030 -0.0236 100 0 0 0 0
1.6223 0.1919 -0.0248 100 0 0 0 0
1.6249 -0.9251 -0.0252 100 0 0 0 0
1.6314 -0.1246 -0.0246 100 0 0 0 0
1.6317 0.1131 -0.0250 100 0 0 0 0
1.6328 -10.0346 0.9110 100 0 0 0 0
1.6329 -10.0356 0.5569 100 0 0 0 0
1.6362 -0.0455 -0.0249 100 0 0 0 0
1.6396 -0.8981 -0.0249 100 0 0 0 0
1.6400 0.0340 -0.0260 100 0 0 0 0
1.6400 2.9168 -0.0249 100 0 0 0 0
1.6400 2.9217 -0.0252 100 0 0 0 0
1.6416 0.0078 -0.0264 100 0 0 0 0
1.6442 -9.8881 0.2057 100 0 0 0 0
1.6444 -10.0371 0.9115 100 0 0 0 0
1.6447 -10.0385 0.5572 100 0 0 0 0
1.6462 0.8599 -0.0248 100 0 0 0 0
1.6512 -2.0652 -0.0250 100 0 0 0 0
1.6525 2.0419 -0.0254 100 0 0 0 0
1.6530 1.4061 -0.0253 100 0 0 0 0
1.6546 -2.9372 -0.0252 100 0 0 0 0
1.6612 0.8331 -0.0248 100 0 0 0 0
1.6646 -1.4155 -0.0247 100 0 0 0 0
1.6690 2.0297 -0.0255 100 0 0 0 0
1.6699 -0.8447 -0.0250 100 0 0 0 0
1.6736 -7.5805 -0.0248 100 0 0 0 0
1.6745 7.5626 -0.0252 100 0 0 0 0
1.6751 1.3769 -0.0246 100 0 0 0 0
1.6756 2.8961 -0.0247 100 0 0 0 0
1.6780 -4.3770 -0.0253 100 0 0 0 0
1.6873 -2.0387 -0.0251 100 0 0 0 0
1.7023 0.7508 -0.0245 100 0 0 0 0
1.7052 -2.9094 -0.0251 100 0 0 0 0
1.7104 -0.7620 -0.0247 100 0 0 0 0
1.7148 -1.3625 -0.0252 100 0 0 0 0
1.7150 -0.7597 -0.0255 100 0 0 0 0
1.7150 7.5454 -0.0248 100 0 0 0 0
1.7152 -4.3589 -0.0248 100 0 0 0 0
1.7235 -10.0339 0.5573 100 0 0 0 0
1.7236 -10.0344 0.9120 100 0 0 0 0
1.7244 -7.5731 -0.0250 100 0 0 0 0
1.7251 1.3238 -0.0252 100 0 0 0 0
1.7262 2.8684 -0.0247 100 0 0 0 0
1.7284 0.6953 -0.0246 100 0 0 0 0
1.7311 2.8773 1.2660 100 0 0 0 0
1.7323 7.5436 -0.0248 100 0 0 0 0
1.7349 1.9686 -0.0243 100 0 0 0 0
1.7378 -1.3342 -0.0252 100 0 0 0 0
1.7386 -0.7074 -0.0254 100 0 0 0 0
1.7427 0.6681 -0.0251 100 0 0 0 0
1.7455 1.2934 -0.0245 100 0 0 0 0
1.7528 -4.3455 -0.0249 100 0 0 0 0
1.7560 -1.9813 -0.0248 100 0 0 0 0
1.7564 -2.8827 -0.0253 100 0 0 0 0
1.7692 -0.6204 -0.0245 100 0 0 0 0
1.7714 1.9426 -0.0248 100 0 0 0 0
1.7728 0.5810 -0.0243 100 0 0 0 0
1.7828 -1.2768 -0.0251 100 0 0 0 0
1.7867 -9.8805 0.2053 100 0 0 0 0
1.7874 4.3096 -0.0252 100 0 0 0 0
1.7885 -0.5623 -0.0243 100 0 0 0 0
1.7905 -1.9528 -0.0249 100 0 0 0 0
1.7909 -7.5567 -0.0250 100 0 0 0 0
1.7916 1.2369 -0.0249 100 0 0 0 0
1.7943 2.8304 -0.0247 100 0 0 0 0
1.7978 -9.8799 0.2055 100 0 0 0 0
1.7983 2.8372 1.2654 100 0 0 0 0
1.7999 0.5082 -0.0249 100 0 0 0 0
1.8002 -0.5338 -0.0249 100 0 0 0 0
1.8020 2.8407 1.2664 100 0 0 0 0
1.8029 -1.2463 -0.0247 100 0 0 0 0
1.8038 0.4943 -0.0248 100 0 0 0 0
1.8048 1.9128 -0.0247 100 0 0 0 0
1.8073 -7.5591 -0.0252 100 0 0 0 0
1.8078 -2.8561 -0.0256 100 0 0 0 0
1.8100 -9.8855 0.2051 100 0 0 0 0
1.8122 -10.0321 0.9124 100 0 0 0 0
1.8122 -10.0322 0.5573 100 0 0 0 0
1.8122 1.2069 -0.0246 100 0 0 0 0
1.8227 0.4359 -0.0253 100 0 0 0 0
1.8260 -0.4454 -0.0251 100 0 0 0 0
1.8279 -4.3153 -0.0248 100 0 0 0 0
1.8280 2.8139 -0.0252 100 0 0 0 0
1.8305 2.8180 1.2656 100 0 0 0 0
1.8410 0.3456 -0.0246 100 0 0 0 0
1.8426 -0.3861 -0.0257 100 0 0 0 0
1.8467 -1.1880 -0.0251 100 0 0 0 0
1.8527 4.2826 -0.0250 100 0 0 0 0
1.8536 -9.8776 0.2052 100 0 0 0 0
1.8540 -2.8208 -0.0248 100 0 0 0 0
1.8563 -0.2949 -0.0248 100 0 0 0 0
1.8568 -1.8928 -0.0248 100 0 0 0 0
1.8580 1.1498 -0.0256 100 0 0 0 0
1.8592 0.2553 -0.0250 100 0 0 0 0
1.8621 4.2781 -0.0250 100 0 0 0 0
1.8649 7.5169 -0.0250 100 0 0 0 0
1.8664 -1.1573 -0.0249 100 0 0 0 0
1.8671 0.1944 -0.0249 100 0 0 0 0
1.8681 -0.2037 -0.0247 100 0 0 0 0
1.8710 -1.8785 -0.0247 100 0 0 0 0
1.8733 1.8552 -0.0252 100 0 0 0 0
1.8753 0.1027 -0.0248 100 0 0 0 0
1.8756 -0.0506 -0.0241 100 0 0 0 0
1.8776 -0.1428 -0.0256 100 0 0 0 0
1.8793 0.0107 -0.0249 100 0 0 0 0
1.8802 -10.0292 0.9130 100 0 0 0 0
1.8803 -10.0299 0.5575 100 0 0 0 0
1.8804 2.7887 1.2659 100 0 0 0 0
1.8808 -0.0486 -0.0253 100 0 0 0 0
1.8809 -0.0200 -0.0253 100 0 0 0 0
1.8822 0.0765 -0.0261 100 0 0 0 0
1.8881 -9.8817 0.2050 100 0 0 0 0
1.8972 1.0882 -0.0255 100 0 0 0 0
1.8986 -9.8773 0.2052 100 0 0 0 0
1.9045 -4.2886 -0.0252 100 0 0 0 0
1.9048 1.8234 -0.0250 100 0 0 0 0
1.9073 -1.0968 -0.0254 100 0 0 0 0
1.9135 2.7610 -0.0252 100 0 0 0 0
1.9151 1.0564 -0.0252 100 0 0 0 0
1.9197 0.5987 0.7485 100 0 0 0 0
1.9199 0.5988 0.0115 100 0 0 0 0
1.9203 0.5989 0.8881 100 0 0 0 0
1.9208 -1.8303 -0.0246 100 0 0 0 0
1.9213 0.5993 0.2140 100 0 0 0 0
1.9215 0.5993 0.5460 100 0 0 0 0
1.9220 0.5995 0.6131 100 0 0 0 0
1.9221 -4.2772 -0.0248 100 0 0 0 0
1.9222 0.5996 0.3469 100 0 0 0 0
1.9231 0.5999 0.4132 100 0 0 0 0
1.9233 0.6023 0.0791 100 0 0 0 0
1.9234 0.6000 0.0791 100 0 0 0 0
1.9235 0.6024 0.8892 100 0 0 0 0
1.9245 0.6004 0.8188 100 0 0 0 0
1.9246 0.6028 0.5464 100 0 0 0 0
1.9247 0.6028 0.7497 100 0 0 0 0
1.9247 2.7507 -0.0249 100 0 0 0 0
1.9251 0.6029 0.0103 100 0 0 0 0
1.9254 0.6030 0.3468 100 0 0 0 0
1.9261 0.6009 0.4797 100 0 0 0 0
1.9268 0.6011 0.1463 100 0 0 0 0
1.9269 0.6035 0.2134 100 0 0 0 0
1.9272 0.6036 0.4133 100 0 0 0 0
1.9276 0.6038 0.6139 100 0 0 0 0
1.9279 2.7556 1.2653 100 0 0 0 0
1.9313 0.5676 0.8179 100 0 0 0 0
1.9317 0.5677 0.1470 100 0 0 0 0
1.9353 0.5689 0.4796 100 0 0 0 0
1.9365 4.2460 -0.0249 100 0 0 0 0
1.9367 1.7919 -0.0250 100 0 0 0 0
1.9388 -7.5273 -0.0251 100 0 0 0 0
1.9410 -1.0320 -0.0247 100 0 0 0 0
1.9499 0.9923 -0.0249 100 0 0 0 0
1.9512 3.2607 0.8401 100 0 0 0 0
1.9525 -2.7606 -0.0251 100 0 0 0 0
1.9531 7.4898 -0.0247 100 0 0 0 0
1.9531 -1.7994 -0.0248 100 0 0 0 0
1.9550 0.5076 0.4132 100 0 0 0 0
1.9558 3.2430 0.5757 100 0 0 0 0
1.9560 3.2346 1.2405 100 0 0 0 0
1.9562 0.5080 0.8195 100 0 0 0 0
1.9568 3.2447 0.7069 100 0 0 0 0
1.9571 0.5082 0.4798 100 0 0 0 0
1.9573 -0.9975 -0.0245 100 0 0 0 0
1.9573 -2.7545 -0.0249 100 0 0 0 0
1.9575 0.5083 0.0783 100 0 0 0 0
1.9576 3.2463 1.1066 100 0 0 0 0
1.9581 3.2395 0.1845 100 0 0 0 0
1.9582 3.2472 0.4453 100 0 0 0 0
1.9582 0.5085 0.3468 100 0 0 0 0
1.9584 0.5086 0.2133 100 0 0 0 0
1.9585 0.5086 0.1460 100 0 0 0 0
1.9586 3.2393 0.4451 100 0 0 0 0
1.9587 0.5087 0.0095 100 0 0 0 0
1.9588 3.2312 1.1042 100 0 0 0 0
1.9589 0.5064 0.8906 100 0 0 0 0
1.9591 0.5088 0.6141 100 0 0 0 0
1.9591 3.2401 0.8384 100 0 0 0 0
1.9591 3.2317 0.0540 100 0 0 0 0
1.9592 3.2365 0.3149 100 0 0 0 0
1.9592 3.2490 1.2438 100 0 0 0 0
1.9593 0.5065 0.5468 100 0 0 0 0
1.9593 3.2405 0.9714 100 0 0 0 0
1.9594 3.2406 0.1843 100 0 0 0 0
1.9594 0.5089 0.6820 100 0 0 0 0
1.9594 3.2322 0.5753 100 0 0 0 0
1.9594 3.2322 0.7061 100 0 0 0 0
1.9595 3.2408 0.3148 100 0 0 0 0
1.9595 3.2371 0.8380 100 0 0 0 0
1.9598 3.2414 0.0532 100 0 0 0 0
1.9599 3.2330 0.9705 100 0 0 0 0
1.9607 0.5069 0.1458 100 0 0 0 0
1.9615 0.5072 0.2800 100 0 0 0 0
1.9616 0.5072 0.4133 100 0 0 0 0
1.9622 0.5074 0.7511 100 0 0 0 0
1.9623 0.5074 0.0776 100 0 0 0 0
1.9624 -1.0022 -0.0255 100 0 0 0 0
1.9631 -7.5186 -0.0249 100 0 0 0 0
1.9632 0.9581 -0.0240 100 0 0 0 0
1.9633 3.2305 1.2406 100 0 0 0 0
1.9637 3.2408 0.5757 100 0 0 0 0
1.9639 -9.8758 0.2048 100 0 0 0 0
1.9642 0.5079 0.0085 100 0 0 0 0
1.9644 0.5080 0.4802 100 0 0 0 0
1.9658 0.6506 -0.0003 100 0 0 0 0
1.9660 0.6507 0.3459 100 0 0 0 0
1.9665 0.5086 0.6150 100 0 0 0 0
1.9667 0.6509 0.4826 100 0 0 0 0
1.9669 0.5087 0.8219 100 0 0 0 0
1.9670 0.5087 0.3466 100 0 0 0 0
1.9670 0.6511 0.6901 100 0 0 0 0
1.9671 -9.8813 0.2047 100 0 0 0 0
1.9677 1.7596 -0.0249 100 0 0 0 0
1.9682 0.6515 0.4142 100 0 0 0 0
1.9687 0.6517 0.1394 100 0 0 0 0
1.9692 0.6518 0.9052 100 0 0 0 0
1.9693 0.6519 0.2773 100 0 0 0 0
1.9696 0.6520 0.0695 100 0 0 0 0
1.9708 0.6524 0.8329 100 0 0 0 0
1.9710 0.6525 0.5516 100 0 0 0 0
1.9712 0.6526 0.6209 100 0 0 0 0
1.9739 2.7204 -0.0251 100 0 0 0 0
1.9743 3.1821 1.2323 100 0 0 0 0
1.9748 3.1829 0.1865 100 0 0 0 0
1.9752 3.1836 0.5736 100 0 0 0 0
1.9754 3.1839 0.3155 100 0 0 0 0
1.9756 3.1843 1.0981 100 0 0 0 0
1.9761 3.1851 0.9653 100 0 0 0 0
1.9762 3.1853 0.0567 100 0 0 0 0
1.9768 3.1864 0.7034 100 0 0 0 0
1.9773 3.1872 0.4446 100 0 0 0 0
1.9777 2.7260 1.2660 100 0 0 0 0
1.9789 3.1900 0.8344 100 0 0 0 0
1.9790 -4.2566 -0.0251 100 0 0 0 0
1.9915 -10.0238 0.5577 100 0 0 0 0
1.9919 -10.0258 0.9137 100 0 0 0 0
1.9960 -0.9374 -0.0255 100 0 0 0 0
1.9969 7.4873 -0.0251 100 0 0 0 0
1.9977 -2.7245 -0.0246 100 0 0 0 0
1.9984 0.8943 -0.0245 100 0 0 0 0
2.0103 4.2128 -0.0248 100 0 0 0 0
2.0172 -1.7367 -0.0253 100 0 0 0 0
2.0228 -0.8694 -0.0246 100 0 0 0 0
2.0263 3.1594 0.9658 100 0 0 0 0
2.0276 3.1592 0.0567 100 0 0 0 0
2.0296 1.6950 -0.0251 100 0 0 0 0
2.0297 -1.7170 -0.0248 100 0 0 0 0
2.0308 0.8290 -0.0249 100 0 0 0 0
2.0339 0.4918 0.5527 100 0 0 0 0
2.0346 0.4919 0.9091 100 0 0 0 0
2.0346 3.1579 0.7036 100 0 0 0 0
2.0354 3.1593 0.5739 100 0 0 0 0
2.0360 7.4775 -0.0251 100 0 0 0 0
2.0362 3.1596 1.0999 100 0 0 0 0
2.0378 2.6758 -0.0251 100 0 0 0 0
2.0381 3.1592 0.1859 100 0 0 0 0
2.0384 -0.8338 -0.0246 100 0 0 0 0
2.0401 3.1660 0.3152 100 0 0 0 0
2.0403 0.4911 0.6231 100 0 0 0 0
2.0407 0.4912 0.4146 100 0 0 0 0
2.0408 0.4912 0.4838 100 0 0 0 0
2.0410 2.6802 1.2654 100 0 0 0 0
2.0411 0.4913 0.5533 100 0 0 0 0
2.0411 0.4913 0.3454 100 0 0 0 0
2.0412 0.4913 0.0662 100 0 0 0 0
2.0412 0.4913 -0.0051 100 0 0 0 0
2.0414 0.4914 0.9109 100 0 0 0 0
2.0418 0.4915 0.1367 100 0 0 0 0
2.0419 0.4915 0.6939 100 0 0 0 0
2.0420 0.4916 0.7653 100 0 0 0 0
2.0429 0.7945 -0.0244 100 0 0 0 0
2.0430 -9.8749 0.2046 100 0 0 0 0
2.0435 4.2034 -0.0252 100 0 0 0 0
2.0436 0.4920 0.2065 100 0 0 0 0
2.0442 3.1612 1.2361 100 0 0 0 0
2.0466 -2.6937 -0.0249 100 0 0 0 0
2.0489 -10.0237 0.5579 100 0 0 0 0
2.0493 -10.0256 0.9144 100 0 0 0 0
2.0516 -4.2205 -0.0249 100 0 0 0 0
2.0609 1.6629 -0.0255 100 0 0 0 0
2.0678 3.1513 0.4448 100 0 0 0 0
2.0681 3.1518 0.0551 100 0 0 0 0
2.0682 3.1521 0.9681 100 0 0 0 0
2.0685 2.6541 -0.0252 100 0 0 0 0
2.0692 3.1537 0.5747 100 0 0 0 0
2.0694 -7.4920 -0.0250 100 0 0 0 0
2.0696 3.1543 0.3151 100 0 0 0 0
2.0700 3.1550 1.1024 100 0 0 0 0
2.0700 3.1550 0.7052 100 0 0 0 0
2.0701 -0.7705 -0.0256 100 0 0 0 0
2.0701 3.1551 0.1852 100 0 0 0 0
2.0707 2.6572 1.2653 100 0 0 0 0
2.0710 3.1566 0.8366 100 0 0 0 0
2.0728 -1.6665 -0.0246 100 0 0 0 0
2.0729 0.7280 -0.0250 100 0 0 0 0
2.0777 3.1594 1.2399 100 0 0 0 0
2.0782 3.1602 0.8375 100 0 0 0 0
2.0847 1.6244 -0.0244 100 0 0 0 0
2.0851 4.1815 -0.0250 100 0 0 0 0
2.0916 -2.6576 -0.0246 100 0 0 0 0
2.0931 -0.7012 -0.0252 100 0 0 0 0
2.0977 -4.1977 -0.0248 100 0 0 0 0
2.1024 -1.6330 -0.0248 100 0 0 0 0
2.1041 -7.4758 -0.0247 100 0 0 0 0
2.1098 3.1952 0.0500 100 0 0 0 0
2.1098 3.1953 0.4458 100 0 0 0 0
2.1102 3.1960 0.5777 100 0 0 0 0
2.1107 3.1967 0.7102 100 0 0 0 0
2.1108 3.1969 0.9778 100 0 0 0 0
2.1110 3.1972 0.1822 100 0 0 0 0
2.1111 3.1974 0.8435 100 0 0 0 0
2.1112 3.1975 1.2515 100 0 0 0 0
2.1121 3.1991 1.1141 100 0 0 0 0
2.1140 -0.6313 -0.0248 100 0 0 0 0
2.1191 7.4540 -0.0251 100 0 0 0 0
2.1219 -0.6161 -0.0255 100 0 0 0 0
2.1254 3.2123 1.2561 100 0 0 0 0
2.1266 3.2143 0.8462 100 0 0 0 0
2.1267 3.2144 0.5790 100 0 0 0 0
2.1269 3.2148 0.3137 100 0 0 0 0
2.1272 7.4509 -0.0250 100 0 0 0 0
2.1273 3.2154 0.4463 100 0 0 0 0
2.1274 3.2155 0.7123 100 0 0 0 0
2.1276 3.2159 0.0476 100 0 0 0 0
2.1276 3.2159 0.9817 100 0 0 0 0
2.1277 3.2161 1.1185 100 0 0 0 0
2.1282 3.2169 0.1808 100 0 0 0 0
2.1391 1.5609 -0.0248 100 0 0 0 0
2.1394 2.6000 -0.0250 100 0 0 0 0
2.1395 -2.6251 -0.0250 100 0 0 0 0
2.1398 9.5124 1.2317 100 0 0 0 0
2.1402 10.0099 1.2743 100 0 0 0 0
2.1403 9.5676 0.5509 100 0 0 0 0
2.1404 10.1278 2.3895 100 0 0 0 0
2.1405 10.1057 2.7609 100 0 0 0 0
2.1405 10.0111 2.3672 100 0 0 0 0
2.1405 10.2479 2.4124 100 0 0 0 0
2.1405 9.5155 0.5499 100 0 0 0 0
2.1405 9.5157 1.5758 100 0 0 0 0
2.1405 9.7302 0.5537 100 0 0 0 0
2.1405 9.5157 0.8903 100 0 0 0 0
2.1406 9.5690 1.5823 100 0 0 0 0
2.1407 9.5691 1.9309 100 0 0 0 0
2.1407 9.5692 0.8932 100 0 0 0 0
2.1407 9.8418 0.9072 100 0 0 0 0
2.1407 9.6225 1.2412 100 0 0 0 0
2.1408 10.1298 1.2846 100 0 0 0 0
2.1408 10.1071 0.9205 100 0 0 0 0
2.1408 9.6770 1.2459 100 0 0 0 0
2.1408 10.3104 2.8079 100 0 0 0 0
2.1408 10.0488 1.6395 100 0 0 0 0
2.1408 9.4650 0.8879 100 0 0 0 0
2.1409 9.4651 1.5699 100 0 0 0 0
2.1409 9.6773 0.8987 100 0 0 0 0
2.1409 9.5701 1.2368 100 0 0 0 0
2.1409 10.1075 0.1999 100 0 0 0 0
2.1409 9.5175 2.2734 100 0 0 0 0
2.1409 9.8990 2.3459 100 0 0 0 0
2.1409 9.6774 2.6650 100 0 0 0 0
2.1409 10.0132 1.6355 100 0 0 0 0
2.1409 9.7322 1.9561 100 0 0 0 0
2.1410 9.8992 0.9100 100 0 0 0 0
2.1410 9.8431 0.5557 100 0 0 0 0
2.1410 10.2504 2.7945 100 0 0 0 0
2.1410 10.0719 2.3789 100 0 0 0 0
2.1410 9.6780 0.5527 100 0 0 0 0
2.1410 9.5179 0.2099 100 0 0 0 0
2.1410 9.8433 1.6152 100 0 0 0 0
2.1410 9.8994 0.2033 100 0 0 0 0
2.1410 10.3115 2.4244 100 0 0 0 0
2.1410 9.8996 1.6218 100 0 0 0 0
2.1410 9.9739 2.3599 100 0 0 0 0
2.1410 10.0722 2.0087 100 0 0 0 0
2.1410 10.3115 1.3001 100 0 0 0 0
2.1410 9.7328 1.2507 100 0 0 0 0
2.1411 9.8437 2.7026 100 0 0 0 0
2.1411 9.3950 1.5611 100 0 0 0 0
2.1411 10.0725 0.5595 100 0 0 0 0
2.1411 9.6785 1.9478 100 0 0 0 0
2.1411 10.3118 0.5635 100 0 0 0 0
2.1411 10.0144 2.7411 100 0 0 0 0
2.1412 10.0144 0.9159 100 0 0 0 0
2.1412 9.4666 2.2639 100 0 0 0 0
2.1412 10.1319 2.0180 100 0 0 0 0
2.1412 9.4667 0.5492 100 0 0 0 0
2.1412 10.0730 1.6428 100 0 0 0 0
2.1412 10.2515 2.0367 100 0 0 0 0
2.1412 9.9006 2.7153 100 0 0 0 0
2.1412 9.8443 2.3357 100 0 0 0 0
2.1412 10.3123 0.1963 100 0 0 0 0
2.1412 9.7338 2.6778 100 0 0 0 0
2.1412 10.0149 1.9998 100 0 0 0 0
2.1412 9.4670 1.2280 100 0 0 0 0
2.1413 10.2519 0.9282 100 0 0 0 0
2.1413 10.2520 0.5626 100 0 0 0 0
2.1413 9.3959 2.6009 100 0 0 0 0
2.1413 10.3128 2.0460 100 0 0 0 0
2.1413 10.1324 0.9220 100 0 0 0 0
2.1413 9.7340 1.6021 100 0 0 0 0
2.1413 9.7340 0.2063 100 0 0 0 0
2.1413 10.1325 0.5605 100 0 0 0 0
2.1413 10.0736 0.2004 100 0 0 0 0
2.1413 9.8449 0.2044 100 0 0 0 0
2.1413 10.1327 1.6500 100 0 0 0 0
2.1414 10.2524 1.2952 100 0 0 0 0
2.1414 10.3132 1.6716 100 0 0 0 0
2.1414 9.5198 1.9232 100 0 0 0 0
2.1414 9.6799 0.2072 100 0 0 0 0
2.1414 9.4677 0.2109 100 0 0 0 0
2.1414 9.5727 0.2091 100 0 0 0 0
2.1414 9.6800 2.3044 100 0 0 0 0
2.1414 9.5201 2.6295 100 0 0 0 0
2.1414 10.1331 2.7680 100 0 0 0 0
2.1414 9.7894 2.6903 100 0 0 0 0
2.1414 9.8454 1.9737 100 0 0 0 0
2.1414 9.7347 2.3148 100 0 0 0 0
2.1414 10.2528 0.1975 100 0 0 0 0
2.1415 9.9018 1.9823 100 0 0 0 0
2.1415 9.4681 1.9153 100 0 0 0 0
2.1415 9.7897 1.9650 100 0 0 0 0
2.1415 10.3138 0.9312 100 0 0 0 0
2.1415 10.0746 2.7547 100 0 0 0 0
2.1415 10.0163 0.2014 100 0 0 0 0
2.1416 9.5734 2.2842 100 0 0 0 0
2.1416 10.1339 0.1994 100 0 0 0 0
2.1416 9.7355 0.9017 100 0 0 0 0
2.1416 9.5736 2.6417 100 0 0 0 0
2.1417 9.8465 1.2605 100 0 0 0 0
2.1417 9.9030 1.2651 100 0 0 0 0
2.1417 10.0757 1.2800 100 0 0 0 0
2.1418 10.2545 1.6647 100 0 0 0 0
2.1418 9.4697 2.6183 100 0 0 0 0
2.1418 10.0762 0.9191 100 0 0 0 0
2.1419 10.0179 0.5585 100 0 0 0 0
2.1421 9.9046 0.5565 100 0 0 0 0
2.1423 -9.8715 0.2043 100 0 0 0 0
2.1423 9.6845 1.5961 100 0 0 0 0
2.1438 1.5572 -0.0250 100 0 0 0 0
2.1467 -0.5269 -0.0254 100 0 0 0 0
2.1481 0.4843 -0.0249 100 0 0 0 0
2.1504 2.6020 1.2661 100 0 0 0 0
2.1577 4.1456 -0.0249 100 0 0 0 0
2.1583 2.5815 -0.0247 100 0 0 0 0
2.1594 -1.5639 -0.0251 100 0 0 0 0
2.1615 -0.4554 -0.0250 100 0 0 0 0
2.1631 0.4129 -0.0246 100 0 0 0 0
2.1653 2.5905 1.2663 100 0 0 0 0
2.1727 -10.0202 0.9152 100 0 0 0 0
2.1736 -10.0247 0.5583 100 0 0 0 0
2.1752 -0.3838 -0.0249 100 0 0 0 0
2.1771 0.3414 -0.0247 100 0 0 0 0
2.1836 -2.5878 -0.0247 100 0 0 0 0
2.1836 -1.5262 -0.0246 100 0 0 0 0
2.1882 -0.3120 -0.0251 100 0 0 0 0
2.1895 0.2696 -0.0249 100 0 0 0 0
2.1898 9.3509 1.5573 100 0 0 0 0
2.1899 9.3513 0.8825 100 0 0 0 0
2.1901 9.3523 2.2440 100 0 0 0 0
2.1903 9.3532 0.5474 100 0 0 0 0
2.1905 9.3545 0.2126 100 0 0 0 0
2.1907 9.3553 1.8993 100 0 0 0 0
2.1909 9.3561 1.2193 100 0 0 0 0
2.1912 9.3573 2.5951 100 0 0 0 0
2.1949 -0.2761 -0.0255 100 0 0 0 0
2.1972 0.1995 -0.0248 100 0 0 0 0
2.1975 -4.1502 -0.0248 100 0 0 0 0
2.1986 -0.1886 -0.0245 100 0 0 0 0
2.1995 -7.4551 -0.0249 100 0 0 0 0
2.2005 0.1974 -0.0254 100 0 0 0 0
2.2020 -0.2034 -0.0253 100 0 0 0 0
2.2022 1.4810 -0.0251 100 0 0 0 0
2.2030 -4.1497 -0.0249 100 0 0 0 0
2.2031 -0.1304 -0.0245 100 0 0 0 0
2.2051 2.5476 -0.0250 100 0 0 0 0
2.2076 -10.0220 0.5586 100 0 0 0 0
2.2076 -10.0220 0.9159 100 0 0 0 0
2.2080 -0.0577 -0.0249 100 0 0 0 0
2.2081 0.0882 -0.0253 100 0 0 0 0
2.2090 -7.4572 -0.0250 100 0 0 0 0
2.2092 4.1258 -0.0254 100 0 0 0 0
2.2094 2.5529 1.2658 100 0 0 0 0
2.2098 0.0153 -0.0252 100 0 0 0 0
2.2104 -9.8709 0.2041 100 0 0 0 0
2.2119 -1.4915 -0.0250 100 0 0 0 0
2.2235 1.4491 -0.0250 100 0 0 0 0
2.2297 -2.5531 -0.0250 100 0 0 0 0
2.2302 4.1095 -0.0249 100 0 0 0 0
2.2496 2.5109 -0.0250 100 0 0 0 0
2.2565 2.5191 1.2668 100 0 0 0 0
2.2623 -1.4175 -0.0250 100 0 0 0 0
2.2668 9.3522 1.5596 100 0 0 0 0
2.2699 -4.1140 -0.0249 100 0 0 0 0
2.2732 -1.3969 -0.0247 100 0 0 0 0
2.2743 -2.5165 -0.0251 100 0 0 0 0
2.2743 1.3754 -0.0252 100 0 0 0 0
2.2775 9.3507 2.5980 100 0 0 0 0
2.2782 9.3539 0.5477 100 0 0 0 0
2.2784 9.3547 1.9023 100 0 0 0 0
2.2784 9.3547 1.5601 100 0 0 0 0
2.2784 9.3548 1.2209 100 0 0 0 0
2.2786 9.3553 0.8837 100 0 0 0 0
2.2786 9.3558 2.2485 100 0 0 0 0
2.2787 9.3560 0.2121 100 0 0 0 0
2.2825 9.3548 1.5599 100 0 0 0 0
2.2889 9.3527 1.2210 100 0 0 0 0
2.2890 9.3532 0.5479 100 0 0 0 0
2.2895 9.3553 1.5606 100 0 0 0 0
2.2897 9.3558 2.2492 100 0 0 0 0
2.2898 9.3562 1.9031 100 0 0 0 0
2.2899 9.3568 0.8840 100 0 0 0 0
2.2901 9.3577 2.6005 100 0 0 0 0
2.2902 9.3582 0.2122 100 0 0 0 0
2.2945 2.4746 -0.0252 100 0 0 0 0
2.2963 9.3516 2.5989 100 0 0 0 0
2.2973 2.4778 1.2655 100 0 0 0 0
2.2975 1.3371 -0.0251 100 0 0 0 0
2.3014 4.0707 -0.0248 100 0 0 0 0
2.3118 -1.3429 -0.0253 100 0 0 0 0
2.3183 1.2974 -0.0246 100 0 0 0 0
2.3206 -2.4816 -0.0256 100 0 0 0 0
2.3230 -9.8729 0.2036 100 0 0 0 0
2.3302 -7.4202 -0.0251 100 0 0 0 0
2.3343 2.4325 -0.0246 100 0 0 0 0
2.3418 -4.0767 -0.0250 100 0 0 0 0
2.3542 -10.0127 0.5588 100 0 0 0 0
2.3542 -1.2640 -0.0248 100 0 0 0 0
2.3544 -10.0138 0.9169 100 0 0 0 0
2.3570 -2.4390 -0.0248 100 0 0 0 0
2.3586 2.4236 1.2655 100 0 0 0 0
2.3594 1.2280 -0.0247 100 0 0 0 0
2.3615 -2.4407 -0.0252 100 0 0 0 0
2.3619 -1.2549 -0.0252 100 0 0 0 0
2.3621 4.0454 -0.0254 100 0 0 0 0
2.3630 -7.4102 -0.0250 100 0 0 0 0
2.3665 -10.0161 0.9174 100 0 0 0 0
2.3669 -9.8640 0.2037 100 0 0 0 0
2.3670 -10.0184 0.5592 100 0 0 0 0
2.3672 1.2222 -0.0254 100 0 0 0 0
2.3738 4.0343 -0.0250 100 0 0 0 0
2.3814 2.3983 -0.0254 100 0 0 0 0
2.3822 2.3991 1.2651 100 0 0 0 0
2.4001 -1.1870 -0.0254 100 0 0 0 0
2.4011 -2.3986 -0.0248 100 0 0 0 0
2.4033 -7.3958 -0.0250 100 0 0 0 0
2.4052 2.9240 1.1027 100 0 0 0 0
2.4077 2.9204 1.2380 100 0 0 0 0
2.4098 1.1434 -0.0255 100 0 0 0 0
2.4145 -4.0405 -0.0253 100 0 0 0 0
2.4151 2.9093 1.1017 100 0 0 0 0
2.4158 2.9239 0.9699 100 0 0 0 0
2.4168 2.9114 1.2378 100 0 0 0 0
2.4172 -4.0349 -0.0249 100 0 0 0 0
2.4210 2.3562 -0.0250 100 0 0 0 0
2.4231 2.9195 0.9701 100 0 0 0 0
2.4296 9.3544 0.2116 100 0 0 0 0
2.4297 9.3553 1.9079 100 0 0 0 0
2.4298 9.3557 2.2553 100 0 0 0 0
2.4299 9.3559 1.5646 100 0 0 0 0
2.4299 9.3560 0.8856 100 0 0 0 0
2.4300 9.3565 2.6075 100 0 0 0 0
2.4301 9.3566 1.2241 100 0 0 0 0
2.4302 9.3569 0.5484 100 0 0 0 0
2.4358 1.0762 -0.0246 100 0 0 0 0
2.4373 -2.3569 -0.0248 100 0 0 0 0
2.4382 -1.1059 -0.0251 100 0 0 0 0
2.4387 2.3509 1.2661 100 0 0 0 0
2.4424 -1.0982 -0.0252 100 0 0 0 0
2.4447 -2.3614 -0.0256 100 0 0 0 0
2.4455 1.0612 -0.0249 100 0 0 0 0
2.4473 -10.0127 0.9182 100 0 0 0 0
2.4476 -10.0140 0.5594 100 0 0 0 0
2.4593 -7.3797 -0.0250 100 0 0 0 0
2.4612 9.3482 0.8857 100 0 0 0 0
2.4623 9.3528 1.5653 100 0 0 0 0
2.4624 9.3531 1.2246 100 0 0 0 0
2.4625 9.3534 2.2566 100 0 0 0 0
2.4625 9.3535 0.2115 100 0 0 0 0
2.4627 9.3543 0.5486 100 0 0 0 0
2.4630 9.3555 2.6093 100 0 0 0 0
2.4633 9.3565 1.9096 100 0 0 0 0
2.4633 2.3168 -0.0253 100 0 0 0 0
2.4649 2.8676 1.1014 100 0 0 0 0
2.4658 2.8687 1.2371 100 0 0 0 0
2.4677 2.3211 1.2661 100 0 0 0 0
2.4699 2.8738 0.9690 100 0 0 0 0
2.4743 -1.0240 -0.0250 100 0 0 0 0
2.4835 0.9801 -0.0252 100 0 0 0 0
2.4847 -4.0001 -0.0253 100 0 0 0 0
2.4852 -2.3194 -0.0251 100 0 0 0 0
2.5017 -9.8599 0.2031 100 0 0 0 0
2.5026 2.2797 1.2650 100 0 0 0 0
2.5038 2.2756 -0.0253 100 0 0 0 0
2.5079 -0.9411 -0.0249 100 0 0 0 0
2.5116 2.8222 1.2356 100 0 0 0 0
2.5136 2.8246 1.1010 100 0 0 0 0
2.5165 0.8969 -0.0252 100 0 0 0 0
2.5172 -2.2758 -0.0246 100 0 0 0 0
2.5178 -0.9198 -0.0252 100 0 0 0 0
2.5185 2.8304 0.9686 100 0 0 0 0
2.5212 -3.9706 -0.0248 100 0 0 0 0
2.5216 -2.2823 -0.0254 100 0 0 0 0
2.5244 -9.8583 0.2031 100 0 0 0 0
2.5257 0.8714 -0.0251 100 0 0 0 0
2.5381 -10.0108 0.5595 100 0 0 0 0
2.5383 -10.0113 0.9190 100 0 0 0 0
2.5395 3.0825 0.8620 100 0 0 0 0
2.5397 2.2301 -0.0246 100 0 0 0 0
2.5413 -0.8579 -0.0253 100 0 0 0 0
2.5456 2.2356 1.2652 100 0 0 0 0
2.5482 3.0793 0.8624 100 0 0 0 0
2.5527 -3.9558 -0.0251 100 0 0 0 0
2.5602 2.7793 1.1002 100 0 0 0 0
2.5611 2.7803 1.2357 100 0 0 0 0
2.5631 -2.2342 -0.0249 100 0 0 0 0
2.5672 2.7873 0.9685 100 0 0 0 0
2.5693 -0.7729 -0.0253 100 0 0 0 0
2.5815 2.1901 -0.0251 100 0 0 0 0
2.5823 3.9094 -0.0249 100 0 0 0 0
2.5867 2.1948 1.2660 100 0 0 0 0
2.5878 -7.3377 -0.0250 100 0 0 0 0
2.5897 -10.0103 0.9200 100 0 0 0 0
2.5922 -0.6863 -0.0250 100 0 0 0 0
2.5924 9.3524 1.5691 100 0 0 0 0
2.5927 9.3533 2.6161 100 0 0 0 0
2.5927 9.3533 1.9140 100 0 0 0 0
2.5927 9.3536 0.5490 100 0 0 0 0
2.5929 9.3544 0.8876 100 0 0 0 0
2.5930 9.3545 2.2629 100 0 0 0 0
2.5932 9.3553 0.2109 100 0 0 0 0
2.5938 9.3576 1.2277 100 0 0 0 0
2.5960 -2.1988 -0.0252 100 0 0 0 0
2.5972 -0.6785 -0.0254 100 0 0 0 0
2.5973 0.6312 -0.0246 100 0 0 0 0
2.5980 2.7559 0.9679 100 0 0 0 0
2.5983 2.7498 1.2360 100 0 0 0 0
2.5987 2.7439 1.0999 100 0 0 0 0
2.6007 -0.6423 -0.0245 100 0 0 0 0
2.6037 -7.3312 -0.0250 100 0 0 0 0
2.6050 -9.8563 0.2028 100 0 0 0 0
2.6077 -10.0073 0.9197 100 0 0 0 0
2.6079 -10.0084 0.5598 100 0 0 0 0
2.6084 0.5975 -0.0250 100 0 0 0 0
2.6085 2.7360 1.1001 100 0 0 0 0
2.6090 2.7366 1.2354 100 0 0 0 0
2.6098 0.6009 -0.0253 100 0 0 0 0
2.6185 2.7471 0.9691 100 0 0 0 0
2.6185 2.1458 -0.0249 100 0 0 0 0
2.6193 -0.5548 -0.0242 100 0 0 0 0
2.6210 -3.9123 -0.0250 100 0 0 0 0
2.6238 2.1504 1.2656 100 0 0 0 0
2.6287 3.0028 0.8612 100 0 0 0 0
2.6289 3.8803 -0.0249 100 0 0 0 0
2.6313 0.5109 -0.0255 100 0 0 0 0
2.6314 -10.0081 0.9203 100 0 0 0 0
2.6373 9.3529 1.9159 100 0 0 0 0
2.6373 9.3531 0.2108 100 0 0 0 0
2.6377 9.3544 0.8883 100 0 0 0 0
2.6380 9.3555 2.2655 100 0 0 0 0
2.6383 9.3567 1.5712 100 0 0 0 0
2.6383 9.3567 0.5494 100 0 0 0 0
2.6383 -2.1467 -0.0247 100 0 0 0 0
2.6384 9.3569 2.6198 100 0 0 0 0
2.6385 9.3576 1.2289 100 0 0 0 0
2.6423 -0.4683 -0.0251 100 0 0 0 0
2.6427 0.4219 -0.0246 100 0 0 0 0
2.6447 -7.3186 -0.0251 100 0 0 0 0
2.6492 2.9857 0.8613 100 0 0 0 0
2.6536 3.8705 -0.0254 100 0 0 0 0
2.6561 2.1020 -0.0250 100 0 0 0 0
2.6563 -0.3798 -0.0250 100 0 0 0 0
2.6591 0.3339 -0.0250 100 0 0 0 0
2.6631 2.1078 1.2662 100 0 0 0 0
2.6673 -0.2910 -0.0250 100 0 0 0 0
2.6716 -3.8765 -0.0249 100 0 0 0 0
2.6721 0.2453 -0.0254 100 0 0 0 0
2.6732 -0.2017 -0.0246 100 0 0 0 0
2.6749 -0.1570 -0.0244 100 0 0 0 0
2.6768 -2.1036 -0.0250 100 0 0 0 0
2.6776 3.2520 0.7426 100 0 0 0 0
2.6784 2.6702 1.0999 100 0 0 0 0
2.6785 0.1140 -0.0248 100 0 0 0 0
2.6787 0.0305 -0.0244 100 0 0 0 0
2.6788 0.1560 -0.0253 100 0 0 0 0
2.6793 -0.0677 -0.0246 100 0 0 0 0
2.6797 2.6716 1.2354 100 0 0 0 0
2.6802 0.1112 -0.0251 100 0 0 0 0
2.6813 0.1201 -0.0253 100 0 0 0 0
2.6817 -0.1486 -0.0254 100 0 0 0 0
2.6820 -0.1126 -0.0252 100 0 0 0 0
2.6838 -9.8558 0.2024 100 0 0 0 0
2.6856 3.2546 0.7432 100 0 0 0 0
2.6861 0.0218 -0.0256 100 0 0 0 0
2.6882 2.6805 0.9688 100 0 0 0 0
2.6921 2.0569 -0.0249 100 0 0 0 0
2.6991 2.9386 0.8609 100 0 0 0 0
2.6995 2.0628 1.2661 100 0 0 0 0
2.7055 2.6498 1.1007 100 0 0 0 0
2.7067 2.6510 1.2364 100 0 0 0 0
2.7126 2.6571 0.9689 100 0 0 0 0
2.7126 -2.0583 -0.0249 100 0 0 0 0
2.7160 -7.2944 -0.0251 100 0 0 0 0
2.7197 3.8235 -0.0252 100 0 0 0 0
2.7224 -10.0043 0.5601 100 0 0 0 0
2.7233 -10.0078 0.9211 100 0 0 0 0
2.7270 2.0109 -0.0247 100 0 0 0 0
2.7347 2.0169 1.2658 100 0 0 0 0
2.7386 3.2047 0.7427 100 0 0 0 0
2.7470 -2.0120 -0.0248 100 0 0 0 0
2.7529 2.8959 0.8613 100 0 0 0 0
2.7552 2.5995 1.2357 100 0 0 0 0
2.7564 -3.8231 -0.0251 100 0 0 0 0
2.7593 3.7934 -0.0250 100 0 0 0 0
2.7598 2.5981 1.1009 100 0 0 0 0
2.7600 2.6125 0.9691 100 0 0 0 0
2.7603 2.6000 1.1009 100 0 0 0 0
2.7606 2.6025 1.2369 100 0 0 0 0
2.7607 -3.8203 -0.0250 100 0 0 0 0
2.7624 1.9653 -0.0248 100 0 0 0 0
2.7638 -9.8494 0.2022 100 0 0 0 0
2.7644 -7.2771 -0.0251 100 0 0 0 0
2.7686 1.9700 1.2654 100 0 0 0 0
2.7694 -10.0031 0.5604 100 0 0 0 0
2.7707 -10.0079 0.9219 100 0 0 0 0
2.7826 -1.9665 -0.0249 100 0 0 0 0
2.7848 3.7751 -0.0249 100 0 0 0 0
2.7852 0.2568 1.0963 100 0 0 0 0
2.7856 3.1624 0.7424 100 0 0 0 0
2.7923 3.1557 0.7424 100 0 0 0 0
2.7981 1.9200 -0.0250 100 0 0 0 0
2.8024 2.5630 1.2377 100 0 0 0 0
2.8027 2.5633 1.1023 100 0 0 0 0
2.8035 2.8496 0.8613 100 0 0 0 0
2.8041 1.9243 1.2658 100 0 0 0 0
2.8061 0.3541 1.1050 100 0 0 0 0
2.8084 0.3607 1.1058 100 0 0 0 0
2.8091 2.5694 0.9699 100 0 0 0 0
2.8214 -1.9233 -0.0257 100 0 0 0 0
2.8215 -3.7749 -0.0249 100 0 0 0 0
2.8240 0.1656 1.1046 100 0 0 0 0
2.8244 0.2607 1.0063 100 0 0 0 0
2.8268 0.2830 1.0074 100 0 0 0 0
2.8309 0.1660 1.0060 100 0 0 0 0
2.8329 1.8738 -0.0252 100 0 0 0 0
2.8372 1.8769 1.2657 100 0 0 0 0
2.8393 2.8199 0.8617 100 0 0 0 0
2.8412 -1.8826 -0.0249 100 0 0 0 0
2.8412 1.8814 1.2670 100 0 0 0 0
2.8427 -7.2471 -0.0250 100 0 0 0 0
2.8428 0.4077 1.1168 100 0 0 0 0
2.8455 2.5200 1.1025 100 0 0 0 0
2.8461 3.1072 0.7422 100 0 0 0 0
2.8467 2.5212 1.2385 100 0 0 0 0
2.8489 2.5174 1.2383 100 0 0 0 0
2.8508 0.3117 1.0136 100 0 0 0 0
2.8508 2.5192 1.1032 100 0 0 0 0
2.8517 3.7294 -0.0251 100 0 0 0 0
2.8543 2.8034 0.8615 100 0 0 0 0
2.8563 2.5243 0.9704 100 0 0 0 0
2.8637 1.8250 -0.0249 100 0 0 0 0
2.8675 -9.8517 0.2017 100 0 0 0 0
2.8684 0.1203 1.1158 100 0 0 0 0
2.8701 1.8293 1.2658 100 0 0 0 0
2.8709 0.2170 0.9155 100 0 0 0 0
2.8726 0.1206 1.0150 100 0 0 0 0
2.8750 -7.2356 -0.0250 100 0 0 0 0
2.8796 0.1693 0.9165 100 0 0 0 0
2.8814 0.4632 1.1294 100 0 0 0 0
2.8845 -1.8264 -0.0254 100 0 0 0 0
2.8853 0.3649 1.0231 100 0 0 0 0
2.8864 -3.7264 -0.0248 100 0 0 0 0
2.8885 3.4050 0.6104 100 0 0 0 0
2.8906 0.2675 0.9202 100 0 0 0 0
2.8939 3.3958 0.6102 100 0 0 0 0
2.8945 1.7762 -0.0248 100 0 0 0 0
2.8985 0.0987 0.9196 100 0 0 0 0
2.8996 0.2813 0.9223 100 0 0 0 0
2.8997 2.4755 1.2404 100 0 0 0 0
2.8997 7.2029 -0.0251 100 0 0 0 0
2.9006 -3.7197 -0.0251 100 0 0 0 0
2.9019 3.0609 0.7424 100 0 0 0 0
2.9025 1.7813 1.2659 100 0 0 0 0
2.9039 2.7559 0.8617 100 0 0 0 0
2.9052 2.4805 0.9715 100 0 0 0 0
2.9072 0.0735 1.1257 100 0 0 0 0
2.9088 -10.0000 0.9233 100 0 0 0 0
2.9098 -10.0036 0.5610 100 0 0 0 0
2.9105 -1.7745 -0.0246 100 0 0 0 0
2.9152 3.6789 -0.0248 100 0 0 0 0
2.9169 0.0738 1.0247 100 0 0 0 0
2.9183 0.0770 0.9232 100 0 0 0 0
2.9197 0.5214 1.1425 100 0 0 0 0
2.9200 0.5196 1.1424 100 0 0 0 0
2.9204 -9.9989 0.9236 100 0 0 0 0
2.9210 -10.0013 0.5612 100 0 0 0 0
2.9250 0.0740 0.9244 100 0 0 0 0
2.9254 1.7274 -0.0248 100 0 0 0 0
2.9257 0.1723 0.8245 100 0 0 0 0
2.9259 -9.8503 0.2015 100 0 0 0 0
2.9278 0.4208 1.0347 100 0 0 0 0
2.9297 0.3211 0.9289 100 0 0 0 0
2.9297 1.7301 1.2648 100 0 0 0 0
2.9349 2.4422 1.2414 100 0 0 0 0
2.9367 0.0744 0.8255 100 0 0 0 0
2.9401 0.0414 1.1344 100 0 0 0 0
2.9403 2.4413 1.1059 100 0 0 0 0
2.9442 -1.7274 -0.0251 100 0 0 0 0
2.9465 2.4411 0.9722 100 0 0 0 0
2.9477 2.4309 1.1057 100 0 0 0 0
2.9487 0.0415 1.0319 100 0 0 0 0
2.9488 2.4318 1.2423 100 0 0 0 0
2.9516 2.4343 0.9721 100 0 0 0 0
2.9519 3.3454 0.6101 100 0 0 0 0
2.9540 -3.6815 -0.0253 100 0 0 0 0
2.9543 2.7092 0.8621 100 0 0 0 0
2.9551 3.0117 0.7424 100 0 0 0 0
2.9572 0.0254 1.0338 100 0 0 0 0
2.9594 1.6805 -0.0254 100 0 0 0 0
2.9617 0.5800 1.1564 100 0 0 0 0
2.9623 1.6823 1.2655 100 0 0 0 0
2.9652 0.4777 1.0453 100 0 0 0 0
2.9679 3.6403 -0.0250 100 0 0 0 0
2.9683 0.0256 1.1418 100 0 0 0 0
2.9694 0.0256 0.9328 100 0 0 0 0
2.9696 -7.2003 -0.0251 100 0 0 0 0
2.9725 -1.6771 -0.0249 100 0 0 0 0
2.9737 0.3770 0.9388 100 0 0 0 0
2.9748 0.5964 1.1608 100 0 0 0 0
2.9774 0.0257 0.8317 100 0 0 0 0
2.9779 0.6005 1.1618 100 0 0 0 0
2.9818 3.6327 -0.0252 100 0 0 0 0
2.9831 0.1259 0.7313 100 0 0 0 0
2.9864 1.6294 -0.0250 100 0 0 0 0
2.9873 0.0760 0.7316 100 0 0 0 0
2.9930 7.1650 -0.0251 100 0 0 0 0
2.9936 3.3066 0.6099 100 0 0 0 0
2.9950 -1.6384 -0.0250 100 0 0 0 0
2.9955 0.2781 0.8369 100 0 0 0 0
2.9973 0.0260 0.7327 100 0 0 0 0
2.9977 2.9716 0.7424 100 0 0 0 0
2.9980 0.5208 1.0546 100 0 0 0 0
2.9984 -3.6375 -0.0247 100 0 0 0 0
2.9991 0.2818 0.8376 100 0 0 0 0
2.9994 2.6694 0.8627 100 0 0 0 0
3.0005 -7.1851 -0.0249 100 0 0 0 0
3.0016 0.2854 0.8380 100 0 0 0 0
3.0022 7.1647 -0.0253 100 0 0 0 0
3.0031 -9.9954 0.9247 100 0 0 0 0
3.0037 2.6613 0.8624 100 0 0 0 0
3.0037 -9.9977 0.5616 100 0 0 0 0
3.0063 0.6421 1.1716 100 0 0 0 0
3.0068 2.9608 0.7423 100 0 0 0 0
3.0080 3.2929 0.6099 100 0 0 0 0
3.0092 2.3728 1.1074 100 0 0 0 0
3.0097 2.3788 0.9734 100 0 0 0 0
3.0110 2.3743 1.2445 100 0 0 0 0
3.0118 1.5775 -0.0246 100 0 0 0 0
3.0142 0.4342 0.9482 100 0 0 0 0
3.0150 -3.6280 -0.0249 100 0 0 0 0
3.0186 -0.0244 0.9424 100 0 0 0 0
3.0187 0.1785 0.7360 100 0 0 0 0
3.0219 -0.0244 1.0487 100 0 0 0 0
3.0236 -0.0244 0.8390 100 0 0 0 0
3.0258 7.1540 -0.0252 100 0 0 0 0
3.0316 -1.5779 -0.0253 100 0 0 0 0
3.0353 0.3337 0.8441 100 0 0 0 0
3.0355 -0.0244 0.7373 100 0 0 0 0
3.0382 1.5262 -0.0245 100 0 0 0 0
3.0386 3.6410 0.4616 100 0 0 0 0
3.0407 -0.0387 0.8418 100 0 0 0 0
3.0458 0.0778 0.6356 100 0 0 0 0
3.0464 3.5837 -0.0254 100 0 0 0 0
3.0501 0.7061 1.1870 100 0 0 0 0
3.0504 0.0267 0.6359 100 0 0 0 0
3.0519 -9.8447 0.2009 100 0 0 0 0
3.0559 0.5997 1.0712 100 0 0 0 0
3.0573 -1.5262 -0.0251 100 0 0 0 0
3.0574 0.6035 1.0717 100 0 0 0 0
3.0607 2.9122 0.7426 100 0 0 0 0
3.0615 0.3608 0.8488 100 0 0 0 0
3.0615 0.2330 0.7418 100 0 0 0 0
3.0623 0.4944 0.9593 100 0 0 0 0
3.0636 -7.1582 -0.0249 100 0 0 0 0
3.0693 1.4773 -0.0251 100 0 0 0 0
3.0706 3.6135 0.4616 100 0 0 0 0
3.0740 -0.0762 0.8471 100 0 0 0 0
3.0763 -0.0695 0.7424 100 0 0 0 0
3.0771 -1.4775 -0.0247 100 0 0 0 0
3.0772 3.2294 0.6098 100 0 0 0 0
3.0785 2.5974 0.8639 100 0 0 0 0
3.0785 3.5528 -0.0250 100 0 0 0 0
3.0786 -0.0627 0.6384 100 0 0 0 0
3.0786 0.5208 0.9635 100 0 0 0 0
3.0795 -0.0763 0.9543 100 0 0 0 0
3.0802 0.1196 0.6388 100 0 0 0 0
3.0802 0.6331 1.0784 100 0 0 0 0
3.0804 -3.5800 -0.0252 100 0 0 0 0
3.0806 0.7533 1.1980 100 0 0 0 0
3.0819 0.3919 0.8526 100 0 0 0 0
3.0825 -0.0764 0.7432 100 0 0 0 0
3.0842 0.2554 0.7448 100 0 0 0 0
3.0870 -9.8435 0.2009 100 0 0 0 0
3.0888 0.7627 1.2008 100 0 0 0 0
3.0914 1.4238 -0.0246 100 0 0 0 0
3.0919 -0.0766 0.6396 100 0 0 0 0
3.0949 -7.1495 -0.0251 100 0 0 0 0
3.0960 -9.9930 0.9256 100 0 0 0 0
3.0963 -9.9941 0.5617 100 0 0 0 0
3.1009 3.7672 0.6320 100 0 0 0 0
3.1018 -0.0880 0.9588 100 0 0 0 0
3.1044 0.6644 1.0853 100 0 0 0 0
3.1073 0.5561 0.9701 100 0 0 0 0
3.1076 2.5693 0.8644 100 0 0 0 0
3.1083 3.5312 -0.0253 100 0 0 0 0
3.1108 -1.4237 -0.0254 100 0 0 0 0
3.1131 0.0276 0.5366 100 0 0 0 0
3.1158 3.7553 0.4640 100 0 0 0 0
3.1163 1.3718 -0.0247 100 0 0 0 0
3.1171 2.8658 0.7433 100 0 0 0 0
3.1174 -0.1192 0.8542 100 0 0 0 0
3.1235 0.4511 0.8605 100 0 0 0 0
3.1240 3.1922 0.6101 100 0 0 0 0
3.1271 3.5617 0.4615 100 0 0 0 0
3.1280 0.0415 0.5374 100 0 0 0 0
3.1290 3.5559 0.4614 100 0 0 0 0
3.1312 -1.3695 -0.0249 100 0 0 0 0
3.1324 0.1860 0.6436 100 0 0 0 0
3.1330 -0.1301 0.7496 100 0 0 0 0
3.1340 3.7345 0.2961 100 0 0 0 0
3.1362 3.7373 0.1280 100 0 0 0 0
3.1389 -3.5237 -0.0248 100 0 0 0 0
3.1426 -0.0776 0.5382 100 0 0 0 0
3.1433 0.2006 0.6447 100 0 0 0 0
3.1440 -0.1306 0.8584 100 0 0 0 0
3.1463 -0.1306 0.6445 100 0 0 0 0
3.1486 0.7304 1.0987 100 0 0 0 0
3.1490 7.0978 -0.0249 100 0 0 0 0
3.1536 0.6201 0.9813 100 0 0 0 0
3.1541 -1.3166 -0.0248 100 0 0 0 0
3.1552 0.3480 0.7546 100 0 0 0 0
3.1568 2.8228 0.7432 100 0 0 0 0
3.1570 -0.1276 0.5390 100 0 0 0 0
3.1575 3.1592 0.6100 100 0 0 0 0
3.1586 1.2809 -0.0249 100 0 0 0 0
3.1594 0.3607 0.7554 100 0 0 0 0
3.1610 0.6289 0.9831 100 0 0 0 0
3.1615 0.7446 1.1025 100 0 0 0 0
3.1618 -0.1312 0.5392 100 0 0 0 0
3.1629 0.3595 0.7558 100 0 0 0 0
3.1633 0.0815 0.5393 100 0 0 0 0
3.1636 3.4873 -0.0255 100 0 0 0 0
3.1637 1.2666 -0.0248 100 0 0 0 0
3.1649 -3.5063 -0.0252 100 0 0 0 0
3.1650 0.3633 0.7561 100 0 0 0 0
3.1671 3.4754 -0.0249 100 0 0 0 0
3.1677 -9.9908 0.5621 100 0 0 0 0
3.1689 -9.9947 0.9269 100 0 0 0 0
3.1693 0.5129 0.8692 100 0 0 0 0
3.1703 -0.1431 0.8628 100 0 0 0 0
3.1704 0.7617 1.1054 100 0 0 0 0
3.1708 2.8166 0.7437 100 0 0 0 0
3.1780 3.1375 0.6099 100 0 0 0 0
3.1785 0.2428 0.6480 100 0 0 0 0
3.1795 -1.2646 -0.0252 100 0 0 0 0
3.1871 7.0849 -0.0251 100 0 0 0 0
3.1888 1.2145 -0.0252 100 0 0 0 0
3.1918 3.5037 0.4615 100 0 0 0 0
3.1922 -0.1862 0.7571 100 0 0 0 0
3.2005 -1.2108 -0.0252 100 0 0 0 0
3.2010 0.4082 0.7612 100 0 0 0 0
3.2013 0.6865 0.9932 100 0 0 0 0
3.2030 -0.1868 0.6497 100 0 0 0 0
3.2030 -3.4740 -0.0252 100 0 0 0 0
3.2055 1.1591 -0.0246 100 0 0 0 0
3.2100 0.1370 0.5418 100 0 0 0 0
3.2162 0.5769 0.8784 100 0 0 0 0
3.2165 -7.0897 -0.0247 100 0 0 0 0
3.2193 -1.1562 -0.0250 100 0 0 0 0
3.2272 0.4408 0.7650 100 0 0 0 0
3.2279 0.3017 0.6528 100 0 0 0 0
3.2306 -0.2109 0.7621 100 0 0 0 0
3.2312 -0.2216 0.6523 100 0 0 0 0
3.2350 -0.2076 0.5433 100 0 0 0 0
3.2350 7.0648 -0.0251 100 0 0 0 0
3.2361 0.6029 0.8823 100 0 0 0 0
3.2389 -9.8406 0.2000 100 0 0 0 0
3.2391 2.7457 0.7439 100 0 0 0 0
3.2395 3.4582 0.4614 100 0 0 0 0
3.2408 -9.9919 0.9279 100 0 0 0 0
3.2411 -9.8395 0.2000 100 0 0 0 0
3.2412 -9.9933 0.5625 100 0 0 0 0
3.2418 -1.1029 -0.0254 100 0 0 0 0
3.2419 -7.0839 -0.0249 100 0 0 0 0
3.2429 3.0836 0.6103 100 0 0 0 0
3.2433 0.3177 0.6543 100 0 0 0 0
3.2462 0.4701 0.7677 100 0 0 0 0
3.2494 -7.0794 -0.0249 100 0 0 0 0
3.2507 3.4042 -0.0251 100 0 0 0 0
3.2520 0.1939 0.5442 100 0 0 0 0
3.2538 3.4505 0.4615 100 0 0 0 0
3.2558 -0.2268 0.7653 100 0 0 0 0
3.2589 -1.0477 -0.0252 100 0 0 0 0
3.2602 -0.2452 0.6550 100 0 0 0 0
3.2617 -0.1351 0.4348 100 0 0 0 0
3.2623 -3.4186 -0.0251 100 0 0 0 0
3.2681 0.6440 0.8885 100 0 0 0 0
3.2731 7.0440 -0.0249 100 0 0 0 0
3.2752 2.7145 0.7445 100 0 0 0 0
3.2758 -10.0652 0.9322 100 0 0 0 0
3.2764 -10.0669 0.5640 100 0 0 0 0
3.2776 2.0237 0.9744 100 0 0 0 0
3.2777 2.0237 0.4455 100 0 0 0 0
3.2779 -0.2465 0.5457 100 0 0 0 0
3.2779 2.1030 0.8462 100 0 0 0 0
3.2779 2.0239 0.0516 100 0 0 0 0
3.2784 2.0243 1.1097 100 0 0 0 0
3.2787 0.7969 1.1316 100 0 0 0 0
3.2790 2.0246 0.3145 100 0 0 0 0
3.2794 2.0249 0.7085 100 0 0 0 0
3.2795 0.3628 0.6579 100 0 0 0 0
3.2798 2.0251 1.2471 100 0 0 0 0
3.2811 2.0260 0.1831 100 0 0 0 0
3.2812 2.0261 0.8413 100 0 0 0 0
3.2815 -0.0806 0.4351 100 0 0 0 0
3.2819 2.1057 0.3137 100 0 0 0 0
3.2820 2.1058 0.1808 100 0 0 0 0
3.2824 2.0268 0.5770 100 0 0 0 0
3.2829 2.1064 0.4464 100 0 0 0 0
3.2833 2.1066 1.1193 100 0 0 0 0
3.2834 2.1067 0.5793 100 0 0 0 0
3.2836 2.1069 0.9825 100 0 0 0 0
3.2839 2.1071 1.2583 100 0 0 0 0
3.2844 2.1074 0.7129 100 0 0 0 0
3.2852 2.1079 0.0471 100 0 0 0 0
3.2880 3.3675 -0.0250 100 0 0 0 0
3.2882 1.9932 0.8399 100 0 0 0 0
3.2922 -0.9371 -0.0250 100 0 0 0 0
3.2957 2.1202 0.4467 100 0 0 0 0
3.2965 2.1207 1.1230 100 0 0 0 0
3.2965 3.0385 0.6107 100 0 0 0 0
3.2968 2.1209 0.1797 100 0 0 0 0
3.2970 2.1211 0.9855 100 0 0 0 0
3.2972 2.1213 0.8494 100 0 0 0 0
3.2974 2.1213 0.0455 100 0 0 0 0
3.2979 -0.2479 0.4355 100 0 0 0 0
3.2981 2.1218 0.5804 100 0 0 0 0
3.2995 0.5354 0.7755 100 0 0 0 0
3.3030 0.2532 0.5471 100 0 0 0 0
3.3057 2.1322 0.3131 100 0 0 0 0
3.3061 2.1324 1.2657 100 0 0 0 0
3.3063 -0.8811 -0.0248 100 0 0 0 0
3.3072 2.1332 0.7158 100 0 0 0 0
3.3127 3.3939 0.4615 100 0 0 0 0
3.3151 0.8101 -0.0244 100 0 0 0 0
3.3169 -0.8374 -0.0248 100 0 0 0 0
3.3180 -0.0376 0.4357 100 0 0 0 0
3.3181 -0.2910 0.5480 100 0 0 0 0
3.3191 -3.3609 -0.0248 100 0 0 0 0
3.3195 -0.3022 0.6606 100 0 0 0 0
3.3202 2.1473 0.7174 100 0 0 0 0
3.3204 -0.8422 -0.0254 100 0 0 0 0
3.3208 2.1490 0.9909 100 0 0 0 0
3.3210 2.1492 0.1778 100 0 0 0 0
3.3211 0.2658 0.5482 100 0 0 0 0
3.3213 -0.2778 0.4360 100 0 0 0 0
3.3217 2.1482 1.1300 100 0 0 0 0
3.3218 2.1497 0.8537 100 0 0 0 0
3.3221 2.1485 1.2709 100 0 0 0 0
3.3225 2.1502 0.3126 100 0 0 0 0
3.3232 2.1507 0.5823 100 0 0 0 0
3.3244 2.1515 0.4474 100 0 0 0 0
3.3244 2.1501 0.0422 100 0 0 0 0
3.3275 0.5705 0.7797 100 0 0 0 0
3.3276 -3.3623 -0.0253 100 0 0 0 0
3.3280 -0.3066 0.6614 100 0 0 0 0
3.3286 0.4256 0.6629 100 0 0 0 0
3.3287 0.7746 -0.0250 100 0 0 0 0
3.3293 0.7748 1.0213 100 0 0 0 0
3.3295 1.9787 0.3142 100 0 0 0 0
3.3299 3.0052 0.6107 100 0 0 0 0
3.3318 1.9801 0.5779 100 0 0 0 0
3.3328 1.9807 1.2519 100 0 0 0 0
3.3329 1.9808 0.9782 100 0 0 0 0
3.3333 1.9810 0.1821 100 0 0 0 0
3.3335 1.9811 1.1143 100 0 0 0 0
3.3340 1.9815 0.4460 100 0 0 0 0
3.3341 0.7476 1.0210 100 0 0 0 0
3.3346 1.9818 0.7106 100 0 0 0 0
3.3346 1.9818 0.8440 100 0 0 0 0
3.3359 3.3231 -0.0251 100 0 0 0 0
3.3360 1.9827 0.0493 100 0 0 0 0
3.3370 -0.7698 -0.0251 100 0 0 0 0
3.3384 -0.3076 0.5491 100 0 0 0 0
3.3420 0.7185 -0.0250 100 0 0 0 0
3.3424 -7.0401 -0.0251 100 0 0 0 0
3.3473 -0.7130 -0.0248 100 0 0 0 0
3.3480 3.3129 -0.0251 100 0 0 0 0
3.3495 0.6024 0.7830 100 0 0 0 0
3.3502 2.9832 0.6107 100 0 0 0 0
3.3552 0.6623 -0.0251 100 0 0 0 0
3.3564 -0.3092 0.4366 100 0 0 0 0
3.3615 -0.6570 -0.0251 100 0 0 0 0
3.3616 0.3153 0.5505 100 0 0 0 0
3.3736 3.3394 0.4615 100 0 0 0 0
3.3739 1.1838 1.3076 100 0 0 0 0
3.3745 7.0027 -0.0252 100 0 0 0 0
3.3761 0.5487 -0.0250 100 0 0 0 0
3.3785 -3.3057 -0.0250 100 0 0 0 0
3.3786 0.0312 0.4368 100 0 0 0 0
3.3794 -0.5429 -0.0248 100 0 0 0 0
3.3847 0.4916 0.6685 100 0 0 0 0
3.3852 0.7885 0.9117 100 0 0 0 0
3.3858 0.7284 0.9096 100 0 0 0 0
3.3860 0.4918 -0.0251 100 0 0 0 0
3.3892 -0.4860 -0.0249 100 0 0 0 0
3.3897 0.0425 0.4370 100 0 0 0 0
3.3920 0.4343 -0.0248 100 0 0 0 0
3.3949 -0.4248 -0.0245 100 0 0 0 0
3.3954 -0.3605 0.6678 100 0 0 0 0
3.3962 -0.3631 0.5524 100 0 0 0 0
3.3968 6.9893 -0.0250 100 0 0 0 0
3.3969 0.3631 0.5526 100 0 0 0 0
3.3973 3.3147 0.4615 100 0 0 0 0
3.3982 0.3492 -0.0243 100 0 0 0 0
3.4002 -0.3598 0.6682 100 0 0 0 0
3.4004 -0.3711 -0.0245 100 0 0 0 0
3.4004 0.5132 0.6702 100 0 0 0 0
3.4007 0.3773 -0.0250 100 0 0 0 0
3.4013 1.2237 1.3182 100 0 0 0 0
3.4029 0.8288 0.9160 100 0 0 0 0
3.4039 -0.3715 0.5528 100 0 0 0 0
3.4051 -7.0123 -0.0250 100 0 0 0 0
3.4053 3.2557 -0.0251 100 0 0 0 0
3.4055 2.9293 0.6110 100 0 0 0 0
3.4067 -0.3138 -0.0246 100 0 0 0 0
3.4085 0.5222 0.6710 100 0 0 0 0
3.4092 -0.3569 0.4376 100 0 0 0 0
3.4095 -0.3721 0.6690 100 0 0 0 0
3.4096 1.2368 1.3216 100 0 0 0 0
3.4111 0.3203 -0.0255 100 0 0 0 0
3.4122 0.2624 -0.0250 100 0 0 0 0
3.4127 0.3787 0.5535 100 0 0 0 0
3.4153 -0.2566 -0.0250 100 0 0 0 0
3.4153 1.2433 1.3237 100 0 0 0 0
3.4154 0.8440 0.9185 100 0 0 0 0
3.4197 -0.0836 -0.0246 100 0 0 0 0
3.4202 0.1472 -0.0250 100 0 0 0 0
3.4214 0.0895 -0.0249 100 0 0 0 0
3.4238 -0.1414 -0.0253 100 0 0 0 0
3.4249 0.0318 -0.0252 100 0 0 0 0
3.4261 0.0896 0.4376 100 0 0 0 0
3.4292 -0.3743 0.4380 100 0 0 0 0
3.4346 -3.2473 -0.0248 100 0 0 0 0
3.4354 3.2857 0.4616 100 0 0 0 0
3.4456 -3.2363 -0.0248 100 0 0 0 0
3.4589 0.7451 0.7998 100 0 0 0 0
3.4626 0.6319 0.7973 100 0 0 0 0
3.4629 3.1986 -0.0252 100 0 0 0 0
3.4640 0.4442 0.5566 100 0 0 0 0
3.4640 2.8780 0.6115 100 0 0 0 0
3.4645 -6.9821 -0.0250 100 0 0 0 0
3.4679 1.3264 1.3448 100 0 0 0 0
3.4733 0.7604 0.8019 100 0 0 0 0
3.4781 0.1500 0.4386 100 0 0 0 0
3.4791 6.9481 -0.0249 100 0 0 0 0
3.4803 3.2413 0.4616 100 0 0 0 0
3.4818 -0.4396 0.5573 100 0 0 0 0
3.4824 1.3411 1.3499 100 0 0 0 0
3.4826 0.1541 0.4387 100 0 0 0 0
3.4847 0.4627 0.5578 100 0 0 0 0
3.4854 -0.4362 0.6763 100 0 0 0 0
3.4881 -6.9718 -0.0249 100 0 0 0 0
3.4915 -0.4408 0.6769 100 0 0 0 0
3.4932 3.2277 0.4616 100 0 0 0 0
3.4932 -3.1913 -0.0251 100 0 0 0 0
3.4949 3.1606 -0.0250 100 0 0 0 0
3.4977 -0.4377 0.4394 100 0 0 0 0
3.5014 1.2307 1.2106 100 0 0 0 0
3.5026 -0.4422 0.4394 100 0 0 0 0
3.5166 3.1379 -0.0250 100 0 0 0 0
3.5173 0.8210 0.8089 100 0 0 0 0
3.5181 6.9296 -0.0249 100 0 0 0 0
3.5293 4.6818 0.8874 100 0 0 0 0
3.5313 0.6371 0.6834 100 0 0 0 0
3.5328 0.2125 0.4396 100 0 0 0 0
3.5344 4.6666 0.8866 100 0 0 0 0
3.5356 0.5762 0.6828 100 0 0 0 0
3.5360 1.4235 1.3716 100 0 0 0 0
3.5363 0.8423 0.8118 100 0 0 0 0
3.5432 1.2876 1.2243 100 0 0 0 0
3.5460 -3.1298 -0.0249 100 0 0 0 0
3.5529 0.7036 0.6863 100 0 0 0 0
3.5536 6.9108 -0.0249 100 0 0 0 0
3.5546 -0.5100 0.5616 100 0 0 0 0
3.5561 0.2377 0.4400 100 0 0 0 0
3.5571 4.6255 1.0884 100 0 0 0 0
3.5588 -0.4946 0.4405 100 0 0 0 0
3.5594 -0.4987 0.6835 100 0 0 0 0
3.5608 1.3123 1.2301 100 0 0 0 0
3.5613 0.8778 0.8158 100 0 0 0 0
3.5621 -3.1163 -0.0251 100 0 0 0 0
3.5623 0.7137 0.6873 100 0 0 0 0
3.5626 -0.5166 0.5621 100 0 0 0 0
3.5677 3.0748 -0.0246 100 0 0 0 0
3.5680 3.0821 -0.0250 100 0 0 0 0
3.5685 3.1611 0.4617 100 0 0 0 0
3.5688 1.3244 1.2328 100 0 0 0 0
3.5727 -0.5126 0.6847 100 0 0 0 0
3.5744 4.6709 0.8888 100 0 0 0 0
3.5811 -0.5138 0.4409 100 0 0 0 0
3.5856 -6.9217 -0.0250 100 0 0 0 0
3.5873 4.6554 1.0936 100 0 0 0 0
3.5880 0.2771 0.4407 100 0 0 0 0
3.5945 0.2817 0.4408 100 0 0 0 0
3.5997 0.5873 0.5648 100 0 0 0 0
3.6013 -6.9149 -0.0250 100 0 0 0 0
3.6016 0.6040 0.5650 100 0 0 0 0
3.6033 -3.0723 -0.0252 100 0 0 0 0
3.6106 1.3836 1.2468 100 0 0 0 0
3.6153 0.7806 0.6931 100 0 0 0 0
3.6185 3.1204 0.4619 100 0 0 0 0
3.6188 0.4979 0.5651 100 0 0 0 0
3.6242 -0.5583 0.6898 100 0 0 0 0
3.6309 6.8719 -0.0249 100 0 0 0 0
3.6356 -0.5641 0.4420 100 0 0 0 0
3.6386 4.5873 0.6833 100 0 0 0 0
3.6387 -0.5851 0.5665 100 0 0 0 0
3.6388 1.2813 1.1078 100 0 0 0 0
3.6413 6.8734 -0.0252 100 0 0 0 0
3.6434 3.0032 -0.0253 100 0 0 0 0
3.6438 0.8167 0.6963 100 0 0 0 0
3.6462 1.2886 1.1096 100 0 0 0 0
3.6485 3.0869 0.4619 100 0 0 0 0
3.6496 0.3445 0.4418 100 0 0 0 0
3.6524 0.6602 0.5682 100 0 0 0 0
3.6538 -0.5974 0.5675 100 0 0 0 0
3.6547 -3.0096 -0.0251 100 0 0 0 0
3.6636 -0.5892 0.4426 100 0 0 0 0
3.6709 -0.6127 0.5685 100 0 0 0 0
3.6729 1.3261 1.1170 100 0 0 0 0
3.6774 0.8604 0.7000 100 0 0 0 0
3.6784 4.5218 0.6820 100 0 0 0 0
3.6806 -0.6060 0.4429 100 0 0 0 0
3.6806 2.9584 -0.0254 100 0 0 0 0
3.6869 4.5164 0.6820 100 0 0 0 0
3.7053 -2.9463 -0.0249 100 0 0 0 0
3.7062 -6.8606 -0.0250 100 0 0 0 0
3.7135 6.8314 -0.0250 100 0 0 0 0
3.7140 9.3522 0.2049 100 0 0 0 0
3.7144 9.3533 2.6956 100 0 0 0 0
3.7146 9.3539 1.9687 100 0 0 0 0
3.7147 9.3541 2.3298 100 0 0 0 0
3.7149 9.3546 0.9057 100 0 0 0 0
3.7151 9.3551 0.5550 100 0 0 0 0
3.7154 2.9092 -0.0250 100 0 0 0 0
3.7155 9.3561 1.2577 100 0 0 0 0
3.7161 9.3578 1.6121 100 0 0 0 0
3.7174 0.7380 0.5723 100 0 0 0 0
3.7207 0.9103 0.7048 100 0 0 0 0
3.7215 -6.8528 -0.0250 100 0 0 0 0
3.7221 -2.9265 -0.0250 100 0 0 0 0
3.7240 0.7479 0.5728 100 0 0 0 0
3.7264 9.3533 1.6122 100 0 0 0 0
3.7266 9.3538 0.9060 100 0 0 0 0
3.7268 9.3544 1.9696 100 0 0 0 0
3.7270 9.3549 2.6972 100 0 0 0 0
3.7271 9.3551 0.2049 100 0 0 0 0
3.7276 9.3566 2.3313 100 0 0 0 0
3.7276 9.3566 1.2583 100 0 0 0 0
3.7276 9.3566 0.5553 100 0 0 0 0
3.7291 0.9212 0.7057 100 0 0 0 0
3.7291 2.8933 -0.0250 100 0 0 0 0
3.7434 -6.8391 -0.0249 100 0 0 0 0
3.7559 -2.8830 -0.0249 100 0 0 0 0
3.7586 6.8058 -0.0249 100 0 0 0 0
3.7608 -0.1545 0.3165 100 0 0 0 0
3.7611 -0.1545 0.0617 100 0 0 0 0
3.7637 -0.2008 0.1890 100 0 0 0 0
3.7637 -0.2008 0.0611 100 0 0 0 0
3.7639 -0.2008 0.3164 100 0 0 0 0
3.7662 -0.1547 0.1891 100 0 0 0 0
3.7668 0.4857 0.4442 100 0 0 0 0
3.7672 0.4210 0.4440 100 0 0 0 0
3.7690 3.1638 0.2956 100 0 0 0 0
3.7698 3.1645 0.4644 100 0 0 0 0
3.7714 3.1658 0.1265 100 0 0 0 0
3.7799 2.8301 -0.0251 100 0 0 0 0
3.7836 0.8189 0.5766 100 0 0 0 0
3.7872 0.3597 0.4443 100 0 0 0 0
3.7906 4.4429 0.0777 100 0 0 0 0
3.7910 4.4434 0.2793 100 0 0 0 0
3.7917 3.2758 0.2941 100 0 0 0 0
3.7920 3.2761 0.1219 100 0 0 0 0
3.7931 -2.8396 -0.0252 100 0 0 0 0
3.7967 0.5224 0.4448 100 0 0 0 0
3.7983 4.4115 0.0786 100 0 0 0 0
3.7990 4.4226 0.2795 100 0 0 0 0
3.8012 3.2658 0.2940 100 0 0 0 0
3.8014 3.2660 0.1219 100 0 0 0 0
3.8036 -0.1478 0.3158 100 0 0 0 0
3.8040 4.3982 0.0790 100 0 0 0 0
3.8042 0.8397 0.5779 100 0 0 0 0
3.8049 -2.8186 -0.0248 100 0 0 0 0
3.8070 -0.1479 0.0577 100 0 0 0 0
3.8074 4.4023 0.2796 100 0 0 0 0
3.8081 -0.1480 0.1869 100 0 0 0 0
3.8177 3.3105 0.1197 100 0 0 0 0
3.8278 -6.8011 -0.0252 100 0 0 0 0
3.8308 2.7670 -0.0253 100 0 0 0 0
3.8308 0.5607 0.4455 100 0 0 0 0
3.8330 3.3281 0.1185 100 0 0 0 0
3.8354 3.3302 0.2928 100 0 0 0 0
3.8411 6.7650 -0.0251 100 0 0 0 0
3.8549 0.9041 0.5813 100 0 0 0 0
3.8549 -2.7548 -0.0250 100 0 0 0 0
3.8555 3.2171 0.1214 100 0 0 0 0
3.8675 9.3540 0.5560 100 0 0 0 0
3.8678 9.3547 2.3408 100 0 0 0 0
3.8679 9.3549 0.2039 100 0 0 0 0
3.8681 9.3553 1.6186 100 0 0 0 0
3.8684 9.3560 1.9779 100 0 0 0 0
3.8698 0.9213 0.5823 100 0 0 0 0
3.8700 0.6017 0.4463 100 0 0 0 0
3.8754 2.6992 -0.0249 100 0 0 0 0
3.8779 9.3494 1.2624 100 0 0 0 0
3.8779 6.7421 -0.0249 100 0 0 0 0
3.8796 9.3536 2.7096 100 0 0 0 0
3.8797 9.3539 0.9088 100 0 0 0 0
3.8818 6.7379 -0.0249 100 0 0 0 0
3.8837 0.9384 0.5832 100 0 0 0 0
3.8872 2.6854 -0.0250 100 0 0 0 0
3.8887 -6.7692 -0.0252 100 0 0 0 0
3.8917 3.3926 0.2914 100 0 0 0 0
3.8936 3.3944 0.1138 100 0 0 0 0
3.8978 0.6389 0.4468 100 0 0 0 0
3.9019 -2.6888 -0.0249 100 0 0 0 0
3.9120 3.4147 0.2908 100 0 0 0 0
3.9145 3.4170 0.1121 100 0 0 0 0
3.9145 9.3501 1.9799 100 0 0 0 0
3.9152 9.3516 0.9095 100 0 0 0 0
3.9152 9.3516 0.2037 100 0 0 0 0
3.9156 9.3526 0.5564 100 0 0 0 0
3.9162 9.3543 1.6208 100 0 0 0 0
3.9163 9.3544 2.7131 100 0 0 0 0
3.9163 3.1626 0.1209 100 0 0 0 0
3.9164 9.3547 2.3444 100 0 0 0 0
3.9170 9.3561 1.2643 100 0 0 0 0
3.9207 3.1590 0.1208 100 0 0 0 0
3.9250 2.6351 -0.0252 100 0 0 0 0
3.9347 0.6810 0.4476 100 0 0 0 0
3.9432 -6.7303 -0.0249 100 0 0 0 0
3.9510 -2.6243 -0.0252 100 0 0 0 0
3.9580 2.5849 -0.0251 100 0 0 0 0
3.9597 -2.5997 -0.0248 100 0 0 0 0
3.9610 -2.6059 -0.0251 100 0 0 0 0
3.9668 -6.7197 -0.0249 100 0 0 0 0
3.9697 0.7208 0.4483 100 0 0 0 0
3.9850 3.0997 0.1202 100 0 0 0 0
3.9857 3.1074 0.1199 100 0 0 0 0
3.9874 3.4989 0.2889 100 0 0 0 0
3.9910 -2.5536 -0.0247 100 0 0 0 0
3.9933 3.5042 0.1060 100 0 0 0 0
4.0064 0.7645 0.4491 100 0 0 0 0
4.0233 3.0622 0.1198 100 0 0 0 0
4.0322 -6.6783 -0.0250 100 0 0 0 0
4.0341 9.3531 1.9874 100 0 0 0 0
4.0342 9.3533 2.3527 100 0 0 0 0
4.0344 9.3538 0.5571 100 0 0 0 0
4.0348 9.3547 1.6263 100 0 0 0 0
4.0350 9.3553 0.2028 100 0 0 0 0
4.0351 9.3555 0.9120 100 0 0 0 0
4.0352 9.3557 1.2681 100 0 0 0 0
4.0353 -2.4858 -0.0247 100 0 0 0 0
4.0363 9.3584 2.7243 100 0 0 0 0
4.0418 -2.4838 -0.0250 100 0 0 0 0
4.0423 0.8060 0.4499 100 0 0 0 0
4.0602 -6.6625 -0.0249 100 0 0 0 0
4.0731 0.8405 0.4505 100 0 0 0 0
4.0740 3.5940 0.0998 100 0 0 0 0
4.0759 3.5956 0.2866 100 0 0 0 0
4.0797 -2.4181 -0.0249 100 0 0 0 0
4.0969 2.3604 -0.0248 100 0 0 0 0
4.1071 9.3512 2.7293 100 0 0 0 0
4.1074 9.3519 0.2024 100 0 0 0 0
4.1076 9.3524 2.3583 100 0 0 0 0
4.1088 9.3552 0.9136 100 0 0 0 0
4.1088 9.3553 1.9924 100 0 0 0 0
4.1089 9.3555 0.5578 100 0 0 0 0
4.1091 9.3559 1.2708 100 0 0 0 0
4.1100 9.3581 1.6304 100 0 0 0 0
4.1143 2.3314 -0.0248 100 0 0 0 0
4.1164 3.6409 0.2856 100 0 0 0 0
4.1176 -2.3464 -0.0246 100 0 0 0 0
4.1179 3.6424 0.0963 100 0 0 0 0
4.1218 0.8959 0.4515 100 0 0 0 0
4.1229 -6.6334 -0.0252 100 0 0 0 0
4.1239 9.3517 2.3589 100 0 0 0 0
4.1268 -2.3458 -0.0251 100 0 0 0 0
4.1398 2.2916 -0.0250 100 0 0 0 0
4.1422 0.9208 0.4520 100 0 0 0 0
4.1584 3.6877 0.2845 100 0 0 0 0
4.1586 3.6879 0.0932 100 0 0 0 0
4.1623 -2.2787 -0.0250 100 0 0 0 0
4.1767 -6.5938 -0.0250 100 0 0 0 0
4.1795 2.2210 -0.0250 100 0 0 0 0
4.1906 9.3531 0.9151 100 0 0 0 0
4.1908 9.3535 2.3647 100 0 0 0 0
4.1912 9.3545 1.6338 100 0 0 0 0
4.1912 9.3545 0.2018 100 0 0 0 0
4.1918 9.3558 2.7378 100 0 0 0 0
4.1925 9.3573 1.2737 100 0 0 0 0
4.1928 9.3582 0.5583 100 0 0 0 0
4.1936 9.3599 1.9983 100 0 0 0 0
4.1974 -2.1975 -0.0246 100 0 0 0 0
4.1991 2.1872 -0.0250 100 0 0 0 0
4.2030 -2.2086 -0.0252 100 0 0 0 0
4.2034 3.7375 0.0897 100 0 0 0 0
4.2056 -6.5751 -0.0250 100 0 0 0 0
4.2083 3.7421 0.2832 100 0 0 0 0
4.2175 2.1495 -0.0249 100 0 0 0 0
4.2295 6.5394 -0.0252 100 0 0 0 0
4.2368 -2.1348 -0.0248 100 0 0 0 0
4.2518 2.0761 -0.0246 100 0 0 0 0
4.2596 0.3618 0.0168 100 0 0 0 0
4.2627 0.3621 0.3075 100 0 0 0 0
4.2633 0.3527 0.0166 100 0 0 0 0
4.2633 0.3527 0.3075 100 0 0 0 0
4.2654 0.3529 0.1622 100 0 0 0 0
4.2680 0.3626 0.1620 100 0 0 0 0
4.2733 3.8147 0.2815 100 0 0 0 0
4.2755 -2.0637 -0.0250 100 0 0 0 0
4.2757 3.8169 0.0841 100 0 0 0 0
4.2769 6.5070 -0.0250 100 0 0 0 0
4.2774 2.0276 -0.0247 100 0 0 0 0
4.2776 9.3525 1.6379 100 0 0 0 0
4.2784 9.3542 0.2012 100 0 0 0 0
4.2788 9.3551 0.5589 100 0 0 0 0
4.2789 9.3552 1.2766 100 0 0 0 0
4.2790 9.3555 2.3720 100 0 0 0 0
4.2794 9.3565 2.7462 100 0 0 0 0
4.2794 9.3565 0.9172 100 0 0 0 0
4.2800 9.3578 2.0035 100 0 0 0 0
4.2832 -2.0501 -0.0250 100 0 0 0 0
4.2861 0.3528 0.1611 100 0 0 0 0
4.2892 -6.5186 -0.0248 100 0 0 0 0
4.2894 0.3531 0.3070 100 0 0 0 0
4.2905 0.3532 0.0142 100 0 0 0 0
4.2909 2.0051 -0.0249 100 0 0 0 0
4.2981 3.8420 0.2808 100 0 0 0 0
4.3004 3.8441 0.0821 100 0 0 0 0
4.3008 -6.5210 -0.0251 100 0 0 0 0
4.3028 9.3527 1.2773 100 0 0 0 0
4.3028 9.3528 0.9175 100 0 0 0 0
4.3030 9.3532 1.6393 100 0 0 0 0
4.3035 9.3544 0.2010 100 0 0 0 0
4.3039 9.3552 2.7483 100 0 0 0 0
4.3042 9.3560 2.3742 100 0 0 0 0
4.3044 9.3564 0.5591 100 0 0 0 0
4.3048 9.3572 2.0051 100 0 0 0 0
4.3121 -1.9914 -0.0251 100 0 0 0 0
4.3292 1.9335 -0.0253 100 0 0 0 0
4.3401 6.4613 -0.0248 100 0 0 0 0
4.3458 -1.9176 -0.0251 100 0 0 0 0
4.3493 9.3535 1.6415 100 0 0 0 0
4.3514 3.9224 0.0774 100 0 0 0 0
4.3556 3.9263 0.2791 100 0 0 0 0
4.3569 1.8628 -0.0249 100 0 0 0 0
4.3605 -1.8842 -0.0251 100 0 0 0 0
4.3605 3.9220 0.0771 100 0 0 0 0
4.3612 1.8590 -0.0251 100 0 0 0 0
4.3647 3.9260 0.2790 100 0 0 0 0
4.3742 6.4404 -0.0249 100 0 0 0 0
4.3761 -1.8425 -0.0249 100 0 0 0 0
4.3890 1.7828 -0.0247 100 0 0 0 0
4.4024 -6.4448 -0.0248 100 0 0 0 0
4.4104 -1.7690 -0.0251 100 0 0 0 0
4.4123 9.3534 0.9199 100 0 0 0 0
4.4186 -6.4382 -0.0250 100 0 0 0 0
4.4251 1.7100 -0.0252 100 0 0 0 0
4.4252 9.3538 0.2001 100 0 0 0 0
4.4254 9.3543 2.7595 100 0 0 0 0
4.4330 6.4036 -0.0250 100 0 0 0 0
4.4366 9.3511 1.6457 100 0 0 0 0
4.4377 9.3535 0.9204 100 0 0 0 0
4.4387 9.3558 2.7611 100 0 0 0 0
4.4389 9.3561 2.0136 100 0 0 0 0
4.4391 9.3565 1.2824 100 0 0 0 0
4.4392 9.3567 0.5600 100 0 0 0 0
4.4394 9.3572 2.3851 100 0 0 0 0
4.4397 -1.6934 -0.0251 100 0 0 0 0
4.4398 9.3581 0.1999 100 0 0 0 0
4.4430 -1.6835 -0.0250 100 0 0 0 0
4.4458 1.6424 -0.0248 100 0 0 0 0
4.4487 1.6323 -0.0247 100 0 0 0 0
4.4548 6.3895 -0.0250 100 0 0 0 0
4.4692 -1.6180 -0.0251 100 0 0 0 0
4.4934 -1.5406 -0.0248 100 0 0 0 0
4.5006 9.3521 1.6493 100 0 0 0 0
4.5007 9.3523 2.3894 100 0 0 0 0
4.5010 9.3529 2.0174 100 0 0 0 0
4.5012 9.3534 0.5605 100 0 0 0 0
4.5017 9.3545 0.1996 100 0 0 0 0
4.5022 9.3556 1.2847 100 0 0 0 0
4.5025 9.3561 2.7675 100 0 0 0 0
4.5035 9.3584 0.9222 100 0 0 0 0
4.5154 3.7840 0.6842 100 0 0 0 0
4.5155 6.3462 -0.0249 100 0 0 0 0
4.5172 -1.4770 -0.0251 100 0 0 0 0
4.5173 -6.3734 -0.0251 100 0 0 0 0
4.5209 -1.4644 -0.0250 100 0 0 0 0
4.5249 -6.3692 -0.0250 100 0 0 0 0
4.5295 -9.7985 0.1928 100 0 0 0 0
4.5299 3.7792 0.6846 100 0 0 0 0
4.5368 -6.3562 -0.0248 100 0 0 0 0
4.5397 -9.8502 0.1917 100 0 0 0 0
4.5489 -1.3882 -0.0253 100 0 0 0 0
4.5624 -9.7050 0.1939 100 0 0 0 0
4.5683 6.3157 -0.0252 100 0 0 0 0
4.5707 -1.3102 -0.0251 100 0 0 0 0
4.5734 3.7046 1.0918 100 0 0 0 0
4.5812 -9.8258 0.5682 100 0 0 0 0
4.5841 -9.7525 0.5669 100 0 0 0 0
4.5868 3.7243 1.0946 100 0 0 0 0
4.5871 9.3546 2.7754 100 0 0 0 0
4.5873 9.3550 2.3969 100 0 0 0 0
4.5926 -1.2321 -0.0251 100 0 0 0 0
4.5941 3.6918 0.8878 100 0 0 0 0
4.5986 9.3518 2.0236 100 0 0 0 0
4.5990 9.3526 1.2880 100 0 0 0 0
4.5998 9.3542 1.6545 100 0 0 0 0
4.5998 9.3542 0.5611 100 0 0 0 0
4.5999 9.3544 0.9240 100 0 0 0 0
4.6000 9.3547 0.1988 100 0 0 0 0
4.6003 -1.2017 -0.0251 100 0 0 0 0
4.6004 -9.7310 0.5667 100 0 0 0 0
4.6058 -9.6582 0.1944 100 0 0 0 0
4.6068 6.2860 -0.0251 100 0 0 0 0
4.6162 -1.1545 -0.0254 100 0 0 0 0
4.6176 3.6942 1.0951 100 0 0 0 0
4.6181 3.7288 0.8915 100 0 0 0 0
4.6193 -9.7154 0.5667 100 0 0 0 0
4.6205 1.0924 -0.0250 100 0 0 0 0
4.6257 -9.7861 0.9438 100 0 0 0 0
4.6278 -6.2953 -0.0251 100 0 0 0 0
4.6302 -9.8246 0.9460 100 0 0 0 0
4.6316 -1.0748 -0.0250 100 0 0 0 0
4.6366 3.6843 0.8903 100 0 0 0 0
4.6421 1.0142 -0.0252 100 0 0 0 0
4.6469 -6.2777 -0.0248 100 0 0 0 0
4.6546 -0.9969 -0.0255 100 0 0 0 0
4.6565 0.9344 -0.0250 100 0 0 0 0
4.6634 -0.9160 -0.0248 100 0 0 0 0
4.6705 0.8546 -0.0248 100 0 0 0 0
4.6745 0.8210 -0.0246 100 0 0 0 0
4.6745 9.3489 0.9255 100 0 0 0 0
4.6760 9.3519 2.4039 100 0 0 0 0
4.6763 6.2342 -0.0250 100 0 0 0 0
4.6763 9.3525 2.0292 100 0 0 0 0
4.6764 9.3529 1.2911 100 0 0 0 0
4.6767 9.3535 2.7842 100 0 0 0 0
4.6772 -9.6371 0.1941 100 0 0 0 0
4.6775 9.3551 1.6589 100 0 0 0 0
4.6780 9.3561 0.1982 100 0 0 0 0
4.6780 9.3561 0.5619 100 0 0 0 0
4.6786 -0.8364 -0.0248 100 0 0 0 0
4.6830 -9.7396 0.9432 100 0 0 0 0
4.6839 -9.6856 0.5668 100 0 0 0 0
4.6840 -0.8321 -0.0251 100 0 0 0 0
4.6871 0.7753 -0.0250 100 0 0 0 0
4.6876 -9.6378 0.1941 100 0 0 0 0
4.6947 -0.7570 -0.0250 100 0 0 0 0
4.7015 9.3511 2.0308 100 0 0 0 0
4.7024 9.3530 2.7868 100 0 0 0 0
4.7028 9.3538 0.9264 100 0 0 0 0
4.7028 0.6957 -0.0252 100 0 0 0 0
4.7029 9.3540 1.2922 100 0 0 0 0
4.7031 9.3545 0.5621 100 0 0 0 0
4.7035 -0.6764 -0.0247 100 0 0 0 0
4.7038 9.3559 1.6604 100 0 0 0 0
4.7042 9.3567 2.4072 100 0 0 0 0
4.7053 9.3590 0.1980 100 0 0 0 0
4.7145 0.6155 -0.0252 100 0 0 0 0
4.7159 6.2059 -0.0251 100 0 0 0 0
4.7220 -0.5972 -0.0254 100 0 0 0 0
4.7247 0.5351 -0.0252 100 0 0 0 0
4.7298 0.4541 -0.0249 100 0 0 0 0
4.7304 -0.5165 -0.0253 100 0 0 0 0
4.7351 -6.2129 -0.0249 100 0 0 0 0
4.7368 -0.3544 -0.0245 100 0 0 0 0
4.7373 -0.4357 -0.0252 100 0 0 0 0
4.7388 0.3736 -0.0250 100 0 0 0 0
4.7430 0.2927 -0.0249 100 0 0 0 0
4.7446 -9.6536 0.1934 100 0 0 0 0
4.7494 -0.2741 -0.0252 100 0 0 0 0
4.7510 0.2120 -0.0252 100 0 0 0 0
4.7522 0.1310 -0.0250 100 0 0 0 0
4.7532 -0.1774 -0.0251 100 0 0 0 0
4.7545 -0.1121 -0.0251 100 0 0 0 0
4.7549 6.1713 -0.0249 100 0 0 0 0
4.7562 0.0500 -0.0252 100 0 0 0 0
4.7564 -0.0311 -0.0251 100 0 0 0 0
4.7572 -6.1995 -0.0249 100 0 0 0 0
4.7655 -6.1961 -0.0251 100 0 0 0 0
4.7782 -9.6687 0.1929 100 0 0 0 0
4.7859 6.1549 -0.0251 100 0 0 0 0
4.7860 -9.7401 0.5682 100 0 0 0 0
4.8172 9.3568 2.0397 100 0 0 0 0
4.8277 9.3515 1.2967 100 0 0 0 0
4.8284 9.3529 0.1971 100 0 0 0 0
4.8294 9.3550 2.0402 100 0 0 0 0
4.8295 9.3551 2.8000 100 0 0 0 0
4.8297 9.3555 2.4177 100 0 0 0 0
4.8298 9.3557 0.9294 100 0 0 0 0
4.8298 9.3557 1.6671 100 0 0 0 0
4.8302 9.3566 0.5630 100 0 0 0 0
4.8372 6.1134 -0.0250 100 0 0 0 0
4.8419 -6.1300 -0.0248 100 0 0 0 0
4.8630 -6.1152 -0.0248 100 0 0 0 0
4.8892 6.0674 -0.0248 100 0 0 0 0
4.9070 9.3526 0.5636 100 0 0 0 0
4.9075 9.3535 1.3002 100 0 0 0 0
4.9080 9.3545 2.4245 100 0 0 0 0
4.9081 9.3548 2.8084 100 0 0 0 0
4.9085 9.3556 1.6716 100 0 0 0 0
4.9087 9.3558 0.1964 100 0 0 0 0
4.9089 9.3562 0.9314 100 0 0 0 0
4.9103 9.3590 2.0467 100 0 0 0 0
4.9494 -6.0480 -0.0249 100 0 0 0 0
4.9638 -6.0384 -0.0250 100 0 0 0 0
4.9924 9.3470 0.9329 100 0 0 0 0
4.9950 9.3520 0.1958 100 0 0 0 0
4.9953 9.3526 2.4318 100 0 0 0 0
4.9958 9.3535 0.5643 100 0 0 0 0
4.9961 9.3541 1.3037 100 0 0 0 0
4.9962 9.3543 2.0522 100 0 0 0 0
4.9963 9.3545 1.6764 100 0 0 0 0
4.9970 9.3558 2.8178 100 0 0 0 0
4.9971 5.9858 -0.0250 100 0 0 0 0
5.0209 5.9656 -0.0249 100 0 0 0 0
5.0269 5.9592 -0.0249 100 0 0 0 0
5.0539 -5.9622 -0.0249 100 0 0 0 0
5.0686 -5.9529 -0.0250 100 0 0 0 0
5.0761 9.3539 1.3069 100 0 0 0 0
5.0762 9.3541 0.5649 100 0 0 0 0
5.0764 9.3546 2.4395 100 0 0 0 0
5.0765 9.3547 2.8261 100 0 0 0 0
5.0766 9.3548 0.9353 100 0 0 0 0
5.0767 9.3551 1.6810 100 0 0 0 0
5.0777 9.3570 0.1950 100 0 0 0 0
5.0779 9.3573 2.0586 100 0 0 0 0
5.0833 -5.9437 -0.0251 100 0 0 0 0
5.0884 9.3524 2.4396 100 0 0 0 0
5.1020 5.9005 -0.0250 100 0 0 0 0
5.1156 9.3527 0.5653 100 0 0 0 0
5.1161 9.3536 1.3086 100 0 0 0 0
5.1163 9.3540 2.0611 100 0 0 0 0
5.1166 9.3545 1.6833 100 0 0 0 0
5.1167 9.3547 0.1948 100 0 0 0 0
5.1173 9.3560 2.4436 100 0 0 0 0
5.1181 9.3575 2.8314 100 0 0 0 0
5.1182 9.3576 0.9365 100 0 0 0 0
5.1586 -5.8766 -0.0250 100 0 0 0 0
5.1588 5.8521 -0.0250 100 0 0 0 0
5.1704 -5.8772 -0.0252 100 0 0 0 0
5.2062 5.8141 -0.0251 100 0 0 0 0
5.2335 5.7847 -0.0249 100 0 0 0 0
5.2425 -5.8025 -0.0250 100 0 0 0 0
5.2597 -5.7868 -0.0249 100 0 0 0 0
5.3063 5.7230 -0.0250 100 0 0 0 0
5.3163 5.7135 -0.0250 100 0 0 0 0
5.3221 -5.7275 -0.0247 100 0 0 0 0
5.3625 -5.6988 -0.0251 100 0 0 0 0
5.3911 5.6411 -0.0249 100 0 0 0 0
5.4000 5.6378 -0.0251 100 0 0 0 0
5.4068 -5.6579 -0.0252 100 0 0 0 0
5.4070 5.6326 -0.0251 100 0 0 0 0
5.4615 -5.6065 -0.0252 100 0 0 0 0
5.4784 5.5596 -0.0248 100 0 0 0 0
5.4812 -5.5899 -0.0251 100 0 0 0 0
5.4859 5.5601 -0.0251 100 0 0 0 0
5.5033 5.5377 -0.0250 100 0 0 0 0
5.5575 -5.5113 -0.0251 100 0 0 0 0
5.5645 -5.5061 -0.0250 100 0 0 0 0
5.5693 5.4838 -0.0253 100 0 0 0 0
5.5855 -5.4782 -0.0249 100 0 0 0 0
5.6038 5.4468 -0.0253 100 0 0 0 0
5.6406 5.4028 -0.0251 100 0 0 0 0
5.6510 -5.4135 -0.0249 100 0 0 0 0
5.6690 -5.3950 -0.0248 100 0 0 0 0
5.6925 5.3443 -0.0249 100 0 0 0 0
5.7205 5.3209 -0.0251 100 0 0 0 0
5.7230 -5.3392 -0.0250 100 0 0 0 0
5.7464 -5.3176 -0.0251 100 0 0 0 0
5.7494 5.2835 -0.0249 100 0 0 0 0
5.8044 -5.2538 -0.0249 100 0 0 0 0
5.8386 -5.2186 -0.0251 100 0 0 0 0
5.8860 -5.1685 -0.0250 100 0 0 0 0
5.9285 -5.1176 -0.0251 100 0 0 0 0
5.9572 -5.0779 -0.0250 100 0 0 0 0
6.0160 -5.0144 -0.0250 100 0 0 0 0
6.0323 -4.9944 -0.0248 100 0 0 0 0
6.0458 -4.9831 -0.0251 100 0 0 0 0
6.1049 -4.9124 -0.0251 100 0 0 0 0
6.1213 -4.8924 -0.0250 100 0 0 0 0
6.1884 -4.8060 -0.0251 100 0 0 0 0
6.1990 4.7673 -0.0251 100 0 0 0 0
6.2008 4.7622 -0.0249 100 0 0 0 0
6.2023 -4.7841 -0.0248 100 0 0 0 0
6.2249 4.7325 -0.0250 100 0 0 0 0
6.2702 -4.6982 -0.0250 100 0 0 0 0
6.2758 4.6666 -0.0250 100 0 0 0 0
6.2824 -4.6822 -0.0250 100 0 0 0 0
6.2865 -4.6782 -0.0249 100 0 0 0 0
6.3085 4.6261 -0.0251 100 0 0 0 0
6.3532 -4.5914 -0.0251 100 0 0 0 0
6.3561 4.5578 -0.0250 100 0 0 0 0
6.3622 -4.5874 -0.0252 100 0 0 0 0
6.3823 4.5232 -0.0250 100 0 0 0 0
6.3890 4.5173 -0.0251 100 0 0 0 0
6.4305 -4.4804 -0.0250 100 0 0 0 0
6.4401 4.4455 -0.0251 100 0 0 0 0
6.4462 -4.4598 -0.0249 100 0 0 0 0
6.4682 4.4076 -0.0251 100 0 0 0 0
6.5094 -4.3706 -0.0251 100 0 0 0 0
6.5181 4.3304 -0.0250 100 0 0 0 0
6.5192 -4.3563 -0.0251 100 0 0 0 0
6.5213 -4.3474 -0.0248 100 0 0 0 0
6.5254 4.3249 -0.0252 100 0 0 0 0
6.5857 -4.2588 -0.0252 100 0 0 0 0
6.6010 -4.2275 -0.0249 100 0 0 0 0
6.6572 -4.1440 -0.0250 100 0 0 0 0
6.6738 -4.1136 -0.0249 100 0 0 0 0
6.6863 -4.1011 -0.0251 100 0 0 0 0
6.7296 -4.0297 -0.0251 100 0 0 0 0
6.7514 3.9671 -0.0251 100 0 0 0 0
6.7589 3.9514 -0.0250 100 0 0 0 0
6.7607 -3.9778 -0.0251 100 0 0 0 0
6.7956 -3.9116 -0.0249 100 0 0 0 0
6.7991 3.8886 -0.0251 100 0 0 0 0
6.8196 -3.8755 -0.0251 100 0 0 0 0
6.8274 3.8347 -0.0250 100 0 0 0 0
6.8435 -3.8395 -0.0251 100 0 0 0 0
6.8495 3.8016 -0.0252 100 0 0 0 0
6.8620 -3.7938 -0.0249 100 0 0 0 0
6.8918 3.7257 -0.0251 100 0 0 0 0
6.8933 3.7166 -0.0250 100 0 0 0 0
6.9055 -3.7191 -0.0249 100 0 0 0 0
6.9290 -3.6763 -0.0250 100 0 0 0 0
6.9336 3.6439 -0.0250 100 0 0 0 0
6.9506 -3.6388 -0.0250 100 0 0 0 0
6.9596 3.5987 -0.0251 100 0 0 0 0
6.9904 -3.5559 -0.0249 100 0 0 0 0
6.9977 3.5150 -0.0248 100 0 0 0 0
7.0002 -3.5512 -0.0250 100 0 0 0 0
7.0151 3.4849 -0.0249 100 0 0 0 0
7.0229 3.4791 -0.0251 100 0 0 0 0
7.0498 -3.4344 -0.0248 100 0 0 0 0
7.0741 -3.3981 -0.0251 100 0 0 0 0
7.0775 3.3648 -0.0250 100 0 0 0 0
7.0802 3.3565 -0.0250 100 0 0 0 0
7.0875 -3.3758 -0.0251 100 0 0 0 0
7.1124 -3.3145 -0.0250 100 0 0 0 0
7.1363 3.2430 -0.0250 100 0 0 0 0
7.1373 3.2340 -0.0249 100 0 0 0 0
7.1460 -3.2347 -0.0247 100 0 0 0 0
7.1688 3.1664 -0.0250 100 0 0 0 0
7.1699 -3.1921 -0.0250 100 0 0 0 0
7.1825 -3.1598 -0.0250 100 0 0 0 0
7.1929 3.1106 -0.0249 100 0 0 0 0
7.2234 -3.0678 -0.0250 100 0 0 0 0
7.2397 3.0118 -0.0251 100 0 0 0 0
7.2400 -3.0279 -0.0250 100 0 0 0 0
7.2435 3.0041 -0.0252 100 0 0 0 0
7.2493 2.9877 -0.0251 100 0 0 0 0
7.2761 -2.9433 -0.0250 100 0 0 0 0
7.2865 -2.9195 -0.0249 100 0 0 0 0
7.2990 2.8619 -0.0250 100 0 0 0 0
7.3150 2.8161 -0.0248 100 0 0 0 0
7.3169 -2.8384 -0.0250 100 0 0 0 0
7.3241 -2.8168 -0.0249 100 0 0 0 0
7.3383 2.7693 -0.0252 100 0 0 0 0
7.3489 2.7361 -0.0250 100 0 0 0 0
7.3757 2.6573 -0.0249 100 0 0 0 0
7.3763 -2.6920 -0.0251 100 0 0 0 0
7.3811 -2.6753 -0.0250 100 0 0 0 0
7.4027 -2.6279 -0.0251 100 0 0 0 0
7.4222 -2.5647 -0.0251 100 0 0 0 0
7.4358 -2.5145 -0.0249 100 0 0 0 0
7.4649 -2.4364 -0.0251 100 0 0 0 0
7.4815 -2.3780 -0.0250 100 0 0 0 0
7.5005 -2.3058 -0.0248 100 0 0 0 0
7.5135 -2.2735 -0.0249 100 0 0 0 0
7.5447 -2.1779 -0.0250 100 0 0 0 0
7.5593 -2.1154 -0.0250 100 0 0 0 0
7.5616 -2.1287 -0.0252 100 0 0 0 0
7.5770 -2.0465 -0.0248 100 0 0 0 0
7.5833 -2.0393 -0.0249 100 0 0 0 0
7.6163 1.8828 -0.0250 100 0 0 0 0
7.6186 -1.9176 -0.0252 100 0 0 0 0
7.6242 -1.8743 -0.0249 100 0 0 0 0
7.6297 1.8325 -0.0250 100 0 0 0 0
7.6399 1.7890 -0.0250 100 0 0 0 0
7.6414 1.8022 -0.0251 100 0 0 0 0
7.6442 -1.8078 -0.0251 100 0 0 0 0
7.6484 -1.7856 -0.0251 100 0 0 0 0
7.6546 1.7261 -0.0249 100 0 0 0 0
7.6604 1.7008 -0.0250 100 0 0 0 0
7.6785 -1.6537 -0.0251 100 0 0 0 0
7.6795 -1.6362 -0.0249 100 0 0 0 0
7.6884 1.5685 -0.0249 100 0 0 0 0
7.7043 -1.5209 -0.0250 100 0 0 0 0
7.7051 1.4870 -0.0249 100 0 0 0 0
7.7145 1.4358 -0.0249 100 0 0 0 0
7.7178 -1.4794 -0.0253 100 0 0 0 0
7.7203 -1.4358 -0.0249 100 0 0 0 0
7.7226 1.4058 -0.0250 100 0 0 0 0
7.7292 -1.3880 -0.0250 100 0 0 0 0
7.7390 1.3028 -0.0249 100 0 0 0 0
7.7394 1.3205 -0.0251 100 0 0 0 0
7.7521 -1.2547 -0.0250 100 0 0 0 0
7.7566 -1.2379 -0.0251 100 0 0 0 0
7.7603 1.1693 -0.0249 100 0 0 0 0
7.7728 1.0871 -0.0249 100 0 0 0 0
7.7746 -1.1213 -0.0251 100 0 0 0 0
7.7819 -1.0786 -0.0251 100 0 0 0 0
7.7833 1.0360 -0.0251 100 0 0 0 0
7.7902 0.9267 -0.0246 100 0 0 0 0
7.7924 -0.9873 -0.0250 100 0 0 0 0
7.7989 0.9103 -0.0249 100 0 0 0 0
7.8017 -0.9200 -0.0252 100 0 0 0 0
7.8041 0.9022 -0.0253 100 0 0 0 0
7.8083 -0.8529 -0.0250 100 0 0 0 0
7.8124 -0.8359 -0.0252 100 0 0 0 0
7.8135 0.7571 -0.0250 100 0 0 0 0
7.8143 0.7672 -0.0250 100 0 0 0 0
7.8192 -0.7181 -0.0249 100 0 0 0 0
7.8245 -0.6750 -0.0250 100 0 0 0 0
7.8250 0.6324 -0.0249 100 0 0 0 0
7.8330 0.5234 -0.0248 100 0 0 0 0
7.8360 -0.5838 -0.0252 100 0 0 0 0
7.8369 0.4977 -0.0250 100 0 0 0 0
7.8434 -0.4400 -0.0250 100 0 0 0 0
7.8439 -0.4487 -0.0251 100 0 0 0 0
7.8446 0.3626 -0.0250 100 0 0 0 0
7.8461 -0.2874 -0.0248 100 0 0 0 0
7.8463 -0.2787 -0.0249 100 0 0 0 0
7.8488 0.2882 -0.0251 100 0 0 0 0
7.8519 0.2275 -0.0251 100 0 0 0 0
7.8531 0.1270 -0.0251 100 0 0 0 0
7.8535 -0.1783 -0.0251 100 0 0 0 0
7.8539 -0.0430 -0.0250 100 0 0 0 0
7.8559 0.0923 -0.0252 100 0 0 0 0
7.8596 -0.0344 -0.0252 100 0 0 0 0
8.0274 -9.6984 0.5982 100 0 0 0 0
8.0286 -9.6998 0.1617 100 0 0 0 0
8.0351 -9.7298 0.1616 100 0 0 0 0
8.0383 -9.7337 0.5991 100 0 0 0 0
8.0413 -9.6495 0.1623 100 0 0 0 0
8.0430 -9.6515 0.5977 100 0 0 0 0
8.0432 -9.7561 0.5991 100 0 0 0 0
8.0446 -9.7578 0.1607 100 0 0 0 0
8.0737 -9.6073 0.5974 100 0 0 0 0
8.0778 -9.6123 0.1624 100 0 0 0 0
8.1296 -9.5878 0.1622 100 0 0 0 0
8.1314 -9.5900 0.5979 100 0 0 0 0
8.2002 -9.6013 0.1611 100 0 0 0 0
8.2205 -9.6196 0.5994 100 0 0 0 0
8.6680 -8.9479 1.8981 100 0 0 0 0
8.6693 -8.9492 0.5961 100 0 0 0 0
8.6694 -8.9494 1.4619 100 0 0 0 0
8.6698 -8.9498 0.1645 100 0 0 0 0
8.6698 -8.9498 1.0282 100 0 0 0 0
8.6701 -8.9104 2.7781 100 0 0 0 0
8.6702 -8.9502 2.7837 100 0 0 0 0
8.6702 -8.9502 3.2349 100 0 0 0 0
8.6708 -8.9508 2.3388 100 0 0 0 0
8.6715 -8.9515 3.6939 100 0 0 0 0
8.6732 -8.9137 1.4598 100 0 0 0 0
8.6743 -8.9148 0.1648 100 0 0 0 0
8.6756 -8.9161 1.0271 100 0 0 0 0
8.6758 -8.9163 3.2301 100 0 0 0 0
8.6760 -8.9166 3.6879 100 0 0 0 0
8.6766 -8.9172 1.8960 100 0 0 0 0
8.6772 -8.9179 0.5957 100 0 0 0 0
8.6773 -8.9179 2.3357 100 0 0 0 0
8.6793 -8.9742 3.2404 100 0 0 0 0
8.6831 -8.8842 0.5952 100 0 0 0 0
8.6842 -8.8853 3.6833 100 0 0 0 0
8.6848 -8.8860 1.8938 100 0 0 0 0
8.6850 -8.8862 2.7765 100 0 0 0 0
8.6853 -8.8865 2.3328 100 0 0 0 0
8.6856 -8.8868 1.4587 100 0 0 0 0
8.6857 -8.8869 3.2266 100 0 0 0 0
8.6864 -8.8877 0.1648 100 0 0 0 0
8.6870 -8.8882 1.0263 100 0 0 0 0
8.6954 -8.9965 2.3464 100 0 0 0 0
8.6970 -8.9982 1.4664 100 0 0 0 0
8.6971 -8.9982 0.5967 100 0 0 0 0
8.6972 -8.9984 0.1632 100 0 0 0 0
8.6976 -8.9988 3.2470 100 0 0 0 0
8.6978 -8.9990 3.7076 100 0 0 0 0
8.6980 -8.9992 1.0308 100 0 0 0 0
8.6982 -8.9994 2.7940 100 0 0 0 0
8.6987 -8.9999 1.9050 100 0 0 0 0
8.7019 8.5346 0.1687 100 0 0 0 0
8.7578 8.4631 0.1689 100 0 0 0 0
8.7704 -8.8558 1.4620 100 0 0 0 0
8.7705 -8.8560 2.3389 100 0 0 0 0
8.7712 -8.8566 1.0282 100 0 0 0 0
8.7714 -8.8568 2.7843 100 0 0 0 0
8.7718 -8.8573 0.1641 100 0 0 0 0
8.7733 -8.8588 3.2362 100 0 0 0 0
8.7736 -8.8591 1.8991 100 0 0 0 0
8.7738 -8.8593 0.5960 100 0 0 0 0
8.7741 -8.8596 3.6953 100 0 0 0 0
8.7955 -8.8617 3.2403 100 0 0 0 0
8.8184 8.4655 0.1680 100 0 0 0 0
9.7103 -9.0013 0.1508 100 0 0 0 0
9.7107 -8.9985 0.1509 100 0 0 0 0
9.7133 -8.9012 0.1521 100 0 0 0 0
9.7152 -8.8238 0.1527 100 0 0 0 0
9.7190 -8.7542 0.1534 100 0 0 0 0
9.7198 -8.5889 0.1553 100 0 0 0 0
9.7203 -8.7642 0.1535 100 0 0 0 0
9.7213 -8.6980 0.1543 100 0 0 0 0
9.7225 -8.6601 0.1545 100 0 0 0 0
9.7226 -8.5832 0.1554 100 0 0 0 0
9.7266 -8.4396 0.1573 100 0 0 0 0
9.7287 -8.4603 0.1567 100 0 0 0 0
9.7301 -8.2737 0.1591 100 0 0 0 0
9.7315 -8.3497 0.1580 100 0 0 0 0
9.7373 -8.1739 0.1599 100 0 0 0 0
9.7375 -8.1191 0.1607 100 0 0 0 0
9.7443 -8.0335 0.1617 100 0 0 0 0
9.7454 -7.8953 0.1629 100 0 0 0 0
9.7458 -7.8778 0.1634 100 0 0 0 0
9.7468 -7.7897 0.1641 100 0 0 0 0
9.7536 -7.7068 0.1649 100 0 0 0 0
9.7545 -7.6250 0.1657 100 0 0 0 0
9.7559 -7.5567 0.1665 100 0 0 0 0
9.7585 -7.4725 0.1673 100 0 0 0 0
9.7617 -7.3097 0.1692 100 0 0 0 0
9.7622 -7.3608 0.1684 100 0 0 0 0
9.7667 -7.2293 0.1701 100 0 0 0 0
9.7683 3.6570 0.1999 100 0 0 0 0
9.7690 3.6372 0.2000 100 0 0 0 0
9.7691 3.8518 0.1987 100 0 0 0 0
9.7691 3.7316 0.1994 100 0 0 0 0
9.7691 3.6495 0.2001 100 0 0 0 0
9.7702 -7.1035 0.1710 100 0 0 0 0
9.7709 -7.0709 0.1714 100 0 0 0 0
9.7731 3.9667 0.1979 100 0 0 0 0
9.7737 -6.9907 0.1721 100 0 0 0 0
9.7739 3.8913 0.1984 100 0 0 0 0
9.7758 4.0520 0.1973 100 0 0 0 0
9.7772 -6.8516 0.1735 100 0 0 0 0
9.7773 4.2917 0.1956 100 0 0 0 0
9.7785 -6.8365 0.1739 100 0 0 0 0
9.7789 -6.7564 0.1745 100 0 0 0 0
9.7798 4.2541 0.1958 100 0 0 0 0
9.7804 4.3711 0.1949 100 0 0 0 0
9.7805 4.1305 0.1966 100 0 0 0 0
9.7812 -2.3755 0.2067 100 0 0 0 0
9.7822 -2.2883 0.2068 100 0 0 0 0
9.7828 -2.2771 0.2071 100 0 0 0 0
9.7832 -6.5894 0.1763 100 0 0 0 0
9.7833 4.4593 0.1943 100 0 0 0 0
9.7835 -2.1976 0.2074 100 0 0 0 0
9.7837 4.5253 0.1937 100 0 0 0 0
9.7847 -2.1112 0.2075 100 0 0 0 0
9.7854 4.7611 0.1920 100 0 0 0 0
9.7858 -6.6069 0.1758 100 0 0 0 0
9.7859 4.6808 0.1926 100 0 0 0 0
9.7861 -6.5129 0.1768 100 0 0 0 0
9.7867 4.8785 0.1910 100 0 0 0 0
9.7870 4.6680 0.1926 100 0 0 0 0
9.7886 3.6369 0.1998 100 0 0 0 0
9.7893 -1.9357 0.2080 100 0 0 0 0
9.7895 4.9344 0.1905 100 0 0 0 0
9.7907 -2.0333 0.2076 100 0 0 0 0
9.7909 -1.8799 0.2082 100 0 0 0 0
9.7915 -6.3503 0.1785 100 0 0 0 0
9.7919 5.0041 0.1899 100 0 0 0 0
9.7921 5.0957 0.1892 100 0 0 0 0
9.7928 5.1655 0.1886 100 0 0 0 0
9.7929 -6.2745 0.1790 100 0 0 0 0
9.7941 5.3153 0.1873 100 0 0 0 0
9.7942 -6.3674 0.1780 100 0 0 0 0
9.7962 5.5681 0.1851 100 0 0 0 0
9.7962 5.4014 0.1865 100 0 0 0 0
9.7970 5.3310 0.1872 100 0 0 0 0
9.7978 5.5402 0.1854 100 0 0 0 0
9.7978 -1.7174 0.2086 100 0 0 0 0
9.7979 5.6415 0.1845 100 0 0 0 0
9.7981 -1.7621 0.2084 100 0 0 0 0
9.7982 -6.1304 0.1802 100 0 0 0 0
9.7987 -6.0209 0.1812 100 0 0 0 0
9.7988 -1.5879 0.2089 100 0 0 0 0
9.7990 5.8030 0.1830 100 0 0 0 0
9.7990 -6.1008 0.1805 100 0 0 0 0
9.7992 -1.4508 0.2093 100 0 0 0 0
9.7992 -1.5547 0.2091 100 0 0 0 0
9.7995 5.7645 0.1834 100 0 0 0 0
9.8000 5.4749 0.1858 100 0 0 0 0
9.8002 5.6138 0.1846 100 0 0 0 0
9.8006 -1.6915 0.2088 100 0 0 0 0
9.8007 -6.1529 0.1799 100 0 0 0 0
9.8007 5.3666 0.1868 100 0 0 0 0
9.8008 5.4949 0.1857 100 0 0 0 0
9.8012 -1.3929 0.2094 100 0 0 0 0
9.8021 5.6730 0.1841 100 0 0 0 0
9.8022 5.7703 0.1833 100 0 0 0 0
9.8022 -1.5774 0.2091 100 0 0 0 0
9.8025 -6.0279 0.1811 100 0 0 0 0
9.8025 -6.1181 0.1805 100 0 0 0 0
9.8025 -1.5441 0.2090 100 0 0 0 0
9.8051 -5.9002 0.1822 100 0 0 0 0
9.8056 -1.2430 0.2097 100 0 0 0 0
9.8060 5.8166 0.1828 100 0 0 0 0
9.8064 -1.4157 0.2093 100 0 0 0 0
9.8078 -1.2323 0.2098 100 0 0 0 0
9.8082 -5.8726 0.1824 100 0 0 0 0
9.8094 -5.7851 0.1835 100 0 0 0 0
9.8102 -1.1556 0.2100 100 0 0 0 0
9.8115 -1.0719 0.2099 100 0 0 0 0
9.8126 -5.6749 0.1841 100 0 0 0 0
9.8129 -0.9953 0.2100 100 0 0 0 0
9.8132 6.5533 0.1757 100 0 0 0 0
9.8141 -5.6325 0.1847 100 0 0 0 0
9.8148 6.6019 0.1753 100 0 0 0 0
9.8154 -0.9010 0.2102 100 0 0 0 0
9.8158 6.7409 0.1739 100 0 0 0 0
9.8168 -0.8356 0.2102 100 0 0 0 0
9.8173 -5.4524 0.1860 100 0 0 0 0
9.8179 6.7746 0.1735 100 0 0 0 0
9.8180 -5.5483 0.1851 100 0 0 0 0
9.8182 6.9978 0.1712 100 0 0 0 0
9.8192 -5.3967 0.1865 100 0 0 0 0
9.8194 -0.7305 0.2103 100 0 0 0 0
9.8197 7.0153 0.1711 100 0 0 0 0
9.8197 7.0818 0.1703 100 0 0 0 0
9.8203 -5.3128 0.1873 100 0 0 0 0
9.8204 6.8412 0.1727 100 0 0 0 0
9.8234 7.1680 0.1694 100 0 0 0 0
9.8246 7.2643 0.1684 100 0 0 0 0
9.8246 -0.5604 0.2104 100 0 0 0 0
9.8249 -0.5169 0.2105 100 0 0 0 0
9.8252 -0.6764 0.2103 100 0 0 0 0
9.8258 -5.1526 0.1884 100 0 0 0 0
9.8264 7.3337 0.1676 100 0 0 0 0
9.8265 -5.0194 0.1894 100 0 0 0 0
9.8273 -0.3646 0.2105 100 0 0 0 0
9.8280 7.4206 0.1667 100 0 0 0 0
9.8286 -5.2375 0.1876 100 0 0 0 0
9.8286 7.6413 0.1643 100 0 0 0 0
9.8290 7.5366 0.1655 100 0 0 0 0
9.8291 -4.9934 0.1896 100 0 0 0 0
9.8302 7.5725 0.1650 100 0 0 0 0
9.8303 -0.3579 0.2106 100 0 0 0 0
9.8310 -0.1988 0.2106 100 0 0 0 0
9.8320 -0.2205 0.2105 100 0 0 0 0
9.8346 -0.0506 0.2105 100 0 0 0 0
9.8348 -9.0083 0.6113 100 0 0 0 0
9.8358 -8.9947 0.6109 100 0 0 0 0
9.8363 -0.0398 0.2107 100 0 0 0 0
9.8368 -8.8221 0.6088 100 0 0 0 0
9.8370 -8.8223 1.0671 100 0 0 0 0
9.8381 0.1193 0.2105 100 0 0 0 0
9.8392 -8.8638 0.6093 100 0 0 0 0
9.8394 -8.6681 0.6073 100 0 0 0 0
9.8395 -8.7461 1.0646 100 0 0 0 0
9.8399 0.2064 0.2106 100 0 0 0 0
9.8409 -8.7474 0.6081 100 0 0 0 0
9.8412 0.2895 0.2103 100 0 0 0 0
9.8421 0.1302 0.2105 100 0 0 0 0
9.8426 -8.5032 0.6054 100 0 0 0 0
9.8427 -8.6711 1.0623 100 0 0 0 0
9.8440 0.3659 0.2102 100 0 0 0 0
9.8443 -8.5046 1.0566 100 0 0 0 0
9.8453 0.4600 0.2102 100 0 0 0 0
9.8460 -8.5635 1.0584 100 0 0 0 0
9.8466 -8.3550 0.6036 100 0 0 0 0
9.8469 -8.4308 0.6044 100 0 0 0 0
9.8470 -8.5643 0.6060 100 0 0 0 0
9.8481 -8.4318 1.0540 100 0 0 0 0
9.8486 0.5257 0.2100 100 0 0 0 0
9.8486 0.6857 0.2098 100 0 0 0 0
9.8491 -8.3572 1.0516 100 0 0 0 0
9.8492 0.8021 0.2097 100 0 0 0 0
9.8498 -8.2694 0.6026 100 0 0 0 0
9.8505 3.6883 0.9254 100 0 0 0 0
9.8515 -8.2709 1.0486 100 0 0 0 0
9.8518 -8.1969 0.6019 100 0 0 0 0
9.8525 0.6312 0.2099 100 0 0 0 0
9.8529 3.8018 0.9276 100 0 0 0 0
9.8529 -8.1978 1.0463 100 0 0 0 0
9.8539 -8.1066 0.6009 100 0 0 0 0
9.8540 3.7270 0.5620 100 0 0 0 0
9.8542 -8.1068 1.0432 100 0 0 0 0
9.8550 3.7274 0.9264 100 0 0 0 0
9.8553 -8.0347 0.6001 100 0 0 0 0
9.8566 -7.9503 0.5992 100 0 0 0 0
9.8567 -7.8605 1.0351 100 0 0 0 0
9.8568 0.9745 0.2093 100 0 0 0 0
9.8572 3.6908 0.5618 100 0 0 0 0
9.8575 -7.9871 0.5996 100 0 0 0 0
9.8583 1.0077 0.2093 100 0 0 0 0
9.8584 -2.3713 0.9050 100 0 0 0 0
9.8587 -7.9881 1.0394 100 0 0 0 0
9.8588 3.8878 0.5631 100 0 0 0 0
9.8589 1.1472 0.2089 100 0 0 0 0
9.8589 3.8042 0.5625 100 0 0 0 0
9.8590 3.9639 0.9310 100 0 0 0 0
9.8593 -7.8626 0.5982 100 0 0 0 0
9.8599 -2.2722 0.9039 100 0 0 0 0
9.8599 3.8882 0.9296 100 0 0 0 0
9.8600 -7.9531 1.0383 100 0 0 0 0
9.8601 1.2470 0.2087 100 0 0 0 0
9.8602 -7.7920 0.5975 100 0 0 0 0
9.8604 3.9645 0.5635 100 0 0 0 0
9.8604 -2.3067 0.5546 100 0 0 0 0
9.8604 -2.3718 0.5550 100 0 0 0 0
9.8610 4.0878 0.5644 100 0 0 0 0
9.8620 -7.7934 1.0332 100 0 0 0 0
9.8626 -7.7105 1.0305 100 0 0 0 0
9.8628 -2.2729 0.5546 100 0 0 0 0
9.8629 -2.3073 0.9043 100 0 0 0 0
9.8633 3.6355 0.9250 100 0 0 0 0
9.8635 1.1699 0.2088 100 0 0 0 0
9.8635 -7.5538 0.5950 100 0 0 0 0
9.8640 -2.1284 0.5539 100 0 0 0 0
9.8641 4.0892 0.9338 100 0 0 0 0
9.8641 1.3211 0.2084 100 0 0 0 0
9.8643 4.1277 0.5648 100 0 0 0 0
9.8644 3.6359 0.5615 100 0 0 0 0
9.8645 -2.0374 0.5538 100 0 0 0 0
9.8646 -7.6243 0.5958 100 0 0 0 0
9.8652 -7.7126 0.5967 100 0 0 0 0
9.8653 3.6362 0.1984 100 0 0 0 0
9.8653 4.2057 0.9363 100 0 0 0 0
9.8659 -2.1174 0.9024 100 0 0 0 0
9.8659 -2.1288 0.9024 100 0 0 0 0
9.8659 4.1284 0.9348 100 0 0 0 0
9.8664 4.2924 0.5659 100 0 0 0 0
9.8665 4.2924 0.9382 100 0 0 0 0
9.8667 -7.4405 1.0219 100 0 0 0 0
9.8668 1.4105 0.2083 100 0 0 0 0
9.8670 -7.4407 0.5938 100 0 0 0 0
9.8675 -7.6265 1.0280 100 0 0 0 0
9.8675 -1.9513 0.9006 100 0 0 0 0
9.8681 4.2069 0.5653 100 0 0 0 0
9.8682 -7.5575 1.0258 100 0 0 0 0
9.8686 -2.1180 0.5542 100 0 0 0 0
9.8686 1.4958 0.2079 100 0 0 0 0
9.8689 -7.3909 0.5935 100 0 0 0 0
9.8696 4.4992 0.9428 100 0 0 0 0
9.8698 -2.0385 0.9018 100 0 0 0 0
9.8701 -1.8726 0.5532 100 0 0 0 0
9.8703 -7.3919 1.0208 100 0 0 0 0
9.8703 1.6712 0.2074 100 0 0 0 0
9.8707 -7.3071 0.5928 100 0 0 0 0
9.8709 1.5633 0.2077 100 0 0 0 0
9.8709 -1.9520 0.5534 100 0 0 0 0
9.8710 -1.8727 0.9000 100 0 0 0 0
9.8712 4.3729 0.5665 100 0 0 0 0
9.8713 -1.7753 0.8990 100 0 0 0 0
9.8715 -1.7754 0.5529 100 0 0 0 0
9.8719 -1.7192 0.5527 100 0 0 0 0
9.8719 4.5003 0.5675 100 0 0 0 0
9.8722 4.3603 0.9399 100 0 0 0 0
9.8725 4.7095 0.5691 100 0 0 0 0
9.8731 4.5274 0.5677 100 0 0 0 0
9.8733 4.5275 0.9436 100 0 0 0 0
9.8741 4.6078 0.9455 100 0 0 0 0
9.8745 -7.3100 1.0185 100 0 0 0 0
9.8745 -7.1801 0.5912 100 0 0 0 0
9.8752 -7.1472 1.0131 100 0 0 0 0
9.8752 -1.7085 0.8986 100 0 0 0 0
9.8758 4.6086 0.5684 100 0 0 0 0
9.8763 -7.1480 0.5909 100 0 0 0 0
9.8763 4.7113 0.9479 100 0 0 0 0
9.8767 4.7655 0.5695 100 0 0 0 0
9.8770 -7.1820 1.0143 100 0 0 0 0
9.8772 4.9020 0.9523 100 0 0 0 0
9.8776 -7.0659 1.0107 100 0 0 0 0
9.8780 -6.9837 0.5893 100 0 0 0 0
9.8785 4.9800 0.9542 100 0 0 0 0
9.8787 4.7665 0.9492 100 0 0 0 0
9.8792 4.9440 0.5710 100 0 0 0 0
9.8792 4.8482 0.5703 100 0 0 0 0
9.8793 -6.9077 0.5888 100 0 0 0 0
9.8793 -6.9683 1.0079 100 0 0 0 0
9.8796 -6.8867 1.0055 100 0 0 0 0
9.8798 -7.0675 0.5901 100 0 0 0 0
9.8798 5.0133 0.9552 100 0 0 0 0
9.8799 -6.8382 1.0040 100 0 0 0 0
9.8802 -6.9084 1.0063 100 0 0 0 0
9.8806 4.7404 0.9487 100 0 0 0 0
9.8811 -6.9253 1.0066 100 0 0 0 0
9.8813 5.0089 0.5715 100 0 0 0 0
9.8813 4.9264 0.5709 100 0 0 0 0
9.8814 -7.0026 1.0090 100 0 0 0 0
9.8814 -6.9255 0.5887 100 0 0 0 0
9.8814 4.7814 0.5697 100 0 0 0 0
9.8817 4.8494 0.9514 100 0 0 0 0
9.8819 -7.0029 0.5895 100 0 0 0 0
9.8819 -6.8932 0.5884 100 0 0 0 0
9.8823 4.9269 0.9532 100 0 0 0 0
9.8826 4.8636 0.5704 100 0 0 0 0
9.8829 4.7956 0.9501 100 0 0 0 0
9.8829 -6.8291 1.0038 100 0 0 0 0
9.8833 -6.6734 0.5862 100 0 0 0 0
9.8848 -6.8304 0.5878 100 0 0 0 0
9.8849 -6.7498 1.0016 100 0 0 0 0
9.8853 -6.6860 0.9999 100 0 0 0 0
9.8854 5.1450 0.5727 100 0 0 0 0
9.8870 5.1459 0.9587 100 0 0 0 0
9.8870 -6.7512 0.5871 100 0 0 0 0
9.8871 5.0119 0.9554 100 0 0 0 0
9.8872 5.2442 0.5736 100 0 0 0 0
9.8872 -6.6761 0.9994 100 0 0 0 0
9.8882 -6.5973 0.9971 100 0 0 0 0
9.8883 5.1605 0.5730 100 0 0 0 0
9.8883 5.1745 0.9594 100 0 0 0 0
9.8891 -6.5191 0.9951 100 0 0 0 0
9.8893 -6.5980 0.5856 100 0 0 0 0
9.8899 -6.5196 0.5850 100 0 0 0 0
9.8902 5.3683 0.9644 100 0 0 0 0
9.8910 5.2462 0.9613 100 0 0 0 0
9.8914 -6.4313 0.9924 100 0 0 0 0
9.8915 5.3690 0.5747 100 0 0 0 0
9.8918 -6.4316 0.5840 100 0 0 0 0
9.8918 -6.2769 0.9883 100 0 0 0 0
9.8926 5.4841 0.5757 100 0 0 0 0
9.8931 5.4126 0.9656 100 0 0 0 0
9.8934 5.4846 0.9675 100 0 0 0 0
9.8936 -6.3551 0.5833 100 0 0 0 0
9.8937 -6.3552 0.9904 100 0 0 0 0
9.8944 5.4133 0.5751 100 0 0 0 0
9.8948 -6.2788 0.5828 100 0 0 0 0
9.8950 5.5960 0.5767 100 0 0 0 0
9.8955 -6.1919 0.5817 100 0 0 0 0
9.8962 -6.1924 0.9858 100 0 0 0 0
9.8966 -4.9457 0.1892 100 0 0 0 0
9.8973 5.6410 0.5771 100 0 0 0 0
9.8977 5.5976 0.9706 100 0 0 0 0
9.8979 5.6413 0.9718 100 0 0 0 0
9.8980 5.7293 0.5779 100 0 0 0 0
9.8982 -6.0271 0.9814 100 0 0 0 0
9.8986 5.7297 0.9741 100 0 0 0 0
9.9006 -6.1191 0.9840 100 0 0 0 0
9.9009 -6.1193 0.5812 100 0 0 0 0
9.9009 -5.9585 0.5797 100 0 0 0 0
9.9012 -6.0289 0.5804 100 0 0 0 0
9.9015 5.8296 0.9769 100 0 0 0 0
9.9026 5.8897 0.9785 100 0 0 0 0
9.9032 -5.9599 0.9797 100 0 0 0 0
9.9038 5.8905 0.5794 100 0 0 0 0
9.9044 5.8313 0.5789 100 0 0 0 0
9.9057 -5.8721 0.5790 100 0 0 0 0
9.9070 -5.7155 0.5779 100 0 0 0 0
9.9072 -5.8730 0.9776 100 0 0 0 0
9.9075 -5.7304 0.5777 100 0 0 0 0
9.9079 -5.7306 0.9738 100 0 0 0 0
9.9095 -5.5041 0.5758 100 0 0 0 0
9.9097 -5.7171 0.9738 100 0 0 0 0
9.9104 -5.6300 0.5769 100 0 0 0 0
9.9115 -5.6306 0.9714 100 0 0 0 0
9.9139 -5.5066 0.9682 100 0 0 0 0
9.9143 -5.3925 0.5752 100 0 0 0 0
9.9145 -5.4782 0.9675 100 0 0 0 0
9.9150 -5.4786 0.5757 100 0 0 0 0
9.9159 -5.3934 0.9657 100 0 0 0 0
9.9166 6.6233 0.9999 100 0 0 0 0
9.9171 -5.2852 0.5741 100 0 0 0 0
9.9176 -5.2855 0.9628 100 0 0 0 0
9.9189 -5.1600 0.5731 100 0 0 0 0
9.9195 -5.2302 0.9616 100 0 0 0 0
9.9202 6.6257 0.5865 100 0 0 0 0
9.9211 -5.0682 0.5724 100 0 0 0 0
9.9211 -5.2311 0.5737 100 0 0 0 0
9.9213 -5.1473 0.9598 100 0 0 0 0
9.9216 6.6427 1.0007 100 0 0 0 0
9.9217 6.6909 1.0022 100 0 0 0 0
9.9217 -5.0686 0.9577 100 0 0 0 0
9.9218 6.6910 0.5873 100 0 0 0 0
9.9221 -4.9997 0.5719 100 0 0 0 0
9.9222 6.8151 1.0059 100 0 0 0 0
9.9233 6.8485 1.0069 100 0 0 0 0
9.9240 6.8163 0.5885 100 0 0 0 0
9.9243 -4.9872 0.9559 100 0 0 0 0
9.9254 6.8499 0.5889 100 0 0 0 0
9.9272 7.0933 0.5914 100 0 0 0 0
9.9272 6.9332 0.5897 100 0 0 0 0
9.9274 3.6345 0.5626 100 0 0 0 0
9.9281 6.9338 1.0097 100 0 0 0 0
9.9283 7.0941 1.0146 100 0 0 0 0
9.9291 7.0780 0.5912 100 0 0 0 0
9.9299 7.1624 0.5921 100 0 0 0 0
9.9299 7.0786 1.0142 100 0 0 0 0
9.9304 7.1628 1.0168 100 0 0 0 0
9.9326 7.2488 0.5931 100 0 0 0 0
9.9330 7.2491 1.0196 100 0 0 0 0
9.9355 7.4163 1.0249 100 0 0 0 0
9.9356 7.4856 1.0272 100 0 0 0 0
9.9370 7.3487 0.5942 100 0 0 0 0
9.9374 7.4004 0.5947 100 0 0 0 0
9.9375 7.3490 1.0229 100 0 0 0 0
9.9392 7.6224 1.0317 100 0 0 0 0
9.9404 7.6233 0.5971 100 0 0 0 0
9.9409 7.4896 0.5957 100 0 0 0 0
9.9423 7.6424 1.0325 100 0 0 0 0
9.9426 7.6426 0.5974 100 0 0 0 0
9.9581 3.6333 0.1971 100 0 0 0 0
9.9587 3.6336 0.9298 100 0 0 0 0
9.9788 -4.9458 0.9575 100 0 0 0 0
9.9792 -4.9460 0.5724 100 0 0 0 0
9.9833 -4.9481 0.1876 100 0 0 0 0
10.0189 3.6307 0.5640 100 0 0 0 0
10.0220 3.6318 0.1959 100 0 0 0 0
10.0234 3.6323 0.9328 100 0 0 0 0
10.0408 3.6309 0.5644 100 0 0 0 0
10.0417 3.6313 0.9337 100 0 0 0 0
10.0441 3.6321 0.1956 100 0 0 0 0
10.1153 -4.9491 0.9639 100 0 0 0 0
10.1154 -4.9491 0.1855 100 0 0 0 0
10.1163 -4.9495 0.5745 100 0 0 0 0
10.1440 -4.9493 0.9656 100 0 0 0 0
10.1445 -4.9496 0.1853 100 0 0 0 0
10.1486 -4.9516 0.5753 100 0 0 0 0
10.2042 -4.9511 0.1843 100 0 0 0 0
10.2047 -4.9514 0.9684 100 0 0 0 0
10.2054 -4.9517 0.5761 100 0 0 0 0
10.2955 -4.9537 0.1826 100 0 0 0 0
