run_id,timestamp,query_id,repetition,mode,source_stage6_run_id,result_code,stage6_result_code,q04_diagnostic,reference_only,l3_applicable,action_success,static_footprint_valid,final_valid_success,hard_kinematic_valid,turning_radius_preference_satisfied,static_footprint_collision_count,heading_jump_count_before,heading_jump_max_rad_before,curvature_preference_violation_count_before,curvature_preference_violation_count_after,l3_triggered,trigger_count,repair_window_count,rotate_in_place_count,rotation_angle_total_rad,rotation_sweep_collision_count,hybrid_calls,hybrid_success,hybrid_failure_reason,repair_window_padding_m,repair_length_m,repair_length_ratio,reverse_distance_m,reverse_ratio,direction_switch_count,stitch_position_error_m,stitch_yaw_error_deg,stitch_valid,stage6_online_time_ms,l3_planning_time_ms,composed_online_time_ms,composed_online_time_is_estimate,final_path_length_m,minimum_clearance_m,path_point_count,path_file,grid_mode,topology_edge_ids,topology_guided_source,l3_cpu_user_ms,l3_cpu_system_ms,l3_cpu_total_ms,l3_cpu_percent,l3_rss_before_bytes,l3_rss_peak_bytes,l3_pss_before_bytes,l3_pss_peak_bytes,l3_resource_error,l3_wall_time_ms,reference_planning_time_ms,reference_wall_time_ms,reference_cpu_total_ms,reference_static_footprint_collision_count
q00_grid_raw_measured_1_1787296939720076064,2026-08-21T07:22:19.762044+00:00,q00,1,grid_raw,q00_topology_guided_grid_fallback_measured_1_1787293372383969219,SUCCEEDED,SUCCEEDED,,False,True,True,True,False,False,False,0,1,2.6585926535897926,69.0,69.0,True,1,1,0,0.0,0.0,0,False,,,0.0,0.0,0.0,0.0,0.0,0.0,0.0,True,209.5867,1.403361,210.990061,True,22.576702730475922,0.050000000745058,402,paths/q00_grid_raw_measured_1_1787296939720076064.json.gz,corridor,"[61, 60, 63, 66, 67, 75, 92, 90, 80, 79]",grid,0.0,0.0,0.0,0.0,121950208.0,121950208.0,95558656.0,95558656.0,,2.534462,,,,
q00_grid_with_rotation_measured_1_1787296939764520922,2026-08-21T07:22:19.806340+00:00,q00,1,grid_with_rotation,q00_topology_guided_grid_fallback_measured_1_1787293372383969219,SUCCEEDED,SUCCEEDED,,False,True,True,True,True,True,False,0,1,2.6585926535897926,69.0,68.0,True,1,1,1,2.6585926535897926,0.0,0,False,,1.0,0.0,0.0,0.0,0.0,0.0,0.0,0.0,True,209.5867,2.105311,211.692011,True,22.576702730475922,0.050000000745058,433,paths/q00_grid_with_rotation_measured_1_1787296939764520922.json.gz,corridor,"[61, 60, 63, 66, 67, 75, 92, 90, 80, 79]",grid,10.0,0.0,10.0,474.9892058702966,122404864.0,122417152.0,96013312.0,96025600.0,,2.626172,,,,
q00_layered_on_demand_l3_measured_1_1787296939810912560,2026-08-21T07:22:19.868719+00:00,q00,1,layered_on_demand_l3,q00_topology_guided_grid_fallback_measured_1_1787293372383969219,SUCCEEDED,SUCCEEDED,,False,True,True,True,True,True,False,0,1,2.6585926535897926,69.0,68.0,True,1,1,1,2.6585926535897926,0.0,0,False,,1.0,0.0,0.0,0.0,0.0,0.0,0.0,0.0,True,209.5867,21.513135,231.099835,True,22.576702730475922,0.050000000745058,433,paths/q00_layered_on_demand_l3_measured_1_1787296939810912560.json.gz,corridor,"[61, 60, 63, 66, 67, 75, 92, 90, 80, 79]",grid,20.0,0.0,20.0,92.96645979305201,122671104.0,122679296.0,96279552.0,96287744.0,,22.88217,,,,
q00_full_smac_normalized_measured_1_1787296939871418076,2026-08-21T07:22:19.883109+00:00,q00,1,full_smac_normalized,q00_topology_guided_grid_fallback_measured_1_1787293372383969219,SUCCEEDED,SUCCEEDED,,True,False,True,False,False,,False,1,0,0.18007706215926156,27.0,27.0,False,1,1,0,0.0,0.0,0,False,,,0.0,0.0,0.3729652706910713,0.016996295315726148,1.0,0.0,0.0,True,25.231887,0.0,25.231887,True,21.943915645309957,0.050000000745058,227,paths/q00_full_smac_normalized_measured_1_1787296939871418076.json.gz,corridor,[],smac_reference,,,,,,,,,,,14.062234,25.231887,20.0,1.0
q00_grid_raw_measured_2_1787296939903232600,2026-08-21T07:22:19.941120+00:00,q00,2,grid_raw,q00_topology_guided_grid_fallback_measured_2_1787293373031053003,SUCCEEDED,SUCCEEDED,,False,True,True,True,False,False,False,0,1,2.6585926535897926,69.0,69.0,True,1,1,0,0.0,0.0,0,False,,,0.0,0.0,0.0,0.0,0.0,0.0,0.0,True,193.427528,1.356466,194.783994,True,22.576702730475922,0.050000000745058,402,paths/q00_grid_raw_measured_2_1787296939903232600.json.gz,corridor,"[61, 60, 63, 66, 67, 75, 92, 90, 80, 79]",grid,0.0,0.0,0.0,0.0,123121664.0,123121664.0,96730112.0,96730112.0,,2.469133,,,,
q00_grid_with_rotation_measured_2_1787296939943814530,2026-08-21T07:22:19.981796+00:00,q00,2,grid_with_rotation,q00_topology_guided_grid_fallback_measured_2_1787293373031053003,SUCCEEDED,SUCCEEDED,,False,True,True,True,True,True,False,0,1,2.6585926535897926,69.0,68.0,True,1,1,1,2.6585926535897926,0.0,0,False,,1.0,0.0,0.0,0.0,0.0,0.0,0.0,0.0,True,193.427528,2.408022,195.83554999999998,True,22.576702730475922,0.050000000745058,433,paths/q00_grid_with_rotation_measured_2_1787296939943814530.json.gz,corridor,"[61, 60, 63, 66, 67, 75, 92, 90, 80, 79]",grid,0.0,0.0,0.0,0.0,123121664.0,123129856.0,96730112.0,96738304.0,,3.198518,,,,
q00_layered_on_demand_l3_measured_2_1787296939984457919,2026-08-21T07:22:20.039822+00:00,q00,2,layered_on_demand_l3,q00_topology_guided_grid_fallback_measured_2_1787293373031053003,SUCCEEDED,SUCCEEDED,,False,True,True,True,True,True,False,0,1,2.6585926535897926,69.0,68.0,True,1,1,1,2.6585926535897926,0.0,0,False,,1.0,0.0,0.0,0.0,0.0,0.0,0.0,0.0,True,193.427528,19.366719,212.79424699999998,True,22.576702730475922,0.050000000745058,433,paths/q00_layered_on_demand_l3_measured_2_1787296939984457919.json.gz,corridor,"[61, 60, 63, 66, 67, 75, 92, 90, 80, 79]",grid,20.0,0.0,20.0,103.26994469223207,123199488.0,123199488.0,96807936.0,96807936.0,,20.57589,,,,
q00_full_smac_normalized_measured_2_1787296940042487179,2026-08-21T07:22:20.053723+00:00,q00,2,full_smac_normalized,q00_topology_guided_grid_fallback_measured_2_1787293373031053003,SUCCEEDED,SUCCEEDED,,True,False,True,False,False,,False,1,0,0.18007706215926156,27.0,27.0,False,1,1,0,0.0,0.0,0,False,,,0.0,0.0,0.3729652706910713,0.016996295315726148,1.0,0.0,0.0,True,28.876499,0.0,28.876499,True,21.943915645309957,0.050000000745058,227,paths/q00_full_smac_normalized_measured_2_1787296940042487179.json.gz,corridor,[],smac_reference,,,,,,,,,,,17.999322,28.876499,20.0,1.0
q00_grid_raw_measured_3_1787296940073471479,2026-08-21T07:22:20.110782+00:00,q00,3,grid_raw,q00_topology_guided_grid_fallback_measured_3_1787293373676833965,SUCCEEDED,SUCCEEDED,,False,True,True,True,False,False,False,0,1,2.6585926535897926,69.0,69.0,True,1,1,0,0.0,0.0,0,False,,,0.0,0.0,0.0,0.0,0.0,0.0,0.0,True,190.891975,1.269181,192.161156,True,22.576702730475922,0.050000000745058,402,paths/q00_grid_raw_measured_3_1787296940073471479.json.gz,corridor,"[61, 60, 63, 66, 67, 75, 92, 90, 80, 79]",grid,0.0,0.0,0.0,0.0,123535360.0,123535360.0,97143808.0,97143808.0,,2.114063,,,,
q00_grid_with_rotation_measured_3_1787296940113271945,2026-08-21T07:22:20.151296+00:00,q00,3,grid_with_rotation,q00_topology_guided_grid_fallback_measured_3_1787293373676833965,SUCCEEDED,SUCCEEDED,,False,True,True,True,True,True,False,0,1,2.6585926535897926,69.0,68.0,True,1,1,1,2.6585926535897926,0.0,0,False,,1.0,0.0,0.0,0.0,0.0,0.0,0.0,0.0,True,190.891975,2.504795,193.39677,True,22.576702730475922,0.050000000745058,433,paths/q00_grid_with_rotation_measured_3_1787296940113271945.json.gz,corridor,"[61, 60, 63, 66, 67, 75, 92, 90, 80, 79]",grid,0.0,0.0,0.0,0.0,123535360.0,123535360.0,97143808.0,97143808.0,,3.365806,,,,
q00_layered_on_demand_l3_measured_3_1787296940153928558,2026-08-21T07:22:20.208600+00:00,q00,3,layered_on_demand_l3,q00_topology_guided_grid_fallback_measured_3_1787293373676833965,SUCCEEDED,SUCCEEDED,,False,True,True,True,True,True,False,0,1,2.6585926535897926,69.0,68.0,True,1,1,1,2.6585926535897926,0.0,0,False,,1.0,0.0,0.0,0.0,0.0,0.0,0.0,0.0,True,190.891975,19.357965,210.24994,True,22.576702730475922,0.050000000745058,433,paths/q00_layered_on_demand_l3_measured_3_1787296940153928558.json.gz,corridor,"[61, 60, 63, 66, 67, 75, 92, 90, 80, 79]",grid,20.0,0.0,20.0,103.31664511223157,123613184.0,123621376.0,97221632.0,97229824.0,,19.908941,,,,
q00_full_smac_normalized_measured_3_1787296940211262815,2026-08-21T07:22:20.222473+00:00,q00,3,full_smac_normalized,q00_topology_guided_grid_fallback_measured_3_1787293373676833965,SUCCEEDED,SUCCEEDED,,True,False,True,False,False,,False,1,0,0.18007706215926156,27.0,27.0,False,1,1,0,0.0,0.0,0,False,,,0.0,0.0,0.3729652706910713,0.016996295315726148,1.0,0.0,0.0,True,24.776973,0.0,24.776973,True,21.943915645309957,0.050000000745058,227,paths/q00_full_smac_normalized_measured_3_1787296940211262815.json.gz,corridor,[],smac_reference,,,,,,,,,,,13.594594,24.776973,10.0,1.0
q00_grid_raw_measured_4_1787296940242079273,2026-08-21T07:22:20.279462+00:00,q00,4,grid_raw,q00_topology_guided_grid_fallback_measured_4_1787293374316545796,SUCCEEDED,SUCCEEDED,,False,True,True,True,False,False,False,0,1,2.6585926535897926,69.0,69.0,True,1,1,0,0.0,0.0,0,False,,,0.0,0.0,0.0,0.0,0.0,0.0,0.0,True,197.862037,1.263642,199.125679,True,22.576702730475922,0.050000000745058,402,paths/q00_grid_raw_measured_4_1787296940242079273.json.gz,corridor,"[61, 60, 63, 66, 67, 75, 92, 90, 80, 79]",grid,0.0,0.0,0.0,0.0,123953152.0,123953152.0,97561600.0,97561600.0,,2.332135,,,,
q00_grid_with_rotation_measured_4_1787296940281943763,2026-08-21T07:22:20.322588+00:00,q00,4,grid_with_rotation,q00_topology_guided_grid_fallback_measured_4_1787293374316545796,SUCCEEDED,SUCCEEDED,,False,True,True,True,True,True,False,0,1,2.6585926535897926,69.0,68.0,True,1,1,1,2.6585926535897926,0.0,0,False,,1.0,0.0,0.0,0.0,0.0,0.0,0.0,0.0,True,197.862037,2.818749,200.68078599999998,True,22.576702730475922,0.050000000745058,433,paths/q00_grid_with_rotation_measured_4_1787296940281943763.json.gz,corridor,"[61, 60, 63, 66, 67, 75, 92, 90, 80, 79]",grid,10.0,0.0,10.0,354.76730989527624,123985920.0,123985920.0,97594368.0,97594368.0,,4.011451,,,,
q00_layered_on_demand_l3_measured_4_1787296940325427129,2026-08-21T07:22:20.384231+00:00,q00,4,layered_on_demand_l3,q00_topology_guided_grid_fallback_measured_4_1787293374316545796,SUCCEEDED,SUCCEEDED,,False,True,True,True,True,True,False,0,1,2.6585926535897926,69.0,68.0,True,1,1,1,2.6585926535897926,0.0,0,False,,1.0,0.0,0.0,0.0,0.0,0.0,0.0,0.0,True,197.862037,20.852871,218.71490799999998,True,22.576702730475922,0.050000000745058,433,paths/q00_layered_on_demand_l3_measured_4_1787296940325427129.json.gz,corridor,"[61, 60, 63, 66, 67, 75, 92, 90, 80, 79]",grid,20.0,0.0,20.0,95.91005478334374,124076032.0,124076032.0,97684480.0,97684480.0,,21.97446,,,,
q00_full_smac_normalized_measured_4_1787296940387072779,2026-08-21T07:22:20.399114+00:00,q00,4,full_smac_normalized,q00_topology_guided_grid_fallback_measured_4_1787293374316545796,SUCCEEDED,SUCCEEDED,,True,False,True,False,False,,False,1,0,0.18007706215926156,27.0,27.0,False,1,1,0,0.0,0.0,0,False,,,0.0,0.0,0.3729652706910713,0.016996295315726148,1.0,0.0,0.0,True,23.967089,0.0,23.967089,True,21.943915645309957,0.050000000745058,227,paths/q00_full_smac_normalized_measured_4_1787296940387072779.json.gz,corridor,[],smac_reference,,,,,,,,,,,12.447807,23.967089,20.0,1.0
q00_grid_raw_measured_5_1787296940420242845,2026-08-21T07:22:20.459638+00:00,q00,5,grid_raw,q00_topology_guided_grid_fallback_measured_5_1787293374989672328,SUCCEEDED,SUCCEEDED,,False,True,True,True,False,False,False,0,1,2.6585926535897926,69.0,69.0,True,1,1,0,0.0,0.0,0,False,,,0.0,0.0,0.0,0.0,0.0,0.0,0.0,True,206.822428,1.432718,208.255146,True,22.576702730475922,0.050000000745058,402,paths/q00_grid_raw_measured_5_1787296940420242845.json.gz,corridor,"[61, 60, 63, 66, 67, 75, 92, 90, 80, 79]",grid,0.0,0.0,0.0,0.0,124362752.0,124362752.0,97971200.0,97971200.0,,2.640285,,,,
q00_grid_with_rotation_measured_5_1787296940462219749,2026-08-21T07:22:20.503411+00:00,q00,5,grid_with_rotation,q00_topology_guided_grid_fallback_measured_5_1787293374989672328,SUCCEEDED,SUCCEEDED,,False,True,True,True,True,True,False,0,1,2.6585926535897926,69.0,68.0,True,1,1,1,2.6585926535897926,0.0,0,False,,1.0,0.0,0.0,0.0,0.0,0.0,0.0,0.0,True,206.822428,2.771253,209.593681,True,22.576702730475922,0.050000000745058,433,paths/q00_grid_with_rotation_measured_5_1787296940462219749.json.gz,corridor,"[61, 60, 63, 66, 67, 75, 92, 90, 80, 79]",grid,0.0,0.0,0.0,0.0,124407808.0,124407808.0,98016256.0,98016256.0,,3.824355,,,,
q00_layered_on_demand_l3_measured_5_1787296940506333522,2026-08-21T07:22:20.566684+00:00,q00,5,layered_on_demand_l3,q00_topology_guided_grid_fallback_measured_5_1787293374989672328,SUCCEEDED,SUCCEEDED,,False,True,True,True,True,True,False,0,1,2.6585926535897926,69.0,68.0,True,1,1,1,2.6585926535897926,0.0,0,False,,1.0,0.0,0.0,0.0,0.0,0.0,0.0,0.0,True,206.822428,21.535952,228.35838,True,22.576702730475922,0.050000000745058,433,paths/q00_layered_on_demand_l3_measured_5_1787296940506333522.json.gz,corridor,"[61, 60, 63, 66, 67, 75, 92, 90, 80, 79]",grid,20.0,0.0,20.0,92.86796330155266,124497920.0,124497920.0,98106368.0,98106368.0,,22.923947,,,,
q00_full_smac_normalized_measured_5_1787296940569558070,2026-08-21T07:22:20.581829+00:00,q00,5,full_smac_normalized,q00_topology_guided_grid_fallback_measured_5_1787293374989672328,SUCCEEDED,SUCCEEDED,,True,False,True,False,False,,False,1,0,0.18007706215926156,27.0,27.0,False,1,1,0,0.0,0.0,0,False,,,0.0,0.0,0.3729652706910713,0.016996295315726148,1.0,0.0,0.0,True,25.294084,0.0,25.294084,True,21.943915645309957,0.050000000745058,227,paths/q00_full_smac_normalized_measured_5_1787296940569558070.json.gz,corridor,[],smac_reference,,,,,,,,,,,14.103903,25.294084,10.0,1.0
q01_grid_raw_measured_1_1787296940616215932,2026-08-21T07:22:20.682149+00:00,q01,1,grid_raw,q01_topology_guided_grid_fallback_measured_1_1787293376161593313,SUCCEEDED,SUCCEEDED,,False,True,True,True,False,False,False,0,2,3.0921944901923624,107.0,107.0,True,2,2,0,0.0,0.0,0,False,,,0.0,0.0,0.0,0.0,0.0,0.0,0.0,True,311.248331,1.481438,312.72976900000003,True,37.213455967290614,0.050000000745058,650,paths/q01_grid_raw_measured_1_1787296940616215932.json.gz,corridor,"[116, 120, 123, 107, 105, 95, 90, 80, 72, 71, 70]",grid,0.0,10.0,10.0,675.0198118314772,124903424.0,124903424.0,98511872.0,98511872.0,,2.70315,,,,
q01_grid_with_rotation_measured_1_1787296940686409572,2026-08-21T07:22:20.754201+00:00,q01,1,grid_with_rotation,q01_topology_guided_grid_fallback_measured_1_1787293376161593313,SUCCEEDED,SUCCEEDED,,False,True,True,True,True,True,False,0,2,3.0921944901923624,107.0,105.0,True,2,2,2,4.93593586157626,0.0,0,False,,1.0,0.0,0.0,0.0,0.0,0.0,0.0,0.0,True,311.248331,4.422467,315.670798,True,37.213455967290614,0.050000000745058,708,paths/q01_grid_with_rotation_measured_1_1787296940686409572.json.gz,corridor,"[116, 120, 123, 107, 105, 95, 90, 80, 72, 71, 70]",grid,0.0,0.0,0.0,0.0,125149184.0,125149184.0,98757632.0,98757632.0,,5.781503,,,,
q01_layered_on_demand_l3_measured_1_1787296940758842945,2026-08-21T07:22:20.859008+00:00,q01,1,layered_on_demand_l3,q01_topology_guided_grid_fallback_measured_1_1787293376161593313,SUCCEEDED,SUCCEEDED,,False,True,True,True,True,True,False,0,2,3.0921944901923624,107.0,105.0,True,2,2,2,4.93593586157626,0.0,0,False,,1.0,0.0,0.0,0.0,0.0,0.0,0.0,0.0,True,311.248331,35.47996,346.728291,True,37.213455967290614,0.050000000745058,708,paths/q01_layered_on_demand_l3_measured_1_1787296940758842945.json.gz,corridor,"[116, 120, 123, 107, 105, 95, 90, 80, 72, 71, 70]",grid,40.0,0.0,40.0,112.73969869188127,125448192.0,125456384.0,99056640.0,99064832.0,,36.853697,,,,
q01_full_smac_normalized_measured_1_1787296940863749930,2026-08-21T07:22:20.883452+00:00,q01,1,full_smac_normalized,q01_topology_guided_grid_fallback_measured_1_1787293376161593313,SUCCEEDED,SUCCEEDED,,True,False,True,False,False,,False,1,0,0.26179933547973633,38.0,38.0,False,2,2,0,0.0,0.0,0,False,,,0.0,0.0,1.4901807884257687,0.0420675512035903,2.0,0.0,0.0,True,29.801667,0.0,29.801667,True,35.423521117592145,0.050000000745058,354,paths/q01_full_smac_normalized_measured_1_1787296940863749930.json.gz,corridor,[],smac_reference,,,,,,,,,,,16.061691,29.801667,10.0,1.0
q01_grid_raw_measured_2_1787296940919021491,2026-08-21T07:22:20.983726+00:00,q01,2,grid_raw,q01_topology_guided_grid_fallback_measured_2_1787293377214033141,SUCCEEDED,SUCCEEDED,,False,True,True,True,False,False,False,0,2,3.0921944901923624,107.0,107.0,True,2,2,0,0.0,0.0,0,False,,,0.0,0.0,0.0,0.0,0.0,0.0,0.0,True,322.162237,1.465825,323.628062,True,37.213455967290614,0.050000000745058,650,paths/q01_grid_raw_measured_2_1787296940919021491.json.gz,corridor,"[116, 120, 123, 107, 105, 95, 90, 80, 72, 71, 70]",grid,0.0,0.0,0.0,0.0,126083072.0,126083072.0,99691520.0,99691520.0,,2.733005,,,,
q01_grid_with_rotation_measured_2_1787296940987994454,2026-08-21T07:22:21.055650+00:00,q01,2,grid_with_rotation,q01_topology_guided_grid_fallback_measured_2_1787293377214033141,SUCCEEDED,SUCCEEDED,,False,True,True,True,True,True,False,0,2,3.0921944901923624,107.0,105.0,True,2,2,2,4.93593586157626,0.0,0,False,,1.0,0.0,0.0,0.0,0.0,0.0,0.0,0.0,True,322.162237,4.443754,326.605991,True,37.213455967290614,0.050000000745058,708,paths/q01_grid_with_rotation_measured_2_1787296940987994454.json.gz,corridor,"[116, 120, 123, 107, 105, 95, 90, 80, 72, 71, 70]",grid,0.0,0.0,0.0,0.0,126095360.0,126103552.0,99703808.0,99712000.0,,5.877707,,,,
q01_layered_on_demand_l3_measured_2_1787296941060307559,2026-08-21T07:22:21.158345+00:00,q01,2,layered_on_demand_l3,q01_topology_guided_grid_fallback_measured_2_1787293377214033141,SUCCEEDED,SUCCEEDED,,False,True,True,True,True,True,False,0,2,3.0921944901923624,107.0,105.0,True,2,2,2,4.93593586157626,0.0,0,False,,1.0,0.0,0.0,0.0,0.0,0.0,0.0,0.0,True,322.162237,34.589674,356.751911,True,37.213455967290614,0.050000000745058,708,paths/q01_layered_on_demand_l3_measured_2_1787296941060307559.json.gz,corridor,"[116, 120, 123, 107, 105, 95, 90, 80, 72, 71, 70]",grid,30.0,0.0,30.0,86.73108627736706,126214144.0,126218240.0,99822592.0,99826688.0,,35.85611,,,,
q01_full_smac_normalized_measured_2_1787296941163051509,2026-08-21T07:22:21.182271+00:00,q01,2,full_smac_normalized,q01_topology_guided_grid_fallback_measured_2_1787293377214033141,SUCCEEDED,SUCCEEDED,,True,False,True,False,False,,False,1,0,0.26179933547973633,38.0,38.0,False,2,2,0,0.0,0.0,0,False,,,0.0,0.0,1.4901807884257687,0.0420675512035903,2.0,0.0,0.0,True,32.856513,0.0,32.856513,True,35.423521117592145,0.050000000745058,354,paths/q01_full_smac_normalized_measured_2_1787296941163051509.json.gz,corridor,[],smac_reference,,,,,,,,,,,18.610126,32.856513,10.0,1.0
q01_grid_raw_measured_3_1787296941217306498,2026-08-21T07:22:21.282277+00:00,q01,3,grid_raw,q01_topology_guided_grid_fallback_measured_3_1787293378315560943,SUCCEEDED,SUCCEEDED,,False,True,True,True,False,False,False,0,2,3.0921944901923624,107.0,107.0,True,2,2,0,0.0,0.0,0,False,,,0.0,0.0,0.0,0.0,0.0,0.0,0.0,True,318.059479,1.507091,319.56657,True,37.213455967290614,0.050000000745058,650,paths/q01_grid_raw_measured_3_1787296941217306498.json.gz,corridor,"[116, 120, 123, 107, 105, 95, 90, 80, 72, 71, 70]",grid,0.0,0.0,0.0,0.0,127205376.0,127205376.0,100813824.0,100813824.0,,2.797271,,,,
q01_grid_with_rotation_measured_3_1787296941286627546,2026-08-21T07:22:21.354919+00:00,q01,3,grid_with_rotation,q01_topology_guided_grid_fallback_measured_3_1787293378315560943,SUCCEEDED,SUCCEEDED,,False,True,True,True,True,True,False,0,2,3.0921944901923624,107.0,105.0,True,2,2,2,4.93593586157626,0.0,0,False,,1.0,0.0,0.0,0.0,0.0,0.0,0.0,0.0,True,318.059479,4.449076,322.508555,True,37.213455967290614,0.050000000745058,708,paths/q01_grid_with_rotation_measured_3_1787296941286627546.json.gz,corridor,"[116, 120, 123, 107, 105, 95, 90, 80, 72, 71, 70]",grid,0.0,0.0,0.0,0.0,127582208.0,127582208.0,101190656.0,101190656.0,,5.897791,,,,
q01_layered_on_demand_l3_measured_3_1787296941359750398,2026-08-21T07:22:21.468570+00:00,q01,3,layered_on_demand_l3,q01_topology_guided_grid_fallback_measured_3_1787293378315560943,SUCCEEDED,SUCCEEDED,,False,True,True,True,True,True,False,0,2,3.0921944901923624,107.0,105.0,True,2,2,2,4.93593586157626,0.0,0,False,,1.0,0.0,0.0,0.0,0.0,0.0,0.0,0.0,True,318.059479,34.907778,352.967257,True,37.213455967290614,0.050000000745058,708,paths/q01_layered_on_demand_l3_measured_3_1787296941359750398.json.gz,corridor,"[116, 120, 123, 107, 105, 95, 90, 80, 72, 71, 70]",grid,30.0,10.0,40.0,114.58764290296564,128176128.0,128184320.0,101784576.0,101792768.0,,36.413889,,,,
q01_full_smac_normalized_measured_3_1787296941473265341,2026-08-21T07:22:21.492368+00:00,q01,3,full_smac_normalized,q01_topology_guided_grid_fallback_measured_3_1787293378315560943,SUCCEEDED,SUCCEEDED,,True,False,True,False,False,,False,1,0,0.26179933547973633,38.0,38.0,False,2,2,0,0.0,0.0,0,False,,,0.0,0.0,1.4901807884257687,0.0420675512035903,2.0,0.0,0.0,True,29.938537,0.0,29.938537,True,35.423521117592145,0.050000000745058,354,paths/q01_full_smac_normalized_measured_3_1787296941473265341.json.gz,corridor,[],smac_reference,,,,,,,,,,,15.915869,29.938537,10.0,1.0
q01_grid_raw_measured_4_1787296941527480169,2026-08-21T07:22:21.590348+00:00,q01,4,grid_raw,q01_topology_guided_grid_fallback_measured_4_1787293379422973728,SUCCEEDED,SUCCEEDED,,False,True,True,True,False,False,False,0,2,3.0921944901923624,107.0,107.0,True,2,2,0,0.0,0.0,0,False,,,0.0,0.0,0.0,0.0,0.0,0.0,0.0,True,323.656013,1.476205,325.13221799999997,True,37.213455967290614,0.050000000745058,650,paths/q01_grid_raw_measured_4_1787296941527480169.json.gz,corridor,"[116, 120, 123, 107, 105, 95, 90, 80, 72, 71, 70]",grid,0.0,0.0,0.0,0.0,129409024.0,129409024.0,103017472.0,103017472.0,,2.778639,,,,
q01_grid_with_rotation_measured_4_1787296941594608614,2026-08-21T07:22:21.659869+00:00,q01,4,grid_with_rotation,q01_topology_guided_grid_fallback_measured_4_1787293379422973728,SUCCEEDED,SUCCEEDED,,False,True,True,True,True,True,False,0,2,3.0921944901923624,107.0,105.0,True,2,2,2,4.93593586157626,0.0,0,False,,1.0,0.0,0.0,0.0,0.0,0.0,0.0,0.0,True,323.656013,4.329755,327.98576799999995,True,37.213455967290614,0.050000000745058,708,paths/q01_grid_with_rotation_measured_4_1787296941594608614.json.gz,corridor,"[116, 120, 123, 107, 105, 95, 90, 80, 72, 71, 70]",grid,0.0,0.0,0.0,0.0,129798144.0,129798144.0,103406592.0,103406592.0,,5.634728,,,,
q01_layered_on_demand_l3_measured_4_1787296941664914604,2026-08-21T07:22:21.759310+00:00,q01,4,layered_on_demand_l3,q01_topology_guided_grid_fallback_measured_4_1787293379422973728,SUCCEEDED,SUCCEEDED,,False,True,True,True,True,True,False,0,2,3.0921944901923624,107.0,105.0,True,2,2,2,4.93593586157626,0.0,0,False,,1.0,0.0,0.0,0.0,0.0,0.0,0.0,0.0,True,323.656013,33.493634,357.14964699999996,True,37.213455967290614,0.050000000745058,708,paths/q01_layered_on_demand_l3_measured_4_1787296941664914604.json.gz,corridor,"[116, 120, 123, 107, 105, 95, 90, 80, 72, 71, 70]",grid,40.0,0.0,40.0,119.42567951868108,130387968.0,130400256.0,103996416.0,104008704.0,,34.776879,,,,
q01_full_smac_normalized_measured_4_1787296941763904420,2026-08-21T07:22:21.782437+00:00,q01,4,full_smac_normalized,q01_topology_guided_grid_fallback_measured_4_1787293379422973728,SUCCEEDED,SUCCEEDED,,True,False,True,False,False,,False,1,0,0.26179933547973633,38.0,38.0,False,2,2,0,0.0,0.0,0,False,,,0.0,0.0,1.4901807884257687,0.0420675512035903,2.0,0.0,0.0,True,36.688131,0.0,36.688131,True,35.423521117592145,0.050000000745058,354,paths/q01_full_smac_normalized_measured_4_1787296941763904420.json.gz,corridor,[],smac_reference,,,,,,,,,,,22.662053,36.688131,30.0,1.0
q01_grid_raw_measured_5_1787296941815938599,2026-08-21T07:22:21.877152+00:00,q01,5,grid_raw,q01_topology_guided_grid_fallback_measured_5_1787293380514923671,SUCCEEDED,SUCCEEDED,,False,True,True,True,False,False,False,0,2,3.0921944901923624,107.0,107.0,True,2,2,0,0.0,0.0,0,False,,,0.0,0.0,0.0,0.0,0.0,0.0,0.0,True,322.302171,1.498688,323.800859,True,37.213455967290614,0.050000000745058,650,paths/q01_grid_raw_measured_5_1787296941815938599.json.gz,corridor,"[116, 120, 123, 107, 105, 95, 90, 80, 72, 71, 70]",grid,0.0,0.0,0.0,0.0,131596288.0,131596288.0,105204736.0,105204736.0,,2.765487,,,,
q01_grid_with_rotation_measured_5_1787296941881191680,2026-08-21T07:22:21.944257+00:00,q01,5,grid_with_rotation,q01_topology_guided_grid_fallback_measured_5_1787293380514923671,SUCCEEDED,SUCCEEDED,,False,True,True,True,True,True,False,0,2,3.0921944901923624,107.0,105.0,True,2,2,2,4.93593586157626,0.0,0,False,,1.0,0.0,0.0,0.0,0.0,0.0,0.0,0.0,True,322.302171,3.464897,325.767068,True,37.213455967290614,0.050000000745058,708,paths/q01_grid_with_rotation_measured_5_1787296941881191680.json.gz,corridor,"[116, 120, 123, 107, 105, 95, 90, 80, 72, 71, 70]",grid,10.0,0.0,10.0,288.60886773834835,131960832.0,131960832.0,105569280.0,105569280.0,,4.108013,,,,
q01_layered_on_demand_l3_measured_5_1787296941948766360,2026-08-21T07:22:22.041777+00:00,q01,5,layered_on_demand_l3,q01_topology_guided_grid_fallback_measured_5_1787293380514923671,SUCCEEDED,SUCCEEDED,,False,True,True,True,True,True,False,0,2,3.0921944901923624,107.0,105.0,True,2,2,2,4.93593586157626,0.0,0,False,,1.0,0.0,0.0,0.0,0.0,0.0,0.0,0.0,True,322.302171,32.432992,354.735163,True,37.213455967290614,0.050000000745058,708,paths/q01_layered_on_demand_l3_measured_5_1787296941948766360.json.gz,corridor,"[116, 120, 123, 107, 105, 95, 90, 80, 72, 71, 70]",grid,30.0,0.0,30.0,92.49840409420138,132554752.0,132554752.0,106163200.0,106163200.0,,33.411881,,,,
q01_full_smac_normalized_measured_5_1787296942046388541,2026-08-21T07:22:22.064813+00:00,q01,5,full_smac_normalized,q01_topology_guided_grid_fallback_measured_5_1787293380514923671,SUCCEEDED,SUCCEEDED,,True,False,True,False,False,,False,1,0,0.26179933547973633,38.0,38.0,False,2,2,0,0.0,0.0,0,False,,,0.0,0.0,1.4901807884257687,0.0420675512035903,2.0,0.0,0.0,True,31.335118,0.0,31.335118,True,35.423521117592145,0.050000000745058,354,paths/q01_full_smac_normalized_measured_5_1787296942046388541.json.gz,corridor,[],smac_reference,,,,,,,,,,,17.215194,31.335118,20.0,1.0
q02_grid_raw_measured_1_1787296942090072701,2026-08-21T07:22:22.137211+00:00,q02,1,grid_raw,q02_topology_guided_grid_fallback_measured_1_1787293381471294297,SUCCEEDED,SUCCEEDED,,False,True,True,True,False,False,False,0,1,1.4008512822058954,64.0,64.0,True,1,1,0,0.0,0.0,0,False,,,0.0,0.0,0.0,0.0,0.0,0.0,0.0,True,232.803589,1.509251,234.31284,True,30.83675323681473,0.050000000745058,573,paths/q02_grid_raw_measured_1_1787296942090072701.json.gz,corridor,"[91, 84, 86, 94, 96, 107, 123, 120, 116]",grid,0.0,0.0,0.0,0.0,133804032.0,133804032.0,107412480.0,107412480.0,,2.758828,,,,
q02_grid_with_rotation_measured_1_1787296942140781328,2026-08-21T07:22:22.186348+00:00,q02,1,grid_with_rotation,q02_topology_guided_grid_fallback_measured_1_1787293381471294297,SUCCEEDED,SUCCEEDED,,False,True,True,True,True,True,False,0,1,1.4008512822058954,64.0,64.0,True,1,1,1,1.4008512822058954,0.0,0,False,,1.0,0.0,0.0,0.0,0.0,0.0,0.0,0.0,True,232.803589,1.697643,234.501232,True,30.83675323681473,0.050000000745058,590,paths/q02_grid_with_rotation_measured_1_1787296942140781328.json.gz,corridor,"[91, 84, 86, 94, 96, 107, 123, 120, 116]",grid,0.0,0.0,0.0,0.0,134090752.0,134090752.0,107699200.0,107699200.0,,2.393629,,,,
q02_layered_on_demand_l3_measured_1_1787296942189785278,2026-08-21T07:22:22.256931+00:00,q02,1,layered_on_demand_l3,q02_topology_guided_grid_fallback_measured_1_1787293381471294297,SUCCEEDED,SUCCEEDED,,False,True,True,True,True,True,False,0,1,1.4008512822058954,64.0,64.0,True,1,1,1,1.4008512822058954,0.0,0,False,,1.0,0.0,0.0,0.0,0.0,0.0,0.0,0.0,True,232.803589,23.108891,255.91248,True,30.83675323681473,0.050000000745058,590,paths/q02_layered_on_demand_l3_measured_1_1787296942189785278.json.gz,corridor,"[91, 84, 86, 94, 96, 107, 123, 120, 116]",grid,30.0,0.0,30.0,129.8201631571156,134451200.0,134451200.0,108059648.0,108059648.0,,23.900979,,,,
q02_full_smac_normalized_measured_1_1787296942260426233,2026-08-21T07:22:22.274042+00:00,q02,1,full_smac_normalized,q02_topology_guided_grid_fallback_measured_1_1787293381471294297,SUCCEEDED,SUCCEEDED,,True,False,True,True,True,,False,0,0,0.26087397649199673,21.0,21.0,False,0,0,0,0.0,0.0,0,False,,,0.0,0.0,0.0,0.0,0.0,0.0,0.0,True,32.075452,0.0,32.075452,True,28.90675713973097,0.050000000745058,295,paths/q02_full_smac_normalized_measured_1_1787296942260426233.json.gz,corridor,[],smac_reference,,,,,,,,,,,18.752248,32.075452,20.0,0.0
q02_grid_raw_measured_2_1787296942298687048,2026-08-21T07:22:22.344195+00:00,q02,2,grid_raw,q02_topology_guided_grid_fallback_measured_2_1787293382525544899,SUCCEEDED,SUCCEEDED,,False,True,True,True,False,False,False,0,1,1.4008512822058954,64.0,64.0,True,1,1,0,0.0,0.0,0,False,,,0.0,0.0,0.0,0.0,0.0,0.0,0.0,True,252.993928,1.124211,254.118139,True,30.83675323681473,0.050000000745058,573,paths/q02_grid_raw_measured_2_1787296942298687048.json.gz,corridor,"[91, 84, 86, 94, 96, 107, 123, 120, 116]",grid,0.0,0.0,0.0,0.0,135393280.0,135393280.0,109001728.0,109001728.0,,2.046811,,,,
q02_grid_with_rotation_measured_2_1787296942347514467,2026-08-21T07:22:22.393020+00:00,q02,2,grid_with_rotation,q02_topology_guided_grid_fallback_measured_2_1787293382525544899,SUCCEEDED,SUCCEEDED,,False,True,True,True,True,True,False,0,1,1.4008512822058954,64.0,64.0,True,1,1,1,1.4008512822058954,0.0,0,False,,1.0,0.0,0.0,0.0,0.0,0.0,0.0,0.0,True,252.993928,1.475561,254.469489,True,30.83675323681473,0.050000000745058,590,paths/q02_grid_with_rotation_measured_2_1787296942347514467.json.gz,corridor,"[91, 84, 86, 94, 96, 107, 123, 120, 116]",grid,0.0,0.0,0.0,0.0,135716864.0,135716864.0,109325312.0,109325312.0,,1.977707,,,,
q02_layered_on_demand_l3_measured_2_1787296942396639276,2026-08-21T07:22:22.465296+00:00,q02,2,layered_on_demand_l3,q02_topology_guided_grid_fallback_measured_2_1787293382525544899,SUCCEEDED,SUCCEEDED,,False,True,True,True,True,True,False,0,1,1.4008512822058954,64.0,64.0,True,1,1,1,1.4008512822058954,0.0,0,False,,1.0,0.0,0.0,0.0,0.0,0.0,0.0,0.0,True,252.993928,23.749702,276.74363,True,30.83675323681473,0.050000000745058,590,paths/q02_layered_on_demand_l3_measured_2_1787296942396639276.json.gz,corridor,"[91, 84, 86, 94, 96, 107, 123, 120, 116]",grid,20.0,0.0,20.0,84.21158294954606,136175616.0,136175616.0,109784064.0,109784064.0,,25.200358,,,,
q02_full_smac_normalized_measured_2_1787296942468814052,2026-08-21T07:22:22.482557+00:00,q02,2,full_smac_normalized,q02_topology_guided_grid_fallback_measured_2_1787293382525544899,SUCCEEDED,SUCCEEDED,,True,False,True,True,True,,False,0,0,0.26087397649199673,21.0,21.0,False,0,0,0,0.0,0.0,0,False,,,0.0,0.0,0.0,0.0,0.0,0.0,0.0,True,36.879213,0.0,36.879213,True,28.90675713973097,0.050000000745058,295,paths/q02_full_smac_normalized_measured_2_1787296942468814052.json.gz,corridor,[],smac_reference,,,,,,,,,,,23.827731,36.879213,30.0,0.0
q02_grid_raw_measured_3_1787296942507214948,2026-08-21T07:22:22.553907+00:00,q02,3,grid_raw,q02_topology_guided_grid_fallback_measured_3_1787293383547175153,SUCCEEDED,SUCCEEDED,,False,True,True,True,False,False,False,0,1,1.4008512822058954,64.0,64.0,True,1,1,0,0.0,0.0,0,False,,,0.0,0.0,0.0,0.0,0.0,0.0,0.0,True,231.496231,1.563219,233.05945,True,30.83675323681473,0.050000000745058,573,paths/q02_grid_raw_measured_3_1787296942507214948.json.gz,corridor,"[91, 84, 86, 94, 96, 107, 123, 120, 116]",grid,0.0,0.0,0.0,0.0,137211904.0,137211904.0,110820352.0,110820352.0,,2.880832,,,,
q02_grid_with_rotation_measured_3_1787296942557345591,2026-08-21T07:22:22.604696+00:00,q02,3,grid_with_rotation,q02_topology_guided_grid_fallback_measured_3_1787293383547175153,SUCCEEDED,SUCCEEDED,,False,True,True,True,True,True,False,0,1,1.4008512822058954,64.0,64.0,True,1,1,1,1.4008512822058954,0.0,0,False,,1.0,0.0,0.0,0.0,0.0,0.0,0.0,0.0,True,231.496231,2.145911,233.642142,True,30.83675323681473,0.050000000745058,590,paths/q02_grid_with_rotation_measured_3_1787296942557345591.json.gz,corridor,"[91, 84, 86, 94, 96, 107, 123, 120, 116]",grid,0.0,0.0,0.0,0.0,137596928.0,137596928.0,111205376.0,111205376.0,,3.23213,,,,
q02_layered_on_demand_l3_measured_3_1787296942608351744,2026-08-21T07:22:22.681099+00:00,q02,3,layered_on_demand_l3,q02_topology_guided_grid_fallback_measured_3_1787293383547175153,SUCCEEDED,SUCCEEDED,,False,True,True,True,True,True,False,0,1,1.4008512822058954,64.0,64.0,True,1,1,1,1.4008512822058954,0.0,0,False,,1.0,0.0,0.0,0.0,0.0,0.0,0.0,0.0,True,231.496231,25.162742,256.658973,True,30.83675323681473,0.050000000745058,590,paths/q02_layered_on_demand_l3_measured_3_1787296942608351744.json.gz,corridor,"[91, 84, 86, 94, 96, 107, 123, 120, 116]",grid,20.0,0.0,20.0,79.4825937491232,138022912.0,138027008.0,111631360.0,111639552.0,,26.67663,,,,
q02_full_smac_normalized_measured_3_1787296942684886942,2026-08-21T07:22:22.699498+00:00,q02,3,full_smac_normalized,q02_topology_guided_grid_fallback_measured_3_1787293383547175153,SUCCEEDED,SUCCEEDED,,True,False,True,True,True,,False,0,0,0.26087397649199673,21.0,21.0,False,0,0,0,0.0,0.0,0,False,,,0.0,0.0,0.0,0.0,0.0,0.0,0.0,True,35.387024,0.0,35.387024,True,28.90675713973097,0.050000000745058,295,paths/q02_full_smac_normalized_measured_3_1787296942684886942.json.gz,corridor,[],smac_reference,,,,,,,,,,,22.385988,35.387024,20.0,0.0
q02_grid_raw_measured_4_1787296942726281067,2026-08-21T07:22:22.775098+00:00,q02,4,grid_raw,q02_topology_guided_grid_fallback_measured_4_1787293384516613057,SUCCEEDED,SUCCEEDED,,False,True,True,True,False,False,False,0,1,1.4008512822058954,64.0,64.0,True,1,1,0,0.0,0.0,0,False,,,0.0,0.0,0.0,0.0,0.0,0.0,0.0,True,236.455449,1.573762,238.02921099999998,True,30.83675323681473,0.050000000745058,573,paths/q02_grid_raw_measured_4_1787296942726281067.json.gz,corridor,"[91, 84, 86, 94, 96, 107, 123, 120, 116]",grid,0.0,0.0,0.0,0.0,139030528.0,139030528.0,112638976.0,112638976.0,,2.951625,,,,
q02_grid_with_rotation_measured_4_1787296942778662344,2026-08-21T07:22:22.827916+00:00,q02,4,grid_with_rotation,q02_topology_guided_grid_fallback_measured_4_1787293384516613057,SUCCEEDED,SUCCEEDED,,False,True,True,True,True,True,False,0,1,1.4008512822058954,64.0,64.0,True,1,1,1,1.4008512822058954,0.0,0,False,,1.0,0.0,0.0,0.0,0.0,0.0,0.0,0.0,True,236.455449,2.131595,238.587044,True,30.83675323681473,0.050000000745058,590,paths/q02_grid_with_rotation_measured_4_1787296942778662344.json.gz,corridor,"[91, 84, 86, 94, 96, 107, 123, 120, 116]",grid,10.0,0.0,10.0,469.13226949772354,139366400.0,139366400.0,112974848.0,112974848.0,,3.16822,,,,
q02_layered_on_demand_l3_measured_4_1787296942831668686,2026-08-21T07:22:22.904340+00:00,q02,4,layered_on_demand_l3,q02_topology_guided_grid_fallback_measured_4_1787293384516613057,SUCCEEDED,SUCCEEDED,,False,True,True,True,True,True,False,0,1,1.4008512822058954,64.0,64.0,True,1,1,1,1.4008512822058954,0.0,0,False,,1.0,0.0,0.0,0.0,0.0,0.0,0.0,0.0,True,236.455449,25.044949,261.50039799999996,True,30.83675323681473,0.050000000745058,590,paths/q02_layered_on_demand_l3_measured_4_1787296942831668686.json.gz,corridor,"[91, 84, 86, 94, 96, 107, 123, 120, 116]",grid,20.0,0.0,20.0,79.85642134867194,139825152.0,139825152.0,113433600.0,113433600.0,,26.503891,,,,
q02_full_smac_normalized_measured_4_1787296942908137045,2026-08-21T07:22:22.922921+00:00,q02,4,full_smac_normalized,q02_topology_guided_grid_fallback_measured_4_1787293384516613057,SUCCEEDED,SUCCEEDED,,True,False,True,True,True,,False,0,0,0.26087397649199673,21.0,21.0,False,0,0,0,0.0,0.0,0,False,,,0.0,0.0,0.0,0.0,0.0,0.0,0.0,True,36.042582,0.0,36.042582,True,28.90675713973097,0.050000000745058,295,paths/q02_full_smac_normalized_measured_4_1787296942908137045.json.gz,corridor,[],smac_reference,,,,,,,,,,,22.873473,36.042582,30.0,0.0
q02_grid_raw_measured_5_1787296942949052933,2026-08-21T07:22:22.997843+00:00,q02,5,grid_raw,q02_topology_guided_grid_fallback_measured_5_1787293385486986984,SUCCEEDED,SUCCEEDED,,False,True,True,True,False,False,False,0,1,1.4008512822058954,64.0,64.0,True,1,1,0,0.0,0.0,0,False,,,0.0,0.0,0.0,0.0,0.0,0.0,0.0,True,227.097593,1.574733,228.672326,True,30.83675323681473,0.050000000745058,573,paths/q02_grid_raw_measured_5_1787296942949052933.json.gz,corridor,"[91, 84, 86, 94, 96, 107, 123, 120, 116]",grid,0.0,10.0,10.0,635.0282873350593,140881920.0,140881920.0,114490368.0,114490368.0,,2.92776,,,,
q02_grid_with_rotation_measured_5_1787296943001440459,2026-08-21T07:22:23.051944+00:00,q02,5,grid_with_rotation,q02_topology_guided_grid_fallback_measured_5_1787293385486986984,SUCCEEDED,SUCCEEDED,,False,True,True,True,True,True,False,0,1,1.4008512822058954,64.0,64.0,True,1,1,1,1.4008512822058954,0.0,0,False,,1.0,0.0,0.0,0.0,0.0,0.0,0.0,0.0,True,227.097593,2.555686,229.653279,True,30.83675323681473,0.050000000745058,590,paths/q02_grid_with_rotation_measured_5_1787296943001440459.json.gz,corridor,"[91, 84, 86, 94, 96, 107, 123, 120, 116]",grid,0.0,0.0,0.0,0.0,141205504.0,141205504.0,114813952.0,114813952.0,,3.985604,,,,
q02_layered_on_demand_l3_measured_5_1787296943055733708,2026-08-21T07:22:23.129197+00:00,q02,5,layered_on_demand_l3,q02_topology_guided_grid_fallback_measured_5_1787293385486986984,SUCCEEDED,SUCCEEDED,,False,True,True,True,True,True,False,0,1,1.4008512822058954,64.0,64.0,True,1,1,1,1.4008512822058954,0.0,0,False,,1.0,0.0,0.0,0.0,0.0,0.0,0.0,0.0,True,227.097593,25.297712,252.39530499999998,True,30.83675323681473,0.050000000745058,590,paths/q02_layered_on_demand_l3_measured_5_1787296943055733708.json.gz,corridor,"[91, 84, 86, 94, 96, 107, 123, 120, 116]",grid,30.0,0.0,30.0,118.58779956068754,141627392.0,141631488.0,115235840.0,115239936.0,,26.537679,,,,
q02_full_smac_normalized_measured_5_1787296943133375194,2026-08-21T07:22:23.148028+00:00,q02,5,full_smac_normalized,q02_topology_guided_grid_fallback_measured_5_1787293385486986984,SUCCEEDED,SUCCEEDED,,True,False,True,True,True,,False,0,0,0.26087397649199673,21.0,21.0,False,0,0,0,0.0,0.0,0,False,,,0.0,0.0,0.0,0.0,0.0,0.0,0.0,True,34.569248,0.0,34.569248,True,28.90675713973097,0.050000000745058,295,paths/q02_full_smac_normalized_measured_5_1787296943133375194.json.gz,corridor,[],smac_reference,,,,,,,,,,,20.518136,34.569248,20.0,0.0
q03_grid_raw_measured_1_1787296943191119541,2026-08-21T07:22:23.273447+00:00,q03,1,grid_raw,q03_topology_guided_grid_fallback_measured_1_1787293387603655469,SUCCEEDED,SUCCEEDED,,False,True,True,True,False,False,False,0,2,2.128647609000806,81.0,81.0,True,2,2,0,0.0,0.0,0,False,,,0.0,0.0,0.0,0.0,0.0,0.0,0.0,True,1446.269782,1.594376,1447.864158,True,52.20071426749337,0.050000000745058,963,paths/q03_grid_raw_measured_1_1787296943191119541.json.gz,full_grid_fallback,"[142, 137, 129, 126, 107, 96, 87, 83, 82, 74, 69, 58, 55]",grid,0.0,0.0,0.0,0.0,142925824.0,142925824.0,116534272.0,116534272.0,,3.003442,,,,
q03_grid_with_rotation_measured_1_1787296943279656696,2026-08-21T07:22:23.364488+00:00,q03,1,grid_with_rotation,q03_topology_guided_grid_fallback_measured_1_1787293387603655469,SUCCEEDED,SUCCEEDED,,False,True,True,True,True,True,False,0,2,2.128647609000806,81.0,81.0,True,2,2,2,3.3295926535897644,0.0,0,False,,1.0,0.0,0.0,0.0,0.0,0.0,0.0,0.0,True,1446.269782,3.735581,1450.005363,True,52.20071426749337,0.050000000745058,1002,paths/q03_grid_with_rotation_measured_1_1787296943279656696.json.gz,full_grid_fallback,"[142, 137, 129, 126, 107, 96, 87, 83, 82, 74, 69, 58, 55]",grid,0.0,0.0,0.0,0.0,143958016.0,143958016.0,117566464.0,117566464.0,,5.327429,,,,
q03_layered_on_demand_l3_measured_1_1787296943371066059,2026-08-21T07:22:23.495547+00:00,q03,1,layered_on_demand_l3,q03_topology_guided_grid_fallback_measured_1_1787293387603655469,SUCCEEDED,SUCCEEDED,,False,True,True,True,True,True,False,0,2,2.128647609000806,81.0,81.0,True,2,2,2,3.3295926535897644,0.0,0,False,,1.0,0.0,0.0,0.0,0.0,0.0,0.0,0.0,True,1446.269782,42.979072,1489.2488540000002,True,52.20071426749337,0.050000000745058,1002,paths/q03_layered_on_demand_l3_measured_1_1787296943371066059.json.gz,full_grid_fallback,"[142, 137, 129, 126, 107, 96, 87, 83, 82, 74, 69, 58, 55]",grid,40.0,0.0,40.0,93.06855206180347,145018880.0,145039360.0,118627328.0,118647808.0,,44.586073,,,,
q03_full_smac_normalized_measured_1_1787296943502091044,2026-08-21T07:22:23.526807+00:00,q03,1,full_smac_normalized,q03_topology_guided_grid_fallback_measured_1_1787293387603655469,SUCCEEDED,SUCCEEDED,,True,False,True,True,True,,False,0,0,0.2617994546890259,24.0,24.0,False,2,2,0,0.0,0.0,0,False,,,0.0,0.0,0.49643742797662094,0.009646381083100914,2.0,0.0,0.0,True,48.144017,0.0,48.144017,True,51.46359279194439,0.050000000745058,511,paths/q03_full_smac_normalized_measured_1_1787296943502091044.json.gz,full_grid_fallback,[],smac_reference,,,,,,,,,,,28.652667,48.144017,30.0,0.0
q03_grid_raw_measured_2_1787296943572550379,2026-08-21T07:22:23.670465+00:00,q03,2,grid_raw,q03_topology_guided_grid_fallback_measured_2_1787293390014546771,SUCCEEDED,SUCCEEDED,,False,True,True,True,False,False,False,0,2,2.128647609000806,81.0,81.0,True,2,2,0,0.0,0.0,0,False,,,0.0,0.0,0.0,0.0,0.0,0.0,0.0,True,1689.939117,1.721062,1691.660179,True,52.20071426749337,0.050000000745058,963,paths/q03_grid_raw_measured_2_1787296943572550379.json.gz,full_grid_fallback,"[142, 137, 129, 126, 107, 96, 87, 83, 82, 74, 69, 58, 55]",grid,0.0,0.0,0.0,0.0,146923520.0,146923520.0,120531968.0,120531968.0,,3.216185,,,,
q03_grid_with_rotation_measured_2_1787296943676667623,2026-08-21T07:22:23.761553+00:00,q03,2,grid_with_rotation,q03_topology_guided_grid_fallback_measured_2_1787293390014546771,SUCCEEDED,SUCCEEDED,,False,True,True,True,True,True,False,0,2,2.128647609000806,81.0,81.0,True,2,2,2,3.3295926535897644,0.0,0,False,,1.0,0.0,0.0,0.0,0.0,0.0,0.0,0.0,True,1689.939117,3.823921,1693.7630379999998,True,52.20071426749337,0.050000000745058,1002,paths/q03_grid_with_rotation_measured_2_1787296943676667623.json.gz,full_grid_fallback,"[142, 137, 129, 126, 107, 96, 87, 83, 82, 74, 69, 58, 55]",grid,0.0,0.0,0.0,0.0,147480576.0,147480576.0,121089024.0,121089024.0,,5.357767,,,,
q03_layered_on_demand_l3_measured_2_1787296943768068580,2026-08-21T07:22:23.889226+00:00,q03,2,layered_on_demand_l3,q03_topology_guided_grid_fallback_measured_2_1787293390014546771,SUCCEEDED,SUCCEEDED,,False,True,True,True,True,True,False,0,2,2.128647609000806,81.0,81.0,True,2,2,2,3.3295926535897644,0.0,0,False,,1.0,0.0,0.0,0.0,0.0,0.0,0.0,0.0,True,1689.939117,42.499906,1732.439023,True,52.20071426749337,0.050000000745058,1002,paths/q03_layered_on_demand_l3_measured_2_1787296943768068580.json.gz,full_grid_fallback,"[142, 137, 129, 126, 107, 96, 87, 83, 82, 74, 69, 58, 55]",grid,40.0,0.0,40.0,94.1178552253739,148279296.0,148279296.0,121887744.0,121887744.0,,44.079121,,,,
q03_full_smac_normalized_measured_2_1787296943895510115,2026-08-21T07:22:23.918820+00:00,q03,2,full_smac_normalized,q03_topology_guided_grid_fallback_measured_2_1787293390014546771,SUCCEEDED,SUCCEEDED,,True,False,True,True,True,,False,0,0,0.2617994546890259,24.0,24.0,False,2,2,0,0.0,0.0,0,False,,,0.0,0.0,0.49643742797662094,0.009646381083100914,2.0,0.0,0.0,True,50.570389,0.0,50.570389,True,51.46359279194439,0.050000000745058,511,paths/q03_full_smac_normalized_measured_2_1787296943895510115.json.gz,full_grid_fallback,[],smac_reference,,,,,,,,,,,27.929918,50.570389,40.0,0.0
q03_grid_raw_measured_3_1787296943961887963,2026-08-21T07:22:24.040398+00:00,q03,3,grid_raw,q03_topology_guided_grid_fallback_measured_3_1787293392376508743,SUCCEEDED,SUCCEEDED,,False,True,True,True,False,False,False,0,2,2.128647609000806,81.0,81.0,True,2,2,0,0.0,0.0,0,False,,,0.0,0.0,0.0,0.0,0.0,0.0,0.0,True,1486.809595,1.651569,1488.461164,True,52.20071426749337,0.050000000745058,963,paths/q03_grid_raw_measured_3_1787296943961887963.json.gz,full_grid_fallback,"[142, 137, 129, 126, 107, 96, 87, 83, 82, 74, 69, 58, 55]",grid,0.0,0.0,0.0,0.0,150126592.0,150126592.0,123735040.0,123735040.0,,3.092154,,,,
q03_grid_with_rotation_measured_3_1787296944046268477,2026-08-21T07:22:24.126402+00:00,q03,3,grid_with_rotation,q03_topology_guided_grid_fallback_measured_3_1787293392376508743,SUCCEEDED,SUCCEEDED,,False,True,True,True,True,True,False,0,2,2.128647609000806,81.0,81.0,True,2,2,2,3.3295926535897644,0.0,0,False,,1.0,0.0,0.0,0.0,0.0,0.0,0.0,0.0,True,1486.809595,3.649964,1490.459559,True,52.20071426749337,0.050000000745058,1002,paths/q03_grid_with_rotation_measured_3_1787296944046268477.json.gz,full_grid_fallback,"[142, 137, 129, 126, 107, 96, 87, 83, 82, 74, 69, 58, 55]",grid,0.0,0.0,0.0,0.0,150671360.0,150671360.0,124279808.0,124279808.0,,5.208129,,,,
q03_layered_on_demand_l3_measured_3_1787296944132744920,2026-08-21T07:22:24.249292+00:00,q03,3,layered_on_demand_l3,q03_topology_guided_grid_fallback_measured_3_1787293392376508743,SUCCEEDED,SUCCEEDED,,False,True,True,True,True,True,False,0,2,2.128647609000806,81.0,81.0,True,2,2,2,3.3295926535897644,0.0,0,False,,1.0,0.0,0.0,0.0,0.0,0.0,0.0,0.0,True,1486.809595,40.230369,1527.039964,True,52.20071426749337,0.050000000745058,1002,paths/q03_layered_on_demand_l3_measured_3_1787296944132744920.json.gz,full_grid_fallback,"[142, 137, 129, 126, 107, 96, 87, 83, 82, 74, 69, 58, 55]",grid,40.0,0.0,40.0,99.42737537406131,151482368.0,151490560.0,125090816.0,125103104.0,,41.552521,,,,
q03_full_smac_normalized_measured_3_1787296944255409896,2026-08-21T07:22:24.278925+00:00,q03,3,full_smac_normalized,q03_topology_guided_grid_fallback_measured_3_1787293392376508743,SUCCEEDED,SUCCEEDED,,True,False,True,True,True,,False,0,0,0.2617994546890259,24.0,24.0,False,2,2,0,0.0,0.0,0,False,,,0.0,0.0,0.49643742797662094,0.009646381083100914,2.0,0.0,0.0,True,48.074173,0.0,48.074173,True,51.46359279194439,0.050000000745058,511,paths/q03_full_smac_normalized_measured_3_1787296944255409896.json.gz,full_grid_fallback,[],smac_reference,,,,,,,,,,,28.90782,48.074173,40.0,0.0
q03_grid_raw_measured_4_1787296944321756683,2026-08-21T07:22:24.399709+00:00,q03,4,grid_raw,q03_topology_guided_grid_fallback_measured_4_1787293394517097173,SUCCEEDED,SUCCEEDED,,False,True,True,True,False,False,False,0,2,2.128647609000806,81.0,81.0,True,2,2,0,0.0,0.0,0,False,,,0.0,0.0,0.0,0.0,0.0,0.0,0.0,True,1401.130855,1.669486,1402.8003410000001,True,52.20071426749337,0.050000000745058,963,paths/q03_grid_raw_measured_4_1787296944321756683.json.gz,full_grid_fallback,"[142, 137, 129, 126, 107, 96, 87, 83, 82, 74, 69, 58, 55]",grid,0.0,0.0,0.0,0.0,153350144.0,153350144.0,126958592.0,126958592.0,,3.12053,,,,
q03_grid_with_rotation_measured_4_1787296944405574481,2026-08-21T07:22:24.486021+00:00,q03,4,grid_with_rotation,q03_topology_guided_grid_fallback_measured_4_1787293394517097173,SUCCEEDED,SUCCEEDED,,False,True,True,True,True,True,False,0,2,2.128647609000806,81.0,81.0,True,2,2,2,3.3295926535897644,0.0,0,False,,1.0,0.0,0.0,0.0,0.0,0.0,0.0,0.0,True,1401.130855,3.64486,1404.7757150000002,True,52.20071426749337,0.050000000745058,1002,paths/q03_grid_with_rotation_measured_4_1787296944405574481.json.gz,full_grid_fallback,"[142, 137, 129, 126, 107, 96, 87, 83, 82, 74, 69, 58, 55]",grid,10.0,0.0,10.0,274.3589602892841,153976832.0,153976832.0,127585280.0,127585280.0,,5.108029,,,,
q03_layered_on_demand_l3_measured_4_1787296944492178477,2026-08-21T07:22:24.609366+00:00,q03,4,layered_on_demand_l3,q03_topology_guided_grid_fallback_measured_4_1787293394517097173,SUCCEEDED,SUCCEEDED,,False,True,True,True,True,True,False,0,2,2.128647609000806,81.0,81.0,True,2,2,2,3.3295926535897644,0.0,0,False,,1.0,0.0,0.0,0.0,0.0,0.0,0.0,0.0,True,1401.130855,40.492753,1441.623608,True,52.20071426749337,0.050000000745058,1002,paths/q03_layered_on_demand_l3_measured_4_1787296944492178477.json.gz,full_grid_fallback,"[142, 137, 129, 126, 107, 96, 87, 83, 82, 74, 69, 58, 55]",grid,40.0,0.0,40.0,98.78310817740646,154705920.0,154705920.0,128314368.0,128314368.0,,42.189047,,,,
q03_full_smac_normalized_measured_4_1787296944615461932,2026-08-21T07:22:24.638768+00:00,q03,4,full_smac_normalized,q03_topology_guided_grid_fallback_measured_4_1787293394517097173,SUCCEEDED,SUCCEEDED,,True,False,True,True,True,,False,0,0,0.2617994546890259,24.0,24.0,False,2,2,0,0.0,0.0,0,False,,,0.0,0.0,0.49643742797662094,0.009646381083100914,2.0,0.0,0.0,True,52.870765,0.0,52.870765,True,51.46359279194439,0.050000000745058,511,paths/q03_full_smac_normalized_measured_4_1787296944615461932.json.gz,full_grid_fallback,[],smac_reference,,,,,,,,,,,30.594591,52.870765,30.0,0.0
q03_grid_raw_measured_5_1787296944681766052,2026-08-21T07:22:24.760252+00:00,q03,5,grid_raw,q03_topology_guided_grid_fallback_measured_5_1787293396650429334,SUCCEEDED,SUCCEEDED,,False,True,True,True,False,False,False,0,2,2.128647609000806,81.0,81.0,True,2,2,0,0.0,0.0,0,False,,,0.0,0.0,0.0,0.0,0.0,0.0,0.0,True,1366.771408,1.682292,1368.4537,True,52.20071426749337,0.050000000745058,963,paths/q03_grid_raw_measured_5_1787296944681766052.json.gz,full_grid_fallback,"[142, 137, 129, 126, 107, 96, 87, 83, 82, 74, 69, 58, 55]",grid,0.0,0.0,0.0,0.0,156553216.0,156553216.0,130161664.0,130161664.0,,3.287645,,,,
q03_grid_with_rotation_measured_5_1787296944766090427,2026-08-21T07:22:24.847283+00:00,q03,5,grid_with_rotation,q03_topology_guided_grid_fallback_measured_5_1787293396650429334,SUCCEEDED,SUCCEEDED,,False,True,True,True,True,True,False,0,2,2.128647609000806,81.0,81.0,True,2,2,2,3.3295926535897644,0.0,0,False,,1.0,0.0,0.0,0.0,0.0,0.0,0.0,0.0,True,1366.771408,3.705838,1370.4772460000002,True,52.20071426749337,0.050000000745058,1002,paths/q03_grid_with_rotation_measured_5_1787296944766090427.json.gz,full_grid_fallback,"[142, 137, 129, 126, 107, 96, 87, 83, 82, 74, 69, 58, 55]",grid,0.0,10.0,10.0,269.84449940877073,157089792.0,157089792.0,130698240.0,130698240.0,,5.217045,,,,
q03_layered_on_demand_l3_measured_5_1787296944853676546,2026-08-21T07:22:24.978416+00:00,q03,5,layered_on_demand_l3,q03_topology_guided_grid_fallback_measured_5_1787293396650429334,SUCCEEDED,SUCCEEDED,,False,True,True,True,True,True,False,0,2,2.128647609000806,81.0,81.0,True,2,2,2,3.3295926535897644,0.0,0,False,,1.0,0.0,0.0,0.0,0.0,0.0,0.0,0.0,True,1366.771408,42.82899,1409.600398,True,52.20071426749337,0.050000000745058,1002,paths/q03_layered_on_demand_l3_measured_5_1787296944853676546.json.gz,full_grid_fallback,"[142, 137, 129, 126, 107, 96, 87, 83, 82, 74, 69, 58, 55]",grid,40.0,0.0,40.0,93.39468430145097,157917184.0,157921280.0,131525632.0,131529728.0,,44.534158,,,,
q03_full_smac_normalized_measured_5_1787296944984950325,2026-08-21T07:22:25.009714+00:00,q03,5,full_smac_normalized,q03_topology_guided_grid_fallback_measured_5_1787293396650429334,SUCCEEDED,SUCCEEDED,,True,False,True,True,True,,False,0,0,0.2617994546890259,24.0,24.0,False,2,2,0,0.0,0.0,0,False,,,0.0,0.0,0.49643742797662094,0.009646381083100914,2.0,0.0,0.0,True,49.108022,0.0,49.108022,True,51.46359279194439,0.050000000745058,511,paths/q03_full_smac_normalized_measured_5_1787296944984950325.json.gz,full_grid_fallback,[],smac_reference,,,,,,,,,,,29.787619,49.108022,40.0,0.0
q04_grid_raw_measured_1_1787296945015120911,2026-08-21T07:22:25.015131+00:00,q04,1,grid_raw,q04_topology_guided_grid_fallback_measured_1_1787293399749260286,STATIC_SEMANTICS_CONSERVATIVE_INFLATION_MISMATCH,STATIC_SEMANTICS_CONSERVATIVE_INFLATION_MISMATCH,STATIC_SEMANTICS_CONSERVATIVE_INFLATION_MISMATCH,False,False,False,False,False,False,,0,0,,,,False,0,0,0,0.0,,0,False,,,,,,,,0.0,0.0,True,1574.20815,0.0,1574.20815,True,,,0,,full_grid_fallback,[],grid,,,,,,,,,,,,,,
q04_grid_with_rotation_measured_1_1787296945015162971,2026-08-21T07:22:25.015169+00:00,q04,1,grid_with_rotation,q04_topology_guided_grid_fallback_measured_1_1787293399749260286,STATIC_SEMANTICS_CONSERVATIVE_INFLATION_MISMATCH,STATIC_SEMANTICS_CONSERVATIVE_INFLATION_MISMATCH,STATIC_SEMANTICS_CONSERVATIVE_INFLATION_MISMATCH,False,False,False,False,False,False,,0,0,,,,False,0,0,0,0.0,,0,False,,,,,,,,0.0,0.0,True,1574.20815,0.0,1574.20815,True,,,0,,full_grid_fallback,[],grid,,,,,,,,,,,,,,
q04_layered_on_demand_l3_measured_1_1787296945015188206,2026-08-21T07:22:25.015193+00:00,q04,1,layered_on_demand_l3,q04_topology_guided_grid_fallback_measured_1_1787293399749260286,STATIC_SEMANTICS_CONSERVATIVE_INFLATION_MISMATCH,STATIC_SEMANTICS_CONSERVATIVE_INFLATION_MISMATCH,STATIC_SEMANTICS_CONSERVATIVE_INFLATION_MISMATCH,False,False,False,False,False,False,,0,0,,,,False,0,0,0,0.0,,0,False,,,,,,,,0.0,0.0,True,1574.20815,0.0,1574.20815,True,,,0,,full_grid_fallback,[],grid,,,,,,,,,,,,,,
q04_full_smac_normalized_measured_1_1787296945015211382,2026-08-21T07:22:25.030558+00:00,q04,1,full_smac_normalized,q04_topology_guided_grid_fallback_measured_1_1787293399749260286,STATIC_SEMANTICS_CONSERVATIVE_INFLATION_MISMATCH,STATIC_SEMANTICS_CONSERVATIVE_INFLATION_MISMATCH,STATIC_SEMANTICS_CONSERVATIVE_INFLATION_MISMATCH,True,False,True,True,False,,False,0,0,0.26179933547973633,27.0,27.0,False,2,2,0,0.0,0.0,0,False,,,0.0,,2.4269615849562007,0.07625366122138569,2.0,0.0,0.0,True,147.48171,0.0,147.48171,True,31.827476164194305,,320,paths/q04_full_smac_normalized_measured_1_1787296945015211382.json.gz,full_grid_fallback,[],smac_reference,,,,,,,,,,,132.025824,147.48171,130.0,0.0
q04_grid_raw_measured_2_1787296945033493850,2026-08-21T07:22:25.033502+00:00,q04,2,grid_raw,q04_topology_guided_grid_fallback_measured_2_1787293402653435945,STATIC_SEMANTICS_CONSERVATIVE_INFLATION_MISMATCH,STATIC_SEMANTICS_CONSERVATIVE_INFLATION_MISMATCH,STATIC_SEMANTICS_CONSERVATIVE_INFLATION_MISMATCH,False,False,False,False,False,False,,0,0,,,,False,0,0,0,0.0,,0,False,,,,,,,,0.0,0.0,True,1451.732991,0.0,1451.732991,True,,,0,,full_grid_fallback,[],grid,,,,,,,,,,,,,,
q04_grid_with_rotation_measured_2_1787296945033530353,2026-08-21T07:22:25.033536+00:00,q04,2,grid_with_rotation,q04_topology_guided_grid_fallback_measured_2_1787293402653435945,STATIC_SEMANTICS_CONSERVATIVE_INFLATION_MISMATCH,STATIC_SEMANTICS_CONSERVATIVE_INFLATION_MISMATCH,STATIC_SEMANTICS_CONSERVATIVE_INFLATION_MISMATCH,False,False,False,False,False,False,,0,0,,,,False,0,0,0,0.0,,0,False,,,,,,,,0.0,0.0,True,1451.732991,0.0,1451.732991,True,,,0,,full_grid_fallback,[],grid,,,,,,,,,,,,,,
q04_layered_on_demand_l3_measured_2_1787296945033555351,2026-08-21T07:22:25.033560+00:00,q04,2,layered_on_demand_l3,q04_topology_guided_grid_fallback_measured_2_1787293402653435945,STATIC_SEMANTICS_CONSERVATIVE_INFLATION_MISMATCH,STATIC_SEMANTICS_CONSERVATIVE_INFLATION_MISMATCH,STATIC_SEMANTICS_CONSERVATIVE_INFLATION_MISMATCH,False,False,False,False,False,False,,0,0,,,,False,0,0,0,0.0,,0,False,,,,,,,,0.0,0.0,True,1451.732991,0.0,1451.732991,True,,,0,,full_grid_fallback,[],grid,,,,,,,,,,,,,,
q04_full_smac_normalized_measured_2_1787296945033577564,2026-08-21T07:22:25.048757+00:00,q04,2,full_smac_normalized,q04_topology_guided_grid_fallback_measured_2_1787293402653435945,STATIC_SEMANTICS_CONSERVATIVE_INFLATION_MISMATCH,STATIC_SEMANTICS_CONSERVATIVE_INFLATION_MISMATCH,STATIC_SEMANTICS_CONSERVATIVE_INFLATION_MISMATCH,True,False,True,True,False,,False,0,0,0.26179933547973633,27.0,27.0,False,2,2,0,0.0,0.0,0,False,,,0.0,,2.4269615849562007,0.07625366122138569,2.0,0.0,0.0,True,113.533384,0.0,113.533384,True,31.827476164194305,,320,paths/q04_full_smac_normalized_measured_2_1787296945033577564.json.gz,full_grid_fallback,[],smac_reference,,,,,,,,,,,98.311214,113.533384,110.0,0.0
q04_grid_raw_measured_3_1787296945051642477,2026-08-21T07:22:25.051651+00:00,q04,3,grid_raw,q04_topology_guided_grid_fallback_measured_3_1787293405492793207,STATIC_SEMANTICS_CONSERVATIVE_INFLATION_MISMATCH,STATIC_SEMANTICS_CONSERVATIVE_INFLATION_MISMATCH,STATIC_SEMANTICS_CONSERVATIVE_INFLATION_MISMATCH,False,False,False,False,False,False,,0,0,,,,False,0,0,0,0.0,,0,False,,,,,,,,0.0,0.0,True,1377.075813,0.0,1377.075813,True,,,0,,full_grid_fallback,[],grid,,,,,,,,,,,,,,
q04_grid_with_rotation_measured_3_1787296945051679546,2026-08-21T07:22:25.051685+00:00,q04,3,grid_with_rotation,q04_topology_guided_grid_fallback_measured_3_1787293405492793207,STATIC_SEMANTICS_CONSERVATIVE_INFLATION_MISMATCH,STATIC_SEMANTICS_CONSERVATIVE_INFLATION_MISMATCH,STATIC_SEMANTICS_CONSERVATIVE_INFLATION_MISMATCH,False,False,False,False,False,False,,0,0,,,,False,0,0,0,0.0,,0,False,,,,,,,,0.0,0.0,True,1377.075813,0.0,1377.075813,True,,,0,,full_grid_fallback,[],grid,,,,,,,,,,,,,,
q04_layered_on_demand_l3_measured_3_1787296945051704578,2026-08-21T07:22:25.051710+00:00,q04,3,layered_on_demand_l3,q04_topology_guided_grid_fallback_measured_3_1787293405492793207,STATIC_SEMANTICS_CONSERVATIVE_INFLATION_MISMATCH,STATIC_SEMANTICS_CONSERVATIVE_INFLATION_MISMATCH,STATIC_SEMANTICS_CONSERVATIVE_INFLATION_MISMATCH,False,False,False,False,False,False,,0,0,,,,False,0,0,0,0.0,,0,False,,,,,,,,0.0,0.0,True,1377.075813,0.0,1377.075813,True,,,0,,full_grid_fallback,[],grid,,,,,,,,,,,,,,
q04_full_smac_normalized_measured_3_1787296945051728016,2026-08-21T07:22:25.066975+00:00,q04,3,full_smac_normalized,q04_topology_guided_grid_fallback_measured_3_1787293405492793207,STATIC_SEMANTICS_CONSERVATIVE_INFLATION_MISMATCH,STATIC_SEMANTICS_CONSERVATIVE_INFLATION_MISMATCH,STATIC_SEMANTICS_CONSERVATIVE_INFLATION_MISMATCH,True,False,True,True,False,,False,0,0,0.26179933547973633,27.0,27.0,False,2,2,0,0.0,0.0,0,False,,,0.0,,2.4269615849562007,0.07625366122138569,2.0,0.0,0.0,True,110.378699,0.0,110.378699,True,31.827476164194305,,320,paths/q04_full_smac_normalized_measured_3_1787296945051728016.json.gz,full_grid_fallback,[],smac_reference,,,,,,,,,,,95.481562,110.378699,100.0,0.0
q04_grid_raw_measured_4_1787296945069879544,2026-08-21T07:22:25.069887+00:00,q04,4,grid_raw,q04_topology_guided_grid_fallback_measured_4_1787293408356744456,STATIC_SEMANTICS_CONSERVATIVE_INFLATION_MISMATCH,STATIC_SEMANTICS_CONSERVATIVE_INFLATION_MISMATCH,STATIC_SEMANTICS_CONSERVATIVE_INFLATION_MISMATCH,False,False,False,False,False,False,,0,0,,,,False,0,0,0,0.0,,0,False,,,,,,,,0.0,0.0,True,1422.303916,0.0,1422.303916,True,,,0,,full_grid_fallback,[],grid,,,,,,,,,,,,,,
q04_grid_with_rotation_measured_4_1787296945069916951,2026-08-21T07:22:25.069922+00:00,q04,4,grid_with_rotation,q04_topology_guided_grid_fallback_measured_4_1787293408356744456,STATIC_SEMANTICS_CONSERVATIVE_INFLATION_MISMATCH,STATIC_SEMANTICS_CONSERVATIVE_INFLATION_MISMATCH,STATIC_SEMANTICS_CONSERVATIVE_INFLATION_MISMATCH,False,False,False,False,False,False,,0,0,,,,False,0,0,0,0.0,,0,False,,,,,,,,0.0,0.0,True,1422.303916,0.0,1422.303916,True,,,0,,full_grid_fallback,[],grid,,,,,,,,,,,,,,
q04_layered_on_demand_l3_measured_4_1787296945069941818,2026-08-21T07:22:25.069948+00:00,q04,4,layered_on_demand_l3,q04_topology_guided_grid_fallback_measured_4_1787293408356744456,STATIC_SEMANTICS_CONSERVATIVE_INFLATION_MISMATCH,STATIC_SEMANTICS_CONSERVATIVE_INFLATION_MISMATCH,STATIC_SEMANTICS_CONSERVATIVE_INFLATION_MISMATCH,False,False,False,False,False,False,,0,0,,,,False,0,0,0,0.0,,0,False,,,,,,,,0.0,0.0,True,1422.303916,0.0,1422.303916,True,,,0,,full_grid_fallback,[],grid,,,,,,,,,,,,,,
q04_full_smac_normalized_measured_4_1787296945069966858,2026-08-21T07:22:25.085468+00:00,q04,4,full_smac_normalized,q04_topology_guided_grid_fallback_measured_4_1787293408356744456,STATIC_SEMANTICS_CONSERVATIVE_INFLATION_MISMATCH,STATIC_SEMANTICS_CONSERVATIVE_INFLATION_MISMATCH,STATIC_SEMANTICS_CONSERVATIVE_INFLATION_MISMATCH,True,False,True,True,False,,False,0,0,0.26179933547973633,27.0,27.0,False,2,2,0,0.0,0.0,0,False,,,0.0,,2.4269615849562007,0.07625366122138569,2.0,0.0,0.0,True,118.224672,0.0,118.224672,True,31.827476164194305,,320,paths/q04_full_smac_normalized_measured_4_1787296945069966858.json.gz,full_grid_fallback,[],smac_reference,,,,,,,,,,,102.994032,118.224672,110.0,0.0
q04_grid_raw_measured_5_1787296945088547038,2026-08-21T07:22:25.088557+00:00,q04,5,grid_raw,q04_topology_guided_grid_fallback_measured_5_1787293411182624142,STATIC_SEMANTICS_CONSERVATIVE_INFLATION_MISMATCH,STATIC_SEMANTICS_CONSERVATIVE_INFLATION_MISMATCH,STATIC_SEMANTICS_CONSERVATIVE_INFLATION_MISMATCH,False,False,False,False,False,False,,0,0,,,,False,0,0,0,0.0,,0,False,,,,,,,,0.0,0.0,True,1376.644534,0.0,1376.644534,True,,,0,,full_grid_fallback,[],grid,,,,,,,,,,,,,,
q04_grid_with_rotation_measured_5_1787296945088587766,2026-08-21T07:22:25.088593+00:00,q04,5,grid_with_rotation,q04_topology_guided_grid_fallback_measured_5_1787293411182624142,STATIC_SEMANTICS_CONSERVATIVE_INFLATION_MISMATCH,STATIC_SEMANTICS_CONSERVATIVE_INFLATION_MISMATCH,STATIC_SEMANTICS_CONSERVATIVE_INFLATION_MISMATCH,False,False,False,False,False,False,,0,0,,,,False,0,0,0,0.0,,0,False,,,,,,,,0.0,0.0,True,1376.644534,0.0,1376.644534,True,,,0,,full_grid_fallback,[],grid,,,,,,,,,,,,,,
q04_layered_on_demand_l3_measured_5_1787296945088613544,2026-08-21T07:22:25.088619+00:00,q04,5,layered_on_demand_l3,q04_topology_guided_grid_fallback_measured_5_1787293411182624142,STATIC_SEMANTICS_CONSERVATIVE_INFLATION_MISMATCH,STATIC_SEMANTICS_CONSERVATIVE_INFLATION_MISMATCH,STATIC_SEMANTICS_CONSERVATIVE_INFLATION_MISMATCH,False,False,False,False,False,False,,0,0,,,,False,0,0,0,0.0,,0,False,,,,,,,,0.0,0.0,True,1376.644534,0.0,1376.644534,True,,,0,,full_grid_fallback,[],grid,,,,,,,,,,,,,,
q04_full_smac_normalized_measured_5_1787296945088636762,2026-08-21T07:22:25.104122+00:00,q04,5,full_smac_normalized,q04_topology_guided_grid_fallback_measured_5_1787293411182624142,STATIC_SEMANTICS_CONSERVATIVE_INFLATION_MISMATCH,STATIC_SEMANTICS_CONSERVATIVE_INFLATION_MISMATCH,STATIC_SEMANTICS_CONSERVATIVE_INFLATION_MISMATCH,True,False,True,True,False,,False,0,0,0.26179933547973633,27.0,27.0,False,2,2,0,0.0,0.0,0,False,,,0.0,,2.4269615849562007,0.07625366122138569,2.0,0.0,0.0,True,114.947592,0.0,114.947592,True,31.827476164194305,,320,paths/q04_full_smac_normalized_measured_5_1787296945088636762.json.gz,full_grid_fallback,[],smac_reference,,,,,,,,,,,99.867377,114.947592,99.99999999999908,0.0
q05_grid_raw_measured_1_1787296945121624920,2026-08-21T07:22:25.153645+00:00,q05,1,grid_raw,q05_topology_guided_grid_fallback_measured_1_1787293411558793953,SUCCEEDED,SUCCEEDED,,False,True,True,True,False,False,False,0,2,2.91,38.0,38.0,True,2,2,0,0.0,0.0,0,False,,,0.0,0.0,0.05000000000000426,0.003096140525293821,1.0,0.0,0.0,True,124.08661,1.785824,125.872434,True,16.149137802864846,0.050000000745058,307,paths/q05_grid_raw_measured_1_1787296945121624920.json.gz,corridor,"[140, 136, 137, 138, 139, 144, 145]",grid,0.0,10.0,10.0,559.9655957137993,160706560.0,160706560.0,134315008.0,134315008.0,,3.393617,,,,
q05_grid_with_rotation_measured_1_1787296945155490708,2026-08-21T07:22:25.189017+00:00,q05,1,grid_with_rotation,q05_topology_guided_grid_fallback_measured_1_1787293411558793953,SUCCEEDED,SUCCEEDED,,False,True,True,True,True,True,False,0,2,2.91,38.0,37.0,True,2,2,2,5.176036589385482,0.0,0,False,,1.0,0.0,0.0,0.0,0.0,0.0,0.0,0.0,True,124.08661,3.942889,128.029499,True,16.149137802864846,0.050000000745058,367,paths/q05_grid_with_rotation_measured_1_1787296945155490708.json.gz,corridor,"[140, 136, 137, 138, 139, 144, 145]",grid,10.0,0.0,10.0,253.62113922050557,160858112.0,160858112.0,134466560.0,134466560.0,,4.848878,,,,
q05_layered_on_demand_l3_measured_1_1787296945191298962,2026-08-21T07:22:25.239344+00:00,q05,1,layered_on_demand_l3,q05_topology_guided_grid_fallback_measured_1_1787293411558793953,SUCCEEDED,SUCCEEDED,,False,True,True,True,True,True,False,0,2,2.91,38.0,37.0,True,2,2,2,5.176036589385482,0.0,0,False,,1.0,0.0,0.0,0.0,0.0,0.0,0.0,0.0,True,124.08661,18.256873,142.343483,True,16.149137802864846,0.050000000745058,367,paths/q05_layered_on_demand_l3_measured_1_1787296945191298962.json.gz,corridor,"[140, 136, 137, 138, 139, 144, 145]",grid,10.0,0.0,10.0,54.77389254994544,161071104.0,161071104.0,134679552.0,134679552.0,,19.493202,,,,
q05_full_smac_normalized_measured_1_1787296945241571957,2026-08-21T07:22:25.250116+00:00,q05,1,full_smac_normalized,q05_topology_guided_grid_fallback_measured_1_1787293411558793953,SUCCEEDED,SUCCEEDED,,True,False,True,True,True,,False,0,0,0.2618481106450199,28.0,28.0,False,2,2,0,0.0,0.0,0,False,,,0.6745524117204695,0.041770181167244985,0.5258592222541281,0.03125706759615876,2.0,0.0,0.0,True,31.538727,0.0,31.538727,True,16.823690214585323,0.050000000745058,174,paths/q05_full_smac_normalized_measured_1_1787296945241571957.json.gz,corridor,[],smac_reference,,,,,,,,,,,21.399759,31.538727,20.0,0.0
q05_grid_raw_measured_2_1787296945266281775,2026-08-21T07:22:25.297438+00:00,q05,2,grid_raw,q05_topology_guided_grid_fallback_measured_2_1787293411941061691,SUCCEEDED,SUCCEEDED,,False,True,True,True,False,False,False,0,2,2.91,38.0,38.0,True,2,2,0,0.0,0.0,0,False,,,0.0,0.0,0.05000000000000426,0.003096140525293821,1.0,0.0,0.0,True,124.154357,1.385475,125.539832,True,16.149137802864846,0.050000000745058,307,paths/q05_grid_raw_measured_2_1787296945266281775.json.gz,corridor,"[140, 136, 137, 138, 139, 144, 145]",grid,0.0,0.0,0.0,0.0,161443840.0,161443840.0,135052288.0,135052288.0,,2.599001,,,,
q05_grid_with_rotation_measured_2_1787296945299309407,2026-08-21T07:22:25.333506+00:00,q05,2,grid_with_rotation,q05_topology_guided_grid_fallback_measured_2_1787293411941061691,SUCCEEDED,SUCCEEDED,,False,True,True,True,True,True,False,0,2,2.91,38.0,37.0,True,2,2,2,5.176036589385482,0.0,0,False,,1.0,0.0,0.0,0.0,0.0,0.0,0.0,0.0,True,124.154357,4.206408,128.36076500000001,True,16.149137802864846,0.050000000745058,367,paths/q05_grid_with_rotation_measured_2_1787296945299309407.json.gz,corridor,"[140, 136, 137, 138, 139, 144, 145]",grid,0.0,0.0,0.0,0.0,161583104.0,161583104.0,135191552.0,135191552.0,,5.414279,,,,
q05_layered_on_demand_l3_measured_2_1787296945335723379,2026-08-21T07:22:25.383099+00:00,q05,2,layered_on_demand_l3,q05_topology_guided_grid_fallback_measured_2_1787293411941061691,SUCCEEDED,SUCCEEDED,,False,True,True,True,True,True,False,0,2,2.91,38.0,37.0,True,2,2,2,5.176036589385482,0.0,0,False,,1.0,0.0,0.0,0.0,0.0,0.0,0.0,0.0,True,124.154357,17.667174,141.821531,True,16.149137802864846,0.050000000745058,367,paths/q05_layered_on_demand_l3_measured_2_1787296945335723379.json.gz,corridor,"[140, 136, 137, 138, 139, 144, 145]",grid,20.0,0.0,20.0,113.20429628417085,161812480.0,161812480.0,135420928.0,135420928.0,,18.427152,,,,
q05_full_smac_normalized_measured_2_1787296945385334723,2026-08-21T07:22:25.393918+00:00,q05,2,full_smac_normalized,q05_topology_guided_grid_fallback_measured_2_1787293411941061691,SUCCEEDED,SUCCEEDED,,True,False,True,True,True,,False,0,0,0.2618481106450199,28.0,28.0,False,2,2,0,0.0,0.0,0,False,,,0.6745524117204695,0.041770181167244985,0.5258592222541281,0.03125706759615876,2.0,0.0,0.0,True,28.129506,0.0,28.129506,True,16.823690214585323,0.050000000745058,174,paths/q05_full_smac_normalized_measured_2_1787296945385334723.json.gz,corridor,[],smac_reference,,,,,,,,,,,18.052389,28.129506,20.0,0.0
q05_grid_raw_measured_3_1787296945410134161,2026-08-21T07:22:25.441518+00:00,q05,3,grid_raw,q05_topology_guided_grid_fallback_measured_3_1787293412312039897,SUCCEEDED,SUCCEEDED,,False,True,True,True,False,False,False,0,2,2.91,38.0,38.0,True,2,2,0,0.0,0.0,0,False,,,0.0,0.0,0.05000000000000426,0.003096140525293821,1.0,0.0,0.0,True,122.543605,1.581865,124.12546999999999,True,16.149137802864846,0.050000000745058,307,paths/q05_grid_raw_measured_3_1787296945410134161.json.gz,corridor,"[140, 136, 137, 138, 139, 144, 145]",grid,0.0,0.0,0.0,0.0,162185216.0,162185216.0,135793664.0,135793664.0,,2.946123,,,,
q05_grid_with_rotation_measured_3_1787296945443362049,2026-08-21T07:22:25.477733+00:00,q05,3,grid_with_rotation,q05_topology_guided_grid_fallback_measured_3_1787293412312039897,SUCCEEDED,SUCCEEDED,,False,True,True,True,True,True,False,0,2,2.91,38.0,37.0,True,2,2,2,5.176036589385482,0.0,0,False,,1.0,0.0,0.0,0.0,0.0,0.0,0.0,0.0,True,122.543605,4.273133,126.816738,True,16.149137802864846,0.050000000745058,367,paths/q05_grid_with_rotation_measured_3_1787296945443362049.json.gz,corridor,"[140, 136, 137, 138, 139, 144, 145]",grid,0.0,0.0,0.0,0.0,162344960.0,162344960.0,135953408.0,135953408.0,,5.551939,,,,
q05_layered_on_demand_l3_measured_3_1787296945480065333,2026-08-21T07:22:25.529001+00:00,q05,3,layered_on_demand_l3,q05_topology_guided_grid_fallback_measured_3_1787293412312039897,SUCCEEDED,SUCCEEDED,,False,True,True,True,True,True,False,0,2,2.91,38.0,37.0,True,2,2,2,5.176036589385482,0.0,0,False,,1.0,0.0,0.0,0.0,0.0,0.0,0.0,0.0,True,122.543605,18.663076,141.206681,True,16.149137802864846,0.050000000745058,367,paths/q05_layered_on_demand_l3_measured_3_1787296945480065333.json.gz,corridor,"[140, 136, 137, 138, 139, 144, 145]",grid,20.0,0.0,20.0,107.16347080191926,162574336.0,162574336.0,136182784.0,136182784.0,,20.329008,,,,
q05_full_smac_normalized_measured_3_1787296945531288467,2026-08-21T07:22:25.539872+00:00,q05,3,full_smac_normalized,q05_topology_guided_grid_fallback_measured_3_1787293412312039897,SUCCEEDED,SUCCEEDED,,True,False,True,True,True,,False,0,0,0.2618481106450199,28.0,28.0,False,2,2,0,0.0,0.0,0,False,,,0.6745524117204695,0.041770181167244985,0.5258592222541281,0.03125706759615876,2.0,0.0,0.0,True,33.153647,0.0,33.153647,True,16.823690214585323,0.050000000745058,174,paths/q05_full_smac_normalized_measured_3_1787296945531288467.json.gz,corridor,[],smac_reference,,,,,,,,,,,18.017514,33.153647,20.0,0.0
q05_grid_raw_measured_4_1787296945556071348,2026-08-21T07:22:25.587486+00:00,q05,4,grid_raw,q05_topology_guided_grid_fallback_measured_4_1787293412678960692,SUCCEEDED,SUCCEEDED,,False,True,True,True,False,False,False,0,2,2.91,38.0,38.0,True,2,2,0,0.0,0.0,0,False,,,0.0,0.0,0.05000000000000426,0.003096140525293821,1.0,0.0,0.0,True,121.430113,1.579485,123.00959800000001,True,16.149137802864846,0.050000000745058,307,paths/q05_grid_raw_measured_4_1787296945556071348.json.gz,corridor,"[140, 136, 137, 138, 139, 144, 145]",grid,0.0,10.0,10.0,633.1177567371643,162934784.0,162934784.0,136543232.0,136543232.0,,2.980883,,,,
q05_grid_with_rotation_measured_4_1787296945589431097,2026-08-21T07:22:25.623803+00:00,q05,4,grid_with_rotation,q05_topology_guided_grid_fallback_measured_4_1787293412678960692,SUCCEEDED,SUCCEEDED,,False,True,True,True,True,True,False,0,2,2.91,38.0,37.0,True,2,2,2,5.176036589385482,0.0,0,False,,1.0,0.0,0.0,0.0,0.0,0.0,0.0,0.0,True,121.430113,4.214743,125.644856,True,16.149137802864846,0.050000000745058,367,paths/q05_grid_with_rotation_measured_4_1787296945589431097.json.gz,corridor,"[140, 136, 137, 138, 139, 144, 145]",grid,0.0,0.0,0.0,0.0,163295232.0,163295232.0,136903680.0,136903680.0,,5.514636,,,,
q05_layered_on_demand_l3_measured_4_1787296945644729969,2026-08-21T07:22:25.693580+00:00,q05,4,layered_on_demand_l3,q05_topology_guided_grid_fallback_measured_4_1787293412678960692,SUCCEEDED,SUCCEEDED,,False,True,True,True,True,True,False,0,2,2.91,38.0,37.0,True,2,2,2,5.176036589385482,0.0,0,False,,1.0,0.0,0.0,0.0,0.0,0.0,0.0,0.0,True,121.430113,18.593256,140.023369,True,16.149137802864846,0.050000000745058,367,paths/q05_layered_on_demand_l3_measured_4_1787296945644729969.json.gz,corridor,"[140, 136, 137, 138, 139, 144, 145]",grid,20.0,0.0,20.0,107.56588302769563,163381248.0,163381248.0,136989696.0,136989696.0,,20.270636,,,,
q05_full_smac_normalized_measured_4_1787296945695920339,2026-08-21T07:22:25.704500+00:00,q05,4,full_smac_normalized,q05_topology_guided_grid_fallback_measured_4_1787293412678960692,SUCCEEDED,SUCCEEDED,,True,False,True,True,True,,False,0,0,0.2618481106450199,28.0,28.0,False,2,2,0,0.0,0.0,0,False,,,0.6745524117204695,0.041770181167244985,0.5258592222541281,0.03125706759615876,2.0,0.0,0.0,True,34.732151,0.0,34.732151,True,16.823690214585323,0.050000000745058,174,paths/q05_full_smac_normalized_measured_4_1787296945695920339.json.gz,corridor,[],smac_reference,,,,,,,,,,,24.581301,34.732151,20.0,0.0
q05_grid_raw_measured_5_1787296945720699865,2026-08-21T07:22:25.752150+00:00,q05,5,grid_raw,q05_topology_guided_grid_fallback_measured_5_1787293413073958153,SUCCEEDED,SUCCEEDED,,False,True,True,True,False,False,False,0,2,2.91,38.0,38.0,True,2,2,0,0.0,0.0,0,False,,,0.0,0.0,0.05000000000000426,0.003096140525293821,1.0,0.0,0.0,True,131.967811,1.745949,133.71376,True,16.149137802864846,0.050000000745058,307,paths/q05_grid_raw_measured_5_1787296945720699865.json.gz,corridor,"[140, 136, 137, 138, 139, 144, 145]",grid,0.0,0.0,0.0,0.0,163753984.0,163753984.0,137362432.0,137362432.0,,3.248691,,,,
q05_grid_with_rotation_measured_5_1787296945753987412,2026-08-21T07:22:25.787376+00:00,q05,5,grid_with_rotation,q05_topology_guided_grid_fallback_measured_5_1787293413073958153,SUCCEEDED,SUCCEEDED,,False,True,True,True,True,True,False,0,2,2.91,38.0,37.0,True,2,2,2,5.176036589385482,0.0,0,False,,1.0,0.0,0.0,0.0,0.0,0.0,0.0,0.0,True,131.967811,4.114849,136.08266,True,16.149137802864846,0.050000000745058,367,paths/q05_grid_with_rotation_measured_5_1787296945753987412.json.gz,corridor,"[140, 136, 137, 138, 139, 144, 145]",grid,10.0,10.0,20.0,486.04456688447135,163926016.0,163926016.0,137534464.0,137534464.0,,5.304734,,,,
q05_layered_on_demand_l3_measured_5_1787296945789625666,2026-08-21T07:22:25.837238+00:00,q05,5,layered_on_demand_l3,q05_topology_guided_grid_fallback_measured_5_1787293413073958153,SUCCEEDED,SUCCEEDED,,False,True,True,True,True,True,False,0,2,2.91,38.0,37.0,True,2,2,2,5.176036589385482,0.0,0,False,,1.0,0.0,0.0,0.0,0.0,0.0,0.0,0.0,True,131.967811,18.086264,150.054075,True,16.149137802864846,0.050000000745058,367,paths/q05_layered_on_demand_l3_measured_5_1787296945789625666.json.gz,corridor,"[140, 136, 137, 138, 139, 144, 145]",grid,10.0,0.0,10.0,55.290578529651015,164261888.0,164261888.0,137870336.0,137870336.0,,19.565923,,,,
q05_full_smac_normalized_measured_5_1787296945839477347,2026-08-21T07:22:25.847868+00:00,q05,5,full_smac_normalized,q05_topology_guided_grid_fallback_measured_5_1787293413073958153,SUCCEEDED,SUCCEEDED,,True,False,True,True,True,,False,0,0,0.2618481106450199,28.0,28.0,False,2,2,0,0.0,0.0,0,False,,,0.6745524117204695,0.041770181167244985,0.5258592222541281,0.03125706759615876,2.0,0.0,0.0,True,31.710945,0.0,31.710945,True,16.823690214585323,0.050000000745058,174,paths/q05_full_smac_normalized_measured_5_1787296945839477347.json.gz,corridor,[],smac_reference,,,,,,,,,,,18.902007,31.710945,20.0,0.0
q06_grid_raw_measured_1_1787296945871357895,2026-08-21T07:22:25.918045+00:00,q06,1,grid_raw,q06_topology_guided_grid_fallback_measured_1_1787293413711654798,SUCCEEDED,SUCCEEDED,,False,True,True,True,False,False,False,0,3,2.8507413713838554,32.0,32.0,True,3,3,0,0.0,0.0,0,False,,,1.4210854715202004e-14,5.342895405598797e-16,0.07071067811865575,0.002658529446809355,1.0,0.0,0.0,True,206.694469,1.74562,208.440089,True,26.597665940288703,0.050000000745058,511,paths/q06_grid_raw_measured_1_1787296945871357895.json.gz,corridor,"[150, 132, 128, 125, 106, 95]",grid,10.0,0.0,10.0,572.8623640884042,164929536.0,164929536.0,138537984.0,138537984.0,,3.284719,,,,
q06_grid_with_rotation_measured_1_1787296945921322048,2026-08-21T07:22:25.972645+00:00,q06,1,grid_with_rotation,q06_topology_guided_grid_fallback_measured_1_1787293413711654798,SUCCEEDED,SUCCEEDED,,False,True,True,True,True,True,False,0,3,2.8507413713838554,32.0,31.0,True,3,3,3,6.1651303517685445,0.0,0,False,,1.0,1.4210854715202004e-14,5.342895405598797e-16,0.0,0.0,0.0,0.0,0.0,True,206.694469,5.469065,212.163534,True,26.597665940288703,0.050000000745058,583,paths/q06_grid_with_rotation_measured_1_1787296945921322048.json.gz,corridor,"[150, 132, 128, 125, 106, 95]",grid,10.0,10.0,20.0,365.69322178471094,165425152.0,165425152.0,139033600.0,139033600.0,,7.269483,,,,
q06_layered_on_demand_l3_measured_1_1787296945976452338,2026-08-21T07:22:26.050569+00:00,q06,1,layered_on_demand_l3,q06_topology_guided_grid_fallback_measured_1_1787293413711654798,SUCCEEDED,SUCCEEDED,,False,True,True,True,True,True,False,0,3,2.8507413713838554,32.0,31.0,True,3,3,3,6.1651303517685445,0.0,0,False,,1.0,1.4210854715202004e-14,5.342895405598797e-16,0.0,0.0,0.0,0.0,0.0,True,206.694469,27.624913,234.319382,True,26.597665940288703,0.050000000745058,583,paths/q06_layered_on_demand_l3_measured_1_1787296945976452338.json.gz,corridor,"[150, 132, 128, 125, 106, 95]",grid,30.0,0.0,30.0,108.5976270766898,165961728.0,165965824.0,139570176.0,139574272.0,,29.401369,,,,
q06_full_smac_normalized_measured_1_1787296946054256466,2026-08-21T07:22:26.067646+00:00,q06,1,full_smac_normalized,q06_topology_guided_grid_fallback_measured_1_1787293413711654798,SUCCEEDED,SUCCEEDED,,True,False,True,True,True,,False,0,0,0.26179981231689453,24.0,24.0,False,2,2,0,0.0,0.0,0,False,,,0.22462454109948382,0.008445272664291752,2.466265959091619,0.09194837259714814,2.0,0.0,0.0,True,49.773309,0.0,49.773309,True,26.822290481388173,0.050000000745058,272,paths/q06_full_smac_normalized_measured_1_1787296946054256466.json.gz,corridor,[],smac_reference,,,,,,,,,,,36.461804,49.773309,30.0,0.0
q06_grid_raw_measured_2_1787296946092061816,2026-08-21T07:22:26.138457+00:00,q06,2,grid_raw,q06_topology_guided_grid_fallback_measured_2_1787293414363497226,SUCCEEDED,SUCCEEDED,,False,True,True,True,False,False,False,0,3,2.8507413713838554,32.0,32.0,True,3,3,0,0.0,0.0,0,False,,,1.4210854715202004e-14,5.342895405598797e-16,0.07071067811865575,0.002658529446809355,1.0,0.0,0.0,True,204.433553,1.902526,206.33607899999998,True,26.597665940288703,0.050000000745058,511,paths/q06_grid_raw_measured_2_1787296946092061816.json.gz,corridor,"[150, 132, 128, 125, 106, 95]",grid,0.0,0.0,0.0,0.0,167002112.0,167002112.0,140610560.0,140610560.0,,3.453207,,,,
q06_grid_with_rotation_measured_2_1787296946141541530,2026-08-21T07:22:26.191152+00:00,q06,2,grid_with_rotation,q06_topology_guided_grid_fallback_measured_2_1787293414363497226,SUCCEEDED,SUCCEEDED,,False,True,True,True,True,True,False,0,3,2.8507413713838554,32.0,31.0,True,3,3,3,6.1651303517685445,0.0,0,False,,1.0,1.4210854715202004e-14,5.342895405598797e-16,0.0,0.0,0.0,0.0,0.0,True,204.433553,5.009615,209.443168,True,26.597665940288703,0.050000000745058,583,paths/q06_grid_with_rotation_measured_2_1787296946141541530.json.gz,corridor,"[150, 132, 128, 125, 106, 95]",grid,0.0,0.0,0.0,0.0,167260160.0,167260160.0,140868608.0,140868608.0,,6.424317,,,,
q06_layered_on_demand_l3_measured_2_1787296946194824853,2026-08-21T07:22:26.266229+00:00,q06,2,layered_on_demand_l3,q06_topology_guided_grid_fallback_measured_2_1787293414363497226,SUCCEEDED,SUCCEEDED,,False,True,True,True,True,True,False,0,3,2.8507413713838554,32.0,31.0,True,3,3,3,6.1651303517685445,0.0,0,False,,1.0,1.4210854715202004e-14,5.342895405598797e-16,0.0,0.0,0.0,0.0,0.0,True,204.433553,26.595128,231.02868099999998,True,26.597665940288703,0.050000000745058,583,paths/q06_layered_on_demand_l3_measured_2_1787296946194824853.json.gz,corridor,"[150, 132, 128, 125, 106, 95]",grid,30.0,0.0,30.0,112.80261557680791,167698432.0,167706624.0,141306880.0,141315072.0,,28.279025,,,,
q06_full_smac_normalized_measured_2_1787296946269886836,2026-08-21T07:22:26.283174+00:00,q06,2,full_smac_normalized,q06_topology_guided_grid_fallback_measured_2_1787293414363497226,SUCCEEDED,SUCCEEDED,,True,False,True,True,True,,False,0,0,0.26179981231689453,24.0,24.0,False,2,2,0,0.0,0.0,0,False,,,0.22462454109948382,0.008445272664291752,2.466265959091619,0.09194837259714814,2.0,0.0,0.0,True,44.926829,0.0,44.926829,True,26.822290481388173,0.050000000745058,272,paths/q06_full_smac_normalized_measured_2_1787296946269886836.json.gz,corridor,[],smac_reference,,,,,,,,,,,32.241077,44.926829,40.0,0.0
q06_grid_raw_measured_3_1787296946307609854,2026-08-21T07:22:26.353952+00:00,q06,3,grid_raw,q06_topology_guided_grid_fallback_measured_3_1787293415110728180,SUCCEEDED,SUCCEEDED,,False,True,True,True,False,False,False,0,3,2.8507413713838554,32.0,32.0,True,3,3,0,0.0,0.0,0,False,,,1.4210854715202004e-14,5.342895405598797e-16,0.07071067811865575,0.002658529446809355,1.0,0.0,0.0,True,204.117036,1.781296,205.898332,True,26.597665940288703,0.050000000745058,511,paths/q06_grid_raw_measured_3_1787296946307609854.json.gz,corridor,"[150, 132, 128, 125, 106, 95]",grid,0.0,0.0,0.0,0.0,168701952.0,168701952.0,142310400.0,142310400.0,,3.346891,,,,
q06_grid_with_rotation_measured_3_1787296946357100748,2026-08-21T07:22:26.406681+00:00,q06,3,grid_with_rotation,q06_topology_guided_grid_fallback_measured_3_1787293415110728180,SUCCEEDED,SUCCEEDED,,False,True,True,True,True,True,False,0,3,2.8507413713838554,32.0,31.0,True,3,3,3,6.1651303517685445,0.0,0,False,,1.0,1.4210854715202004e-14,5.342895405598797e-16,0.0,0.0,0.0,0.0,0.0,True,204.117036,5.053025,209.170061,True,26.597665940288703,0.050000000745058,583,paths/q06_grid_with_rotation_measured_3_1787296946357100748.json.gz,corridor,"[150, 132, 128, 125, 106, 95]",grid,0.0,10.0,10.0,197.90125716773616,168960000.0,168960000.0,142568448.0,142568448.0,,6.488672,,,,
q06_layered_on_demand_l3_measured_3_1787296946411921064,2026-08-21T07:22:26.481535+00:00,q06,3,layered_on_demand_l3,q06_topology_guided_grid_fallback_measured_3_1787293415110728180,SUCCEEDED,SUCCEEDED,,False,True,True,True,True,True,False,0,3,2.8507413713838554,32.0,31.0,True,3,3,3,6.1651303517685445,0.0,0,False,,1.0,1.4210854715202004e-14,5.342895405598797e-16,0.0,0.0,0.0,0.0,0.0,True,204.117036,25.752844,229.86988000000002,True,26.597665940288703,0.050000000745058,583,paths/q06_layered_on_demand_l3_measured_3_1787296946411921064.json.gz,corridor,"[150, 132, 128, 125, 106, 95]",grid,19.99999999999909,0.0,19.99999999999909,77.66132548311593,169619456.0,169619456.0,143227904.0,143227904.0,,27.411443,,,,
q06_full_smac_normalized_measured_3_1787296946485111856,2026-08-21T07:22:26.498242+00:00,q06,3,full_smac_normalized,q06_topology_guided_grid_fallback_measured_3_1787293415110728180,SUCCEEDED,SUCCEEDED,,True,False,True,True,True,,False,0,0,0.26179981231689453,24.0,24.0,False,2,2,0,0.0,0.0,0,False,,,0.22462454109948382,0.008445272664291752,2.466265959091619,0.09194837259714814,2.0,0.0,0.0,True,45.800854,0.0,45.800854,True,26.822290481388173,0.050000000745058,272,paths/q06_full_smac_normalized_measured_3_1787296946485111856.json.gz,corridor,[],smac_reference,,,,,,,,,,,33.056505,45.800854,30.0,0.0
q06_grid_raw_measured_4_1787296946522200202,2026-08-21T07:22:26.567766+00:00,q06,4,grid_raw,q06_topology_guided_grid_fallback_measured_4_1787293415772672719,SUCCEEDED,SUCCEEDED,,False,True,True,True,False,False,False,0,3,2.8507413713838554,32.0,32.0,True,3,3,0,0.0,0.0,0,False,,,1.4210854715202004e-14,5.342895405598797e-16,0.07071067811865575,0.002658529446809355,1.0,0.0,0.0,True,207.187421,1.814796,209.002217,True,26.597665940288703,0.050000000745058,511,paths/q06_grid_raw_measured_4_1787296946522200202.json.gz,corridor,"[150, 132, 128, 125, 106, 95]",grid,0.0,0.0,0.0,0.0,170360832.0,170360832.0,143969280.0,143969280.0,,3.381853,,,,
q06_grid_with_rotation_measured_4_1787296946570815468,2026-08-21T07:22:26.619606+00:00,q06,4,grid_with_rotation,q06_topology_guided_grid_fallback_measured_4_1787293415772672719,SUCCEEDED,SUCCEEDED,,False,True,True,True,True,True,False,0,3,2.8507413713838554,32.0,31.0,True,3,3,3,6.1651303517685445,0.0,0,False,,1.0,1.4210854715202004e-14,5.342895405598797e-16,0.0,0.0,0.0,0.0,0.0,True,207.187421,4.944799,212.13222,True,26.597665940288703,0.050000000745058,583,paths/q06_grid_with_rotation_measured_4_1787296946570815468.json.gz,corridor,"[150, 132, 128, 125, 106, 95]",grid,0.0,0.0,0.0,0.0,170643456.0,170643456.0,144251904.0,144251904.0,,6.387511,,,,
q06_layered_on_demand_l3_measured_4_1787296946623135753,2026-08-21T07:22:26.692592+00:00,q06,4,layered_on_demand_l3,q06_topology_guided_grid_fallback_measured_4_1787293415772672719,SUCCEEDED,SUCCEEDED,,False,True,True,True,True,True,False,0,3,2.8507413713838554,32.0,31.0,True,3,3,3,6.1651303517685445,0.0,0,False,,1.0,1.4210854715202004e-14,5.342895405598797e-16,0.0,0.0,0.0,0.0,0.0,True,207.187421,25.675481,232.862902,True,26.597665940288703,0.050000000745058,583,paths/q06_layered_on_demand_l3_measured_4_1787296946623135753.json.gz,corridor,"[150, 132, 128, 125, 106, 95]",grid,20.0,0.0,20.0,77.8953274526775,171069440.0,171069440.0,144677888.0,144677888.0,,27.132678,,,,
q06_full_smac_normalized_measured_4_1787296946696164507,2026-08-21T07:22:26.709165+00:00,q06,4,full_smac_normalized,q06_topology_guided_grid_fallback_measured_4_1787293415772672719,SUCCEEDED,SUCCEEDED,,True,False,True,True,True,,False,0,0,0.26179981231689453,24.0,24.0,False,2,2,0,0.0,0.0,0,False,,,0.22462454109948382,0.008445272664291752,2.466265959091619,0.09194837259714814,2.0,0.0,0.0,True,44.547296,0.0,44.547296,True,26.822290481388173,0.050000000745058,272,paths/q06_full_smac_normalized_measured_4_1787296946696164507.json.gz,corridor,[],smac_reference,,,,,,,,,,,31.625696,44.547296,40.0,0.0
q06_grid_raw_measured_5_1787296946733016524,2026-08-21T07:22:26.777755+00:00,q06,5,grid_raw,q06_topology_guided_grid_fallback_measured_5_1787293416411464687,SUCCEEDED,SUCCEEDED,,False,True,True,True,False,False,False,0,3,2.8507413713838554,32.0,32.0,True,3,3,0,0.0,0.0,0,False,,,1.4210854715202004e-14,5.342895405598797e-16,0.07071067811865575,0.002658529446809355,1.0,0.0,0.0,True,193.231651,1.752256,194.983907,True,26.597665940288703,0.050000000745058,511,paths/q06_grid_raw_measured_5_1787296946733016524.json.gz,corridor,"[150, 132, 128, 125, 106, 95]",grid,0.0,10.0,10.0,570.6928667957193,172089344.0,172089344.0,145697792.0,145697792.0,,3.293468,,,,
q06_grid_with_rotation_measured_5_1787296946780652837,2026-08-21T07:22:26.827274+00:00,q06,5,grid_with_rotation,q06_topology_guided_grid_fallback_measured_5_1787293416411464687,SUCCEEDED,SUCCEEDED,,False,True,True,True,True,True,False,0,3,2.8507413713838554,32.0,31.0,True,3,3,3,6.1651303517685445,0.0,0,False,,1.0,1.4210854715202004e-14,5.342895405598797e-16,0.0,0.0,0.0,0.0,0.0,True,193.231651,4.051065,197.282716,True,26.597665940288703,0.050000000745058,583,paths/q06_grid_with_rotation_measured_5_1787296946780652837.json.gz,corridor,"[150, 132, 128, 125, 106, 95]",grid,10.0,0.0,10.0,246.84866818972293,172339200.0,172339200.0,145947648.0,145947648.0,,4.71035,,,,
q06_layered_on_demand_l3_measured_5_1787296946830805159,2026-08-21T07:22:26.898368+00:00,q06,5,layered_on_demand_l3,q06_topology_guided_grid_fallback_measured_5_1787293416411464687,SUCCEEDED,SUCCEEDED,,False,True,True,True,True,True,False,0,3,2.8507413713838554,32.0,31.0,True,3,3,3,6.1651303517685445,0.0,0,False,,1.0,1.4210854715202004e-14,5.342895405598797e-16,0.0,0.0,0.0,0.0,0.0,True,193.231651,24.916177,218.147828,True,26.597665940288703,0.050000000745058,583,paths/q06_layered_on_demand_l3_measured_5_1787296946830805159.json.gz,corridor,"[150, 132, 128, 125, 106, 95]",grid,30.0,0.0,30.0,120.40370398717266,172765184.0,172765184.0,146373632.0,146373632.0,,26.151754,,,,
q06_full_smac_normalized_measured_5_1787296946901774103,2026-08-21T07:22:26.914446+00:00,q06,5,full_smac_normalized,q06_topology_guided_grid_fallback_measured_5_1787293416411464687,SUCCEEDED,SUCCEEDED,,True,False,True,True,True,,False,0,0,0.26179981231689453,24.0,24.0,False,2,2,0,0.0,0.0,0,False,,,0.22462454109948382,0.008445272664291752,2.466265959091619,0.09194837259714814,2.0,0.0,0.0,True,46.479943,0.0,46.479943,True,26.822290481388173,0.050000000745058,272,paths/q06_full_smac_normalized_measured_5_1787296946901774103.json.gz,corridor,[],smac_reference,,,,,,,,,,,33.424246,46.479943,40.0,0.0
q07_grid_raw_measured_1_1787296946943230060,2026-08-21T07:22:26.997759+00:00,q07,1,grid_raw,q07_topology_guided_grid_fallback_measured_1_1787293417403736504,SUCCEEDED,SUCCEEDED,,False,True,True,True,False,False,False,0,3,2.926443935795731,74.0,74.0,True,3,3,0,0.0,0.0,0,False,,,0.0,0.0,0.07071067811865575,0.002137145863470305,1.0,0.0,0.0,True,263.477095,1.413215,264.89031,True,33.08650070512057,0.050000000745058,589,paths/q07_grid_raw_measured_1_1787296946943230060.json.gz,corridor,"[69, 74, 82, 83, 87, 96, 105, 106, 122]",grid,0.0,0.0,0.0,0.0,173785088.0,173785088.0,147393536.0,147393536.0,,2.667088,,,,
q07_grid_with_rotation_measured_1_1787296947001514036,2026-08-21T07:22:27.061676+00:00,q07,1,grid_with_rotation,q07_topology_guided_grid_fallback_measured_1_1787293417403736504,SUCCEEDED,SUCCEEDED,,False,True,True,True,True,True,False,0,3,2.926443935795731,74.0,71.0,True,3,3,3,5.176036589385552,0.0,0,False,,1.0,0.0,0.0,0.0,0.0,0.0,0.0,0.0,True,263.477095,4.775269,268.252364,True,33.08650070512057,0.050000000745058,650,paths/q07_grid_with_rotation_measured_1_1787296947001514036.json.gz,corridor,"[69, 74, 82, 83, 87, 96, 105, 106, 122]",grid,0.0,0.0,0.0,0.0,174133248.0,174133248.0,147741696.0,147741696.0,,6.524286,,,,
q07_layered_on_demand_l3_measured_1_1787296947066142105,2026-08-21T07:22:27.155345+00:00,q07,1,layered_on_demand_l3,q07_topology_guided_grid_fallback_measured_1_1787293417403736504,SUCCEEDED,SUCCEEDED,,False,True,True,True,True,True,False,0,3,2.926443935795731,74.0,71.0,True,3,3,3,5.176036589385552,0.0,0,False,,1.0,0.0,0.0,0.0,0.0,0.0,0.0,0.0,True,263.477095,32.079651,295.55674600000003,True,33.08650070512057,0.050000000745058,650,paths/q07_layered_on_demand_l3_measured_1_1787296947066142105.json.gz,corridor,"[69, 74, 82, 83, 87, 96, 105, 106, 122]",grid,30.0,0.0,30.0,93.5172268551176,174731264.0,174743552.0,148339712.0,148352000.0,,33.906355,,,,
q07_full_smac_normalized_measured_1_1787296947160133620,2026-08-21T07:22:27.177465+00:00,q07,1,full_smac_normalized,q07_topology_guided_grid_fallback_measured_1_1787293417403736504,SUCCEEDED,SUCCEEDED,,True,False,True,True,True,,False,0,0,0.2617994248867035,28.0,28.0,False,1,1,0,0.0,0.0,0,False,,,0.0,0.0,0.3132634536266438,0.009783747788564449,1.0,0.0,0.0,True,34.488065,0.0,34.488065,True,32.01875808703859,0.050000000745058,325,paths/q07_full_smac_normalized_measured_1_1787296947160133620.json.gz,corridor,[],smac_reference,,,,,,,,,,,20.464441,34.488065,30.0,0.0
q07_grid_raw_measured_2_1787296947209054109,2026-08-21T07:22:27.268865+00:00,q07,2,grid_raw,q07_topology_guided_grid_fallback_measured_2_1787293418335119996,SUCCEEDED,SUCCEEDED,,False,True,True,True,False,False,False,0,3,2.926443935795731,74.0,74.0,True,3,3,0,0.0,0.0,0,False,,,0.0,0.0,0.07071067811865575,0.002137145863470305,1.0,0.0,0.0,True,275.453602,1.954969,277.408571,True,33.08650070512057,0.050000000745058,589,paths/q07_grid_raw_measured_2_1787296947209054109.json.gz,corridor,"[69, 74, 82, 83, 87, 96, 105, 106, 122]",grid,0.0,0.0,0.0,0.0,175886336.0,175886336.0,149494784.0,149494784.0,,3.643375,,,,
q07_grid_with_rotation_measured_2_1787296947272989612,2026-08-21T07:22:27.335601+00:00,q07,2,grid_with_rotation,q07_topology_guided_grid_fallback_measured_2_1787293418335119996,SUCCEEDED,SUCCEEDED,,False,True,True,True,True,True,False,0,3,2.926443935795731,74.0,71.0,True,3,3,3,5.176036589385552,0.0,0,False,,1.0,0.0,0.0,0.0,0.0,0.0,0.0,0.0,True,275.453602,4.892537,280.346139,True,33.08650070512057,0.050000000745058,650,paths/q07_grid_with_rotation_measured_2_1787296947272989612.json.gz,corridor,"[69, 74, 82, 83, 87, 96, 105, 106, 122]",grid,0.0,0.0,0.0,0.0,176517120.0,176517120.0,150125568.0,150125568.0,,6.648776,,,,
q07_layered_on_demand_l3_measured_2_1787296947340057692,2026-08-21T07:22:27.431749+00:00,q07,2,layered_on_demand_l3,q07_topology_guided_grid_fallback_measured_2_1787293418335119996,SUCCEEDED,SUCCEEDED,,False,True,True,True,True,True,False,0,3,2.926443935795731,74.0,71.0,True,3,3,3,5.176036589385552,0.0,0,False,,1.0,0.0,0.0,0.0,0.0,0.0,0.0,0.0,True,275.453602,32.876352,308.329954,True,33.08650070512057,0.050000000745058,650,paths/q07_layered_on_demand_l3_measured_2_1787296947340057692.json.gz,corridor,"[69, 74, 82, 83, 87, 96, 105, 106, 122]",grid,30.0,0.0,30.0,91.25100011096123,176730112.0,176730112.0,150338560.0,150338560.0,,34.898368,,,,
q07_full_smac_normalized_measured_2_1787296947436302493,2026-08-21T07:22:27.453951+00:00,q07,2,full_smac_normalized,q07_topology_guided_grid_fallback_measured_2_1787293418335119996,SUCCEEDED,SUCCEEDED,,True,False,True,True,True,,False,0,0,0.2617994248867035,28.0,28.0,False,1,1,0,0.0,0.0,0,False,,,0.0,0.0,0.3132634536266438,0.009783747788564449,1.0,0.0,0.0,True,36.515686,0.0,36.515686,True,32.01875808703859,0.050000000745058,325,paths/q07_full_smac_normalized_measured_2_1787296947436302493.json.gz,corridor,[],smac_reference,,,,,,,,,,,22.444884,36.515686,20.0,0.0
q07_grid_raw_measured_3_1787296947485907769,2026-08-21T07:22:27.546787+00:00,q07,3,grid_raw,q07_topology_guided_grid_fallback_measured_3_1787293419317060852,SUCCEEDED,SUCCEEDED,,False,True,True,True,False,False,False,0,3,2.926443935795731,74.0,74.0,True,3,3,0,0.0,0.0,0,False,,,0.0,0.0,0.07071067811865575,0.002137145863470305,1.0,0.0,0.0,True,281.978806,2.022544,284.00135,True,33.08650070512057,0.050000000745058,589,paths/q07_grid_raw_measured_3_1787296947485907769.json.gz,corridor,"[69, 74, 82, 83, 87, 96, 105, 106, 122]",grid,0.0,10.0,10.0,494.426820875096,177881088.0,177881088.0,151489536.0,151489536.0,,3.832951,,,,
q07_grid_with_rotation_measured_3_1787296947550908349,2026-08-21T07:22:27.615418+00:00,q07,3,grid_with_rotation,q07_topology_guided_grid_fallback_measured_3_1787293419317060852,SUCCEEDED,SUCCEEDED,,False,True,True,True,True,True,False,0,3,2.926443935795731,74.0,71.0,True,3,3,3,5.176036589385552,0.0,0,False,,1.0,0.0,0.0,0.0,0.0,0.0,0.0,0.0,True,281.978806,5.185355,287.16416100000004,True,33.08650070512057,0.050000000745058,650,paths/q07_grid_with_rotation_measured_3_1787296947550908349.json.gz,corridor,"[69, 74, 82, 83, 87, 96, 105, 106, 122]",grid,0.0,0.0,0.0,0.0,178176000.0,178176000.0,151784448.0,151784448.0,,7.051904,,,,
q07_layered_on_demand_l3_measured_3_1787296947620039931,2026-08-21T07:22:27.714502+00:00,q07,3,layered_on_demand_l3,q07_topology_guided_grid_fallback_measured_3_1787293419317060852,SUCCEEDED,SUCCEEDED,,False,True,True,True,True,True,False,0,3,2.926443935795731,74.0,71.0,True,3,3,3,5.176036589385552,0.0,0,False,,1.0,0.0,0.0,0.0,0.0,0.0,0.0,0.0,True,281.978806,33.995877,315.974683,True,33.08650070512057,0.050000000745058,650,paths/q07_layered_on_demand_l3_measured_3_1787296947620039931.json.gz,corridor,"[69, 74, 82, 83, 87, 96, 105, 106, 122]",grid,30.0,0.0,30.0,88.24599524230541,178696192.0,178696192.0,152304640.0,152304640.0,,35.823176,,,,
q07_full_smac_normalized_measured_3_1787296947719092504,2026-08-21T07:22:27.736972+00:00,q07,3,full_smac_normalized,q07_topology_guided_grid_fallback_measured_3_1787293419317060852,SUCCEEDED,SUCCEEDED,,True,False,True,True,True,,False,0,0,0.2617994248867035,28.0,28.0,False,1,1,0,0.0,0.0,0,False,,,0.0,0.0,0.3132634536266438,0.009783747788564449,1.0,0.0,0.0,True,30.74008,0.0,30.74008,True,32.01875808703859,0.050000000745058,325,paths/q07_full_smac_normalized_measured_3_1787296947719092504.json.gz,corridor,[],smac_reference,,,,,,,,,,,16.517907,30.74008,20.0,0.0
q07_grid_raw_measured_4_1787296947769467600,2026-08-21T07:22:27.830620+00:00,q07,4,grid_raw,q07_topology_guided_grid_fallback_measured_4_1787293420297086523,SUCCEEDED,SUCCEEDED,,False,True,True,True,False,False,False,0,3,2.926443935795731,74.0,74.0,True,3,3,0,0.0,0.0,0,False,,,0.0,0.0,0.07071067811865575,0.002137145863470305,1.0,0.0,0.0,True,279.26326,2.005279,281.268539,True,33.08650070512057,0.050000000745058,589,paths/q07_grid_raw_measured_4_1787296947769467600.json.gz,corridor,"[69, 74, 82, 83, 87, 96, 105, 106, 122]",grid,0.0,10.0,10.0,498.68372430968464,179834880.0,179834880.0,153443328.0,153443328.0,,3.742195,,,,
q07_grid_with_rotation_measured_4_1787296947834755327,2026-08-21T07:22:27.899134+00:00,q07,4,grid_with_rotation,q07_topology_guided_grid_fallback_measured_4_1787293420297086523,SUCCEEDED,SUCCEEDED,,False,True,True,True,True,True,False,0,3,2.926443935795731,74.0,71.0,True,3,3,3,5.176036589385552,0.0,0,False,,1.0,0.0,0.0,0.0,0.0,0.0,0.0,0.0,True,279.26326,5.188458,284.451718,True,33.08650070512057,0.050000000745058,650,paths/q07_grid_with_rotation_measured_4_1787296947834755327.json.gz,corridor,"[69, 74, 82, 83, 87, 96, 105, 106, 122]",grid,0.0,0.0,0.0,0.0,180154368.0,180154368.0,153762816.0,153762816.0,,7.000759,,,,
q07_layered_on_demand_l3_measured_4_1787296947903730455,2026-08-21T07:22:27.996622+00:00,q07,4,layered_on_demand_l3,q07_topology_guided_grid_fallback_measured_4_1787293420297086523,SUCCEEDED,SUCCEEDED,,False,True,True,True,True,True,False,0,3,2.926443935795731,74.0,71.0,True,3,3,3,5.176036589385552,0.0,0,False,,1.0,0.0,0.0,0.0,0.0,0.0,0.0,0.0,True,279.26326,33.398216,312.661476,True,33.08650070512057,0.050000000745058,650,paths/q07_layered_on_demand_l3_measured_4_1787296947903730455.json.gz,corridor,"[69, 74, 82, 83, 87, 96, 105, 106, 122]",grid,40.0,0.0,40.0,119.76687617087094,180666368.0,180670464.0,154274816.0,154278912.0,,35.336164,,,,
q07_full_smac_normalized_measured_4_1787296948001174868,2026-08-21T07:22:28.018778+00:00,q07,4,full_smac_normalized,q07_topology_guided_grid_fallback_measured_4_1787293420297086523,SUCCEEDED,SUCCEEDED,,True,False,True,True,True,,False,0,0,0.2617994248867035,28.0,28.0,False,1,1,0,0.0,0.0,0,False,,,0.0,0.0,0.3132634536266438,0.009783747788564449,1.0,0.0,0.0,True,31.504389,0.0,31.504389,True,32.01875808703859,0.050000000745058,325,paths/q07_full_smac_normalized_measured_4_1787296948001174868.json.gz,corridor,[],smac_reference,,,,,,,,,,,17.254841,31.504389,20.0,0.0
q07_grid_raw_measured_5_1787296948050817630,2026-08-21T07:22:28.110050+00:00,q07,5,grid_raw,q07_topology_guided_grid_fallback_measured_5_1787293421307787437,SUCCEEDED,SUCCEEDED,,False,True,True,True,False,False,False,0,3,2.926443935795731,74.0,74.0,True,3,3,0,0.0,0.0,0,False,,,0.0,0.0,0.07071067811865575,0.002137145863470305,1.0,0.0,0.0,True,293.959811,1.997607,295.957418,True,33.08650070512057,0.050000000745058,589,paths/q07_grid_raw_measured_5_1787296948050817630.json.gz,corridor,"[69, 74, 82, 83, 87, 96, 105, 106, 122]",grid,0.0,10.0,10.0,500.59896666361306,181837824.0,181837824.0,155446272.0,155446272.0,,3.731087,,,,
q07_grid_with_rotation_measured_5_1787296948114022265,2026-08-21T07:22:28.176626+00:00,q07,5,grid_with_rotation,q07_topology_guided_grid_fallback_measured_5_1787293421307787437,SUCCEEDED,SUCCEEDED,,False,True,True,True,True,True,False,0,3,2.926443935795731,74.0,71.0,True,3,3,3,5.176036589385552,0.0,0,False,,1.0,0.0,0.0,0.0,0.0,0.0,0.0,0.0,True,293.959811,5.086332,299.04614300000003,True,33.08650070512057,0.050000000745058,650,paths/q07_grid_with_rotation_measured_5_1787296948114022265.json.gz,corridor,"[69, 74, 82, 83, 87, 96, 105, 106, 122]",grid,0.0,0.0,0.0,0.0,182161408.0,182161408.0,155769856.0,155769856.0,,6.908658,,,,
q07_layered_on_demand_l3_measured_5_1787296948181170672,2026-08-21T07:22:28.297781+00:00,q07,5,layered_on_demand_l3,q07_topology_guided_grid_fallback_measured_5_1787293421307787437,SUCCEEDED,SUCCEEDED,,False,True,True,True,True,True,False,0,3,2.926443935795731,74.0,71.0,True,3,3,3,5.176036589385552,0.0,0,False,,1.0,0.0,0.0,0.0,0.0,0.0,0.0,0.0,True,293.959811,33.142382,327.102193,True,33.08650070512057,0.050000000745058,650,paths/q07_layered_on_demand_l3_measured_5_1787296948181170672.json.gz,corridor,"[69, 74, 82, 83, 87, 96, 105, 106, 122]",grid,30.0,0.0,30.0,90.51853907181446,182624256.0,182624256.0,156232704.0,156232704.0,,35.131631,,,,
q07_full_smac_normalized_measured_5_1787296948302361419,2026-08-21T07:22:28.320112+00:00,q07,5,full_smac_normalized,q07_topology_guided_grid_fallback_measured_5_1787293421307787437,SUCCEEDED,SUCCEEDED,,True,False,True,True,True,,False,0,0,0.2617994248867035,28.0,28.0,False,1,1,0,0.0,0.0,0,False,,,0.0,0.0,0.3132634536266438,0.009783747788564449,1.0,0.0,0.0,True,32.758695,0.0,32.758695,True,32.01875808703859,0.050000000745058,325,paths/q07_full_smac_normalized_measured_5_1787296948302361419.json.gz,corridor,[],smac_reference,,,,,,,,,,,18.15166,32.758695,20.0,0.0
q08_grid_raw_measured_1_1787296948344636551,2026-08-21T07:22:28.390053+00:00,q08,1,grid_raw,q08_topology_guided_grid_fallback_measured_1_1787293422927853492,SUCCEEDED,SUCCEEDED,,False,True,True,True,False,False,False,0,2,2.33,60.0,60.0,True,2,2,0,0.0,0.0,0,False,,,0.0,0.0,0.04999999999999716,0.0019199281901058195,1.0,0.0,0.0,True,1189.709895,2.123062,1191.8329569999999,True,26.04264068711931,0.050000000745058,497,paths/q08_grid_raw_measured_1_1787296948344636551.json.gz,corridor,"[125, 127, 126, 123, 120, 116, 109, 104, 100, 99]",grid,0.0,0.0,0.0,0.0,183779328.0,183779328.0,157387776.0,157387776.0,,3.806562,,,,
q08_grid_with_rotation_measured_1_1787296948393237314,2026-08-21T07:22:28.440237+00:00,q08,1,grid_with_rotation,q08_topology_guided_grid_fallback_measured_1_1787293422927853492,SUCCEEDED,SUCCEEDED,,False,True,True,True,True,True,False,0,2,2.33,60.0,59.0,True,2,2,2,4.196352390999222,0.0,0,False,,1.0,0.0,0.0,0.0,0.0,0.0,0.0,0.0,True,1189.709895,4.483799,1194.193694,True,26.04264068711931,0.050000000745058,546,paths/q08_grid_with_rotation_measured_1_1787296948393237314.json.gz,corridor,"[125, 127, 126, 123, 120, 116, 109, 104, 100, 99]",grid,0.0,0.0,0.0,0.0,184406016.0,184406016.0,158014464.0,158014464.0,,6.147282,,,,
q08_layered_on_demand_l3_measured_1_1787296948443580562,2026-08-21T07:22:28.511030+00:00,q08,1,layered_on_demand_l3,q08_topology_guided_grid_fallback_measured_1_1787293422927853492,SUCCEEDED,SUCCEEDED,,False,True,True,True,True,True,False,0,2,2.33,60.0,59.0,True,2,2,2,4.196352390999222,0.0,0,False,,1.0,0.0,0.0,0.0,0.0,0.0,0.0,0.0,True,1189.709895,24.488861,1214.198756,True,26.04264068711931,0.050000000745058,546,paths/q08_layered_on_demand_l3_measured_1_1787296948443580562.json.gz,corridor,"[125, 127, 126, 123, 120, 116, 109, 104, 100, 99]",grid,20.0,10.0,30.0,122.50467671812095,184442880.0,184442880.0,158051328.0,158051328.0,,26.176779,,,,
q08_full_smac_normalized_measured_1_1787296948514489497,2026-08-21T07:22:28.526731+00:00,q08,1,full_smac_normalized,q08_topology_guided_grid_fallback_measured_1_1787293422927853492,SUCCEEDED,SUCCEEDED,,True,False,True,True,True,,False,0,0,0.26290694442029583,26.0,26.0,False,2,2,0,0.0,0.0,0,False,,,0.0,0.0,0.6044565734358787,0.02646097745248447,2.0,0.0,0.0,True,110.63152,0.0,110.63152,True,22.84331992350967,0.050000000745058,227,paths/q08_full_smac_normalized_measured_1_1787296948514489497.json.gz,corridor,[],smac_reference,,,,,,,,,,,99.209131,110.63152,100.0,0.0
q08_grid_raw_measured_2_1787296948549305558,2026-08-21T07:22:28.593110+00:00,q08,2,grid_raw,q08_topology_guided_grid_fallback_measured_2_1787293424535134058,SUCCEEDED,SUCCEEDED,,False,True,True,True,False,False,False,0,2,2.33,60.0,60.0,True,2,2,0,0.0,0.0,0,False,,,0.0,0.0,0.04999999999999716,0.0019199281901058195,1.0,0.0,0.0,True,1184.32664,1.871085,1186.197725,True,26.04264068711931,0.050000000745058,497,paths/q08_grid_raw_measured_2_1787296948549305558.json.gz,corridor,"[125, 127, 126, 123, 120, 116, 109, 104, 100, 99]",grid,0.0,0.0,0.0,0.0,185163776.0,185163776.0,158772224.0,158772224.0,,3.542994,,,,
q08_grid_with_rotation_measured_2_1787296948596196657,2026-08-21T07:22:28.642525+00:00,q08,2,grid_with_rotation,q08_topology_guided_grid_fallback_measured_2_1787293424535134058,SUCCEEDED,SUCCEEDED,,False,True,True,True,True,True,False,0,2,2.33,60.0,59.0,True,2,2,2,4.196352390999222,0.0,0,False,,1.0,0.0,0.0,0.0,0.0,0.0,0.0,0.0,True,1184.32664,4.380353,1188.706993,True,26.04264068711931,0.050000000745058,546,paths/q08_grid_with_rotation_measured_2_1787296948596196657.json.gz,corridor,"[125, 127, 126, 123, 120, 116, 109, 104, 100, 99]",grid,0.0,0.0,0.0,0.0,185454592.0,185454592.0,159063040.0,159063040.0,,6.126996,,,,
q08_layered_on_demand_l3_measured_2_1787296948645934388,2026-08-21T07:22:28.712361+00:00,q08,2,layered_on_demand_l3,q08_topology_guided_grid_fallback_measured_2_1787293424535134058,SUCCEEDED,SUCCEEDED,,False,True,True,True,True,True,False,0,2,2.33,60.0,59.0,True,2,2,2,4.196352390999222,0.0,0,False,,1.0,0.0,0.0,0.0,0.0,0.0,0.0,0.0,True,1184.32664,24.216361,1208.543001,True,26.04264068711931,0.050000000745058,546,paths/q08_layered_on_demand_l3_measured_2_1787296948645934388.json.gz,corridor,"[125, 127, 126, 123, 120, 116, 109, 104, 100, 99]",grid,30.0,10.0,40.0,165.1775838657179,185905152.0,185913344.0,159513600.0,159521792.0,,25.983235,,,,
q08_full_smac_normalized_measured_2_1787296948715805175,2026-08-21T07:22:28.727888+00:00,q08,2,full_smac_normalized,q08_topology_guided_grid_fallback_measured_2_1787293424535134058,SUCCEEDED,SUCCEEDED,,True,False,True,True,True,,False,0,0,0.26290694442029583,26.0,26.0,False,2,2,0,0.0,0.0,0,False,,,0.0,0.0,0.6044565734358787,0.02646097745248447,2.0,0.0,0.0,True,114.145316,0.0,114.145316,True,22.84331992350967,0.050000000745058,227,paths/q08_full_smac_normalized_measured_2_1787296948715805175.json.gz,corridor,[],smac_reference,,,,,,,,,,,99.148257,114.145316,110.0,0.0
q08_grid_raw_measured_3_1787296948750461145,2026-08-21T07:22:28.794487+00:00,q08,3,grid_raw,q08_topology_guided_grid_fallback_measured_3_1787293426109740342,SUCCEEDED,SUCCEEDED,,False,True,True,True,False,False,False,0,2,2.33,60.0,60.0,True,2,2,0,0.0,0.0,0,False,,,0.0,0.0,0.04999999999999716,0.0019199281901058195,1.0,0.0,0.0,True,1190.012592,1.895748,1191.90834,True,26.04264068711931,0.050000000745058,497,paths/q08_grid_raw_measured_3_1787296948750461145.json.gz,corridor,"[125, 127, 126, 123, 120, 116, 109, 104, 100, 99]",grid,0.0,0.0,0.0,0.0,186769408.0,186769408.0,160377856.0,160377856.0,,3.639035,,,,
q08_grid_with_rotation_measured_3_1787296948797752951,2026-08-21T07:22:28.844882+00:00,q08,3,grid_with_rotation,q08_topology_guided_grid_fallback_measured_3_1787293426109740342,SUCCEEDED,SUCCEEDED,,False,True,True,True,True,True,False,0,2,2.33,60.0,59.0,True,2,2,2,4.196352390999222,0.0,0,False,,1.0,0.0,0.0,0.0,0.0,0.0,0.0,0.0,True,1190.012592,4.308847,1194.321439,True,26.04264068711931,0.050000000745058,546,paths/q08_grid_with_rotation_measured_3_1787296948797752951.json.gz,corridor,"[125, 127, 126, 123, 120, 116, 109, 104, 100, 99]",grid,0.0,0.0,0.0,0.0,187076608.0,187076608.0,160685056.0,160685056.0,,6.018174,,,,
q08_layered_on_demand_l3_measured_3_1787296948848171911,2026-08-21T07:22:28.912025+00:00,q08,3,layered_on_demand_l3,q08_topology_guided_grid_fallback_measured_3_1787293426109740342,SUCCEEDED,SUCCEEDED,,False,True,True,True,True,True,False,0,2,2.33,60.0,59.0,True,2,2,2,4.196352390999222,0.0,0,False,,1.0,0.0,0.0,0.0,0.0,0.0,0.0,0.0,True,1190.012592,22.830854,1212.843446,True,26.04264068711931,0.050000000745058,546,paths/q08_layered_on_demand_l3_measured_3_1787296948848171911.json.gz,corridor,"[125, 127, 126, 123, 120, 116, 109, 104, 100, 99]",grid,20.0,0.0,20.0,87.60075291095113,187473920.0,187473920.0,161082368.0,161082368.0,,23.566434,,,,
q08_full_smac_normalized_measured_3_1787296948915316557,2026-08-21T07:22:28.927123+00:00,q08,3,full_smac_normalized,q08_topology_guided_grid_fallback_measured_3_1787293426109740342,SUCCEEDED,SUCCEEDED,,True,False,True,True,True,,False,0,0,0.26290694442029583,26.0,26.0,False,2,2,0,0.0,0.0,0,False,,,0.0,0.0,0.6044565734358787,0.02646097745248447,2.0,0.0,0.0,True,106.45958,0.0,106.45958,True,22.84331992350967,0.050000000745058,227,paths/q08_full_smac_normalized_measured_3_1787296948915316557.json.gz,corridor,[],smac_reference,,,,,,,,,,,95.365627,106.45958,90.0,0.0
q08_grid_raw_measured_4_1787296948949091143,2026-08-21T07:22:28.991593+00:00,q08,4,grid_raw,q08_topology_guided_grid_fallback_measured_4_1787293427650413174,SUCCEEDED,SUCCEEDED,,False,True,True,True,False,False,False,0,2,2.33,60.0,60.0,True,2,2,0,0.0,0.0,0,False,,,0.0,0.0,0.04999999999999716,0.0019199281901058195,1.0,0.0,0.0,True,1136.841569,1.689491,1138.53106,True,26.04264068711931,0.050000000745058,497,paths/q08_grid_raw_measured_4_1787296948949091143.json.gz,corridor,"[125, 127, 126, 123, 120, 116, 109, 104, 100, 99]",grid,0.0,0.0,0.0,0.0,188366848.0,188366848.0,161975296.0,161975296.0,,3.186378,,,,
q08_grid_with_rotation_measured_4_1787296948994570648,2026-08-21T07:22:29.039784+00:00,q08,4,grid_with_rotation,q08_topology_guided_grid_fallback_measured_4_1787293427650413174,SUCCEEDED,SUCCEEDED,,False,True,True,True,True,True,False,0,2,2.33,60.0,59.0,True,2,2,2,4.196352390999222,0.0,0,False,,1.0,0.0,0.0,0.0,0.0,0.0,0.0,0.0,True,1136.841569,4.216652,1141.058221,True,26.04264068711931,0.050000000745058,546,paths/q08_grid_with_rotation_measured_4_1787296948994570648.json.gz,corridor,"[125, 127, 126, 123, 120, 116, 109, 104, 100, 99]",grid,0.0,0.0,0.0,0.0,188669952.0,188669952.0,162278400.0,162278400.0,,5.910139,,,,
q08_layered_on_demand_l3_measured_4_1787296949043054310,2026-08-21T07:22:29.107335+00:00,q08,4,layered_on_demand_l3,q08_topology_guided_grid_fallback_measured_4_1787293427650413174,SUCCEEDED,SUCCEEDED,,False,True,True,True,True,True,False,0,2,2.33,60.0,59.0,True,2,2,2,4.196352390999222,0.0,0,False,,1.0,0.0,0.0,0.0,0.0,0.0,0.0,0.0,True,1136.841569,23.289413,1160.130982,True,26.04264068711931,0.050000000745058,546,paths/q08_layered_on_demand_l3_measured_4_1787296949043054310.json.gz,corridor,"[125, 127, 126, 123, 120, 116, 109, 104, 100, 99]",grid,20.0,0.0,20.0,85.87592997728196,189104128.0,189116416.0,162712576.0,162724864.0,,24.591018,,,,
q08_full_smac_normalized_measured_4_1787296949110619404,2026-08-21T07:22:29.122517+00:00,q08,4,full_smac_normalized,q08_topology_guided_grid_fallback_measured_4_1787293427650413174,SUCCEEDED,SUCCEEDED,,True,False,True,True,True,,False,0,0,0.26290694442029583,26.0,26.0,False,2,2,0,0.0,0.0,0,False,,,0.0,0.0,0.6044565734358787,0.02646097745248447,2.0,0.0,0.0,True,111.304589,0.0,111.304589,True,22.84331992350967,0.050000000745058,227,paths/q08_full_smac_normalized_measured_4_1787296949110619404.json.gz,corridor,[],smac_reference,,,,,,,,,,,96.879123,111.304589,100.0,0.0
q08_grid_raw_measured_5_1787296949144840264,2026-08-21T07:22:29.188343+00:00,q08,5,grid_raw,q08_topology_guided_grid_fallback_measured_5_1787293429235385650,SUCCEEDED,SUCCEEDED,,False,True,True,True,False,False,False,0,2,2.33,60.0,60.0,True,2,2,0,0.0,0.0,0,False,,,0.0,0.0,0.04999999999999716,0.0019199281901058195,1.0,0.0,0.0,True,1178.413701,2.114489,1180.52819,True,26.04264068711931,0.050000000745058,497,paths/q08_grid_raw_measured_5_1787296949144840264.json.gz,corridor,"[125, 127, 126, 123, 120, 116, 109, 104, 100, 99]",grid,0.0,10.0,10.0,472.9275016327822,189992960.0,189992960.0,163601408.0,163601408.0,,3.801946,,,,
q08_grid_with_rotation_measured_5_1787296949191364929,2026-08-21T07:22:29.237782+00:00,q08,5,grid_with_rotation,q08_topology_guided_grid_fallback_measured_5_1787293429235385650,SUCCEEDED,SUCCEEDED,,False,True,True,True,True,True,False,0,2,2.33,60.0,59.0,True,2,2,2,4.196352390999222,0.0,0,False,,1.0,0.0,0.0,0.0,0.0,0.0,0.0,0.0,True,1178.413701,4.279413,1182.693114,True,26.04264068711931,0.050000000745058,546,paths/q08_grid_with_rotation_measured_5_1787296949191364929.json.gz,corridor,"[125, 127, 126, 123, 120, 116, 109, 104, 100, 99]",grid,10.0,0.0,10.0,233.67690849188895,190283776.0,190283776.0,163892224.0,163892224.0,,6.158131,,,,
q08_layered_on_demand_l3_measured_5_1787296949241177487,2026-08-21T07:22:29.311377+00:00,q08,5,layered_on_demand_l3,q08_topology_guided_grid_fallback_measured_5_1787293429235385650,SUCCEEDED,SUCCEEDED,,False,True,True,True,True,True,False,0,2,2.33,60.0,59.0,True,2,2,2,4.196352390999222,0.0,0,False,,1.0,0.0,0.0,0.0,0.0,0.0,0.0,0.0,True,1178.413701,25.136099,1203.5498,True,26.04264068711931,0.050000000745058,546,paths/q08_layered_on_demand_l3_measured_5_1787296949241177487.json.gz,corridor,"[125, 127, 126, 123, 120, 116, 109, 104, 100, 99]",grid,20.0,0.0,20.0,79.56684129864384,190722048.0,190722048.0,164330496.0,164330496.0,,27.108647,,,,
q08_full_smac_normalized_measured_5_1787296949314980241,2026-08-21T07:22:29.327829+00:00,q08,5,full_smac_normalized,q08_topology_guided_grid_fallback_measured_5_1787293429235385650,SUCCEEDED,SUCCEEDED,,True,False,True,True,True,,False,0,0,0.26290694442029583,26.0,26.0,False,2,2,0,0.0,0.0,0,False,,,0.0,0.0,0.6044565734358787,0.02646097745248447,2.0,0.0,0.0,True,120.388985,0.0,120.388985,True,22.84331992350967,0.050000000745058,227,paths/q08_full_smac_normalized_measured_5_1787296949314980241.json.gz,corridor,[],smac_reference,,,,,,,,,,,102.109702,120.388985,100.00000000000092,0.0
q09_grid_raw_measured_1_1787296949344775086,2026-08-21T07:22:29.377710+00:00,q09,1,grid_raw,q09_topology_guided_grid_fallback_measured_1_1787293429642478507,SUCCEEDED,SUCCEEDED,,False,True,True,True,False,False,False,0,2,3.14153769817878,37.0,37.0,True,2,2,0,0.0,0.0,0,False,,,0.0,0.0,0.07071067811865575,0.004723812072361452,1.0,0.0,0.0,True,260.364389,2.009307,262.373696,True,14.968986283848334,0.050000000745058,266,paths/q09_grid_raw_measured_1_1787296949344775086.json.gz,corridor,"[135, 131, 128, 127, 126]",grid,0.0,0.0,0.0,0.0,191594496.0,191594496.0,165202944.0,165202944.0,,3.781966,,,,
q09_grid_with_rotation_measured_1_1787296949379455059,2026-08-21T07:22:29.414704+00:00,q09,1,grid_with_rotation,q09_topology_guided_grid_fallback_measured_1_1787293429642478507,SUCCEEDED,SUCCEEDED,,False,True,True,True,True,True,False,0,2,3.14153769817878,37.0,36.0,True,2,2,2,5.639574287564319,0.0,0,False,,1.0,0.0,0.0,0.0,0.0,0.0,0.0,0.0,True,260.364389,4.642608,265.006997,True,14.968986283848334,0.050000000745058,331,paths/q09_grid_with_rotation_measured_1_1787296949379455059.json.gz,corridor,"[135, 131, 128, 127, 126]",grid,0.0,0.0,0.0,0.0,191733760.0,191733760.0,165342208.0,165342208.0,,6.0847,,,,
q09_layered_on_demand_l3_measured_1_1787296949416954590,2026-08-21T07:22:29.467191+00:00,q09,1,layered_on_demand_l3,q09_topology_guided_grid_fallback_measured_1_1787293429642478507,SUCCEEDED,SUCCEEDED,,False,True,True,True,True,True,False,0,2,3.14153769817878,37.0,36.0,True,2,2,2,5.639574287564319,0.0,0,False,,1.0,0.0,0.0,0.0,0.0,0.0,0.0,0.0,True,260.364389,19.422014,279.786403,True,14.968986283848334,0.050000000745058,331,paths/q09_layered_on_demand_l3_measured_1_1787296949416954590.json.gz,corridor,"[135, 131, 128, 127, 126]",grid,20.0,10.0,30.0,154.46389854316857,191913984.0,191913984.0,165522432.0,165522432.0,,21.231652,,,,
q09_full_smac_normalized_measured_1_1787296949469359457,2026-08-21T07:22:29.478182+00:00,q09,1,full_smac_normalized,q09_topology_guided_grid_fallback_measured_1_1787293429642478507,SUCCEEDED,SUCCEEDED,,True,False,True,True,True,,False,0,0,0.2624582100223467,25.0,25.0,False,2,2,0,0.0,0.0,0,False,,,0.08494801808251928,0.005674934592877467,0.8754890453307742,0.05815682649940098,2.0,0.0,0.0,True,18.235142,0.0,18.235142,True,15.053934301930862,0.050000000745058,158,paths/q09_full_smac_normalized_measured_1_1787296949469359457.json.gz,corridor,[],smac_reference,,,,,,,,,,,9.673525,18.235142,20.0,0.0
q09_grid_raw_measured_2_1787296949494477877,2026-08-21T07:22:29.526661+00:00,q09,2,grid_raw,q09_topology_guided_grid_fallback_measured_2_1787293430058725692,SUCCEEDED,SUCCEEDED,,False,True,True,True,False,False,False,0,2,3.14153769817878,37.0,37.0,True,2,2,0,0.0,0.0,0,False,,,0.0,0.0,0.07071067811865575,0.004723812072361452,1.0,0.0,0.0,True,268.147801,2.026421,270.17422200000004,True,14.968986283848334,0.050000000745058,266,paths/q09_grid_raw_measured_2_1787296949494477877.json.gz,corridor,"[135, 131, 128, 127, 126]",grid,0.0,0.0,0.0,0.0,192704512.0,192704512.0,166312960.0,166312960.0,,3.776184,,,,
q09_grid_with_rotation_measured_2_1787296949528351525,2026-08-21T07:22:29.562134+00:00,q09,2,grid_with_rotation,q09_topology_guided_grid_fallback_measured_2_1787293430058725692,SUCCEEDED,SUCCEEDED,,False,True,True,True,True,True,False,0,2,3.14153769817878,37.0,36.0,True,2,2,2,5.639574287564319,0.0,0,False,,1.0,0.0,0.0,0.0,0.0,0.0,0.0,0.0,True,268.147801,4.247587,272.395388,True,14.968986283848334,0.050000000745058,331,paths/q09_grid_with_rotation_measured_2_1787296949528351525.json.gz,corridor,"[135, 131, 128, 127, 126]",grid,0.0,0.0,0.0,0.0,192708608.0,192708608.0,166317056.0,166317056.0,,5.299822,,,,
q09_layered_on_demand_l3_measured_2_1787296949564256602,2026-08-21T07:22:29.613039+00:00,q09,2,layered_on_demand_l3,q09_topology_guided_grid_fallback_measured_2_1787293430058725692,SUCCEEDED,SUCCEEDED,,False,True,True,True,True,True,False,0,2,3.14153769817878,37.0,36.0,True,2,2,2,5.639574287564319,0.0,0,False,,1.0,0.0,0.0,0.0,0.0,0.0,0.0,0.0,True,268.147801,18.167552,286.315353,True,14.968986283848334,0.050000000745058,331,paths/q09_layered_on_demand_l3_measured_2_1787296949564256602.json.gz,corridor,"[135, 131, 128, 127, 126]",grid,20.0,0.0,20.0,110.08637817577183,192720896.0,192720896.0,166329344.0,166329344.0,,19.638146,,,,
q09_full_smac_normalized_measured_2_1787296949615295284,2026-08-21T07:22:29.624445+00:00,q09,2,full_smac_normalized,q09_topology_guided_grid_fallback_measured_2_1787293430058725692,SUCCEEDED,SUCCEEDED,,True,False,True,True,True,,False,0,0,0.2624582100223467,25.0,25.0,False,2,2,0,0.0,0.0,0,False,,,0.08494801808251928,0.005674934592877467,0.8754890453307742,0.05815682649940098,2.0,0.0,0.0,True,18.97036,0.0,18.97036,True,15.053934301930862,0.050000000745058,158,paths/q09_full_smac_normalized_measured_2_1787296949615295284.json.gz,corridor,[],smac_reference,,,,,,,,,,,10.286997,18.97036,10.0,0.0
q09_grid_raw_measured_3_1787296949640983870,2026-08-21T07:22:29.673812+00:00,q09,3,grid_raw,q09_topology_guided_grid_fallback_measured_3_1787293430471854761,SUCCEEDED,SUCCEEDED,,False,True,True,True,False,False,False,0,2,3.14153769817878,37.0,37.0,True,2,2,0,0.0,0.0,0,False,,,0.0,0.0,0.07071067811865575,0.004723812072361452,1.0,0.0,0.0,True,258.987952,2.014928,261.00288,True,14.968986283848334,0.050000000745058,266,paths/q09_grid_raw_measured_3_1787296949640983870.json.gz,corridor,"[135, 131, 128, 127, 126]",grid,0.0,0.0,0.0,0.0,192974848.0,192974848.0,166583296.0,166583296.0,,3.829503,,,,
q09_grid_with_rotation_measured_3_1787296949675590074,2026-08-21T07:22:29.711760+00:00,q09,3,grid_with_rotation,q09_topology_guided_grid_fallback_measured_3_1787293430471854761,SUCCEEDED,SUCCEEDED,,False,True,True,True,True,True,False,0,2,3.14153769817878,37.0,36.0,True,2,2,2,5.639574287564319,0.0,0,False,,1.0,0.0,0.0,0.0,0.0,0.0,0.0,0.0,True,258.987952,5.100814,264.088766,True,14.968986283848334,0.050000000745058,331,paths/q09_grid_with_rotation_measured_3_1787296949675590074.json.gz,corridor,"[135, 131, 128, 127, 126]",grid,0.0,0.0,0.0,0.0,193142784.0,193142784.0,166751232.0,166751232.0,,6.940006,,,,
q09_layered_on_demand_l3_measured_3_1787296949714010375,2026-08-21T07:22:29.764516+00:00,q09,3,layered_on_demand_l3,q09_topology_guided_grid_fallback_measured_3_1787293430471854761,SUCCEEDED,SUCCEEDED,,False,True,True,True,True,True,False,0,2,3.14153769817878,37.0,36.0,True,2,2,2,5.639574287564319,0.0,0,False,,1.0,0.0,0.0,0.0,0.0,0.0,0.0,0.0,True,258.987952,19.366848,278.3548,True,14.968986283848334,0.050000000745058,331,paths/q09_layered_on_demand_l3_measured_3_1787296949714010375.json.gz,corridor,"[135, 131, 128, 127, 126]",grid,20.0,10.0,30.0,154.90388523728797,193400832.0,193400832.0,167009280.0,167009280.0,,21.269802,,,,
q09_full_smac_normalized_measured_3_1787296949766819054,2026-08-21T07:22:29.775879+00:00,q09,3,full_smac_normalized,q09_topology_guided_grid_fallback_measured_3_1787293430471854761,SUCCEEDED,SUCCEEDED,,True,False,True,True,True,,False,0,0,0.2624582100223467,25.0,25.0,False,2,2,0,0.0,0.0,0,False,,,0.08494801808251928,0.005674934592877467,0.8754890453307742,0.05815682649940098,2.0,0.0,0.0,True,18.638529,0.0,18.638529,True,15.053934301930862,0.050000000745058,158,paths/q09_full_smac_normalized_measured_3_1787296949766819054.json.gz,corridor,[],smac_reference,,,,,,,,,,,9.720793,18.638529,10.0,0.0
q09_grid_raw_measured_4_1787296949792433437,2026-08-21T07:22:29.825600+00:00,q09,4,grid_raw,q09_topology_guided_grid_fallback_measured_4_1787293430883524388,SUCCEEDED,SUCCEEDED,,False,True,True,True,False,False,False,0,2,3.14153769817878,37.0,37.0,True,2,2,0,0.0,0.0,0,False,,,0.0,0.0,0.07071067811865575,0.004723812072361452,1.0,0.0,0.0,True,260.852629,2.180483,263.03311199999996,True,14.968986283848334,0.050000000745058,266,paths/q09_grid_raw_measured_4_1787296949792433437.json.gz,corridor,"[135, 131, 128, 127, 126]",grid,0.0,0.0,0.0,0.0,193912832.0,193912832.0,167521280.0,167521280.0,,4.1208,,,,
q09_grid_with_rotation_measured_4_1787296949827443774,2026-08-21T07:22:29.864150+00:00,q09,4,grid_with_rotation,q09_topology_guided_grid_fallback_measured_4_1787293430883524388,SUCCEEDED,SUCCEEDED,,False,True,True,True,True,True,False,0,2,3.14153769817878,37.0,36.0,True,2,2,2,5.639574287564319,0.0,0,False,,1.0,0.0,0.0,0.0,0.0,0.0,0.0,0.0,True,260.852629,5.140713,265.993342,True,14.968986283848334,0.050000000745058,331,paths/q09_grid_with_rotation_measured_4_1787296949827443774.json.gz,corridor,"[135, 131, 128, 127, 126]",grid,0.0,0.0,0.0,0.0,194076672.0,194076672.0,167685120.0,167685120.0,,7.090762,,,,
q09_layered_on_demand_l3_measured_4_1787296949866506971,2026-08-21T07:22:29.918247+00:00,q09,4,layered_on_demand_l3,q09_topology_guided_grid_fallback_measured_4_1787293430883524388,SUCCEEDED,SUCCEEDED,,False,True,True,True,True,True,False,0,2,3.14153769817878,37.0,36.0,True,2,2,2,5.639574287564319,0.0,0,False,,1.0,0.0,0.0,0.0,0.0,0.0,0.0,0.0,True,260.852629,19.896474,280.749103,True,14.968986283848334,0.050000000745058,331,paths/q09_layered_on_demand_l3_measured_4_1787296949866506971.json.gz,corridor,"[135, 131, 128, 127, 126]",grid,20.0,0.0,20.0,100.52032334975533,194338816.0,194338816.0,167947264.0,167947264.0,,21.863045,,,,
q09_full_smac_normalized_measured_4_1787296949920571020,2026-08-21T07:22:29.929825+00:00,q09,4,full_smac_normalized,q09_topology_guided_grid_fallback_measured_4_1787293430883524388,SUCCEEDED,SUCCEEDED,,True,False,True,True,True,,False,0,0,0.2624582100223467,25.0,25.0,False,2,2,0,0.0,0.0,0,False,,,0.08494801808251928,0.005674934592877467,0.8754890453307742,0.05815682649940098,2.0,0.0,0.0,True,19.581381,0.0,19.581381,True,15.053934301930862,0.050000000745058,158,paths/q09_full_smac_normalized_measured_4_1787296949920571020.json.gz,corridor,[],smac_reference,,,,,,,,,,,10.152206,19.581381,10.0,0.0
q09_grid_raw_measured_5_1787296949947025188,2026-08-21T07:22:29.981169+00:00,q09,5,grid_raw,q09_topology_guided_grid_fallback_measured_5_1787293431295542404,SUCCEEDED,SUCCEEDED,,False,True,True,True,False,False,False,0,2,3.14153769817878,37.0,37.0,True,2,2,0,0.0,0.0,0,False,,,0.0,0.0,0.07071067811865575,0.004723812072361452,1.0,0.0,0.0,True,253.991255,2.065633,256.056888,True,14.968986283848334,0.050000000745058,266,paths/q09_grid_raw_measured_5_1787296949947025188.json.gz,corridor,"[135, 131, 128, 127, 126]",grid,0.0,0.0,0.0,0.0,194838528.0,194838528.0,168446976.0,168446976.0,,3.878025,,,,
q09_grid_with_rotation_measured_5_1787296949983032490,2026-08-21T07:22:30.021412+00:00,q09,5,grid_with_rotation,q09_topology_guided_grid_fallback_measured_5_1787293431295542404,SUCCEEDED,SUCCEEDED,,False,True,True,True,True,True,False,0,2,3.14153769817878,37.0,36.0,True,2,2,2,5.639574287564319,0.0,0,False,,1.0,0.0,0.0,0.0,0.0,0.0,0.0,0.0,True,253.991255,5.595599,259.586854,True,14.968986283848334,0.050000000745058,331,paths/q09_grid_with_rotation_measured_5_1787296949983032490.json.gz,corridor,"[135, 131, 128, 127, 126]",grid,10.0,0.0,10.0,178.71187695901725,195039232.0,195039232.0,168647680.0,168647680.0,,7.758064,,,,
q09_layered_on_demand_l3_measured_5_1787296950023772369,2026-08-21T07:22:30.075423+00:00,q09,5,layered_on_demand_l3,q09_topology_guided_grid_fallback_measured_5_1787293431295542404,SUCCEEDED,SUCCEEDED,,False,True,True,True,True,True,False,0,2,3.14153769817878,37.0,36.0,True,2,2,2,5.639574287564319,0.0,0,False,,1.0,0.0,0.0,0.0,0.0,0.0,0.0,0.0,True,253.991255,20.350142,274.341397,True,14.968986283848334,0.050000000745058,331,paths/q09_layered_on_demand_l3_measured_5_1787296950023772369.json.gz,corridor,"[135, 131, 128, 127, 126]",grid,20.0,0.0,20.0,98.27941249746561,195264512.0,195264512.0,168872960.0,168872960.0,,22.413706,,,,
q09_full_smac_normalized_measured_5_1787296950077714459,2026-08-21T07:22:30.086793+00:00,q09,5,full_smac_normalized,q09_topology_guided_grid_fallback_measured_5_1787293431295542404,SUCCEEDED,SUCCEEDED,,True,False,True,True,True,,False,0,0,0.2624582100223467,25.0,25.0,False,2,2,0,0.0,0.0,0,False,,,0.08494801808251928,0.005674934592877467,0.8754890453307742,0.05815682649940098,2.0,0.0,0.0,True,28.007795,0.0,28.007795,True,15.053934301930862,0.050000000745058,158,paths/q09_full_smac_normalized_measured_5_1787296950077714459.json.gz,corridor,[],smac_reference,,,,,,,,,,,10.72998,28.007795,10.0,0.0
