run_id,query_id,preference_mode,segment_index,source,planner,direction,length_m,grid_mode,repair_reason,topology_edge_ids
q00_center_hard_l3_1_1787300427468917185,q00,center,0,grid,grid_astar,mixed,20.06604319590683,corridor,,
q00_center_hard_l3_1_1787300427468917185,q00,center,1,kinematic,smac_hybrid_reeds_shepp,forward,0.07240405959322734,corridor,IN_PLACE_ROTATION_FORBIDDEN_OR_HARD_RADIUS,[]
q00_center_hard_l3_1_1787300427468917185,q00,center,2,kinematic,smac_hybrid_reeds_shepp,forward,0.07240331695273856,corridor,IN_PLACE_ROTATION_FORBIDDEN_OR_HARD_RADIUS,[]
q00_center_hard_l3_1_1787300427468917185,q00,center,3,kinematic,smac_hybrid_reeds_shepp,forward,0.07240499265839868,corridor,IN_PLACE_ROTATION_FORBIDDEN_OR_HARD_RADIUS,[]
q00_center_hard_l3_1_1787300427468917185,q00,center,4,kinematic,smac_hybrid_reeds_shepp,forward,0.07240244220032617,corridor,IN_PLACE_ROTATION_FORBIDDEN_OR_HARD_RADIUS,[]
q00_center_hard_l3_1_1787300427468917185,q00,center,5,kinematic,smac_hybrid_reeds_shepp,forward,0.07240560003182997,corridor,IN_PLACE_ROTATION_FORBIDDEN_OR_HARD_RADIUS,[]
q00_center_hard_l3_1_1787300427468917185,q00,center,6,kinematic,smac_hybrid_reeds_shepp,reverse,0.026995702529161128,corridor,IN_PLACE_ROTATION_FORBIDDEN_OR_HARD_RADIUS,[]
q00_center_hard_l3_1_1787300427468917185,q00,center,7,kinematic,smac_hybrid_reeds_shepp,reverse,0.0724049808890411,corridor,IN_PLACE_ROTATION_FORBIDDEN_OR_HARD_RADIUS,[]
q00_center_hard_l3_1_1787300427468917185,q00,center,8,kinematic,smac_hybrid_reeds_shepp,reverse,0.07240180701578768,corridor,IN_PLACE_ROTATION_FORBIDDEN_OR_HARD_RADIUS,[]
q00_center_hard_l3_1_1787300427468917185,q00,center,9,kinematic,smac_hybrid_reeds_shepp,reverse,0.07240508700613062,corridor,IN_PLACE_ROTATION_FORBIDDEN_OR_HARD_RADIUS,[]
q00_center_hard_l3_1_1787300427468917185,q00,center,10,kinematic,smac_hybrid_reeds_shepp,reverse,0.07240360971362947,corridor,IN_PLACE_ROTATION_FORBIDDEN_OR_HARD_RADIUS,[]
q00_center_hard_l3_1_1787300427468917185,q00,center,11,kinematic,smac_hybrid_reeds_shepp,reverse,0.07240200896854365,corridor,IN_PLACE_ROTATION_FORBIDDEN_OR_HARD_RADIUS,[]
q00_center_hard_l3_1_1787300427468917185,q00,center,12,kinematic,smac_hybrid_reeds_shepp,reverse,0.07240468035173692,corridor,IN_PLACE_ROTATION_FORBIDDEN_OR_HARD_RADIUS,[]
q00_center_hard_l3_1_1787300427468917185,q00,center,13,kinematic,smac_hybrid_reeds_shepp,reverse,0.07240317996184484,corridor,IN_PLACE_ROTATION_FORBIDDEN_OR_HARD_RADIUS,[]
q00_center_hard_l3_1_1787300427468917185,q00,center,14,kinematic,smac_hybrid_reeds_shepp,reverse,0.07240483695543112,corridor,IN_PLACE_ROTATION_FORBIDDEN_OR_HARD_RADIUS,[]
q00_center_hard_l3_1_1787300427468917185,q00,center,15,kinematic,smac_hybrid_reeds_shepp,reverse,0.07250446992680373,corridor,IN_PLACE_ROTATION_FORBIDDEN_OR_HARD_RADIUS,[]
q00_center_hard_l3_1_1787300427468917185,q00,center,16,kinematic,smac_hybrid_reeds_shepp,reverse,0.0725014663738037,corridor,IN_PLACE_ROTATION_FORBIDDEN_OR_HARD_RADIUS,[]
q00_center_hard_l3_1_1787300427468917185,q00,center,17,kinematic,smac_hybrid_reeds_shepp,reverse,0.07250392972675827,corridor,IN_PLACE_ROTATION_FORBIDDEN_OR_HARD_RADIUS,[]
q00_center_hard_l3_1_1787300427468917185,q00,center,18,kinematic,smac_hybrid_reeds_shepp,reverse,0.07250446992680373,corridor,IN_PLACE_ROTATION_FORBIDDEN_OR_HARD_RADIUS,[]
q00_center_hard_l3_1_1787300427468917185,q00,center,19,kinematic,smac_hybrid_reeds_shepp,reverse,0.07250092615137894,corridor,IN_PLACE_ROTATION_FORBIDDEN_OR_HARD_RADIUS,[]
q00_center_hard_l3_1_1787300427468917185,q00,center,20,kinematic,smac_hybrid_reeds_shepp,reverse,0.07250446992680373,corridor,IN_PLACE_ROTATION_FORBIDDEN_OR_HARD_RADIUS,[]
q00_center_hard_l3_1_1787300427468917185,q00,center,21,kinematic,smac_hybrid_reeds_shepp,reverse,0.0725014663738037,corridor,IN_PLACE_ROTATION_FORBIDDEN_OR_HARD_RADIUS,[]
q00_center_hard_l3_1_1787300427468917185,q00,center,22,kinematic,smac_hybrid_reeds_shepp,reverse,0.07250392972675827,corridor,IN_PLACE_ROTATION_FORBIDDEN_OR_HARD_RADIUS,[]
q00_center_hard_l3_1_1787300427468917185,q00,center,23,kinematic,smac_hybrid_reeds_shepp,reverse,0.07250446992680373,corridor,IN_PLACE_ROTATION_FORBIDDEN_OR_HARD_RADIUS,[]
q00_center_hard_l3_1_1787300427468917185,q00,center,24,kinematic,smac_hybrid_reeds_shepp,reverse,0.07250092615137894,corridor,IN_PLACE_ROTATION_FORBIDDEN_OR_HARD_RADIUS,[]
q00_center_hard_l3_1_1787300427468917185,q00,center,25,kinematic,smac_hybrid_reeds_shepp,reverse,0.07250446992680373,corridor,IN_PLACE_ROTATION_FORBIDDEN_OR_HARD_RADIUS,[]
q00_center_hard_l3_1_1787300427468917185,q00,center,26,kinematic,smac_hybrid_reeds_shepp,reverse,0.07250092615137894,corridor,IN_PLACE_ROTATION_FORBIDDEN_OR_HARD_RADIUS,[]
q00_center_hard_l3_1_1787300427468917185,q00,center,27,kinematic,smac_hybrid_reeds_shepp,reverse,0.07250446992680373,corridor,IN_PLACE_ROTATION_FORBIDDEN_OR_HARD_RADIUS,[]
q00_center_hard_l3_1_1787300427468917185,q00,center,28,kinematic,smac_hybrid_reeds_shepp,reverse,0.07250446992680373,corridor,IN_PLACE_ROTATION_FORBIDDEN_OR_HARD_RADIUS,[]
q00_center_hard_l3_1_1787300427468917185,q00,center,29,kinematic,smac_hybrid_reeds_shepp,reverse,0.07250092615137894,corridor,IN_PLACE_ROTATION_FORBIDDEN_OR_HARD_RADIUS,[]
q00_center_hard_l3_1_1787300427468917185,q00,center,30,kinematic,smac_hybrid_reeds_shepp,reverse,0.07250446992680373,corridor,IN_PLACE_ROTATION_FORBIDDEN_OR_HARD_RADIUS,[]
q00_center_hard_l3_1_1787300427468917185,q00,center,31,kinematic,smac_hybrid_reeds_shepp,reverse,0.07244331942511588,corridor,IN_PLACE_ROTATION_FORBIDDEN_OR_HARD_RADIUS,[]
q00_center_hard_l3_1_1787300427468917185,q00,center,32,kinematic,smac_hybrid_reeds_shepp,reverse,0.07240300734008666,corridor,IN_PLACE_ROTATION_FORBIDDEN_OR_HARD_RADIUS,[]
q00_center_hard_l3_1_1787300427468917185,q00,center,33,kinematic,smac_hybrid_reeds_shepp,reverse,0.07240384812765445,corridor,IN_PLACE_ROTATION_FORBIDDEN_OR_HARD_RADIUS,[]
q00_center_hard_l3_1_1787300427468917185,q00,center,34,kinematic,smac_hybrid_reeds_shepp,reverse,0.0724033464732775,corridor,IN_PLACE_ROTATION_FORBIDDEN_OR_HARD_RADIUS,[]
q00_center_hard_l3_1_1787300427468917185,q00,center,35,kinematic,smac_hybrid_reeds_shepp,forward,0.07148718609216044,corridor,IN_PLACE_ROTATION_FORBIDDEN_OR_HARD_RADIUS,[]
q00_center_hard_l3_1_1787300427468917185,q00,center,36,kinematic,smac_hybrid_reeds_shepp,forward,0.07148426610594417,corridor,IN_PLACE_ROTATION_FORBIDDEN_OR_HARD_RADIUS,[]
q00_center_hard_l3_1_1787300427468917185,q00,center,37,kinematic,smac_hybrid_reeds_shepp,forward,0.07148732939809983,corridor,IN_PLACE_ROTATION_FORBIDDEN_OR_HARD_RADIUS,[]
q00_center_hard_l3_1_1787300427468917185,q00,center,38,kinematic,smac_hybrid_reeds_shepp,forward,0.07148601950598675,corridor,IN_PLACE_ROTATION_FORBIDDEN_OR_HARD_RADIUS,[]
q00_center_hard_l3_1_1787300427468917185,q00,center,39,kinematic,smac_hybrid_reeds_shepp,forward,0.07149037054295511,corridor,IN_PLACE_ROTATION_FORBIDDEN_OR_HARD_RADIUS,[]
q00_center_hard_l3_1_1787300427468917185,q00,center,40,kinematic,smac_hybrid_reeds_shepp,forward,0.07158108832897042,corridor,IN_PLACE_ROTATION_FORBIDDEN_OR_HARD_RADIUS,[]
q00_center_hard_l3_1_1787300427468917185,q00,center,41,kinematic,smac_hybrid_reeds_shepp,forward,0.07158224048537438,corridor,IN_PLACE_ROTATION_FORBIDDEN_OR_HARD_RADIUS,[]
q00_center_hard_l3_1_1787300427468917185,q00,center,42,kinematic,smac_hybrid_reeds_shepp,forward,0.07158391426997801,corridor,IN_PLACE_ROTATION_FORBIDDEN_OR_HARD_RADIUS,[]
q00_center_hard_l3_1_1787300427468917185,q00,center,43,kinematic,smac_hybrid_reeds_shepp,forward,0.07158108832897042,corridor,IN_PLACE_ROTATION_FORBIDDEN_OR_HARD_RADIUS,[]
q00_center_hard_l3_1_1787300427468917185,q00,center,44,kinematic,smac_hybrid_reeds_shepp,forward,0.07158224048537438,corridor,IN_PLACE_ROTATION_FORBIDDEN_OR_HARD_RADIUS,[]
q00_center_hard_l3_1_1787300427468917185,q00,center,45,kinematic,smac_hybrid_reeds_shepp,forward,0.07158108832897042,corridor,IN_PLACE_ROTATION_FORBIDDEN_OR_HARD_RADIUS,[]
q00_center_hard_l3_1_1787300427468917185,q00,center,46,kinematic,smac_hybrid_reeds_shepp,forward,0.07157789958690523,corridor,IN_PLACE_ROTATION_FORBIDDEN_OR_HARD_RADIUS,[]
q00_center_hard_l3_1_1787300427468917185,q00,center,47,kinematic,smac_hybrid_reeds_shepp,forward,0.0714873066645859,corridor,IN_PLACE_ROTATION_FORBIDDEN_OR_HARD_RADIUS,[]
q00_center_hard_l3_1_1787300427468917185,q00,center,48,kinematic,smac_hybrid_reeds_shepp,forward,0.071486488839527,corridor,IN_PLACE_ROTATION_FORBIDDEN_OR_HARD_RADIUS,[]
q00_center_hard_l3_2_1787300427611764821,q00,center,0,grid,grid_astar,mixed,20.06604319590683,corridor,,
q00_center_hard_l3_2_1787300427611764821,q00,center,1,kinematic,smac_hybrid_reeds_shepp,forward,0.07240405959322734,corridor,IN_PLACE_ROTATION_FORBIDDEN_OR_HARD_RADIUS,[]
q00_center_hard_l3_2_1787300427611764821,q00,center,2,kinematic,smac_hybrid_reeds_shepp,forward,0.07240331695273856,corridor,IN_PLACE_ROTATION_FORBIDDEN_OR_HARD_RADIUS,[]
q00_center_hard_l3_2_1787300427611764821,q00,center,3,kinematic,smac_hybrid_reeds_shepp,forward,0.07240499265839868,corridor,IN_PLACE_ROTATION_FORBIDDEN_OR_HARD_RADIUS,[]
q00_center_hard_l3_2_1787300427611764821,q00,center,4,kinematic,smac_hybrid_reeds_shepp,forward,0.07240244220032617,corridor,IN_PLACE_ROTATION_FORBIDDEN_OR_HARD_RADIUS,[]
q00_center_hard_l3_2_1787300427611764821,q00,center,5,kinematic,smac_hybrid_reeds_shepp,forward,0.07240560003182997,corridor,IN_PLACE_ROTATION_FORBIDDEN_OR_HARD_RADIUS,[]
q00_center_hard_l3_2_1787300427611764821,q00,center,6,kinematic,smac_hybrid_reeds_shepp,reverse,0.026995702529161128,corridor,IN_PLACE_ROTATION_FORBIDDEN_OR_HARD_RADIUS,[]
q00_center_hard_l3_2_1787300427611764821,q00,center,7,kinematic,smac_hybrid_reeds_shepp,reverse,0.0724049808890411,corridor,IN_PLACE_ROTATION_FORBIDDEN_OR_HARD_RADIUS,[]
q00_center_hard_l3_2_1787300427611764821,q00,center,8,kinematic,smac_hybrid_reeds_shepp,reverse,0.07240180701578768,corridor,IN_PLACE_ROTATION_FORBIDDEN_OR_HARD_RADIUS,[]
q00_center_hard_l3_2_1787300427611764821,q00,center,9,kinematic,smac_hybrid_reeds_shepp,reverse,0.07240508700613062,corridor,IN_PLACE_ROTATION_FORBIDDEN_OR_HARD_RADIUS,[]
q00_center_hard_l3_2_1787300427611764821,q00,center,10,kinematic,smac_hybrid_reeds_shepp,reverse,0.07240360971362947,corridor,IN_PLACE_ROTATION_FORBIDDEN_OR_HARD_RADIUS,[]
q00_center_hard_l3_2_1787300427611764821,q00,center,11,kinematic,smac_hybrid_reeds_shepp,reverse,0.07240200896854365,corridor,IN_PLACE_ROTATION_FORBIDDEN_OR_HARD_RADIUS,[]
q00_center_hard_l3_2_1787300427611764821,q00,center,12,kinematic,smac_hybrid_reeds_shepp,reverse,0.07240468035173692,corridor,IN_PLACE_ROTATION_FORBIDDEN_OR_HARD_RADIUS,[]
q00_center_hard_l3_2_1787300427611764821,q00,center,13,kinematic,smac_hybrid_reeds_shepp,reverse,0.07240317996184484,corridor,IN_PLACE_ROTATION_FORBIDDEN_OR_HARD_RADIUS,[]
q00_center_hard_l3_2_1787300427611764821,q00,center,14,kinematic,smac_hybrid_reeds_shepp,reverse,0.07240483695543112,corridor,IN_PLACE_ROTATION_FORBIDDEN_OR_HARD_RADIUS,[]
q00_center_hard_l3_2_1787300427611764821,q00,center,15,kinematic,smac_hybrid_reeds_shepp,reverse,0.07250446992680373,corridor,IN_PLACE_ROTATION_FORBIDDEN_OR_HARD_RADIUS,[]
q00_center_hard_l3_2_1787300427611764821,q00,center,16,kinematic,smac_hybrid_reeds_shepp,reverse,0.0725014663738037,corridor,IN_PLACE_ROTATION_FORBIDDEN_OR_HARD_RADIUS,[]
q00_center_hard_l3_2_1787300427611764821,q00,center,17,kinematic,smac_hybrid_reeds_shepp,reverse,0.07250392972675827,corridor,IN_PLACE_ROTATION_FORBIDDEN_OR_HARD_RADIUS,[]
q00_center_hard_l3_2_1787300427611764821,q00,center,18,kinematic,smac_hybrid_reeds_shepp,reverse,0.07250446992680373,corridor,IN_PLACE_ROTATION_FORBIDDEN_OR_HARD_RADIUS,[]
q00_center_hard_l3_2_1787300427611764821,q00,center,19,kinematic,smac_hybrid_reeds_shepp,reverse,0.07250092615137894,corridor,IN_PLACE_ROTATION_FORBIDDEN_OR_HARD_RADIUS,[]
q00_center_hard_l3_2_1787300427611764821,q00,center,20,kinematic,smac_hybrid_reeds_shepp,reverse,0.07250446992680373,corridor,IN_PLACE_ROTATION_FORBIDDEN_OR_HARD_RADIUS,[]
q00_center_hard_l3_2_1787300427611764821,q00,center,21,kinematic,smac_hybrid_reeds_shepp,reverse,0.0725014663738037,corridor,IN_PLACE_ROTATION_FORBIDDEN_OR_HARD_RADIUS,[]
q00_center_hard_l3_2_1787300427611764821,q00,center,22,kinematic,smac_hybrid_reeds_shepp,reverse,0.07250392972675827,corridor,IN_PLACE_ROTATION_FORBIDDEN_OR_HARD_RADIUS,[]
q00_center_hard_l3_2_1787300427611764821,q00,center,23,kinematic,smac_hybrid_reeds_shepp,reverse,0.07250446992680373,corridor,IN_PLACE_ROTATION_FORBIDDEN_OR_HARD_RADIUS,[]
q00_center_hard_l3_2_1787300427611764821,q00,center,24,kinematic,smac_hybrid_reeds_shepp,reverse,0.07250092615137894,corridor,IN_PLACE_ROTATION_FORBIDDEN_OR_HARD_RADIUS,[]
q00_center_hard_l3_2_1787300427611764821,q00,center,25,kinematic,smac_hybrid_reeds_shepp,reverse,0.07250446992680373,corridor,IN_PLACE_ROTATION_FORBIDDEN_OR_HARD_RADIUS,[]
q00_center_hard_l3_2_1787300427611764821,q00,center,26,kinematic,smac_hybrid_reeds_shepp,reverse,0.07250092615137894,corridor,IN_PLACE_ROTATION_FORBIDDEN_OR_HARD_RADIUS,[]
q00_center_hard_l3_2_1787300427611764821,q00,center,27,kinematic,smac_hybrid_reeds_shepp,reverse,0.07250446992680373,corridor,IN_PLACE_ROTATION_FORBIDDEN_OR_HARD_RADIUS,[]
q00_center_hard_l3_2_1787300427611764821,q00,center,28,kinematic,smac_hybrid_reeds_shepp,reverse,0.07250446992680373,corridor,IN_PLACE_ROTATION_FORBIDDEN_OR_HARD_RADIUS,[]
q00_center_hard_l3_2_1787300427611764821,q00,center,29,kinematic,smac_hybrid_reeds_shepp,reverse,0.07250092615137894,corridor,IN_PLACE_ROTATION_FORBIDDEN_OR_HARD_RADIUS,[]
q00_center_hard_l3_2_1787300427611764821,q00,center,30,kinematic,smac_hybrid_reeds_shepp,reverse,0.07250446992680373,corridor,IN_PLACE_ROTATION_FORBIDDEN_OR_HARD_RADIUS,[]
q00_center_hard_l3_2_1787300427611764821,q00,center,31,kinematic,smac_hybrid_reeds_shepp,reverse,0.07244331942511588,corridor,IN_PLACE_ROTATION_FORBIDDEN_OR_HARD_RADIUS,[]
q00_center_hard_l3_2_1787300427611764821,q00,center,32,kinematic,smac_hybrid_reeds_shepp,reverse,0.07240300734008666,corridor,IN_PLACE_ROTATION_FORBIDDEN_OR_HARD_RADIUS,[]
q00_center_hard_l3_2_1787300427611764821,q00,center,33,kinematic,smac_hybrid_reeds_shepp,reverse,0.07240384812765445,corridor,IN_PLACE_ROTATION_FORBIDDEN_OR_HARD_RADIUS,[]
q00_center_hard_l3_2_1787300427611764821,q00,center,34,kinematic,smac_hybrid_reeds_shepp,reverse,0.0724033464732775,corridor,IN_PLACE_ROTATION_FORBIDDEN_OR_HARD_RADIUS,[]
q00_center_hard_l3_2_1787300427611764821,q00,center,35,kinematic,smac_hybrid_reeds_shepp,forward,0.07148718609216044,corridor,IN_PLACE_ROTATION_FORBIDDEN_OR_HARD_RADIUS,[]
q00_center_hard_l3_2_1787300427611764821,q00,center,36,kinematic,smac_hybrid_reeds_shepp,forward,0.07148426610594417,corridor,IN_PLACE_ROTATION_FORBIDDEN_OR_HARD_RADIUS,[]
q00_center_hard_l3_2_1787300427611764821,q00,center,37,kinematic,smac_hybrid_reeds_shepp,forward,0.07148732939809983,corridor,IN_PLACE_ROTATION_FORBIDDEN_OR_HARD_RADIUS,[]
q00_center_hard_l3_2_1787300427611764821,q00,center,38,kinematic,smac_hybrid_reeds_shepp,forward,0.07148601950598675,corridor,IN_PLACE_ROTATION_FORBIDDEN_OR_HARD_RADIUS,[]
q00_center_hard_l3_2_1787300427611764821,q00,center,39,kinematic,smac_hybrid_reeds_shepp,forward,0.07149037054295511,corridor,IN_PLACE_ROTATION_FORBIDDEN_OR_HARD_RADIUS,[]
q00_center_hard_l3_2_1787300427611764821,q00,center,40,kinematic,smac_hybrid_reeds_shepp,forward,0.07158108832897042,corridor,IN_PLACE_ROTATION_FORBIDDEN_OR_HARD_RADIUS,[]
q00_center_hard_l3_2_1787300427611764821,q00,center,41,kinematic,smac_hybrid_reeds_shepp,forward,0.07158224048537438,corridor,IN_PLACE_ROTATION_FORBIDDEN_OR_HARD_RADIUS,[]
q00_center_hard_l3_2_1787300427611764821,q00,center,42,kinematic,smac_hybrid_reeds_shepp,forward,0.07158391426997801,corridor,IN_PLACE_ROTATION_FORBIDDEN_OR_HARD_RADIUS,[]
q00_center_hard_l3_2_1787300427611764821,q00,center,43,kinematic,smac_hybrid_reeds_shepp,forward,0.07158108832897042,corridor,IN_PLACE_ROTATION_FORBIDDEN_OR_HARD_RADIUS,[]
q00_center_hard_l3_2_1787300427611764821,q00,center,44,kinematic,smac_hybrid_reeds_shepp,forward,0.07158224048537438,corridor,IN_PLACE_ROTATION_FORBIDDEN_OR_HARD_RADIUS,[]
q00_center_hard_l3_2_1787300427611764821,q00,center,45,kinematic,smac_hybrid_reeds_shepp,forward,0.07158108832897042,corridor,IN_PLACE_ROTATION_FORBIDDEN_OR_HARD_RADIUS,[]
q00_center_hard_l3_2_1787300427611764821,q00,center,46,kinematic,smac_hybrid_reeds_shepp,forward,0.07157789958690523,corridor,IN_PLACE_ROTATION_FORBIDDEN_OR_HARD_RADIUS,[]
q00_center_hard_l3_2_1787300427611764821,q00,center,47,kinematic,smac_hybrid_reeds_shepp,forward,0.0714873066645859,corridor,IN_PLACE_ROTATION_FORBIDDEN_OR_HARD_RADIUS,[]
q00_center_hard_l3_2_1787300427611764821,q00,center,48,kinematic,smac_hybrid_reeds_shepp,forward,0.071486488839527,corridor,IN_PLACE_ROTATION_FORBIDDEN_OR_HARD_RADIUS,[]
q00_center_hard_l3_3_1787300427753349466,q00,center,0,grid,grid_astar,mixed,20.06604319590683,corridor,,
q00_center_hard_l3_3_1787300427753349466,q00,center,1,kinematic,smac_hybrid_reeds_shepp,forward,0.07240405959322734,corridor,IN_PLACE_ROTATION_FORBIDDEN_OR_HARD_RADIUS,[]
q00_center_hard_l3_3_1787300427753349466,q00,center,2,kinematic,smac_hybrid_reeds_shepp,forward,0.07240331695273856,corridor,IN_PLACE_ROTATION_FORBIDDEN_OR_HARD_RADIUS,[]
q00_center_hard_l3_3_1787300427753349466,q00,center,3,kinematic,smac_hybrid_reeds_shepp,forward,0.07240499265839868,corridor,IN_PLACE_ROTATION_FORBIDDEN_OR_HARD_RADIUS,[]
q00_center_hard_l3_3_1787300427753349466,q00,center,4,kinematic,smac_hybrid_reeds_shepp,forward,0.07240244220032617,corridor,IN_PLACE_ROTATION_FORBIDDEN_OR_HARD_RADIUS,[]
q00_center_hard_l3_3_1787300427753349466,q00,center,5,kinematic,smac_hybrid_reeds_shepp,forward,0.07240560003182997,corridor,IN_PLACE_ROTATION_FORBIDDEN_OR_HARD_RADIUS,[]
q00_center_hard_l3_3_1787300427753349466,q00,center,6,kinematic,smac_hybrid_reeds_shepp,reverse,0.026995702529161128,corridor,IN_PLACE_ROTATION_FORBIDDEN_OR_HARD_RADIUS,[]
q00_center_hard_l3_3_1787300427753349466,q00,center,7,kinematic,smac_hybrid_reeds_shepp,reverse,0.0724049808890411,corridor,IN_PLACE_ROTATION_FORBIDDEN_OR_HARD_RADIUS,[]
q00_center_hard_l3_3_1787300427753349466,q00,center,8,kinematic,smac_hybrid_reeds_shepp,reverse,0.07240180701578768,corridor,IN_PLACE_ROTATION_FORBIDDEN_OR_HARD_RADIUS,[]
q00_center_hard_l3_3_1787300427753349466,q00,center,9,kinematic,smac_hybrid_reeds_shepp,reverse,0.07240508700613062,corridor,IN_PLACE_ROTATION_FORBIDDEN_OR_HARD_RADIUS,[]
q00_center_hard_l3_3_1787300427753349466,q00,center,10,kinematic,smac_hybrid_reeds_shepp,reverse,0.07240360971362947,corridor,IN_PLACE_ROTATION_FORBIDDEN_OR_HARD_RADIUS,[]
q00_center_hard_l3_3_1787300427753349466,q00,center,11,kinematic,smac_hybrid_reeds_shepp,reverse,0.07240200896854365,corridor,IN_PLACE_ROTATION_FORBIDDEN_OR_HARD_RADIUS,[]
q00_center_hard_l3_3_1787300427753349466,q00,center,12,kinematic,smac_hybrid_reeds_shepp,reverse,0.07240468035173692,corridor,IN_PLACE_ROTATION_FORBIDDEN_OR_HARD_RADIUS,[]
q00_center_hard_l3_3_1787300427753349466,q00,center,13,kinematic,smac_hybrid_reeds_shepp,reverse,0.07240317996184484,corridor,IN_PLACE_ROTATION_FORBIDDEN_OR_HARD_RADIUS,[]
q00_center_hard_l3_3_1787300427753349466,q00,center,14,kinematic,smac_hybrid_reeds_shepp,reverse,0.07240483695543112,corridor,IN_PLACE_ROTATION_FORBIDDEN_OR_HARD_RADIUS,[]
q00_center_hard_l3_3_1787300427753349466,q00,center,15,kinematic,smac_hybrid_reeds_shepp,reverse,0.07250446992680373,corridor,IN_PLACE_ROTATION_FORBIDDEN_OR_HARD_RADIUS,[]
q00_center_hard_l3_3_1787300427753349466,q00,center,16,kinematic,smac_hybrid_reeds_shepp,reverse,0.0725014663738037,corridor,IN_PLACE_ROTATION_FORBIDDEN_OR_HARD_RADIUS,[]
q00_center_hard_l3_3_1787300427753349466,q00,center,17,kinematic,smac_hybrid_reeds_shepp,reverse,0.07250392972675827,corridor,IN_PLACE_ROTATION_FORBIDDEN_OR_HARD_RADIUS,[]
q00_center_hard_l3_3_1787300427753349466,q00,center,18,kinematic,smac_hybrid_reeds_shepp,reverse,0.07250446992680373,corridor,IN_PLACE_ROTATION_FORBIDDEN_OR_HARD_RADIUS,[]
q00_center_hard_l3_3_1787300427753349466,q00,center,19,kinematic,smac_hybrid_reeds_shepp,reverse,0.07250092615137894,corridor,IN_PLACE_ROTATION_FORBIDDEN_OR_HARD_RADIUS,[]
q00_center_hard_l3_3_1787300427753349466,q00,center,20,kinematic,smac_hybrid_reeds_shepp,reverse,0.07250446992680373,corridor,IN_PLACE_ROTATION_FORBIDDEN_OR_HARD_RADIUS,[]
q00_center_hard_l3_3_1787300427753349466,q00,center,21,kinematic,smac_hybrid_reeds_shepp,reverse,0.0725014663738037,corridor,IN_PLACE_ROTATION_FORBIDDEN_OR_HARD_RADIUS,[]
q00_center_hard_l3_3_1787300427753349466,q00,center,22,kinematic,smac_hybrid_reeds_shepp,reverse,0.07250392972675827,corridor,IN_PLACE_ROTATION_FORBIDDEN_OR_HARD_RADIUS,[]
q00_center_hard_l3_3_1787300427753349466,q00,center,23,kinematic,smac_hybrid_reeds_shepp,reverse,0.07250446992680373,corridor,IN_PLACE_ROTATION_FORBIDDEN_OR_HARD_RADIUS,[]
q00_center_hard_l3_3_1787300427753349466,q00,center,24,kinematic,smac_hybrid_reeds_shepp,reverse,0.07250092615137894,corridor,IN_PLACE_ROTATION_FORBIDDEN_OR_HARD_RADIUS,[]
q00_center_hard_l3_3_1787300427753349466,q00,center,25,kinematic,smac_hybrid_reeds_shepp,reverse,0.07250446992680373,corridor,IN_PLACE_ROTATION_FORBIDDEN_OR_HARD_RADIUS,[]
q00_center_hard_l3_3_1787300427753349466,q00,center,26,kinematic,smac_hybrid_reeds_shepp,reverse,0.07250092615137894,corridor,IN_PLACE_ROTATION_FORBIDDEN_OR_HARD_RADIUS,[]
q00_center_hard_l3_3_1787300427753349466,q00,center,27,kinematic,smac_hybrid_reeds_shepp,reverse,0.07250446992680373,corridor,IN_PLACE_ROTATION_FORBIDDEN_OR_HARD_RADIUS,[]
q00_center_hard_l3_3_1787300427753349466,q00,center,28,kinematic,smac_hybrid_reeds_shepp,reverse,0.07250446992680373,corridor,IN_PLACE_ROTATION_FORBIDDEN_OR_HARD_RADIUS,[]
q00_center_hard_l3_3_1787300427753349466,q00,center,29,kinematic,smac_hybrid_reeds_shepp,reverse,0.07250092615137894,corridor,IN_PLACE_ROTATION_FORBIDDEN_OR_HARD_RADIUS,[]
q00_center_hard_l3_3_1787300427753349466,q00,center,30,kinematic,smac_hybrid_reeds_shepp,reverse,0.07250446992680373,corridor,IN_PLACE_ROTATION_FORBIDDEN_OR_HARD_RADIUS,[]
q00_center_hard_l3_3_1787300427753349466,q00,center,31,kinematic,smac_hybrid_reeds_shepp,reverse,0.07244331942511588,corridor,IN_PLACE_ROTATION_FORBIDDEN_OR_HARD_RADIUS,[]
q00_center_hard_l3_3_1787300427753349466,q00,center,32,kinematic,smac_hybrid_reeds_shepp,reverse,0.07240300734008666,corridor,IN_PLACE_ROTATION_FORBIDDEN_OR_HARD_RADIUS,[]
q00_center_hard_l3_3_1787300427753349466,q00,center,33,kinematic,smac_hybrid_reeds_shepp,reverse,0.07240384812765445,corridor,IN_PLACE_ROTATION_FORBIDDEN_OR_HARD_RADIUS,[]
q00_center_hard_l3_3_1787300427753349466,q00,center,34,kinematic,smac_hybrid_reeds_shepp,reverse,0.0724033464732775,corridor,IN_PLACE_ROTATION_FORBIDDEN_OR_HARD_RADIUS,[]
q00_center_hard_l3_3_1787300427753349466,q00,center,35,kinematic,smac_hybrid_reeds_shepp,forward,0.07148718609216044,corridor,IN_PLACE_ROTATION_FORBIDDEN_OR_HARD_RADIUS,[]
q00_center_hard_l3_3_1787300427753349466,q00,center,36,kinematic,smac_hybrid_reeds_shepp,forward,0.07148426610594417,corridor,IN_PLACE_ROTATION_FORBIDDEN_OR_HARD_RADIUS,[]
q00_center_hard_l3_3_1787300427753349466,q00,center,37,kinematic,smac_hybrid_reeds_shepp,forward,0.07148732939809983,corridor,IN_PLACE_ROTATION_FORBIDDEN_OR_HARD_RADIUS,[]
q00_center_hard_l3_3_1787300427753349466,q00,center,38,kinematic,smac_hybrid_reeds_shepp,forward,0.07148601950598675,corridor,IN_PLACE_ROTATION_FORBIDDEN_OR_HARD_RADIUS,[]
q00_center_hard_l3_3_1787300427753349466,q00,center,39,kinematic,smac_hybrid_reeds_shepp,forward,0.07149037054295511,corridor,IN_PLACE_ROTATION_FORBIDDEN_OR_HARD_RADIUS,[]
q00_center_hard_l3_3_1787300427753349466,q00,center,40,kinematic,smac_hybrid_reeds_shepp,forward,0.07158108832897042,corridor,IN_PLACE_ROTATION_FORBIDDEN_OR_HARD_RADIUS,[]
q00_center_hard_l3_3_1787300427753349466,q00,center,41,kinematic,smac_hybrid_reeds_shepp,forward,0.07158224048537438,corridor,IN_PLACE_ROTATION_FORBIDDEN_OR_HARD_RADIUS,[]
q00_center_hard_l3_3_1787300427753349466,q00,center,42,kinematic,smac_hybrid_reeds_shepp,forward,0.07158391426997801,corridor,IN_PLACE_ROTATION_FORBIDDEN_OR_HARD_RADIUS,[]
q00_center_hard_l3_3_1787300427753349466,q00,center,43,kinematic,smac_hybrid_reeds_shepp,forward,0.07158108832897042,corridor,IN_PLACE_ROTATION_FORBIDDEN_OR_HARD_RADIUS,[]
q00_center_hard_l3_3_1787300427753349466,q00,center,44,kinematic,smac_hybrid_reeds_shepp,forward,0.07158224048537438,corridor,IN_PLACE_ROTATION_FORBIDDEN_OR_HARD_RADIUS,[]
q00_center_hard_l3_3_1787300427753349466,q00,center,45,kinematic,smac_hybrid_reeds_shepp,forward,0.07158108832897042,corridor,IN_PLACE_ROTATION_FORBIDDEN_OR_HARD_RADIUS,[]
q00_center_hard_l3_3_1787300427753349466,q00,center,46,kinematic,smac_hybrid_reeds_shepp,forward,0.07157789958690523,corridor,IN_PLACE_ROTATION_FORBIDDEN_OR_HARD_RADIUS,[]
q00_center_hard_l3_3_1787300427753349466,q00,center,47,kinematic,smac_hybrid_reeds_shepp,forward,0.0714873066645859,corridor,IN_PLACE_ROTATION_FORBIDDEN_OR_HARD_RADIUS,[]
q00_center_hard_l3_3_1787300427753349466,q00,center,48,kinematic,smac_hybrid_reeds_shepp,forward,0.071486488839527,corridor,IN_PLACE_ROTATION_FORBIDDEN_OR_HARD_RADIUS,[]
q00_center_hard_l3_4_1787300427893586138,q00,center,0,grid,grid_astar,mixed,20.06604319590683,corridor,,
q00_center_hard_l3_4_1787300427893586138,q00,center,1,kinematic,smac_hybrid_reeds_shepp,forward,0.07240405959322734,corridor,IN_PLACE_ROTATION_FORBIDDEN_OR_HARD_RADIUS,[]
q00_center_hard_l3_4_1787300427893586138,q00,center,2,kinematic,smac_hybrid_reeds_shepp,forward,0.07240331695273856,corridor,IN_PLACE_ROTATION_FORBIDDEN_OR_HARD_RADIUS,[]
q00_center_hard_l3_4_1787300427893586138,q00,center,3,kinematic,smac_hybrid_reeds_shepp,forward,0.07240499265839868,corridor,IN_PLACE_ROTATION_FORBIDDEN_OR_HARD_RADIUS,[]
q00_center_hard_l3_4_1787300427893586138,q00,center,4,kinematic,smac_hybrid_reeds_shepp,forward,0.07240244220032617,corridor,IN_PLACE_ROTATION_FORBIDDEN_OR_HARD_RADIUS,[]
q00_center_hard_l3_4_1787300427893586138,q00,center,5,kinematic,smac_hybrid_reeds_shepp,forward,0.07240560003182997,corridor,IN_PLACE_ROTATION_FORBIDDEN_OR_HARD_RADIUS,[]
q00_center_hard_l3_4_1787300427893586138,q00,center,6,kinematic,smac_hybrid_reeds_shepp,reverse,0.026995702529161128,corridor,IN_PLACE_ROTATION_FORBIDDEN_OR_HARD_RADIUS,[]
q00_center_hard_l3_4_1787300427893586138,q00,center,7,kinematic,smac_hybrid_reeds_shepp,reverse,0.0724049808890411,corridor,IN_PLACE_ROTATION_FORBIDDEN_OR_HARD_RADIUS,[]
q00_center_hard_l3_4_1787300427893586138,q00,center,8,kinematic,smac_hybrid_reeds_shepp,reverse,0.07240180701578768,corridor,IN_PLACE_ROTATION_FORBIDDEN_OR_HARD_RADIUS,[]
q00_center_hard_l3_4_1787300427893586138,q00,center,9,kinematic,smac_hybrid_reeds_shepp,reverse,0.07240508700613062,corridor,IN_PLACE_ROTATION_FORBIDDEN_OR_HARD_RADIUS,[]
q00_center_hard_l3_4_1787300427893586138,q00,center,10,kinematic,smac_hybrid_reeds_shepp,reverse,0.07240360971362947,corridor,IN_PLACE_ROTATION_FORBIDDEN_OR_HARD_RADIUS,[]
q00_center_hard_l3_4_1787300427893586138,q00,center,11,kinematic,smac_hybrid_reeds_shepp,reverse,0.07240200896854365,corridor,IN_PLACE_ROTATION_FORBIDDEN_OR_HARD_RADIUS,[]
q00_center_hard_l3_4_1787300427893586138,q00,center,12,kinematic,smac_hybrid_reeds_shepp,reverse,0.07240468035173692,corridor,IN_PLACE_ROTATION_FORBIDDEN_OR_HARD_RADIUS,[]
q00_center_hard_l3_4_1787300427893586138,q00,center,13,kinematic,smac_hybrid_reeds_shepp,reverse,0.07240317996184484,corridor,IN_PLACE_ROTATION_FORBIDDEN_OR_HARD_RADIUS,[]
q00_center_hard_l3_4_1787300427893586138,q00,center,14,kinematic,smac_hybrid_reeds_shepp,reverse,0.07240483695543112,corridor,IN_PLACE_ROTATION_FORBIDDEN_OR_HARD_RADIUS,[]
q00_center_hard_l3_4_1787300427893586138,q00,center,15,kinematic,smac_hybrid_reeds_shepp,reverse,0.07250446992680373,corridor,IN_PLACE_ROTATION_FORBIDDEN_OR_HARD_RADIUS,[]
q00_center_hard_l3_4_1787300427893586138,q00,center,16,kinematic,smac_hybrid_reeds_shepp,reverse,0.0725014663738037,corridor,IN_PLACE_ROTATION_FORBIDDEN_OR_HARD_RADIUS,[]
q00_center_hard_l3_4_1787300427893586138,q00,center,17,kinematic,smac_hybrid_reeds_shepp,reverse,0.07250392972675827,corridor,IN_PLACE_ROTATION_FORBIDDEN_OR_HARD_RADIUS,[]
q00_center_hard_l3_4_1787300427893586138,q00,center,18,kinematic,smac_hybrid_reeds_shepp,reverse,0.07250446992680373,corridor,IN_PLACE_ROTATION_FORBIDDEN_OR_HARD_RADIUS,[]
q00_center_hard_l3_4_1787300427893586138,q00,center,19,kinematic,smac_hybrid_reeds_shepp,reverse,0.07250092615137894,corridor,IN_PLACE_ROTATION_FORBIDDEN_OR_HARD_RADIUS,[]
q00_center_hard_l3_4_1787300427893586138,q00,center,20,kinematic,smac_hybrid_reeds_shepp,reverse,0.07250446992680373,corridor,IN_PLACE_ROTATION_FORBIDDEN_OR_HARD_RADIUS,[]
q00_center_hard_l3_4_1787300427893586138,q00,center,21,kinematic,smac_hybrid_reeds_shepp,reverse,0.0725014663738037,corridor,IN_PLACE_ROTATION_FORBIDDEN_OR_HARD_RADIUS,[]
q00_center_hard_l3_4_1787300427893586138,q00,center,22,kinematic,smac_hybrid_reeds_shepp,reverse,0.07250392972675827,corridor,IN_PLACE_ROTATION_FORBIDDEN_OR_HARD_RADIUS,[]
q00_center_hard_l3_4_1787300427893586138,q00,center,23,kinematic,smac_hybrid_reeds_shepp,reverse,0.07250446992680373,corridor,IN_PLACE_ROTATION_FORBIDDEN_OR_HARD_RADIUS,[]
q00_center_hard_l3_4_1787300427893586138,q00,center,24,kinematic,smac_hybrid_reeds_shepp,reverse,0.07250092615137894,corridor,IN_PLACE_ROTATION_FORBIDDEN_OR_HARD_RADIUS,[]
q00_center_hard_l3_4_1787300427893586138,q00,center,25,kinematic,smac_hybrid_reeds_shepp,reverse,0.07250446992680373,corridor,IN_PLACE_ROTATION_FORBIDDEN_OR_HARD_RADIUS,[]
q00_center_hard_l3_4_1787300427893586138,q00,center,26,kinematic,smac_hybrid_reeds_shepp,reverse,0.07250092615137894,corridor,IN_PLACE_ROTATION_FORBIDDEN_OR_HARD_RADIUS,[]
q00_center_hard_l3_4_1787300427893586138,q00,center,27,kinematic,smac_hybrid_reeds_shepp,reverse,0.07250446992680373,corridor,IN_PLACE_ROTATION_FORBIDDEN_OR_HARD_RADIUS,[]
q00_center_hard_l3_4_1787300427893586138,q00,center,28,kinematic,smac_hybrid_reeds_shepp,reverse,0.07250446992680373,corridor,IN_PLACE_ROTATION_FORBIDDEN_OR_HARD_RADIUS,[]
q00_center_hard_l3_4_1787300427893586138,q00,center,29,kinematic,smac_hybrid_reeds_shepp,reverse,0.07250092615137894,corridor,IN_PLACE_ROTATION_FORBIDDEN_OR_HARD_RADIUS,[]
q00_center_hard_l3_4_1787300427893586138,q00,center,30,kinematic,smac_hybrid_reeds_shepp,reverse,0.07250446992680373,corridor,IN_PLACE_ROTATION_FORBIDDEN_OR_HARD_RADIUS,[]
q00_center_hard_l3_4_1787300427893586138,q00,center,31,kinematic,smac_hybrid_reeds_shepp,reverse,0.07244331942511588,corridor,IN_PLACE_ROTATION_FORBIDDEN_OR_HARD_RADIUS,[]
q00_center_hard_l3_4_1787300427893586138,q00,center,32,kinematic,smac_hybrid_reeds_shepp,reverse,0.07240300734008666,corridor,IN_PLACE_ROTATION_FORBIDDEN_OR_HARD_RADIUS,[]
q00_center_hard_l3_4_1787300427893586138,q00,center,33,kinematic,smac_hybrid_reeds_shepp,reverse,0.07240384812765445,corridor,IN_PLACE_ROTATION_FORBIDDEN_OR_HARD_RADIUS,[]
q00_center_hard_l3_4_1787300427893586138,q00,center,34,kinematic,smac_hybrid_reeds_shepp,reverse,0.0724033464732775,corridor,IN_PLACE_ROTATION_FORBIDDEN_OR_HARD_RADIUS,[]
q00_center_hard_l3_4_1787300427893586138,q00,center,35,kinematic,smac_hybrid_reeds_shepp,forward,0.07148718609216044,corridor,IN_PLACE_ROTATION_FORBIDDEN_OR_HARD_RADIUS,[]
q00_center_hard_l3_4_1787300427893586138,q00,center,36,kinematic,smac_hybrid_reeds_shepp,forward,0.07148426610594417,corridor,IN_PLACE_ROTATION_FORBIDDEN_OR_HARD_RADIUS,[]
q00_center_hard_l3_4_1787300427893586138,q00,center,37,kinematic,smac_hybrid_reeds_shepp,forward,0.07148732939809983,corridor,IN_PLACE_ROTATION_FORBIDDEN_OR_HARD_RADIUS,[]
q00_center_hard_l3_4_1787300427893586138,q00,center,38,kinematic,smac_hybrid_reeds_shepp,forward,0.07148601950598675,corridor,IN_PLACE_ROTATION_FORBIDDEN_OR_HARD_RADIUS,[]
q00_center_hard_l3_4_1787300427893586138,q00,center,39,kinematic,smac_hybrid_reeds_shepp,forward,0.07149037054295511,corridor,IN_PLACE_ROTATION_FORBIDDEN_OR_HARD_RADIUS,[]
q00_center_hard_l3_4_1787300427893586138,q00,center,40,kinematic,smac_hybrid_reeds_shepp,forward,0.07158108832897042,corridor,IN_PLACE_ROTATION_FORBIDDEN_OR_HARD_RADIUS,[]
q00_center_hard_l3_4_1787300427893586138,q00,center,41,kinematic,smac_hybrid_reeds_shepp,forward,0.07158224048537438,corridor,IN_PLACE_ROTATION_FORBIDDEN_OR_HARD_RADIUS,[]
q00_center_hard_l3_4_1787300427893586138,q00,center,42,kinematic,smac_hybrid_reeds_shepp,forward,0.07158391426997801,corridor,IN_PLACE_ROTATION_FORBIDDEN_OR_HARD_RADIUS,[]
q00_center_hard_l3_4_1787300427893586138,q00,center,43,kinematic,smac_hybrid_reeds_shepp,forward,0.07158108832897042,corridor,IN_PLACE_ROTATION_FORBIDDEN_OR_HARD_RADIUS,[]
q00_center_hard_l3_4_1787300427893586138,q00,center,44,kinematic,smac_hybrid_reeds_shepp,forward,0.07158224048537438,corridor,IN_PLACE_ROTATION_FORBIDDEN_OR_HARD_RADIUS,[]
q00_center_hard_l3_4_1787300427893586138,q00,center,45,kinematic,smac_hybrid_reeds_shepp,forward,0.07158108832897042,corridor,IN_PLACE_ROTATION_FORBIDDEN_OR_HARD_RADIUS,[]
q00_center_hard_l3_4_1787300427893586138,q00,center,46,kinematic,smac_hybrid_reeds_shepp,forward,0.07157789958690523,corridor,IN_PLACE_ROTATION_FORBIDDEN_OR_HARD_RADIUS,[]
q00_center_hard_l3_4_1787300427893586138,q00,center,47,kinematic,smac_hybrid_reeds_shepp,forward,0.0714873066645859,corridor,IN_PLACE_ROTATION_FORBIDDEN_OR_HARD_RADIUS,[]
q00_center_hard_l3_4_1787300427893586138,q00,center,48,kinematic,smac_hybrid_reeds_shepp,forward,0.071486488839527,corridor,IN_PLACE_ROTATION_FORBIDDEN_OR_HARD_RADIUS,[]
q00_center_hard_l3_5_1787300428041392428,q00,center,0,grid,grid_astar,mixed,20.06604319590683,corridor,,
q00_center_hard_l3_5_1787300428041392428,q00,center,1,kinematic,smac_hybrid_reeds_shepp,forward,0.07240405959322734,corridor,IN_PLACE_ROTATION_FORBIDDEN_OR_HARD_RADIUS,[]
q00_center_hard_l3_5_1787300428041392428,q00,center,2,kinematic,smac_hybrid_reeds_shepp,forward,0.07240331695273856,corridor,IN_PLACE_ROTATION_FORBIDDEN_OR_HARD_RADIUS,[]
q00_center_hard_l3_5_1787300428041392428,q00,center,3,kinematic,smac_hybrid_reeds_shepp,forward,0.07240499265839868,corridor,IN_PLACE_ROTATION_FORBIDDEN_OR_HARD_RADIUS,[]
q00_center_hard_l3_5_1787300428041392428,q00,center,4,kinematic,smac_hybrid_reeds_shepp,forward,0.07240244220032617,corridor,IN_PLACE_ROTATION_FORBIDDEN_OR_HARD_RADIUS,[]
q00_center_hard_l3_5_1787300428041392428,q00,center,5,kinematic,smac_hybrid_reeds_shepp,forward,0.07240560003182997,corridor,IN_PLACE_ROTATION_FORBIDDEN_OR_HARD_RADIUS,[]
q00_center_hard_l3_5_1787300428041392428,q00,center,6,kinematic,smac_hybrid_reeds_shepp,reverse,0.026995702529161128,corridor,IN_PLACE_ROTATION_FORBIDDEN_OR_HARD_RADIUS,[]
q00_center_hard_l3_5_1787300428041392428,q00,center,7,kinematic,smac_hybrid_reeds_shepp,reverse,0.0724049808890411,corridor,IN_PLACE_ROTATION_FORBIDDEN_OR_HARD_RADIUS,[]
q00_center_hard_l3_5_1787300428041392428,q00,center,8,kinematic,smac_hybrid_reeds_shepp,reverse,0.07240180701578768,corridor,IN_PLACE_ROTATION_FORBIDDEN_OR_HARD_RADIUS,[]
q00_center_hard_l3_5_1787300428041392428,q00,center,9,kinematic,smac_hybrid_reeds_shepp,reverse,0.07240508700613062,corridor,IN_PLACE_ROTATION_FORBIDDEN_OR_HARD_RADIUS,[]
q00_center_hard_l3_5_1787300428041392428,q00,center,10,kinematic,smac_hybrid_reeds_shepp,reverse,0.07240360971362947,corridor,IN_PLACE_ROTATION_FORBIDDEN_OR_HARD_RADIUS,[]
q00_center_hard_l3_5_1787300428041392428,q00,center,11,kinematic,smac_hybrid_reeds_shepp,reverse,0.07240200896854365,corridor,IN_PLACE_ROTATION_FORBIDDEN_OR_HARD_RADIUS,[]
q00_center_hard_l3_5_1787300428041392428,q00,center,12,kinematic,smac_hybrid_reeds_shepp,reverse,0.07240468035173692,corridor,IN_PLACE_ROTATION_FORBIDDEN_OR_HARD_RADIUS,[]
q00_center_hard_l3_5_1787300428041392428,q00,center,13,kinematic,smac_hybrid_reeds_shepp,reverse,0.07240317996184484,corridor,IN_PLACE_ROTATION_FORBIDDEN_OR_HARD_RADIUS,[]
q00_center_hard_l3_5_1787300428041392428,q00,center,14,kinematic,smac_hybrid_reeds_shepp,reverse,0.07240483695543112,corridor,IN_PLACE_ROTATION_FORBIDDEN_OR_HARD_RADIUS,[]
q00_center_hard_l3_5_1787300428041392428,q00,center,15,kinematic,smac_hybrid_reeds_shepp,reverse,0.07250446992680373,corridor,IN_PLACE_ROTATION_FORBIDDEN_OR_HARD_RADIUS,[]
q00_center_hard_l3_5_1787300428041392428,q00,center,16,kinematic,smac_hybrid_reeds_shepp,reverse,0.0725014663738037,corridor,IN_PLACE_ROTATION_FORBIDDEN_OR_HARD_RADIUS,[]
q00_center_hard_l3_5_1787300428041392428,q00,center,17,kinematic,smac_hybrid_reeds_shepp,reverse,0.07250392972675827,corridor,IN_PLACE_ROTATION_FORBIDDEN_OR_HARD_RADIUS,[]
q00_center_hard_l3_5_1787300428041392428,q00,center,18,kinematic,smac_hybrid_reeds_shepp,reverse,0.07250446992680373,corridor,IN_PLACE_ROTATION_FORBIDDEN_OR_HARD_RADIUS,[]
q00_center_hard_l3_5_1787300428041392428,q00,center,19,kinematic,smac_hybrid_reeds_shepp,reverse,0.07250092615137894,corridor,IN_PLACE_ROTATION_FORBIDDEN_OR_HARD_RADIUS,[]
q00_center_hard_l3_5_1787300428041392428,q00,center,20,kinematic,smac_hybrid_reeds_shepp,reverse,0.07250446992680373,corridor,IN_PLACE_ROTATION_FORBIDDEN_OR_HARD_RADIUS,[]
q00_center_hard_l3_5_1787300428041392428,q00,center,21,kinematic,smac_hybrid_reeds_shepp,reverse,0.0725014663738037,corridor,IN_PLACE_ROTATION_FORBIDDEN_OR_HARD_RADIUS,[]
q00_center_hard_l3_5_1787300428041392428,q00,center,22,kinematic,smac_hybrid_reeds_shepp,reverse,0.07250392972675827,corridor,IN_PLACE_ROTATION_FORBIDDEN_OR_HARD_RADIUS,[]
q00_center_hard_l3_5_1787300428041392428,q00,center,23,kinematic,smac_hybrid_reeds_shepp,reverse,0.07250446992680373,corridor,IN_PLACE_ROTATION_FORBIDDEN_OR_HARD_RADIUS,[]
q00_center_hard_l3_5_1787300428041392428,q00,center,24,kinematic,smac_hybrid_reeds_shepp,reverse,0.07250092615137894,corridor,IN_PLACE_ROTATION_FORBIDDEN_OR_HARD_RADIUS,[]
q00_center_hard_l3_5_1787300428041392428,q00,center,25,kinematic,smac_hybrid_reeds_shepp,reverse,0.07250446992680373,corridor,IN_PLACE_ROTATION_FORBIDDEN_OR_HARD_RADIUS,[]
q00_center_hard_l3_5_1787300428041392428,q00,center,26,kinematic,smac_hybrid_reeds_shepp,reverse,0.07250092615137894,corridor,IN_PLACE_ROTATION_FORBIDDEN_OR_HARD_RADIUS,[]
q00_center_hard_l3_5_1787300428041392428,q00,center,27,kinematic,smac_hybrid_reeds_shepp,reverse,0.07250446992680373,corridor,IN_PLACE_ROTATION_FORBIDDEN_OR_HARD_RADIUS,[]
q00_center_hard_l3_5_1787300428041392428,q00,center,28,kinematic,smac_hybrid_reeds_shepp,reverse,0.07250446992680373,corridor,IN_PLACE_ROTATION_FORBIDDEN_OR_HARD_RADIUS,[]
q00_center_hard_l3_5_1787300428041392428,q00,center,29,kinematic,smac_hybrid_reeds_shepp,reverse,0.07250092615137894,corridor,IN_PLACE_ROTATION_FORBIDDEN_OR_HARD_RADIUS,[]
q00_center_hard_l3_5_1787300428041392428,q00,center,30,kinematic,smac_hybrid_reeds_shepp,reverse,0.07250446992680373,corridor,IN_PLACE_ROTATION_FORBIDDEN_OR_HARD_RADIUS,[]
q00_center_hard_l3_5_1787300428041392428,q00,center,31,kinematic,smac_hybrid_reeds_shepp,reverse,0.07244331942511588,corridor,IN_PLACE_ROTATION_FORBIDDEN_OR_HARD_RADIUS,[]
q00_center_hard_l3_5_1787300428041392428,q00,center,32,kinematic,smac_hybrid_reeds_shepp,reverse,0.07240300734008666,corridor,IN_PLACE_ROTATION_FORBIDDEN_OR_HARD_RADIUS,[]
q00_center_hard_l3_5_1787300428041392428,q00,center,33,kinematic,smac_hybrid_reeds_shepp,reverse,0.07240384812765445,corridor,IN_PLACE_ROTATION_FORBIDDEN_OR_HARD_RADIUS,[]
q00_center_hard_l3_5_1787300428041392428,q00,center,34,kinematic,smac_hybrid_reeds_shepp,reverse,0.0724033464732775,corridor,IN_PLACE_ROTATION_FORBIDDEN_OR_HARD_RADIUS,[]
q00_center_hard_l3_5_1787300428041392428,q00,center,35,kinematic,smac_hybrid_reeds_shepp,forward,0.07148718609216044,corridor,IN_PLACE_ROTATION_FORBIDDEN_OR_HARD_RADIUS,[]
q00_center_hard_l3_5_1787300428041392428,q00,center,36,kinematic,smac_hybrid_reeds_shepp,forward,0.07148426610594417,corridor,IN_PLACE_ROTATION_FORBIDDEN_OR_HARD_RADIUS,[]
q00_center_hard_l3_5_1787300428041392428,q00,center,37,kinematic,smac_hybrid_reeds_shepp,forward,0.07148732939809983,corridor,IN_PLACE_ROTATION_FORBIDDEN_OR_HARD_RADIUS,[]
q00_center_hard_l3_5_1787300428041392428,q00,center,38,kinematic,smac_hybrid_reeds_shepp,forward,0.07148601950598675,corridor,IN_PLACE_ROTATION_FORBIDDEN_OR_HARD_RADIUS,[]
q00_center_hard_l3_5_1787300428041392428,q00,center,39,kinematic,smac_hybrid_reeds_shepp,forward,0.07149037054295511,corridor,IN_PLACE_ROTATION_FORBIDDEN_OR_HARD_RADIUS,[]
q00_center_hard_l3_5_1787300428041392428,q00,center,40,kinematic,smac_hybrid_reeds_shepp,forward,0.07158108832897042,corridor,IN_PLACE_ROTATION_FORBIDDEN_OR_HARD_RADIUS,[]
q00_center_hard_l3_5_1787300428041392428,q00,center,41,kinematic,smac_hybrid_reeds_shepp,forward,0.07158224048537438,corridor,IN_PLACE_ROTATION_FORBIDDEN_OR_HARD_RADIUS,[]
q00_center_hard_l3_5_1787300428041392428,q00,center,42,kinematic,smac_hybrid_reeds_shepp,forward,0.07158391426997801,corridor,IN_PLACE_ROTATION_FORBIDDEN_OR_HARD_RADIUS,[]
q00_center_hard_l3_5_1787300428041392428,q00,center,43,kinematic,smac_hybrid_reeds_shepp,forward,0.07158108832897042,corridor,IN_PLACE_ROTATION_FORBIDDEN_OR_HARD_RADIUS,[]
q00_center_hard_l3_5_1787300428041392428,q00,center,44,kinematic,smac_hybrid_reeds_shepp,forward,0.07158224048537438,corridor,IN_PLACE_ROTATION_FORBIDDEN_OR_HARD_RADIUS,[]
q00_center_hard_l3_5_1787300428041392428,q00,center,45,kinematic,smac_hybrid_reeds_shepp,forward,0.07158108832897042,corridor,IN_PLACE_ROTATION_FORBIDDEN_OR_HARD_RADIUS,[]
q00_center_hard_l3_5_1787300428041392428,q00,center,46,kinematic,smac_hybrid_reeds_shepp,forward,0.07157789958690523,corridor,IN_PLACE_ROTATION_FORBIDDEN_OR_HARD_RADIUS,[]
q00_center_hard_l3_5_1787300428041392428,q00,center,47,kinematic,smac_hybrid_reeds_shepp,forward,0.0714873066645859,corridor,IN_PLACE_ROTATION_FORBIDDEN_OR_HARD_RADIUS,[]
q00_center_hard_l3_5_1787300428041392428,q00,center,48,kinematic,smac_hybrid_reeds_shepp,forward,0.071486488839527,corridor,IN_PLACE_ROTATION_FORBIDDEN_OR_HARD_RADIUS,[]
q01_center_hard_l3_1_1787300428228252057,q01,center,0,grid,grid_astar,mixed,37.00304870636521,corridor,,
q01_center_hard_l3_1_1787300428228252057,q01,center,1,kinematic,smac_hybrid_reeds_shepp,forward,0.07073303585861208,corridor,IN_PLACE_ROTATION_FORBIDDEN_OR_HARD_RADIUS,[]
q01_center_hard_l3_1_1787300428228252057,q01,center,2,kinematic,smac_hybrid_reeds_shepp,forward,0.07073516923128288,corridor,IN_PLACE_ROTATION_FORBIDDEN_OR_HARD_RADIUS,[]
q01_center_hard_l3_1_1787300428228252057,q01,center,3,kinematic,smac_hybrid_reeds_shepp,forward,0.07073349465174093,corridor,IN_PLACE_ROTATION_FORBIDDEN_OR_HARD_RADIUS,[]
q01_center_hard_l3_1_1787300428228252057,q01,center,4,kinematic,smac_hybrid_reeds_shepp,forward,0.0707345205890463,corridor,IN_PLACE_ROTATION_FORBIDDEN_OR_HARD_RADIUS,[]
q01_center_hard_l3_1_1787300428228252057,q01,center,5,kinematic,smac_hybrid_reeds_shepp,forward,0.07073212866527556,corridor,IN_PLACE_ROTATION_FORBIDDEN_OR_HARD_RADIUS,[]
q01_center_hard_l3_1_1787300428228252057,q01,center,6,kinematic,smac_hybrid_reeds_shepp,forward,0.07073463796785996,corridor,IN_PLACE_ROTATION_FORBIDDEN_OR_HARD_RADIUS,[]
q01_center_hard_l3_1_1787300428228252057,q01,center,7,kinematic,smac_hybrid_reeds_shepp,forward,0.07073172503291819,corridor,IN_PLACE_ROTATION_FORBIDDEN_OR_HARD_RADIUS,[]
q01_center_hard_l3_1_1787300428228252057,q01,center,8,kinematic,smac_hybrid_reeds_shepp,forward,0.07073338958185964,corridor,IN_PLACE_ROTATION_FORBIDDEN_OR_HARD_RADIUS,[]
q01_center_hard_l3_1_1787300428228252057,q01,center,9,kinematic,smac_hybrid_reeds_shepp,reverse,0.02876146804471414,corridor,IN_PLACE_ROTATION_FORBIDDEN_OR_HARD_RADIUS,[]
q01_center_hard_l3_1_1787300428228252057,q01,center,10,kinematic,smac_hybrid_reeds_shepp,reverse,0.07073432078786955,corridor,IN_PLACE_ROTATION_FORBIDDEN_OR_HARD_RADIUS,[]
q01_center_hard_l3_1_1787300428228252057,q01,center,11,kinematic,smac_hybrid_reeds_shepp,reverse,0.07073395916934586,corridor,IN_PLACE_ROTATION_FORBIDDEN_OR_HARD_RADIUS,[]
q01_center_hard_l3_1_1787300428228252057,q01,center,12,kinematic,smac_hybrid_reeds_shepp,reverse,0.07073156439568438,corridor,IN_PLACE_ROTATION_FORBIDDEN_OR_HARD_RADIUS,[]
q01_center_hard_l3_1_1787300428228252057,q01,center,13,kinematic,smac_hybrid_reeds_shepp,reverse,0.07073401756299559,corridor,IN_PLACE_ROTATION_FORBIDDEN_OR_HARD_RADIUS,[]
q01_center_hard_l3_1_1787300428228252057,q01,center,14,kinematic,smac_hybrid_reeds_shepp,reverse,0.07073527660262503,corridor,IN_PLACE_ROTATION_FORBIDDEN_OR_HARD_RADIUS,[]
q01_center_hard_l3_1_1787300428228252057,q01,center,15,kinematic,smac_hybrid_reeds_shepp,reverse,0.07073439972092248,corridor,IN_PLACE_ROTATION_FORBIDDEN_OR_HARD_RADIUS,[]
q01_center_hard_l3_1_1787300428228252057,q01,center,16,kinematic,smac_hybrid_reeds_shepp,reverse,0.07073277436692228,corridor,IN_PLACE_ROTATION_FORBIDDEN_OR_HARD_RADIUS,[]
q01_center_hard_l3_1_1787300428228252057,q01,center,17,kinematic,smac_hybrid_reeds_shepp,reverse,0.07073273815827877,corridor,IN_PLACE_ROTATION_FORBIDDEN_OR_HARD_RADIUS,[]
q01_center_hard_l3_1_1787300428228252057,q01,center,18,kinematic,smac_hybrid_reeds_shepp,reverse,0.07082401953515369,corridor,IN_PLACE_ROTATION_FORBIDDEN_OR_HARD_RADIUS,[]
q01_center_hard_l3_1_1787300428228252057,q01,center,19,kinematic,smac_hybrid_reeds_shepp,reverse,0.07082732689885823,corridor,IN_PLACE_ROTATION_FORBIDDEN_OR_HARD_RADIUS,[]
q01_center_hard_l3_1_1787300428228252057,q01,center,20,kinematic,smac_hybrid_reeds_shepp,reverse,0.07082539887134122,corridor,IN_PLACE_ROTATION_FORBIDDEN_OR_HARD_RADIUS,[]
q01_center_hard_l3_1_1787300428228252057,q01,center,21,kinematic,smac_hybrid_reeds_shepp,reverse,0.0708209841645571,corridor,IN_PLACE_ROTATION_FORBIDDEN_OR_HARD_RADIUS,[]
q01_center_hard_l3_1_1787300428228252057,q01,center,22,kinematic,smac_hybrid_reeds_shepp,reverse,0.07210176447660965,corridor,IN_PLACE_ROTATION_FORBIDDEN_OR_HARD_RADIUS,[]
q01_center_hard_l3_1_1787300428228252057,q01,center,23,kinematic,smac_hybrid_reeds_shepp,reverse,0.0721031627528836,corridor,IN_PLACE_ROTATION_FORBIDDEN_OR_HARD_RADIUS,[]
q01_center_hard_l3_1_1787300428228252057,q01,center,24,kinematic,smac_hybrid_reeds_shepp,reverse,0.042106315629426794,corridor,IN_PLACE_ROTATION_FORBIDDEN_OR_HARD_RADIUS,[]
q01_center_hard_l3_1_1787300428228252057,q01,center,25,kinematic,smac_hybrid_reeds_shepp,forward,0.07210111984569477,corridor,IN_PLACE_ROTATION_FORBIDDEN_OR_HARD_RADIUS,[]
q01_center_hard_l3_1_1787300428228252057,q01,center,26,kinematic,smac_hybrid_reeds_shepp,forward,0.07210108033613102,corridor,IN_PLACE_ROTATION_FORBIDDEN_OR_HARD_RADIUS,[]
q01_center_hard_l3_1_1787300428228252057,q01,center,27,kinematic,smac_hybrid_reeds_shepp,forward,0.07210200892624968,corridor,IN_PLACE_ROTATION_FORBIDDEN_OR_HARD_RADIUS,[]
q01_center_hard_l3_1_1787300428228252057,q01,center,28,kinematic,smac_hybrid_reeds_shepp,forward,0.07210242146946608,corridor,IN_PLACE_ROTATION_FORBIDDEN_OR_HARD_RADIUS,[]
q01_center_hard_l3_1_1787300428228252057,q01,center,29,kinematic,smac_hybrid_reeds_shepp,forward,0.07210401809651516,corridor,IN_PLACE_ROTATION_FORBIDDEN_OR_HARD_RADIUS,[]
q01_center_hard_l3_1_1787300428228252057,q01,center,30,kinematic,smac_hybrid_reeds_shepp,forward,0.0721018461751945,corridor,IN_PLACE_ROTATION_FORBIDDEN_OR_HARD_RADIUS,[]
q01_center_hard_l3_1_1787300428228252057,q01,center,31,kinematic,smac_hybrid_reeds_shepp,forward,0.07210023283705144,corridor,IN_PLACE_ROTATION_FORBIDDEN_OR_HARD_RADIUS,[]
q01_center_hard_l3_1_1787300428228252057,q01,center,32,kinematic,smac_hybrid_reeds_shepp,forward,0.07210303412028435,corridor,IN_PLACE_ROTATION_FORBIDDEN_OR_HARD_RADIUS,[]
q01_center_hard_l3_1_1787300428228252057,q01,center,33,kinematic,smac_hybrid_reeds_shepp,forward,0.07216995214059732,corridor,IN_PLACE_ROTATION_FORBIDDEN_OR_HARD_RADIUS,[]
q01_center_hard_l3_1_1787300428228252057,q01,center,34,kinematic,smac_hybrid_reeds_shepp,forward,0.07220050362829476,corridor,IN_PLACE_ROTATION_FORBIDDEN_OR_HARD_RADIUS,[]
q01_center_hard_l3_1_1787300428228252057,q01,center,35,kinematic,smac_hybrid_reeds_shepp,forward,0.07219901765107421,corridor,IN_PLACE_ROTATION_FORBIDDEN_OR_HARD_RADIUS,[]
q01_center_hard_l3_1_1787300428228252057,q01,center,36,kinematic,smac_hybrid_reeds_shepp,forward,0.07220050362829476,corridor,IN_PLACE_ROTATION_FORBIDDEN_OR_HARD_RADIUS,[]
q01_center_hard_l3_1_1787300428228252057,q01,center,37,kinematic,smac_hybrid_reeds_shepp,forward,0.07219901765107421,corridor,IN_PLACE_ROTATION_FORBIDDEN_OR_HARD_RADIUS,[]
q01_center_hard_l3_1_1787300428228252057,q01,center,38,kinematic,smac_hybrid_reeds_shepp,forward,0.07219542635809292,corridor,IN_PLACE_ROTATION_FORBIDDEN_OR_HARD_RADIUS,[]
q01_center_hard_l3_1_1787300428228252057,q01,center,39,kinematic,smac_hybrid_reeds_shepp,forward,0.07210119702410174,corridor,IN_PLACE_ROTATION_FORBIDDEN_OR_HARD_RADIUS,[]
q01_center_hard_l3_2_1787300428420158308,q01,center,0,grid,grid_astar,mixed,37.00304870636521,corridor,,
q01_center_hard_l3_2_1787300428420158308,q01,center,1,kinematic,smac_hybrid_reeds_shepp,forward,0.07073303585861208,corridor,IN_PLACE_ROTATION_FORBIDDEN_OR_HARD_RADIUS,[]
q01_center_hard_l3_2_1787300428420158308,q01,center,2,kinematic,smac_hybrid_reeds_shepp,forward,0.07073516923128288,corridor,IN_PLACE_ROTATION_FORBIDDEN_OR_HARD_RADIUS,[]
q01_center_hard_l3_2_1787300428420158308,q01,center,3,kinematic,smac_hybrid_reeds_shepp,forward,0.07073349465174093,corridor,IN_PLACE_ROTATION_FORBIDDEN_OR_HARD_RADIUS,[]
q01_center_hard_l3_2_1787300428420158308,q01,center,4,kinematic,smac_hybrid_reeds_shepp,forward,0.0707345205890463,corridor,IN_PLACE_ROTATION_FORBIDDEN_OR_HARD_RADIUS,[]
q01_center_hard_l3_2_1787300428420158308,q01,center,5,kinematic,smac_hybrid_reeds_shepp,forward,0.07073212866527556,corridor,IN_PLACE_ROTATION_FORBIDDEN_OR_HARD_RADIUS,[]
q01_center_hard_l3_2_1787300428420158308,q01,center,6,kinematic,smac_hybrid_reeds_shepp,forward,0.07073463796785996,corridor,IN_PLACE_ROTATION_FORBIDDEN_OR_HARD_RADIUS,[]
q01_center_hard_l3_2_1787300428420158308,q01,center,7,kinematic,smac_hybrid_reeds_shepp,forward,0.07073172503291819,corridor,IN_PLACE_ROTATION_FORBIDDEN_OR_HARD_RADIUS,[]
q01_center_hard_l3_2_1787300428420158308,q01,center,8,kinematic,smac_hybrid_reeds_shepp,forward,0.07073338958185964,corridor,IN_PLACE_ROTATION_FORBIDDEN_OR_HARD_RADIUS,[]
q01_center_hard_l3_2_1787300428420158308,q01,center,9,kinematic,smac_hybrid_reeds_shepp,reverse,0.02876146804471414,corridor,IN_PLACE_ROTATION_FORBIDDEN_OR_HARD_RADIUS,[]
q01_center_hard_l3_2_1787300428420158308,q01,center,10,kinematic,smac_hybrid_reeds_shepp,reverse,0.07073432078786955,corridor,IN_PLACE_ROTATION_FORBIDDEN_OR_HARD_RADIUS,[]
q01_center_hard_l3_2_1787300428420158308,q01,center,11,kinematic,smac_hybrid_reeds_shepp,reverse,0.07073395916934586,corridor,IN_PLACE_ROTATION_FORBIDDEN_OR_HARD_RADIUS,[]
q01_center_hard_l3_2_1787300428420158308,q01,center,12,kinematic,smac_hybrid_reeds_shepp,reverse,0.07073156439568438,corridor,IN_PLACE_ROTATION_FORBIDDEN_OR_HARD_RADIUS,[]
q01_center_hard_l3_2_1787300428420158308,q01,center,13,kinematic,smac_hybrid_reeds_shepp,reverse,0.07073401756299559,corridor,IN_PLACE_ROTATION_FORBIDDEN_OR_HARD_RADIUS,[]
q01_center_hard_l3_2_1787300428420158308,q01,center,14,kinematic,smac_hybrid_reeds_shepp,reverse,0.07073527660262503,corridor,IN_PLACE_ROTATION_FORBIDDEN_OR_HARD_RADIUS,[]
q01_center_hard_l3_2_1787300428420158308,q01,center,15,kinematic,smac_hybrid_reeds_shepp,reverse,0.07073439972092248,corridor,IN_PLACE_ROTATION_FORBIDDEN_OR_HARD_RADIUS,[]
q01_center_hard_l3_2_1787300428420158308,q01,center,16,kinematic,smac_hybrid_reeds_shepp,reverse,0.07073277436692228,corridor,IN_PLACE_ROTATION_FORBIDDEN_OR_HARD_RADIUS,[]
q01_center_hard_l3_2_1787300428420158308,q01,center,17,kinematic,smac_hybrid_reeds_shepp,reverse,0.07073273815827877,corridor,IN_PLACE_ROTATION_FORBIDDEN_OR_HARD_RADIUS,[]
q01_center_hard_l3_2_1787300428420158308,q01,center,18,kinematic,smac_hybrid_reeds_shepp,reverse,0.07082401953515369,corridor,IN_PLACE_ROTATION_FORBIDDEN_OR_HARD_RADIUS,[]
q01_center_hard_l3_2_1787300428420158308,q01,center,19,kinematic,smac_hybrid_reeds_shepp,reverse,0.07082732689885823,corridor,IN_PLACE_ROTATION_FORBIDDEN_OR_HARD_RADIUS,[]
q01_center_hard_l3_2_1787300428420158308,q01,center,20,kinematic,smac_hybrid_reeds_shepp,reverse,0.07082539887134122,corridor,IN_PLACE_ROTATION_FORBIDDEN_OR_HARD_RADIUS,[]
q01_center_hard_l3_2_1787300428420158308,q01,center,21,kinematic,smac_hybrid_reeds_shepp,reverse,0.0708209841645571,corridor,IN_PLACE_ROTATION_FORBIDDEN_OR_HARD_RADIUS,[]
q01_center_hard_l3_2_1787300428420158308,q01,center,22,kinematic,smac_hybrid_reeds_shepp,reverse,0.07210176447660965,corridor,IN_PLACE_ROTATION_FORBIDDEN_OR_HARD_RADIUS,[]
q01_center_hard_l3_2_1787300428420158308,q01,center,23,kinematic,smac_hybrid_reeds_shepp,reverse,0.0721031627528836,corridor,IN_PLACE_ROTATION_FORBIDDEN_OR_HARD_RADIUS,[]
q01_center_hard_l3_2_1787300428420158308,q01,center,24,kinematic,smac_hybrid_reeds_shepp,reverse,0.042106315629426794,corridor,IN_PLACE_ROTATION_FORBIDDEN_OR_HARD_RADIUS,[]
q01_center_hard_l3_2_1787300428420158308,q01,center,25,kinematic,smac_hybrid_reeds_shepp,forward,0.07210111984569477,corridor,IN_PLACE_ROTATION_FORBIDDEN_OR_HARD_RADIUS,[]
q01_center_hard_l3_2_1787300428420158308,q01,center,26,kinematic,smac_hybrid_reeds_shepp,forward,0.07210108033613102,corridor,IN_PLACE_ROTATION_FORBIDDEN_OR_HARD_RADIUS,[]
q01_center_hard_l3_2_1787300428420158308,q01,center,27,kinematic,smac_hybrid_reeds_shepp,forward,0.07210200892624968,corridor,IN_PLACE_ROTATION_FORBIDDEN_OR_HARD_RADIUS,[]
q01_center_hard_l3_2_1787300428420158308,q01,center,28,kinematic,smac_hybrid_reeds_shepp,forward,0.07210242146946608,corridor,IN_PLACE_ROTATION_FORBIDDEN_OR_HARD_RADIUS,[]
q01_center_hard_l3_2_1787300428420158308,q01,center,29,kinematic,smac_hybrid_reeds_shepp,forward,0.07210401809651516,corridor,IN_PLACE_ROTATION_FORBIDDEN_OR_HARD_RADIUS,[]
q01_center_hard_l3_2_1787300428420158308,q01,center,30,kinematic,smac_hybrid_reeds_shepp,forward,0.0721018461751945,corridor,IN_PLACE_ROTATION_FORBIDDEN_OR_HARD_RADIUS,[]
q01_center_hard_l3_2_1787300428420158308,q01,center,31,kinematic,smac_hybrid_reeds_shepp,forward,0.07210023283705144,corridor,IN_PLACE_ROTATION_FORBIDDEN_OR_HARD_RADIUS,[]
q01_center_hard_l3_2_1787300428420158308,q01,center,32,kinematic,smac_hybrid_reeds_shepp,forward,0.07210303412028435,corridor,IN_PLACE_ROTATION_FORBIDDEN_OR_HARD_RADIUS,[]
q01_center_hard_l3_2_1787300428420158308,q01,center,33,kinematic,smac_hybrid_reeds_shepp,forward,0.07216995214059732,corridor,IN_PLACE_ROTATION_FORBIDDEN_OR_HARD_RADIUS,[]
q01_center_hard_l3_2_1787300428420158308,q01,center,34,kinematic,smac_hybrid_reeds_shepp,forward,0.07220050362829476,corridor,IN_PLACE_ROTATION_FORBIDDEN_OR_HARD_RADIUS,[]
q01_center_hard_l3_2_1787300428420158308,q01,center,35,kinematic,smac_hybrid_reeds_shepp,forward,0.07219901765107421,corridor,IN_PLACE_ROTATION_FORBIDDEN_OR_HARD_RADIUS,[]
q01_center_hard_l3_2_1787300428420158308,q01,center,36,kinematic,smac_hybrid_reeds_shepp,forward,0.07220050362829476,corridor,IN_PLACE_ROTATION_FORBIDDEN_OR_HARD_RADIUS,[]
q01_center_hard_l3_2_1787300428420158308,q01,center,37,kinematic,smac_hybrid_reeds_shepp,forward,0.07219901765107421,corridor,IN_PLACE_ROTATION_FORBIDDEN_OR_HARD_RADIUS,[]
q01_center_hard_l3_2_1787300428420158308,q01,center,38,kinematic,smac_hybrid_reeds_shepp,forward,0.07219542635809292,corridor,IN_PLACE_ROTATION_FORBIDDEN_OR_HARD_RADIUS,[]
q01_center_hard_l3_2_1787300428420158308,q01,center,39,kinematic,smac_hybrid_reeds_shepp,forward,0.07210119702410174,corridor,IN_PLACE_ROTATION_FORBIDDEN_OR_HARD_RADIUS,[]
q01_center_hard_l3_3_1787300428608798965,q01,center,0,grid,grid_astar,mixed,37.00304870636521,corridor,,
q01_center_hard_l3_3_1787300428608798965,q01,center,1,kinematic,smac_hybrid_reeds_shepp,forward,0.07073303585861208,corridor,IN_PLACE_ROTATION_FORBIDDEN_OR_HARD_RADIUS,[]
q01_center_hard_l3_3_1787300428608798965,q01,center,2,kinematic,smac_hybrid_reeds_shepp,forward,0.07073516923128288,corridor,IN_PLACE_ROTATION_FORBIDDEN_OR_HARD_RADIUS,[]
q01_center_hard_l3_3_1787300428608798965,q01,center,3,kinematic,smac_hybrid_reeds_shepp,forward,0.07073349465174093,corridor,IN_PLACE_ROTATION_FORBIDDEN_OR_HARD_RADIUS,[]
q01_center_hard_l3_3_1787300428608798965,q01,center,4,kinematic,smac_hybrid_reeds_shepp,forward,0.0707345205890463,corridor,IN_PLACE_ROTATION_FORBIDDEN_OR_HARD_RADIUS,[]
q01_center_hard_l3_3_1787300428608798965,q01,center,5,kinematic,smac_hybrid_reeds_shepp,forward,0.07073212866527556,corridor,IN_PLACE_ROTATION_FORBIDDEN_OR_HARD_RADIUS,[]
q01_center_hard_l3_3_1787300428608798965,q01,center,6,kinematic,smac_hybrid_reeds_shepp,forward,0.07073463796785996,corridor,IN_PLACE_ROTATION_FORBIDDEN_OR_HARD_RADIUS,[]
q01_center_hard_l3_3_1787300428608798965,q01,center,7,kinematic,smac_hybrid_reeds_shepp,forward,0.07073172503291819,corridor,IN_PLACE_ROTATION_FORBIDDEN_OR_HARD_RADIUS,[]
q01_center_hard_l3_3_1787300428608798965,q01,center,8,kinematic,smac_hybrid_reeds_shepp,forward,0.07073338958185964,corridor,IN_PLACE_ROTATION_FORBIDDEN_OR_HARD_RADIUS,[]
q01_center_hard_l3_3_1787300428608798965,q01,center,9,kinematic,smac_hybrid_reeds_shepp,reverse,0.02876146804471414,corridor,IN_PLACE_ROTATION_FORBIDDEN_OR_HARD_RADIUS,[]
q01_center_hard_l3_3_1787300428608798965,q01,center,10,kinematic,smac_hybrid_reeds_shepp,reverse,0.07073432078786955,corridor,IN_PLACE_ROTATION_FORBIDDEN_OR_HARD_RADIUS,[]
q01_center_hard_l3_3_1787300428608798965,q01,center,11,kinematic,smac_hybrid_reeds_shepp,reverse,0.07073395916934586,corridor,IN_PLACE_ROTATION_FORBIDDEN_OR_HARD_RADIUS,[]
q01_center_hard_l3_3_1787300428608798965,q01,center,12,kinematic,smac_hybrid_reeds_shepp,reverse,0.07073156439568438,corridor,IN_PLACE_ROTATION_FORBIDDEN_OR_HARD_RADIUS,[]
q01_center_hard_l3_3_1787300428608798965,q01,center,13,kinematic,smac_hybrid_reeds_shepp,reverse,0.07073401756299559,corridor,IN_PLACE_ROTATION_FORBIDDEN_OR_HARD_RADIUS,[]
q01_center_hard_l3_3_1787300428608798965,q01,center,14,kinematic,smac_hybrid_reeds_shepp,reverse,0.07073527660262503,corridor,IN_PLACE_ROTATION_FORBIDDEN_OR_HARD_RADIUS,[]
q01_center_hard_l3_3_1787300428608798965,q01,center,15,kinematic,smac_hybrid_reeds_shepp,reverse,0.07073439972092248,corridor,IN_PLACE_ROTATION_FORBIDDEN_OR_HARD_RADIUS,[]
q01_center_hard_l3_3_1787300428608798965,q01,center,16,kinematic,smac_hybrid_reeds_shepp,reverse,0.07073277436692228,corridor,IN_PLACE_ROTATION_FORBIDDEN_OR_HARD_RADIUS,[]
q01_center_hard_l3_3_1787300428608798965,q01,center,17,kinematic,smac_hybrid_reeds_shepp,reverse,0.07073273815827877,corridor,IN_PLACE_ROTATION_FORBIDDEN_OR_HARD_RADIUS,[]
q01_center_hard_l3_3_1787300428608798965,q01,center,18,kinematic,smac_hybrid_reeds_shepp,reverse,0.07082401953515369,corridor,IN_PLACE_ROTATION_FORBIDDEN_OR_HARD_RADIUS,[]
q01_center_hard_l3_3_1787300428608798965,q01,center,19,kinematic,smac_hybrid_reeds_shepp,reverse,0.07082732689885823,corridor,IN_PLACE_ROTATION_FORBIDDEN_OR_HARD_RADIUS,[]
q01_center_hard_l3_3_1787300428608798965,q01,center,20,kinematic,smac_hybrid_reeds_shepp,reverse,0.07082539887134122,corridor,IN_PLACE_ROTATION_FORBIDDEN_OR_HARD_RADIUS,[]
q01_center_hard_l3_3_1787300428608798965,q01,center,21,kinematic,smac_hybrid_reeds_shepp,reverse,0.0708209841645571,corridor,IN_PLACE_ROTATION_FORBIDDEN_OR_HARD_RADIUS,[]
q01_center_hard_l3_3_1787300428608798965,q01,center,22,kinematic,smac_hybrid_reeds_shepp,reverse,0.07210176447660965,corridor,IN_PLACE_ROTATION_FORBIDDEN_OR_HARD_RADIUS,[]
q01_center_hard_l3_3_1787300428608798965,q01,center,23,kinematic,smac_hybrid_reeds_shepp,reverse,0.0721031627528836,corridor,IN_PLACE_ROTATION_FORBIDDEN_OR_HARD_RADIUS,[]
q01_center_hard_l3_3_1787300428608798965,q01,center,24,kinematic,smac_hybrid_reeds_shepp,reverse,0.042106315629426794,corridor,IN_PLACE_ROTATION_FORBIDDEN_OR_HARD_RADIUS,[]
q01_center_hard_l3_3_1787300428608798965,q01,center,25,kinematic,smac_hybrid_reeds_shepp,forward,0.07210111984569477,corridor,IN_PLACE_ROTATION_FORBIDDEN_OR_HARD_RADIUS,[]
q01_center_hard_l3_3_1787300428608798965,q01,center,26,kinematic,smac_hybrid_reeds_shepp,forward,0.07210108033613102,corridor,IN_PLACE_ROTATION_FORBIDDEN_OR_HARD_RADIUS,[]
q01_center_hard_l3_3_1787300428608798965,q01,center,27,kinematic,smac_hybrid_reeds_shepp,forward,0.07210200892624968,corridor,IN_PLACE_ROTATION_FORBIDDEN_OR_HARD_RADIUS,[]
q01_center_hard_l3_3_1787300428608798965,q01,center,28,kinematic,smac_hybrid_reeds_shepp,forward,0.07210242146946608,corridor,IN_PLACE_ROTATION_FORBIDDEN_OR_HARD_RADIUS,[]
q01_center_hard_l3_3_1787300428608798965,q01,center,29,kinematic,smac_hybrid_reeds_shepp,forward,0.07210401809651516,corridor,IN_PLACE_ROTATION_FORBIDDEN_OR_HARD_RADIUS,[]
q01_center_hard_l3_3_1787300428608798965,q01,center,30,kinematic,smac_hybrid_reeds_shepp,forward,0.0721018461751945,corridor,IN_PLACE_ROTATION_FORBIDDEN_OR_HARD_RADIUS,[]
q01_center_hard_l3_3_1787300428608798965,q01,center,31,kinematic,smac_hybrid_reeds_shepp,forward,0.07210023283705144,corridor,IN_PLACE_ROTATION_FORBIDDEN_OR_HARD_RADIUS,[]
q01_center_hard_l3_3_1787300428608798965,q01,center,32,kinematic,smac_hybrid_reeds_shepp,forward,0.07210303412028435,corridor,IN_PLACE_ROTATION_FORBIDDEN_OR_HARD_RADIUS,[]
q01_center_hard_l3_3_1787300428608798965,q01,center,33,kinematic,smac_hybrid_reeds_shepp,forward,0.07216995214059732,corridor,IN_PLACE_ROTATION_FORBIDDEN_OR_HARD_RADIUS,[]
q01_center_hard_l3_3_1787300428608798965,q01,center,34,kinematic,smac_hybrid_reeds_shepp,forward,0.07220050362829476,corridor,IN_PLACE_ROTATION_FORBIDDEN_OR_HARD_RADIUS,[]
q01_center_hard_l3_3_1787300428608798965,q01,center,35,kinematic,smac_hybrid_reeds_shepp,forward,0.07219901765107421,corridor,IN_PLACE_ROTATION_FORBIDDEN_OR_HARD_RADIUS,[]
q01_center_hard_l3_3_1787300428608798965,q01,center,36,kinematic,smac_hybrid_reeds_shepp,forward,0.07220050362829476,corridor,IN_PLACE_ROTATION_FORBIDDEN_OR_HARD_RADIUS,[]
q01_center_hard_l3_3_1787300428608798965,q01,center,37,kinematic,smac_hybrid_reeds_shepp,forward,0.07219901765107421,corridor,IN_PLACE_ROTATION_FORBIDDEN_OR_HARD_RADIUS,[]
q01_center_hard_l3_3_1787300428608798965,q01,center,38,kinematic,smac_hybrid_reeds_shepp,forward,0.07219542635809292,corridor,IN_PLACE_ROTATION_FORBIDDEN_OR_HARD_RADIUS,[]
q01_center_hard_l3_3_1787300428608798965,q01,center,39,kinematic,smac_hybrid_reeds_shepp,forward,0.07210119702410174,corridor,IN_PLACE_ROTATION_FORBIDDEN_OR_HARD_RADIUS,[]
q01_center_hard_l3_4_1787300428795659913,q01,center,0,grid,grid_astar,mixed,37.00304870636521,corridor,,
q01_center_hard_l3_4_1787300428795659913,q01,center,1,kinematic,smac_hybrid_reeds_shepp,forward,0.07073303585861208,corridor,IN_PLACE_ROTATION_FORBIDDEN_OR_HARD_RADIUS,[]
q01_center_hard_l3_4_1787300428795659913,q01,center,2,kinematic,smac_hybrid_reeds_shepp,forward,0.07073516923128288,corridor,IN_PLACE_ROTATION_FORBIDDEN_OR_HARD_RADIUS,[]
q01_center_hard_l3_4_1787300428795659913,q01,center,3,kinematic,smac_hybrid_reeds_shepp,forward,0.07073349465174093,corridor,IN_PLACE_ROTATION_FORBIDDEN_OR_HARD_RADIUS,[]
q01_center_hard_l3_4_1787300428795659913,q01,center,4,kinematic,smac_hybrid_reeds_shepp,forward,0.0707345205890463,corridor,IN_PLACE_ROTATION_FORBIDDEN_OR_HARD_RADIUS,[]
q01_center_hard_l3_4_1787300428795659913,q01,center,5,kinematic,smac_hybrid_reeds_shepp,forward,0.07073212866527556,corridor,IN_PLACE_ROTATION_FORBIDDEN_OR_HARD_RADIUS,[]
q01_center_hard_l3_4_1787300428795659913,q01,center,6,kinematic,smac_hybrid_reeds_shepp,forward,0.07073463796785996,corridor,IN_PLACE_ROTATION_FORBIDDEN_OR_HARD_RADIUS,[]
q01_center_hard_l3_4_1787300428795659913,q01,center,7,kinematic,smac_hybrid_reeds_shepp,forward,0.07073172503291819,corridor,IN_PLACE_ROTATION_FORBIDDEN_OR_HARD_RADIUS,[]
q01_center_hard_l3_4_1787300428795659913,q01,center,8,kinematic,smac_hybrid_reeds_shepp,forward,0.07073338958185964,corridor,IN_PLACE_ROTATION_FORBIDDEN_OR_HARD_RADIUS,[]
q01_center_hard_l3_4_1787300428795659913,q01,center,9,kinematic,smac_hybrid_reeds_shepp,reverse,0.02876146804471414,corridor,IN_PLACE_ROTATION_FORBIDDEN_OR_HARD_RADIUS,[]
q01_center_hard_l3_4_1787300428795659913,q01,center,10,kinematic,smac_hybrid_reeds_shepp,reverse,0.07073432078786955,corridor,IN_PLACE_ROTATION_FORBIDDEN_OR_HARD_RADIUS,[]
q01_center_hard_l3_4_1787300428795659913,q01,center,11,kinematic,smac_hybrid_reeds_shepp,reverse,0.07073395916934586,corridor,IN_PLACE_ROTATION_FORBIDDEN_OR_HARD_RADIUS,[]
q01_center_hard_l3_4_1787300428795659913,q01,center,12,kinematic,smac_hybrid_reeds_shepp,reverse,0.07073156439568438,corridor,IN_PLACE_ROTATION_FORBIDDEN_OR_HARD_RADIUS,[]
q01_center_hard_l3_4_1787300428795659913,q01,center,13,kinematic,smac_hybrid_reeds_shepp,reverse,0.07073401756299559,corridor,IN_PLACE_ROTATION_FORBIDDEN_OR_HARD_RADIUS,[]
q01_center_hard_l3_4_1787300428795659913,q01,center,14,kinematic,smac_hybrid_reeds_shepp,reverse,0.07073527660262503,corridor,IN_PLACE_ROTATION_FORBIDDEN_OR_HARD_RADIUS,[]
q01_center_hard_l3_4_1787300428795659913,q01,center,15,kinematic,smac_hybrid_reeds_shepp,reverse,0.07073439972092248,corridor,IN_PLACE_ROTATION_FORBIDDEN_OR_HARD_RADIUS,[]
q01_center_hard_l3_4_1787300428795659913,q01,center,16,kinematic,smac_hybrid_reeds_shepp,reverse,0.07073277436692228,corridor,IN_PLACE_ROTATION_FORBIDDEN_OR_HARD_RADIUS,[]
q01_center_hard_l3_4_1787300428795659913,q01,center,17,kinematic,smac_hybrid_reeds_shepp,reverse,0.07073273815827877,corridor,IN_PLACE_ROTATION_FORBIDDEN_OR_HARD_RADIUS,[]
q01_center_hard_l3_4_1787300428795659913,q01,center,18,kinematic,smac_hybrid_reeds_shepp,reverse,0.07082401953515369,corridor,IN_PLACE_ROTATION_FORBIDDEN_OR_HARD_RADIUS,[]
q01_center_hard_l3_4_1787300428795659913,q01,center,19,kinematic,smac_hybrid_reeds_shepp,reverse,0.07082732689885823,corridor,IN_PLACE_ROTATION_FORBIDDEN_OR_HARD_RADIUS,[]
q01_center_hard_l3_4_1787300428795659913,q01,center,20,kinematic,smac_hybrid_reeds_shepp,reverse,0.07082539887134122,corridor,IN_PLACE_ROTATION_FORBIDDEN_OR_HARD_RADIUS,[]
q01_center_hard_l3_4_1787300428795659913,q01,center,21,kinematic,smac_hybrid_reeds_shepp,reverse,0.0708209841645571,corridor,IN_PLACE_ROTATION_FORBIDDEN_OR_HARD_RADIUS,[]
q01_center_hard_l3_4_1787300428795659913,q01,center,22,kinematic,smac_hybrid_reeds_shepp,reverse,0.07210176447660965,corridor,IN_PLACE_ROTATION_FORBIDDEN_OR_HARD_RADIUS,[]
q01_center_hard_l3_4_1787300428795659913,q01,center,23,kinematic,smac_hybrid_reeds_shepp,reverse,0.0721031627528836,corridor,IN_PLACE_ROTATION_FORBIDDEN_OR_HARD_RADIUS,[]
q01_center_hard_l3_4_1787300428795659913,q01,center,24,kinematic,smac_hybrid_reeds_shepp,reverse,0.042106315629426794,corridor,IN_PLACE_ROTATION_FORBIDDEN_OR_HARD_RADIUS,[]
q01_center_hard_l3_4_1787300428795659913,q01,center,25,kinematic,smac_hybrid_reeds_shepp,forward,0.07210111984569477,corridor,IN_PLACE_ROTATION_FORBIDDEN_OR_HARD_RADIUS,[]
q01_center_hard_l3_4_1787300428795659913,q01,center,26,kinematic,smac_hybrid_reeds_shepp,forward,0.07210108033613102,corridor,IN_PLACE_ROTATION_FORBIDDEN_OR_HARD_RADIUS,[]
q01_center_hard_l3_4_1787300428795659913,q01,center,27,kinematic,smac_hybrid_reeds_shepp,forward,0.07210200892624968,corridor,IN_PLACE_ROTATION_FORBIDDEN_OR_HARD_RADIUS,[]
q01_center_hard_l3_4_1787300428795659913,q01,center,28,kinematic,smac_hybrid_reeds_shepp,forward,0.07210242146946608,corridor,IN_PLACE_ROTATION_FORBIDDEN_OR_HARD_RADIUS,[]
q01_center_hard_l3_4_1787300428795659913,q01,center,29,kinematic,smac_hybrid_reeds_shepp,forward,0.07210401809651516,corridor,IN_PLACE_ROTATION_FORBIDDEN_OR_HARD_RADIUS,[]
q01_center_hard_l3_4_1787300428795659913,q01,center,30,kinematic,smac_hybrid_reeds_shepp,forward,0.0721018461751945,corridor,IN_PLACE_ROTATION_FORBIDDEN_OR_HARD_RADIUS,[]
q01_center_hard_l3_4_1787300428795659913,q01,center,31,kinematic,smac_hybrid_reeds_shepp,forward,0.07210023283705144,corridor,IN_PLACE_ROTATION_FORBIDDEN_OR_HARD_RADIUS,[]
q01_center_hard_l3_4_1787300428795659913,q01,center,32,kinematic,smac_hybrid_reeds_shepp,forward,0.07210303412028435,corridor,IN_PLACE_ROTATION_FORBIDDEN_OR_HARD_RADIUS,[]
q01_center_hard_l3_4_1787300428795659913,q01,center,33,kinematic,smac_hybrid_reeds_shepp,forward,0.07216995214059732,corridor,IN_PLACE_ROTATION_FORBIDDEN_OR_HARD_RADIUS,[]
q01_center_hard_l3_4_1787300428795659913,q01,center,34,kinematic,smac_hybrid_reeds_shepp,forward,0.07220050362829476,corridor,IN_PLACE_ROTATION_FORBIDDEN_OR_HARD_RADIUS,[]
q01_center_hard_l3_4_1787300428795659913,q01,center,35,kinematic,smac_hybrid_reeds_shepp,forward,0.07219901765107421,corridor,IN_PLACE_ROTATION_FORBIDDEN_OR_HARD_RADIUS,[]
q01_center_hard_l3_4_1787300428795659913,q01,center,36,kinematic,smac_hybrid_reeds_shepp,forward,0.07220050362829476,corridor,IN_PLACE_ROTATION_FORBIDDEN_OR_HARD_RADIUS,[]
q01_center_hard_l3_4_1787300428795659913,q01,center,37,kinematic,smac_hybrid_reeds_shepp,forward,0.07219901765107421,corridor,IN_PLACE_ROTATION_FORBIDDEN_OR_HARD_RADIUS,[]
q01_center_hard_l3_4_1787300428795659913,q01,center,38,kinematic,smac_hybrid_reeds_shepp,forward,0.07219542635809292,corridor,IN_PLACE_ROTATION_FORBIDDEN_OR_HARD_RADIUS,[]
q01_center_hard_l3_4_1787300428795659913,q01,center,39,kinematic,smac_hybrid_reeds_shepp,forward,0.07210119702410174,corridor,IN_PLACE_ROTATION_FORBIDDEN_OR_HARD_RADIUS,[]
q01_center_hard_l3_5_1787300428986940244,q01,center,0,grid,grid_astar,mixed,37.00304870636521,corridor,,
q01_center_hard_l3_5_1787300428986940244,q01,center,1,kinematic,smac_hybrid_reeds_shepp,forward,0.07073303585861208,corridor,IN_PLACE_ROTATION_FORBIDDEN_OR_HARD_RADIUS,[]
q01_center_hard_l3_5_1787300428986940244,q01,center,2,kinematic,smac_hybrid_reeds_shepp,forward,0.07073516923128288,corridor,IN_PLACE_ROTATION_FORBIDDEN_OR_HARD_RADIUS,[]
q01_center_hard_l3_5_1787300428986940244,q01,center,3,kinematic,smac_hybrid_reeds_shepp,forward,0.07073349465174093,corridor,IN_PLACE_ROTATION_FORBIDDEN_OR_HARD_RADIUS,[]
q01_center_hard_l3_5_1787300428986940244,q01,center,4,kinematic,smac_hybrid_reeds_shepp,forward,0.0707345205890463,corridor,IN_PLACE_ROTATION_FORBIDDEN_OR_HARD_RADIUS,[]
q01_center_hard_l3_5_1787300428986940244,q01,center,5,kinematic,smac_hybrid_reeds_shepp,forward,0.07073212866527556,corridor,IN_PLACE_ROTATION_FORBIDDEN_OR_HARD_RADIUS,[]
q01_center_hard_l3_5_1787300428986940244,q01,center,6,kinematic,smac_hybrid_reeds_shepp,forward,0.07073463796785996,corridor,IN_PLACE_ROTATION_FORBIDDEN_OR_HARD_RADIUS,[]
q01_center_hard_l3_5_1787300428986940244,q01,center,7,kinematic,smac_hybrid_reeds_shepp,forward,0.07073172503291819,corridor,IN_PLACE_ROTATION_FORBIDDEN_OR_HARD_RADIUS,[]
q01_center_hard_l3_5_1787300428986940244,q01,center,8,kinematic,smac_hybrid_reeds_shepp,forward,0.07073338958185964,corridor,IN_PLACE_ROTATION_FORBIDDEN_OR_HARD_RADIUS,[]
q01_center_hard_l3_5_1787300428986940244,q01,center,9,kinematic,smac_hybrid_reeds_shepp,reverse,0.02876146804471414,corridor,IN_PLACE_ROTATION_FORBIDDEN_OR_HARD_RADIUS,[]
q01_center_hard_l3_5_1787300428986940244,q01,center,10,kinematic,smac_hybrid_reeds_shepp,reverse,0.07073432078786955,corridor,IN_PLACE_ROTATION_FORBIDDEN_OR_HARD_RADIUS,[]
q01_center_hard_l3_5_1787300428986940244,q01,center,11,kinematic,smac_hybrid_reeds_shepp,reverse,0.07073395916934586,corridor,IN_PLACE_ROTATION_FORBIDDEN_OR_HARD_RADIUS,[]
q01_center_hard_l3_5_1787300428986940244,q01,center,12,kinematic,smac_hybrid_reeds_shepp,reverse,0.07073156439568438,corridor,IN_PLACE_ROTATION_FORBIDDEN_OR_HARD_RADIUS,[]
q01_center_hard_l3_5_1787300428986940244,q01,center,13,kinematic,smac_hybrid_reeds_shepp,reverse,0.07073401756299559,corridor,IN_PLACE_ROTATION_FORBIDDEN_OR_HARD_RADIUS,[]
q01_center_hard_l3_5_1787300428986940244,q01,center,14,kinematic,smac_hybrid_reeds_shepp,reverse,0.07073527660262503,corridor,IN_PLACE_ROTATION_FORBIDDEN_OR_HARD_RADIUS,[]
q01_center_hard_l3_5_1787300428986940244,q01,center,15,kinematic,smac_hybrid_reeds_shepp,reverse,0.07073439972092248,corridor,IN_PLACE_ROTATION_FORBIDDEN_OR_HARD_RADIUS,[]
q01_center_hard_l3_5_1787300428986940244,q01,center,16,kinematic,smac_hybrid_reeds_shepp,reverse,0.07073277436692228,corridor,IN_PLACE_ROTATION_FORBIDDEN_OR_HARD_RADIUS,[]
q01_center_hard_l3_5_1787300428986940244,q01,center,17,kinematic,smac_hybrid_reeds_shepp,reverse,0.07073273815827877,corridor,IN_PLACE_ROTATION_FORBIDDEN_OR_HARD_RADIUS,[]
q01_center_hard_l3_5_1787300428986940244,q01,center,18,kinematic,smac_hybrid_reeds_shepp,reverse,0.07082401953515369,corridor,IN_PLACE_ROTATION_FORBIDDEN_OR_HARD_RADIUS,[]
q01_center_hard_l3_5_1787300428986940244,q01,center,19,kinematic,smac_hybrid_reeds_shepp,reverse,0.07082732689885823,corridor,IN_PLACE_ROTATION_FORBIDDEN_OR_HARD_RADIUS,[]
q01_center_hard_l3_5_1787300428986940244,q01,center,20,kinematic,smac_hybrid_reeds_shepp,reverse,0.07082539887134122,corridor,IN_PLACE_ROTATION_FORBIDDEN_OR_HARD_RADIUS,[]
q01_center_hard_l3_5_1787300428986940244,q01,center,21,kinematic,smac_hybrid_reeds_shepp,reverse,0.0708209841645571,corridor,IN_PLACE_ROTATION_FORBIDDEN_OR_HARD_RADIUS,[]
q01_center_hard_l3_5_1787300428986940244,q01,center,22,kinematic,smac_hybrid_reeds_shepp,reverse,0.07210176447660965,corridor,IN_PLACE_ROTATION_FORBIDDEN_OR_HARD_RADIUS,[]
q01_center_hard_l3_5_1787300428986940244,q01,center,23,kinematic,smac_hybrid_reeds_shepp,reverse,0.0721031627528836,corridor,IN_PLACE_ROTATION_FORBIDDEN_OR_HARD_RADIUS,[]
q01_center_hard_l3_5_1787300428986940244,q01,center,24,kinematic,smac_hybrid_reeds_shepp,reverse,0.042106315629426794,corridor,IN_PLACE_ROTATION_FORBIDDEN_OR_HARD_RADIUS,[]
q01_center_hard_l3_5_1787300428986940244,q01,center,25,kinematic,smac_hybrid_reeds_shepp,forward,0.07210111984569477,corridor,IN_PLACE_ROTATION_FORBIDDEN_OR_HARD_RADIUS,[]
q01_center_hard_l3_5_1787300428986940244,q01,center,26,kinematic,smac_hybrid_reeds_shepp,forward,0.07210108033613102,corridor,IN_PLACE_ROTATION_FORBIDDEN_OR_HARD_RADIUS,[]
q01_center_hard_l3_5_1787300428986940244,q01,center,27,kinematic,smac_hybrid_reeds_shepp,forward,0.07210200892624968,corridor,IN_PLACE_ROTATION_FORBIDDEN_OR_HARD_RADIUS,[]
q01_center_hard_l3_5_1787300428986940244,q01,center,28,kinematic,smac_hybrid_reeds_shepp,forward,0.07210242146946608,corridor,IN_PLACE_ROTATION_FORBIDDEN_OR_HARD_RADIUS,[]
q01_center_hard_l3_5_1787300428986940244,q01,center,29,kinematic,smac_hybrid_reeds_shepp,forward,0.07210401809651516,corridor,IN_PLACE_ROTATION_FORBIDDEN_OR_HARD_RADIUS,[]
q01_center_hard_l3_5_1787300428986940244,q01,center,30,kinematic,smac_hybrid_reeds_shepp,forward,0.0721018461751945,corridor,IN_PLACE_ROTATION_FORBIDDEN_OR_HARD_RADIUS,[]
q01_center_hard_l3_5_1787300428986940244,q01,center,31,kinematic,smac_hybrid_reeds_shepp,forward,0.07210023283705144,corridor,IN_PLACE_ROTATION_FORBIDDEN_OR_HARD_RADIUS,[]
q01_center_hard_l3_5_1787300428986940244,q01,center,32,kinematic,smac_hybrid_reeds_shepp,forward,0.07210303412028435,corridor,IN_PLACE_ROTATION_FORBIDDEN_OR_HARD_RADIUS,[]
q01_center_hard_l3_5_1787300428986940244,q01,center,33,kinematic,smac_hybrid_reeds_shepp,forward,0.07216995214059732,corridor,IN_PLACE_ROTATION_FORBIDDEN_OR_HARD_RADIUS,[]
q01_center_hard_l3_5_1787300428986940244,q01,center,34,kinematic,smac_hybrid_reeds_shepp,forward,0.07220050362829476,corridor,IN_PLACE_ROTATION_FORBIDDEN_OR_HARD_RADIUS,[]
q01_center_hard_l3_5_1787300428986940244,q01,center,35,kinematic,smac_hybrid_reeds_shepp,forward,0.07219901765107421,corridor,IN_PLACE_ROTATION_FORBIDDEN_OR_HARD_RADIUS,[]
q01_center_hard_l3_5_1787300428986940244,q01,center,36,kinematic,smac_hybrid_reeds_shepp,forward,0.07220050362829476,corridor,IN_PLACE_ROTATION_FORBIDDEN_OR_HARD_RADIUS,[]
q01_center_hard_l3_5_1787300428986940244,q01,center,37,kinematic,smac_hybrid_reeds_shepp,forward,0.07219901765107421,corridor,IN_PLACE_ROTATION_FORBIDDEN_OR_HARD_RADIUS,[]
q01_center_hard_l3_5_1787300428986940244,q01,center,38,kinematic,smac_hybrid_reeds_shepp,forward,0.07219542635809292,corridor,IN_PLACE_ROTATION_FORBIDDEN_OR_HARD_RADIUS,[]
q01_center_hard_l3_5_1787300428986940244,q01,center,39,kinematic,smac_hybrid_reeds_shepp,forward,0.07210119702410174,corridor,IN_PLACE_ROTATION_FORBIDDEN_OR_HARD_RADIUS,[]
q02_center_hard_l3_1_1787300429052793232,q02,center,0,grid,grid_astar,mixed,32.46812408671321,corridor,,
q02_center_hard_l3_2_1787300429117305267,q02,center,0,grid,grid_astar,mixed,32.46812408671321,corridor,,
q02_center_hard_l3_3_1787300429181885029,q02,center,0,grid,grid_astar,mixed,32.46812408671321,corridor,,
q02_center_hard_l3_4_1787300429246245968,q02,center,0,grid,grid_astar,mixed,32.46812408671321,corridor,,
q02_center_hard_l3_5_1787300429310456763,q02,center,0,grid,grid_astar,mixed,32.46812408671321,corridor,,
q03_center_hard_l3_1_1787300429557377462,q03,center,0,grid,grid_astar,mixed,52.017872995219875,full_grid_fallback,,
q03_center_hard_l3_1_1787300429557377462,q03,center,1,kinematic,smac_hybrid_reeds_shepp,forward,0.07255845646486697,full_grid_fallback,IN_PLACE_ROTATION_FORBIDDEN_OR_HARD_RADIUS,[]
q03_center_hard_l3_1_1787300429557377462,q03,center,2,kinematic,smac_hybrid_reeds_shepp,forward,0.07255650448301988,full_grid_fallback,IN_PLACE_ROTATION_FORBIDDEN_OR_HARD_RADIUS,[]
q03_center_hard_l3_1_1787300429557377462,q03,center,3,kinematic,smac_hybrid_reeds_shepp,forward,0.07264157173145312,full_grid_fallback,IN_PLACE_ROTATION_FORBIDDEN_OR_HARD_RADIUS,[]
q03_center_hard_l3_1_1787300429557377462,q03,center,4,kinematic,smac_hybrid_reeds_shepp,forward,0.07265718404960464,full_grid_fallback,IN_PLACE_ROTATION_FORBIDDEN_OR_HARD_RADIUS,[]
q03_center_hard_l3_1_1787300429557377462,q03,center,5,kinematic,smac_hybrid_reeds_shepp,forward,0.07265718404960464,full_grid_fallback,IN_PLACE_ROTATION_FORBIDDEN_OR_HARD_RADIUS,[]
q03_center_hard_l3_1_1787300429557377462,q03,center,6,kinematic,smac_hybrid_reeds_shepp,forward,0.07265718404960464,full_grid_fallback,IN_PLACE_ROTATION_FORBIDDEN_OR_HARD_RADIUS,[]
q03_center_hard_l3_1_1787300429557377462,q03,center,7,kinematic,smac_hybrid_reeds_shepp,forward,0.07265718404960464,full_grid_fallback,IN_PLACE_ROTATION_FORBIDDEN_OR_HARD_RADIUS,[]
q03_center_hard_l3_1_1787300429557377462,q03,center,8,kinematic,smac_hybrid_reeds_shepp,forward,0.07262554409941707,full_grid_fallback,IN_PLACE_ROTATION_FORBIDDEN_OR_HARD_RADIUS,[]
q03_center_hard_l3_1_1787300429557377462,q03,center,9,kinematic,smac_hybrid_reeds_shepp,forward,0.07255705462439858,full_grid_fallback,IN_PLACE_ROTATION_FORBIDDEN_OR_HARD_RADIUS,[]
q03_center_hard_l3_1_1787300429557377462,q03,center,10,kinematic,smac_hybrid_reeds_shepp,forward,0.0725593093133102,full_grid_fallback,IN_PLACE_ROTATION_FORBIDDEN_OR_HARD_RADIUS,[]
q03_center_hard_l3_1_1787300429557377462,q03,center,11,kinematic,smac_hybrid_reeds_shepp,forward,0.0725573956047061,full_grid_fallback,IN_PLACE_ROTATION_FORBIDDEN_OR_HARD_RADIUS,[]
q03_center_hard_l3_1_1787300429557377462,q03,center,12,kinematic,smac_hybrid_reeds_shepp,forward,0.07255582963637619,full_grid_fallback,IN_PLACE_ROTATION_FORBIDDEN_OR_HARD_RADIUS,[]
q03_center_hard_l3_1_1787300429557377462,q03,center,13,kinematic,smac_hybrid_reeds_shepp,forward,0.07255894934561731,full_grid_fallback,IN_PLACE_ROTATION_FORBIDDEN_OR_HARD_RADIUS,[]
q03_center_hard_l3_1_1787300429557377462,q03,center,14,kinematic,smac_hybrid_reeds_shepp,forward,0.07255817857619713,full_grid_fallback,IN_PLACE_ROTATION_FORBIDDEN_OR_HARD_RADIUS,[]
q03_center_hard_l3_1_1787300429557377462,q03,center,15,kinematic,smac_hybrid_reeds_shepp,forward,0.07255650891137941,full_grid_fallback,IN_PLACE_ROTATION_FORBIDDEN_OR_HARD_RADIUS,[]
q03_center_hard_l3_1_1787300429557377462,q03,center,16,kinematic,smac_hybrid_reeds_shepp,forward,0.0725579772506461,full_grid_fallback,IN_PLACE_ROTATION_FORBIDDEN_OR_HARD_RADIUS,[]
q03_center_hard_l3_1_1787300429557377462,q03,center,17,kinematic,smac_hybrid_reeds_shepp,reverse,0.05292038333958895,full_grid_fallback,IN_PLACE_ROTATION_FORBIDDEN_OR_HARD_RADIUS,[]
q03_center_hard_l3_1_1787300429557377462,q03,center,18,kinematic,smac_hybrid_reeds_shepp,reverse,0.07255723868850161,full_grid_fallback,IN_PLACE_ROTATION_FORBIDDEN_OR_HARD_RADIUS,[]
q03_center_hard_l3_1_1787300429557377462,q03,center,19,kinematic,smac_hybrid_reeds_shepp,reverse,0.07255905851054935,full_grid_fallback,IN_PLACE_ROTATION_FORBIDDEN_OR_HARD_RADIUS,[]
q03_center_hard_l3_1_1787300429557377462,q03,center,20,kinematic,smac_hybrid_reeds_shepp,reverse,0.0714608944312105,full_grid_fallback,IN_PLACE_ROTATION_FORBIDDEN_OR_HARD_RADIUS,[]
q03_center_hard_l3_1_1787300429557377462,q03,center,21,kinematic,smac_hybrid_reeds_shepp,reverse,0.07146101473439963,full_grid_fallback,IN_PLACE_ROTATION_FORBIDDEN_OR_HARD_RADIUS,[]
q03_center_hard_l3_1_1787300429557377462,q03,center,22,kinematic,smac_hybrid_reeds_shepp,reverse,0.07146130085227473,full_grid_fallback,IN_PLACE_ROTATION_FORBIDDEN_OR_HARD_RADIUS,[]
q03_center_hard_l3_1_1787300429557377462,q03,center,23,kinematic,smac_hybrid_reeds_shepp,reverse,0.07146092987992507,full_grid_fallback,IN_PLACE_ROTATION_FORBIDDEN_OR_HARD_RADIUS,[]
q03_center_hard_l3_1_1787300429557377462,q03,center,24,kinematic,smac_hybrid_reeds_shepp,reverse,0.07146158362535532,full_grid_fallback,IN_PLACE_ROTATION_FORBIDDEN_OR_HARD_RADIUS,[]
q03_center_hard_l3_1_1787300429557377462,q03,center,25,kinematic,smac_hybrid_reeds_shepp,forward,0.011303830675057414,full_grid_fallback,IN_PLACE_ROTATION_FORBIDDEN_OR_HARD_RADIUS,[]
q03_center_hard_l3_1_1787300429557377462,q03,center,26,kinematic,smac_hybrid_reeds_shepp,forward,0.07146186437321586,full_grid_fallback,IN_PLACE_ROTATION_FORBIDDEN_OR_HARD_RADIUS,[]
q03_center_hard_l3_1_1787300429557377462,q03,center,27,kinematic,smac_hybrid_reeds_shepp,forward,0.07146061170020254,full_grid_fallback,IN_PLACE_ROTATION_FORBIDDEN_OR_HARD_RADIUS,[]
q03_center_hard_l3_1_1787300429557377462,q03,center,28,kinematic,smac_hybrid_reeds_shepp,forward,0.07146287122408307,full_grid_fallback,IN_PLACE_ROTATION_FORBIDDEN_OR_HARD_RADIUS,[]
q03_center_hard_l3_1_1787300429557377462,q03,center,29,kinematic,smac_hybrid_reeds_shepp,forward,0.07146013931320994,full_grid_fallback,IN_PLACE_ROTATION_FORBIDDEN_OR_HARD_RADIUS,[]
q03_center_hard_l3_1_1787300429557377462,q03,center,30,kinematic,smac_hybrid_reeds_shepp,forward,0.07145977517706274,full_grid_fallback,IN_PLACE_ROTATION_FORBIDDEN_OR_HARD_RADIUS,[]
q03_center_hard_l3_1_1787300429557377462,q03,center,31,kinematic,smac_hybrid_reeds_shepp,forward,0.07146275884927425,full_grid_fallback,IN_PLACE_ROTATION_FORBIDDEN_OR_HARD_RADIUS,[]
q03_center_hard_l3_1_1787300429557377462,q03,center,32,kinematic,smac_hybrid_reeds_shepp,forward,0.07145958991524347,full_grid_fallback,IN_PLACE_ROTATION_FORBIDDEN_OR_HARD_RADIUS,[]
q03_center_hard_l3_1_1787300429557377462,q03,center,33,kinematic,smac_hybrid_reeds_shepp,forward,0.07146138961606747,full_grid_fallback,IN_PLACE_ROTATION_FORBIDDEN_OR_HARD_RADIUS,[]
q03_center_hard_l3_1_1787300429557377462,q03,center,34,kinematic,smac_hybrid_reeds_shepp,forward,0.07155399286952668,full_grid_fallback,IN_PLACE_ROTATION_FORBIDDEN_OR_HARD_RADIUS,[]
q03_center_hard_l3_1_1787300429557377462,q03,center,35,kinematic,smac_hybrid_reeds_shepp,forward,0.07155557215221632,full_grid_fallback,IN_PLACE_ROTATION_FORBIDDEN_OR_HARD_RADIUS,[]
q03_center_hard_l3_1_1787300429557377462,q03,center,36,kinematic,smac_hybrid_reeds_shepp,forward,0.07155750939947908,full_grid_fallback,IN_PLACE_ROTATION_FORBIDDEN_OR_HARD_RADIUS,[]
q03_center_hard_l3_1_1787300429557377462,q03,center,37,kinematic,smac_hybrid_reeds_shepp,forward,0.07155557215221632,full_grid_fallback,IN_PLACE_ROTATION_FORBIDDEN_OR_HARD_RADIUS,[]
q03_center_hard_l3_1_1787300429557377462,q03,center,38,kinematic,smac_hybrid_reeds_shepp,forward,0.07154839251119553,full_grid_fallback,IN_PLACE_ROTATION_FORBIDDEN_OR_HARD_RADIUS,[]
q03_center_hard_l3_1_1787300429557377462,q03,center,39,kinematic,smac_hybrid_reeds_shepp,forward,0.07146112640737745,full_grid_fallback,IN_PLACE_ROTATION_FORBIDDEN_OR_HARD_RADIUS,[]
q03_center_hard_l3_1_1787300429557377462,q03,center,40,kinematic,smac_hybrid_reeds_shepp,forward,0.07146073151921603,full_grid_fallback,IN_PLACE_ROTATION_FORBIDDEN_OR_HARD_RADIUS,[]
q03_center_hard_l3_2_1787300429795629311,q03,center,0,grid,grid_astar,mixed,52.017872995219875,full_grid_fallback,,
q03_center_hard_l3_2_1787300429795629311,q03,center,1,kinematic,smac_hybrid_reeds_shepp,forward,0.07255845646486697,full_grid_fallback,IN_PLACE_ROTATION_FORBIDDEN_OR_HARD_RADIUS,[]
q03_center_hard_l3_2_1787300429795629311,q03,center,2,kinematic,smac_hybrid_reeds_shepp,forward,0.07255650448301988,full_grid_fallback,IN_PLACE_ROTATION_FORBIDDEN_OR_HARD_RADIUS,[]
q03_center_hard_l3_2_1787300429795629311,q03,center,3,kinematic,smac_hybrid_reeds_shepp,forward,0.07264157173145312,full_grid_fallback,IN_PLACE_ROTATION_FORBIDDEN_OR_HARD_RADIUS,[]
q03_center_hard_l3_2_1787300429795629311,q03,center,4,kinematic,smac_hybrid_reeds_shepp,forward,0.07265718404960464,full_grid_fallback,IN_PLACE_ROTATION_FORBIDDEN_OR_HARD_RADIUS,[]
q03_center_hard_l3_2_1787300429795629311,q03,center,5,kinematic,smac_hybrid_reeds_shepp,forward,0.07265718404960464,full_grid_fallback,IN_PLACE_ROTATION_FORBIDDEN_OR_HARD_RADIUS,[]
q03_center_hard_l3_2_1787300429795629311,q03,center,6,kinematic,smac_hybrid_reeds_shepp,forward,0.07265718404960464,full_grid_fallback,IN_PLACE_ROTATION_FORBIDDEN_OR_HARD_RADIUS,[]
q03_center_hard_l3_2_1787300429795629311,q03,center,7,kinematic,smac_hybrid_reeds_shepp,forward,0.07265718404960464,full_grid_fallback,IN_PLACE_ROTATION_FORBIDDEN_OR_HARD_RADIUS,[]
q03_center_hard_l3_2_1787300429795629311,q03,center,8,kinematic,smac_hybrid_reeds_shepp,forward,0.07262554409941707,full_grid_fallback,IN_PLACE_ROTATION_FORBIDDEN_OR_HARD_RADIUS,[]
q03_center_hard_l3_2_1787300429795629311,q03,center,9,kinematic,smac_hybrid_reeds_shepp,forward,0.07255705462439858,full_grid_fallback,IN_PLACE_ROTATION_FORBIDDEN_OR_HARD_RADIUS,[]
q03_center_hard_l3_2_1787300429795629311,q03,center,10,kinematic,smac_hybrid_reeds_shepp,forward,0.0725593093133102,full_grid_fallback,IN_PLACE_ROTATION_FORBIDDEN_OR_HARD_RADIUS,[]
q03_center_hard_l3_2_1787300429795629311,q03,center,11,kinematic,smac_hybrid_reeds_shepp,forward,0.0725573956047061,full_grid_fallback,IN_PLACE_ROTATION_FORBIDDEN_OR_HARD_RADIUS,[]
q03_center_hard_l3_2_1787300429795629311,q03,center,12,kinematic,smac_hybrid_reeds_shepp,forward,0.07255582963637619,full_grid_fallback,IN_PLACE_ROTATION_FORBIDDEN_OR_HARD_RADIUS,[]
q03_center_hard_l3_2_1787300429795629311,q03,center,13,kinematic,smac_hybrid_reeds_shepp,forward,0.07255894934561731,full_grid_fallback,IN_PLACE_ROTATION_FORBIDDEN_OR_HARD_RADIUS,[]
q03_center_hard_l3_2_1787300429795629311,q03,center,14,kinematic,smac_hybrid_reeds_shepp,forward,0.07255817857619713,full_grid_fallback,IN_PLACE_ROTATION_FORBIDDEN_OR_HARD_RADIUS,[]
q03_center_hard_l3_2_1787300429795629311,q03,center,15,kinematic,smac_hybrid_reeds_shepp,forward,0.07255650891137941,full_grid_fallback,IN_PLACE_ROTATION_FORBIDDEN_OR_HARD_RADIUS,[]
q03_center_hard_l3_2_1787300429795629311,q03,center,16,kinematic,smac_hybrid_reeds_shepp,forward,0.0725579772506461,full_grid_fallback,IN_PLACE_ROTATION_FORBIDDEN_OR_HARD_RADIUS,[]
q03_center_hard_l3_2_1787300429795629311,q03,center,17,kinematic,smac_hybrid_reeds_shepp,reverse,0.05292038333958895,full_grid_fallback,IN_PLACE_ROTATION_FORBIDDEN_OR_HARD_RADIUS,[]
q03_center_hard_l3_2_1787300429795629311,q03,center,18,kinematic,smac_hybrid_reeds_shepp,reverse,0.07255723868850161,full_grid_fallback,IN_PLACE_ROTATION_FORBIDDEN_OR_HARD_RADIUS,[]
q03_center_hard_l3_2_1787300429795629311,q03,center,19,kinematic,smac_hybrid_reeds_shepp,reverse,0.07255905851054935,full_grid_fallback,IN_PLACE_ROTATION_FORBIDDEN_OR_HARD_RADIUS,[]
q03_center_hard_l3_2_1787300429795629311,q03,center,20,kinematic,smac_hybrid_reeds_shepp,reverse,0.0714608944312105,full_grid_fallback,IN_PLACE_ROTATION_FORBIDDEN_OR_HARD_RADIUS,[]
q03_center_hard_l3_2_1787300429795629311,q03,center,21,kinematic,smac_hybrid_reeds_shepp,reverse,0.07146101473439963,full_grid_fallback,IN_PLACE_ROTATION_FORBIDDEN_OR_HARD_RADIUS,[]
q03_center_hard_l3_2_1787300429795629311,q03,center,22,kinematic,smac_hybrid_reeds_shepp,reverse,0.07146130085227473,full_grid_fallback,IN_PLACE_ROTATION_FORBIDDEN_OR_HARD_RADIUS,[]
q03_center_hard_l3_2_1787300429795629311,q03,center,23,kinematic,smac_hybrid_reeds_shepp,reverse,0.07146092987992507,full_grid_fallback,IN_PLACE_ROTATION_FORBIDDEN_OR_HARD_RADIUS,[]
q03_center_hard_l3_2_1787300429795629311,q03,center,24,kinematic,smac_hybrid_reeds_shepp,reverse,0.07146158362535532,full_grid_fallback,IN_PLACE_ROTATION_FORBIDDEN_OR_HARD_RADIUS,[]
q03_center_hard_l3_2_1787300429795629311,q03,center,25,kinematic,smac_hybrid_reeds_shepp,forward,0.011303830675057414,full_grid_fallback,IN_PLACE_ROTATION_FORBIDDEN_OR_HARD_RADIUS,[]
q03_center_hard_l3_2_1787300429795629311,q03,center,26,kinematic,smac_hybrid_reeds_shepp,forward,0.07146186437321586,full_grid_fallback,IN_PLACE_ROTATION_FORBIDDEN_OR_HARD_RADIUS,[]
q03_center_hard_l3_2_1787300429795629311,q03,center,27,kinematic,smac_hybrid_reeds_shepp,forward,0.07146061170020254,full_grid_fallback,IN_PLACE_ROTATION_FORBIDDEN_OR_HARD_RADIUS,[]
q03_center_hard_l3_2_1787300429795629311,q03,center,28,kinematic,smac_hybrid_reeds_shepp,forward,0.07146287122408307,full_grid_fallback,IN_PLACE_ROTATION_FORBIDDEN_OR_HARD_RADIUS,[]
q03_center_hard_l3_2_1787300429795629311,q03,center,29,kinematic,smac_hybrid_reeds_shepp,forward,0.07146013931320994,full_grid_fallback,IN_PLACE_ROTATION_FORBIDDEN_OR_HARD_RADIUS,[]
q03_center_hard_l3_2_1787300429795629311,q03,center,30,kinematic,smac_hybrid_reeds_shepp,forward,0.07145977517706274,full_grid_fallback,IN_PLACE_ROTATION_FORBIDDEN_OR_HARD_RADIUS,[]
q03_center_hard_l3_2_1787300429795629311,q03,center,31,kinematic,smac_hybrid_reeds_shepp,forward,0.07146275884927425,full_grid_fallback,IN_PLACE_ROTATION_FORBIDDEN_OR_HARD_RADIUS,[]
q03_center_hard_l3_2_1787300429795629311,q03,center,32,kinematic,smac_hybrid_reeds_shepp,forward,0.07145958991524347,full_grid_fallback,IN_PLACE_ROTATION_FORBIDDEN_OR_HARD_RADIUS,[]
q03_center_hard_l3_2_1787300429795629311,q03,center,33,kinematic,smac_hybrid_reeds_shepp,forward,0.07146138961606747,full_grid_fallback,IN_PLACE_ROTATION_FORBIDDEN_OR_HARD_RADIUS,[]
q03_center_hard_l3_2_1787300429795629311,q03,center,34,kinematic,smac_hybrid_reeds_shepp,forward,0.07155399286952668,full_grid_fallback,IN_PLACE_ROTATION_FORBIDDEN_OR_HARD_RADIUS,[]
q03_center_hard_l3_2_1787300429795629311,q03,center,35,kinematic,smac_hybrid_reeds_shepp,forward,0.07155557215221632,full_grid_fallback,IN_PLACE_ROTATION_FORBIDDEN_OR_HARD_RADIUS,[]
q03_center_hard_l3_2_1787300429795629311,q03,center,36,kinematic,smac_hybrid_reeds_shepp,forward,0.07155750939947908,full_grid_fallback,IN_PLACE_ROTATION_FORBIDDEN_OR_HARD_RADIUS,[]
q03_center_hard_l3_2_1787300429795629311,q03,center,37,kinematic,smac_hybrid_reeds_shepp,forward,0.07155557215221632,full_grid_fallback,IN_PLACE_ROTATION_FORBIDDEN_OR_HARD_RADIUS,[]
q03_center_hard_l3_2_1787300429795629311,q03,center,38,kinematic,smac_hybrid_reeds_shepp,forward,0.07154839251119553,full_grid_fallback,IN_PLACE_ROTATION_FORBIDDEN_OR_HARD_RADIUS,[]
q03_center_hard_l3_2_1787300429795629311,q03,center,39,kinematic,smac_hybrid_reeds_shepp,forward,0.07146112640737745,full_grid_fallback,IN_PLACE_ROTATION_FORBIDDEN_OR_HARD_RADIUS,[]
q03_center_hard_l3_2_1787300429795629311,q03,center,40,kinematic,smac_hybrid_reeds_shepp,forward,0.07146073151921603,full_grid_fallback,IN_PLACE_ROTATION_FORBIDDEN_OR_HARD_RADIUS,[]
q03_center_hard_l3_3_1787300430041872683,q03,center,0,grid,grid_astar,mixed,52.017872995219875,full_grid_fallback,,
q03_center_hard_l3_3_1787300430041872683,q03,center,1,kinematic,smac_hybrid_reeds_shepp,forward,0.07255845646486697,full_grid_fallback,IN_PLACE_ROTATION_FORBIDDEN_OR_HARD_RADIUS,[]
q03_center_hard_l3_3_1787300430041872683,q03,center,2,kinematic,smac_hybrid_reeds_shepp,forward,0.07255650448301988,full_grid_fallback,IN_PLACE_ROTATION_FORBIDDEN_OR_HARD_RADIUS,[]
q03_center_hard_l3_3_1787300430041872683,q03,center,3,kinematic,smac_hybrid_reeds_shepp,forward,0.07264157173145312,full_grid_fallback,IN_PLACE_ROTATION_FORBIDDEN_OR_HARD_RADIUS,[]
q03_center_hard_l3_3_1787300430041872683,q03,center,4,kinematic,smac_hybrid_reeds_shepp,forward,0.07265718404960464,full_grid_fallback,IN_PLACE_ROTATION_FORBIDDEN_OR_HARD_RADIUS,[]
q03_center_hard_l3_3_1787300430041872683,q03,center,5,kinematic,smac_hybrid_reeds_shepp,forward,0.07265718404960464,full_grid_fallback,IN_PLACE_ROTATION_FORBIDDEN_OR_HARD_RADIUS,[]
q03_center_hard_l3_3_1787300430041872683,q03,center,6,kinematic,smac_hybrid_reeds_shepp,forward,0.07265718404960464,full_grid_fallback,IN_PLACE_ROTATION_FORBIDDEN_OR_HARD_RADIUS,[]
q03_center_hard_l3_3_1787300430041872683,q03,center,7,kinematic,smac_hybrid_reeds_shepp,forward,0.07265718404960464,full_grid_fallback,IN_PLACE_ROTATION_FORBIDDEN_OR_HARD_RADIUS,[]
q03_center_hard_l3_3_1787300430041872683,q03,center,8,kinematic,smac_hybrid_reeds_shepp,forward,0.07262554409941707,full_grid_fallback,IN_PLACE_ROTATION_FORBIDDEN_OR_HARD_RADIUS,[]
q03_center_hard_l3_3_1787300430041872683,q03,center,9,kinematic,smac_hybrid_reeds_shepp,forward,0.07255705462439858,full_grid_fallback,IN_PLACE_ROTATION_FORBIDDEN_OR_HARD_RADIUS,[]
q03_center_hard_l3_3_1787300430041872683,q03,center,10,kinematic,smac_hybrid_reeds_shepp,forward,0.0725593093133102,full_grid_fallback,IN_PLACE_ROTATION_FORBIDDEN_OR_HARD_RADIUS,[]
q03_center_hard_l3_3_1787300430041872683,q03,center,11,kinematic,smac_hybrid_reeds_shepp,forward,0.0725573956047061,full_grid_fallback,IN_PLACE_ROTATION_FORBIDDEN_OR_HARD_RADIUS,[]
q03_center_hard_l3_3_1787300430041872683,q03,center,12,kinematic,smac_hybrid_reeds_shepp,forward,0.07255582963637619,full_grid_fallback,IN_PLACE_ROTATION_FORBIDDEN_OR_HARD_RADIUS,[]
q03_center_hard_l3_3_1787300430041872683,q03,center,13,kinematic,smac_hybrid_reeds_shepp,forward,0.07255894934561731,full_grid_fallback,IN_PLACE_ROTATION_FORBIDDEN_OR_HARD_RADIUS,[]
q03_center_hard_l3_3_1787300430041872683,q03,center,14,kinematic,smac_hybrid_reeds_shepp,forward,0.07255817857619713,full_grid_fallback,IN_PLACE_ROTATION_FORBIDDEN_OR_HARD_RADIUS,[]
q03_center_hard_l3_3_1787300430041872683,q03,center,15,kinematic,smac_hybrid_reeds_shepp,forward,0.07255650891137941,full_grid_fallback,IN_PLACE_ROTATION_FORBIDDEN_OR_HARD_RADIUS,[]
q03_center_hard_l3_3_1787300430041872683,q03,center,16,kinematic,smac_hybrid_reeds_shepp,forward,0.0725579772506461,full_grid_fallback,IN_PLACE_ROTATION_FORBIDDEN_OR_HARD_RADIUS,[]
q03_center_hard_l3_3_1787300430041872683,q03,center,17,kinematic,smac_hybrid_reeds_shepp,reverse,0.05292038333958895,full_grid_fallback,IN_PLACE_ROTATION_FORBIDDEN_OR_HARD_RADIUS,[]
q03_center_hard_l3_3_1787300430041872683,q03,center,18,kinematic,smac_hybrid_reeds_shepp,reverse,0.07255723868850161,full_grid_fallback,IN_PLACE_ROTATION_FORBIDDEN_OR_HARD_RADIUS,[]
q03_center_hard_l3_3_1787300430041872683,q03,center,19,kinematic,smac_hybrid_reeds_shepp,reverse,0.07255905851054935,full_grid_fallback,IN_PLACE_ROTATION_FORBIDDEN_OR_HARD_RADIUS,[]
q03_center_hard_l3_3_1787300430041872683,q03,center,20,kinematic,smac_hybrid_reeds_shepp,reverse,0.0714608944312105,full_grid_fallback,IN_PLACE_ROTATION_FORBIDDEN_OR_HARD_RADIUS,[]
q03_center_hard_l3_3_1787300430041872683,q03,center,21,kinematic,smac_hybrid_reeds_shepp,reverse,0.07146101473439963,full_grid_fallback,IN_PLACE_ROTATION_FORBIDDEN_OR_HARD_RADIUS,[]
q03_center_hard_l3_3_1787300430041872683,q03,center,22,kinematic,smac_hybrid_reeds_shepp,reverse,0.07146130085227473,full_grid_fallback,IN_PLACE_ROTATION_FORBIDDEN_OR_HARD_RADIUS,[]
q03_center_hard_l3_3_1787300430041872683,q03,center,23,kinematic,smac_hybrid_reeds_shepp,reverse,0.07146092987992507,full_grid_fallback,IN_PLACE_ROTATION_FORBIDDEN_OR_HARD_RADIUS,[]
q03_center_hard_l3_3_1787300430041872683,q03,center,24,kinematic,smac_hybrid_reeds_shepp,reverse,0.07146158362535532,full_grid_fallback,IN_PLACE_ROTATION_FORBIDDEN_OR_HARD_RADIUS,[]
q03_center_hard_l3_3_1787300430041872683,q03,center,25,kinematic,smac_hybrid_reeds_shepp,forward,0.011303830675057414,full_grid_fallback,IN_PLACE_ROTATION_FORBIDDEN_OR_HARD_RADIUS,[]
q03_center_hard_l3_3_1787300430041872683,q03,center,26,kinematic,smac_hybrid_reeds_shepp,forward,0.07146186437321586,full_grid_fallback,IN_PLACE_ROTATION_FORBIDDEN_OR_HARD_RADIUS,[]
q03_center_hard_l3_3_1787300430041872683,q03,center,27,kinematic,smac_hybrid_reeds_shepp,forward,0.07146061170020254,full_grid_fallback,IN_PLACE_ROTATION_FORBIDDEN_OR_HARD_RADIUS,[]
q03_center_hard_l3_3_1787300430041872683,q03,center,28,kinematic,smac_hybrid_reeds_shepp,forward,0.07146287122408307,full_grid_fallback,IN_PLACE_ROTATION_FORBIDDEN_OR_HARD_RADIUS,[]
q03_center_hard_l3_3_1787300430041872683,q03,center,29,kinematic,smac_hybrid_reeds_shepp,forward,0.07146013931320994,full_grid_fallback,IN_PLACE_ROTATION_FORBIDDEN_OR_HARD_RADIUS,[]
q03_center_hard_l3_3_1787300430041872683,q03,center,30,kinematic,smac_hybrid_reeds_shepp,forward,0.07145977517706274,full_grid_fallback,IN_PLACE_ROTATION_FORBIDDEN_OR_HARD_RADIUS,[]
q03_center_hard_l3_3_1787300430041872683,q03,center,31,kinematic,smac_hybrid_reeds_shepp,forward,0.07146275884927425,full_grid_fallback,IN_PLACE_ROTATION_FORBIDDEN_OR_HARD_RADIUS,[]
q03_center_hard_l3_3_1787300430041872683,q03,center,32,kinematic,smac_hybrid_reeds_shepp,forward,0.07145958991524347,full_grid_fallback,IN_PLACE_ROTATION_FORBIDDEN_OR_HARD_RADIUS,[]
q03_center_hard_l3_3_1787300430041872683,q03,center,33,kinematic,smac_hybrid_reeds_shepp,forward,0.07146138961606747,full_grid_fallback,IN_PLACE_ROTATION_FORBIDDEN_OR_HARD_RADIUS,[]
q03_center_hard_l3_3_1787300430041872683,q03,center,34,kinematic,smac_hybrid_reeds_shepp,forward,0.07155399286952668,full_grid_fallback,IN_PLACE_ROTATION_FORBIDDEN_OR_HARD_RADIUS,[]
q03_center_hard_l3_3_1787300430041872683,q03,center,35,kinematic,smac_hybrid_reeds_shepp,forward,0.07155557215221632,full_grid_fallback,IN_PLACE_ROTATION_FORBIDDEN_OR_HARD_RADIUS,[]
q03_center_hard_l3_3_1787300430041872683,q03,center,36,kinematic,smac_hybrid_reeds_shepp,forward,0.07155750939947908,full_grid_fallback,IN_PLACE_ROTATION_FORBIDDEN_OR_HARD_RADIUS,[]
q03_center_hard_l3_3_1787300430041872683,q03,center,37,kinematic,smac_hybrid_reeds_shepp,forward,0.07155557215221632,full_grid_fallback,IN_PLACE_ROTATION_FORBIDDEN_OR_HARD_RADIUS,[]
q03_center_hard_l3_3_1787300430041872683,q03,center,38,kinematic,smac_hybrid_reeds_shepp,forward,0.07154839251119553,full_grid_fallback,IN_PLACE_ROTATION_FORBIDDEN_OR_HARD_RADIUS,[]
q03_center_hard_l3_3_1787300430041872683,q03,center,39,kinematic,smac_hybrid_reeds_shepp,forward,0.07146112640737745,full_grid_fallback,IN_PLACE_ROTATION_FORBIDDEN_OR_HARD_RADIUS,[]
q03_center_hard_l3_3_1787300430041872683,q03,center,40,kinematic,smac_hybrid_reeds_shepp,forward,0.07146073151921603,full_grid_fallback,IN_PLACE_ROTATION_FORBIDDEN_OR_HARD_RADIUS,[]
q03_center_hard_l3_4_1787300430284224070,q03,center,0,grid,grid_astar,mixed,52.017872995219875,full_grid_fallback,,
q03_center_hard_l3_4_1787300430284224070,q03,center,1,kinematic,smac_hybrid_reeds_shepp,forward,0.07255845646486697,full_grid_fallback,IN_PLACE_ROTATION_FORBIDDEN_OR_HARD_RADIUS,[]
q03_center_hard_l3_4_1787300430284224070,q03,center,2,kinematic,smac_hybrid_reeds_shepp,forward,0.07255650448301988,full_grid_fallback,IN_PLACE_ROTATION_FORBIDDEN_OR_HARD_RADIUS,[]
q03_center_hard_l3_4_1787300430284224070,q03,center,3,kinematic,smac_hybrid_reeds_shepp,forward,0.07264157173145312,full_grid_fallback,IN_PLACE_ROTATION_FORBIDDEN_OR_HARD_RADIUS,[]
q03_center_hard_l3_4_1787300430284224070,q03,center,4,kinematic,smac_hybrid_reeds_shepp,forward,0.07265718404960464,full_grid_fallback,IN_PLACE_ROTATION_FORBIDDEN_OR_HARD_RADIUS,[]
q03_center_hard_l3_4_1787300430284224070,q03,center,5,kinematic,smac_hybrid_reeds_shepp,forward,0.07265718404960464,full_grid_fallback,IN_PLACE_ROTATION_FORBIDDEN_OR_HARD_RADIUS,[]
q03_center_hard_l3_4_1787300430284224070,q03,center,6,kinematic,smac_hybrid_reeds_shepp,forward,0.07265718404960464,full_grid_fallback,IN_PLACE_ROTATION_FORBIDDEN_OR_HARD_RADIUS,[]
q03_center_hard_l3_4_1787300430284224070,q03,center,7,kinematic,smac_hybrid_reeds_shepp,forward,0.07265718404960464,full_grid_fallback,IN_PLACE_ROTATION_FORBIDDEN_OR_HARD_RADIUS,[]
q03_center_hard_l3_4_1787300430284224070,q03,center,8,kinematic,smac_hybrid_reeds_shepp,forward,0.07262554409941707,full_grid_fallback,IN_PLACE_ROTATION_FORBIDDEN_OR_HARD_RADIUS,[]
q03_center_hard_l3_4_1787300430284224070,q03,center,9,kinematic,smac_hybrid_reeds_shepp,forward,0.07255705462439858,full_grid_fallback,IN_PLACE_ROTATION_FORBIDDEN_OR_HARD_RADIUS,[]
q03_center_hard_l3_4_1787300430284224070,q03,center,10,kinematic,smac_hybrid_reeds_shepp,forward,0.0725593093133102,full_grid_fallback,IN_PLACE_ROTATION_FORBIDDEN_OR_HARD_RADIUS,[]
q03_center_hard_l3_4_1787300430284224070,q03,center,11,kinematic,smac_hybrid_reeds_shepp,forward,0.0725573956047061,full_grid_fallback,IN_PLACE_ROTATION_FORBIDDEN_OR_HARD_RADIUS,[]
q03_center_hard_l3_4_1787300430284224070,q03,center,12,kinematic,smac_hybrid_reeds_shepp,forward,0.07255582963637619,full_grid_fallback,IN_PLACE_ROTATION_FORBIDDEN_OR_HARD_RADIUS,[]
q03_center_hard_l3_4_1787300430284224070,q03,center,13,kinematic,smac_hybrid_reeds_shepp,forward,0.07255894934561731,full_grid_fallback,IN_PLACE_ROTATION_FORBIDDEN_OR_HARD_RADIUS,[]
q03_center_hard_l3_4_1787300430284224070,q03,center,14,kinematic,smac_hybrid_reeds_shepp,forward,0.07255817857619713,full_grid_fallback,IN_PLACE_ROTATION_FORBIDDEN_OR_HARD_RADIUS,[]
q03_center_hard_l3_4_1787300430284224070,q03,center,15,kinematic,smac_hybrid_reeds_shepp,forward,0.07255650891137941,full_grid_fallback,IN_PLACE_ROTATION_FORBIDDEN_OR_HARD_RADIUS,[]
q03_center_hard_l3_4_1787300430284224070,q03,center,16,kinematic,smac_hybrid_reeds_shepp,forward,0.0725579772506461,full_grid_fallback,IN_PLACE_ROTATION_FORBIDDEN_OR_HARD_RADIUS,[]
q03_center_hard_l3_4_1787300430284224070,q03,center,17,kinematic,smac_hybrid_reeds_shepp,reverse,0.05292038333958895,full_grid_fallback,IN_PLACE_ROTATION_FORBIDDEN_OR_HARD_RADIUS,[]
q03_center_hard_l3_4_1787300430284224070,q03,center,18,kinematic,smac_hybrid_reeds_shepp,reverse,0.07255723868850161,full_grid_fallback,IN_PLACE_ROTATION_FORBIDDEN_OR_HARD_RADIUS,[]
q03_center_hard_l3_4_1787300430284224070,q03,center,19,kinematic,smac_hybrid_reeds_shepp,reverse,0.07255905851054935,full_grid_fallback,IN_PLACE_ROTATION_FORBIDDEN_OR_HARD_RADIUS,[]
q03_center_hard_l3_4_1787300430284224070,q03,center,20,kinematic,smac_hybrid_reeds_shepp,reverse,0.0714608944312105,full_grid_fallback,IN_PLACE_ROTATION_FORBIDDEN_OR_HARD_RADIUS,[]
q03_center_hard_l3_4_1787300430284224070,q03,center,21,kinematic,smac_hybrid_reeds_shepp,reverse,0.07146101473439963,full_grid_fallback,IN_PLACE_ROTATION_FORBIDDEN_OR_HARD_RADIUS,[]
q03_center_hard_l3_4_1787300430284224070,q03,center,22,kinematic,smac_hybrid_reeds_shepp,reverse,0.07146130085227473,full_grid_fallback,IN_PLACE_ROTATION_FORBIDDEN_OR_HARD_RADIUS,[]
q03_center_hard_l3_4_1787300430284224070,q03,center,23,kinematic,smac_hybrid_reeds_shepp,reverse,0.07146092987992507,full_grid_fallback,IN_PLACE_ROTATION_FORBIDDEN_OR_HARD_RADIUS,[]
q03_center_hard_l3_4_1787300430284224070,q03,center,24,kinematic,smac_hybrid_reeds_shepp,reverse,0.07146158362535532,full_grid_fallback,IN_PLACE_ROTATION_FORBIDDEN_OR_HARD_RADIUS,[]
q03_center_hard_l3_4_1787300430284224070,q03,center,25,kinematic,smac_hybrid_reeds_shepp,forward,0.011303830675057414,full_grid_fallback,IN_PLACE_ROTATION_FORBIDDEN_OR_HARD_RADIUS,[]
q03_center_hard_l3_4_1787300430284224070,q03,center,26,kinematic,smac_hybrid_reeds_shepp,forward,0.07146186437321586,full_grid_fallback,IN_PLACE_ROTATION_FORBIDDEN_OR_HARD_RADIUS,[]
q03_center_hard_l3_4_1787300430284224070,q03,center,27,kinematic,smac_hybrid_reeds_shepp,forward,0.07146061170020254,full_grid_fallback,IN_PLACE_ROTATION_FORBIDDEN_OR_HARD_RADIUS,[]
q03_center_hard_l3_4_1787300430284224070,q03,center,28,kinematic,smac_hybrid_reeds_shepp,forward,0.07146287122408307,full_grid_fallback,IN_PLACE_ROTATION_FORBIDDEN_OR_HARD_RADIUS,[]
q03_center_hard_l3_4_1787300430284224070,q03,center,29,kinematic,smac_hybrid_reeds_shepp,forward,0.07146013931320994,full_grid_fallback,IN_PLACE_ROTATION_FORBIDDEN_OR_HARD_RADIUS,[]
q03_center_hard_l3_4_1787300430284224070,q03,center,30,kinematic,smac_hybrid_reeds_shepp,forward,0.07145977517706274,full_grid_fallback,IN_PLACE_ROTATION_FORBIDDEN_OR_HARD_RADIUS,[]
q03_center_hard_l3_4_1787300430284224070,q03,center,31,kinematic,smac_hybrid_reeds_shepp,forward,0.07146275884927425,full_grid_fallback,IN_PLACE_ROTATION_FORBIDDEN_OR_HARD_RADIUS,[]
q03_center_hard_l3_4_1787300430284224070,q03,center,32,kinematic,smac_hybrid_reeds_shepp,forward,0.07145958991524347,full_grid_fallback,IN_PLACE_ROTATION_FORBIDDEN_OR_HARD_RADIUS,[]
q03_center_hard_l3_4_1787300430284224070,q03,center,33,kinematic,smac_hybrid_reeds_shepp,forward,0.07146138961606747,full_grid_fallback,IN_PLACE_ROTATION_FORBIDDEN_OR_HARD_RADIUS,[]
q03_center_hard_l3_4_1787300430284224070,q03,center,34,kinematic,smac_hybrid_reeds_shepp,forward,0.07155399286952668,full_grid_fallback,IN_PLACE_ROTATION_FORBIDDEN_OR_HARD_RADIUS,[]
q03_center_hard_l3_4_1787300430284224070,q03,center,35,kinematic,smac_hybrid_reeds_shepp,forward,0.07155557215221632,full_grid_fallback,IN_PLACE_ROTATION_FORBIDDEN_OR_HARD_RADIUS,[]
q03_center_hard_l3_4_1787300430284224070,q03,center,36,kinematic,smac_hybrid_reeds_shepp,forward,0.07155750939947908,full_grid_fallback,IN_PLACE_ROTATION_FORBIDDEN_OR_HARD_RADIUS,[]
q03_center_hard_l3_4_1787300430284224070,q03,center,37,kinematic,smac_hybrid_reeds_shepp,forward,0.07155557215221632,full_grid_fallback,IN_PLACE_ROTATION_FORBIDDEN_OR_HARD_RADIUS,[]
q03_center_hard_l3_4_1787300430284224070,q03,center,38,kinematic,smac_hybrid_reeds_shepp,forward,0.07154839251119553,full_grid_fallback,IN_PLACE_ROTATION_FORBIDDEN_OR_HARD_RADIUS,[]
q03_center_hard_l3_4_1787300430284224070,q03,center,39,kinematic,smac_hybrid_reeds_shepp,forward,0.07146112640737745,full_grid_fallback,IN_PLACE_ROTATION_FORBIDDEN_OR_HARD_RADIUS,[]
q03_center_hard_l3_4_1787300430284224070,q03,center,40,kinematic,smac_hybrid_reeds_shepp,forward,0.07146073151921603,full_grid_fallback,IN_PLACE_ROTATION_FORBIDDEN_OR_HARD_RADIUS,[]
q03_center_hard_l3_5_1787300430541948174,q03,center,0,grid,grid_astar,mixed,52.017872995219875,full_grid_fallback,,
q03_center_hard_l3_5_1787300430541948174,q03,center,1,kinematic,smac_hybrid_reeds_shepp,forward,0.07255845646486697,full_grid_fallback,IN_PLACE_ROTATION_FORBIDDEN_OR_HARD_RADIUS,[]
q03_center_hard_l3_5_1787300430541948174,q03,center,2,kinematic,smac_hybrid_reeds_shepp,forward,0.07255650448301988,full_grid_fallback,IN_PLACE_ROTATION_FORBIDDEN_OR_HARD_RADIUS,[]
q03_center_hard_l3_5_1787300430541948174,q03,center,3,kinematic,smac_hybrid_reeds_shepp,forward,0.07264157173145312,full_grid_fallback,IN_PLACE_ROTATION_FORBIDDEN_OR_HARD_RADIUS,[]
q03_center_hard_l3_5_1787300430541948174,q03,center,4,kinematic,smac_hybrid_reeds_shepp,forward,0.07265718404960464,full_grid_fallback,IN_PLACE_ROTATION_FORBIDDEN_OR_HARD_RADIUS,[]
q03_center_hard_l3_5_1787300430541948174,q03,center,5,kinematic,smac_hybrid_reeds_shepp,forward,0.07265718404960464,full_grid_fallback,IN_PLACE_ROTATION_FORBIDDEN_OR_HARD_RADIUS,[]
q03_center_hard_l3_5_1787300430541948174,q03,center,6,kinematic,smac_hybrid_reeds_shepp,forward,0.07265718404960464,full_grid_fallback,IN_PLACE_ROTATION_FORBIDDEN_OR_HARD_RADIUS,[]
q03_center_hard_l3_5_1787300430541948174,q03,center,7,kinematic,smac_hybrid_reeds_shepp,forward,0.07265718404960464,full_grid_fallback,IN_PLACE_ROTATION_FORBIDDEN_OR_HARD_RADIUS,[]
q03_center_hard_l3_5_1787300430541948174,q03,center,8,kinematic,smac_hybrid_reeds_shepp,forward,0.07262554409941707,full_grid_fallback,IN_PLACE_ROTATION_FORBIDDEN_OR_HARD_RADIUS,[]
q03_center_hard_l3_5_1787300430541948174,q03,center,9,kinematic,smac_hybrid_reeds_shepp,forward,0.07255705462439858,full_grid_fallback,IN_PLACE_ROTATION_FORBIDDEN_OR_HARD_RADIUS,[]
q03_center_hard_l3_5_1787300430541948174,q03,center,10,kinematic,smac_hybrid_reeds_shepp,forward,0.0725593093133102,full_grid_fallback,IN_PLACE_ROTATION_FORBIDDEN_OR_HARD_RADIUS,[]
q03_center_hard_l3_5_1787300430541948174,q03,center,11,kinematic,smac_hybrid_reeds_shepp,forward,0.0725573956047061,full_grid_fallback,IN_PLACE_ROTATION_FORBIDDEN_OR_HARD_RADIUS,[]
q03_center_hard_l3_5_1787300430541948174,q03,center,12,kinematic,smac_hybrid_reeds_shepp,forward,0.07255582963637619,full_grid_fallback,IN_PLACE_ROTATION_FORBIDDEN_OR_HARD_RADIUS,[]
q03_center_hard_l3_5_1787300430541948174,q03,center,13,kinematic,smac_hybrid_reeds_shepp,forward,0.07255894934561731,full_grid_fallback,IN_PLACE_ROTATION_FORBIDDEN_OR_HARD_RADIUS,[]
q03_center_hard_l3_5_1787300430541948174,q03,center,14,kinematic,smac_hybrid_reeds_shepp,forward,0.07255817857619713,full_grid_fallback,IN_PLACE_ROTATION_FORBIDDEN_OR_HARD_RADIUS,[]
q03_center_hard_l3_5_1787300430541948174,q03,center,15,kinematic,smac_hybrid_reeds_shepp,forward,0.07255650891137941,full_grid_fallback,IN_PLACE_ROTATION_FORBIDDEN_OR_HARD_RADIUS,[]
q03_center_hard_l3_5_1787300430541948174,q03,center,16,kinematic,smac_hybrid_reeds_shepp,forward,0.0725579772506461,full_grid_fallback,IN_PLACE_ROTATION_FORBIDDEN_OR_HARD_RADIUS,[]
q03_center_hard_l3_5_1787300430541948174,q03,center,17,kinematic,smac_hybrid_reeds_shepp,reverse,0.05292038333958895,full_grid_fallback,IN_PLACE_ROTATION_FORBIDDEN_OR_HARD_RADIUS,[]
q03_center_hard_l3_5_1787300430541948174,q03,center,18,kinematic,smac_hybrid_reeds_shepp,reverse,0.07255723868850161,full_grid_fallback,IN_PLACE_ROTATION_FORBIDDEN_OR_HARD_RADIUS,[]
q03_center_hard_l3_5_1787300430541948174,q03,center,19,kinematic,smac_hybrid_reeds_shepp,reverse,0.07255905851054935,full_grid_fallback,IN_PLACE_ROTATION_FORBIDDEN_OR_HARD_RADIUS,[]
q03_center_hard_l3_5_1787300430541948174,q03,center,20,kinematic,smac_hybrid_reeds_shepp,reverse,0.0714608944312105,full_grid_fallback,IN_PLACE_ROTATION_FORBIDDEN_OR_HARD_RADIUS,[]
q03_center_hard_l3_5_1787300430541948174,q03,center,21,kinematic,smac_hybrid_reeds_shepp,reverse,0.07146101473439963,full_grid_fallback,IN_PLACE_ROTATION_FORBIDDEN_OR_HARD_RADIUS,[]
q03_center_hard_l3_5_1787300430541948174,q03,center,22,kinematic,smac_hybrid_reeds_shepp,reverse,0.07146130085227473,full_grid_fallback,IN_PLACE_ROTATION_FORBIDDEN_OR_HARD_RADIUS,[]
q03_center_hard_l3_5_1787300430541948174,q03,center,23,kinematic,smac_hybrid_reeds_shepp,reverse,0.07146092987992507,full_grid_fallback,IN_PLACE_ROTATION_FORBIDDEN_OR_HARD_RADIUS,[]
q03_center_hard_l3_5_1787300430541948174,q03,center,24,kinematic,smac_hybrid_reeds_shepp,reverse,0.07146158362535532,full_grid_fallback,IN_PLACE_ROTATION_FORBIDDEN_OR_HARD_RADIUS,[]
q03_center_hard_l3_5_1787300430541948174,q03,center,25,kinematic,smac_hybrid_reeds_shepp,forward,0.011303830675057414,full_grid_fallback,IN_PLACE_ROTATION_FORBIDDEN_OR_HARD_RADIUS,[]
q03_center_hard_l3_5_1787300430541948174,q03,center,26,kinematic,smac_hybrid_reeds_shepp,forward,0.07146186437321586,full_grid_fallback,IN_PLACE_ROTATION_FORBIDDEN_OR_HARD_RADIUS,[]
q03_center_hard_l3_5_1787300430541948174,q03,center,27,kinematic,smac_hybrid_reeds_shepp,forward,0.07146061170020254,full_grid_fallback,IN_PLACE_ROTATION_FORBIDDEN_OR_HARD_RADIUS,[]
q03_center_hard_l3_5_1787300430541948174,q03,center,28,kinematic,smac_hybrid_reeds_shepp,forward,0.07146287122408307,full_grid_fallback,IN_PLACE_ROTATION_FORBIDDEN_OR_HARD_RADIUS,[]
q03_center_hard_l3_5_1787300430541948174,q03,center,29,kinematic,smac_hybrid_reeds_shepp,forward,0.07146013931320994,full_grid_fallback,IN_PLACE_ROTATION_FORBIDDEN_OR_HARD_RADIUS,[]
q03_center_hard_l3_5_1787300430541948174,q03,center,30,kinematic,smac_hybrid_reeds_shepp,forward,0.07145977517706274,full_grid_fallback,IN_PLACE_ROTATION_FORBIDDEN_OR_HARD_RADIUS,[]
q03_center_hard_l3_5_1787300430541948174,q03,center,31,kinematic,smac_hybrid_reeds_shepp,forward,0.07146275884927425,full_grid_fallback,IN_PLACE_ROTATION_FORBIDDEN_OR_HARD_RADIUS,[]
q03_center_hard_l3_5_1787300430541948174,q03,center,32,kinematic,smac_hybrid_reeds_shepp,forward,0.07145958991524347,full_grid_fallback,IN_PLACE_ROTATION_FORBIDDEN_OR_HARD_RADIUS,[]
q03_center_hard_l3_5_1787300430541948174,q03,center,33,kinematic,smac_hybrid_reeds_shepp,forward,0.07146138961606747,full_grid_fallback,IN_PLACE_ROTATION_FORBIDDEN_OR_HARD_RADIUS,[]
q03_center_hard_l3_5_1787300430541948174,q03,center,34,kinematic,smac_hybrid_reeds_shepp,forward,0.07155399286952668,full_grid_fallback,IN_PLACE_ROTATION_FORBIDDEN_OR_HARD_RADIUS,[]
q03_center_hard_l3_5_1787300430541948174,q03,center,35,kinematic,smac_hybrid_reeds_shepp,forward,0.07155557215221632,full_grid_fallback,IN_PLACE_ROTATION_FORBIDDEN_OR_HARD_RADIUS,[]
q03_center_hard_l3_5_1787300430541948174,q03,center,36,kinematic,smac_hybrid_reeds_shepp,forward,0.07155750939947908,full_grid_fallback,IN_PLACE_ROTATION_FORBIDDEN_OR_HARD_RADIUS,[]
q03_center_hard_l3_5_1787300430541948174,q03,center,37,kinematic,smac_hybrid_reeds_shepp,forward,0.07155557215221632,full_grid_fallback,IN_PLACE_ROTATION_FORBIDDEN_OR_HARD_RADIUS,[]
q03_center_hard_l3_5_1787300430541948174,q03,center,38,kinematic,smac_hybrid_reeds_shepp,forward,0.07154839251119553,full_grid_fallback,IN_PLACE_ROTATION_FORBIDDEN_OR_HARD_RADIUS,[]
q03_center_hard_l3_5_1787300430541948174,q03,center,39,kinematic,smac_hybrid_reeds_shepp,forward,0.07146112640737745,full_grid_fallback,IN_PLACE_ROTATION_FORBIDDEN_OR_HARD_RADIUS,[]
q03_center_hard_l3_5_1787300430541948174,q03,center,40,kinematic,smac_hybrid_reeds_shepp,forward,0.07146073151921603,full_grid_fallback,IN_PLACE_ROTATION_FORBIDDEN_OR_HARD_RADIUS,[]
q06_center_hard_l3_1_1787300431189853230,q06,center,0,grid,grid_astar,mixed,25.026346597344833,corridor,,
q06_center_hard_l3_1_1787300431189853230,q06,center,1,kinematic,smac_hybrid_reeds_shepp,forward,0.0707668500046813,corridor,IN_PLACE_ROTATION_FORBIDDEN_OR_HARD_RADIUS,[]
q06_center_hard_l3_1_1787300431189853230,q06,center,2,kinematic,smac_hybrid_reeds_shepp,forward,0.07077009206963403,corridor,IN_PLACE_ROTATION_FORBIDDEN_OR_HARD_RADIUS,[]
q06_center_hard_l3_1_1787300431189853230,q06,center,3,kinematic,smac_hybrid_reeds_shepp,forward,0.07076449194426894,corridor,IN_PLACE_ROTATION_FORBIDDEN_OR_HARD_RADIUS,[]
q06_center_hard_l3_1_1787300431189853230,q06,center,4,kinematic,smac_hybrid_reeds_shepp,forward,0.07076958396665281,corridor,IN_PLACE_ROTATION_FORBIDDEN_OR_HARD_RADIUS,[]
q06_center_hard_l3_1_1787300431189853230,q06,center,5,kinematic,smac_hybrid_reeds_shepp,forward,0.07076737148503752,corridor,IN_PLACE_ROTATION_FORBIDDEN_OR_HARD_RADIUS,[]
q06_center_hard_l3_1_1787300431189853230,q06,center,6,kinematic,smac_hybrid_reeds_shepp,forward,0.011360551370555009,corridor,IN_PLACE_ROTATION_FORBIDDEN_OR_HARD_RADIUS,[]
q06_center_hard_l3_1_1787300431189853230,q06,center,7,kinematic,smac_hybrid_reeds_shepp,reverse,0.07076689448694111,corridor,IN_PLACE_ROTATION_FORBIDDEN_OR_HARD_RADIUS,[]
q06_center_hard_l3_1_1787300431189853230,q06,center,8,kinematic,smac_hybrid_reeds_shepp,reverse,0.07076919811652325,corridor,IN_PLACE_ROTATION_FORBIDDEN_OR_HARD_RADIUS,[]
q06_center_hard_l3_1_1787300431189853230,q06,center,9,kinematic,smac_hybrid_reeds_shepp,reverse,0.07076727403265975,corridor,IN_PLACE_ROTATION_FORBIDDEN_OR_HARD_RADIUS,[]
q06_center_hard_l3_1_1787300431189853230,q06,center,10,kinematic,smac_hybrid_reeds_shepp,reverse,0.07076617019909309,corridor,IN_PLACE_ROTATION_FORBIDDEN_OR_HARD_RADIUS,[]
q06_center_hard_l3_1_1787300431189853230,q06,center,11,kinematic,smac_hybrid_reeds_shepp,reverse,0.07076876455901607,corridor,IN_PLACE_ROTATION_FORBIDDEN_OR_HARD_RADIUS,[]
q06_center_hard_l3_1_1787300431189853230,q06,center,12,kinematic,smac_hybrid_reeds_shepp,reverse,0.07076723974992102,corridor,IN_PLACE_ROTATION_FORBIDDEN_OR_HARD_RADIUS,[]
q06_center_hard_l3_1_1787300431189853230,q06,center,13,kinematic,smac_hybrid_reeds_shepp,reverse,0.0707672132317835,corridor,IN_PLACE_ROTATION_FORBIDDEN_OR_HARD_RADIUS,[]
q06_center_hard_l3_1_1787300431189853230,q06,center,14,kinematic,smac_hybrid_reeds_shepp,reverse,0.07076999185743378,corridor,IN_PLACE_ROTATION_FORBIDDEN_OR_HARD_RADIUS,[]
q06_center_hard_l3_1_1787300431189853230,q06,center,15,kinematic,smac_hybrid_reeds_shepp,reverse,0.07083589755405086,corridor,IN_PLACE_ROTATION_FORBIDDEN_OR_HARD_RADIUS,[]
q06_center_hard_l3_1_1787300431189853230,q06,center,16,kinematic,smac_hybrid_reeds_shepp,reverse,0.07086117411925662,corridor,IN_PLACE_ROTATION_FORBIDDEN_OR_HARD_RADIUS,[]
q06_center_hard_l3_1_1787300431189853230,q06,center,17,kinematic,smac_hybrid_reeds_shepp,reverse,0.07086117411925662,corridor,IN_PLACE_ROTATION_FORBIDDEN_OR_HARD_RADIUS,[]
q06_center_hard_l3_1_1787300431189853230,q06,center,18,kinematic,smac_hybrid_reeds_shepp,reverse,0.0708586261216444,corridor,IN_PLACE_ROTATION_FORBIDDEN_OR_HARD_RADIUS,[]
q06_center_hard_l3_1_1787300431189853230,q06,center,19,kinematic,smac_hybrid_reeds_shepp,reverse,0.07085305363063743,corridor,IN_PLACE_ROTATION_FORBIDDEN_OR_HARD_RADIUS,[]
q06_center_hard_l3_1_1787300431189853230,q06,center,20,kinematic,smac_hybrid_reeds_shepp,reverse,0.07076855873506573,corridor,IN_PLACE_ROTATION_FORBIDDEN_OR_HARD_RADIUS,[]
q06_center_hard_l3_1_1787300431189853230,q06,center,21,kinematic,smac_hybrid_reeds_shepp,reverse,0.07076722093059865,corridor,IN_PLACE_ROTATION_FORBIDDEN_OR_HARD_RADIUS,[]
q06_center_hard_l3_1_1787300431189853230,q06,center,22,kinematic,smac_hybrid_reeds_shepp,reverse,0.07392618911476703,corridor,IN_PLACE_ROTATION_FORBIDDEN_OR_HARD_RADIUS,[]
q06_center_hard_l3_1_1787300431189853230,q06,center,23,kinematic,smac_hybrid_reeds_shepp,reverse,0.07392691875620101,corridor,IN_PLACE_ROTATION_FORBIDDEN_OR_HARD_RADIUS,[]
q06_center_hard_l3_1_1787300431189853230,q06,center,24,kinematic,smac_hybrid_reeds_shepp,forward,0.03048309041212408,corridor,IN_PLACE_ROTATION_FORBIDDEN_OR_HARD_RADIUS,[]
q06_center_hard_l3_1_1787300431189853230,q06,center,25,kinematic,smac_hybrid_reeds_shepp,forward,0.0739264480348398,corridor,IN_PLACE_ROTATION_FORBIDDEN_OR_HARD_RADIUS,[]
q06_center_hard_l3_1_1787300431189853230,q06,center,26,kinematic,smac_hybrid_reeds_shepp,forward,0.07392596420851595,corridor,IN_PLACE_ROTATION_FORBIDDEN_OR_HARD_RADIUS,[]
q06_center_hard_l3_1_1787300431189853230,q06,center,27,kinematic,smac_hybrid_reeds_shepp,forward,0.0739256548313856,corridor,IN_PLACE_ROTATION_FORBIDDEN_OR_HARD_RADIUS,[]
q06_center_hard_l3_1_1787300431189853230,q06,center,28,kinematic,smac_hybrid_reeds_shepp,forward,0.07392775589253356,corridor,IN_PLACE_ROTATION_FORBIDDEN_OR_HARD_RADIUS,[]
q06_center_hard_l3_1_1787300431189853230,q06,center,29,kinematic,smac_hybrid_reeds_shepp,forward,0.07392655945290566,corridor,IN_PLACE_ROTATION_FORBIDDEN_OR_HARD_RADIUS,[]
q06_center_hard_l3_1_1787300431189853230,q06,center,30,kinematic,smac_hybrid_reeds_shepp,forward,0.07392604722958397,corridor,IN_PLACE_ROTATION_FORBIDDEN_OR_HARD_RADIUS,[]
q06_center_hard_l3_1_1787300431189853230,q06,center,31,kinematic,smac_hybrid_reeds_shepp,forward,0.07392586005410794,corridor,IN_PLACE_ROTATION_FORBIDDEN_OR_HARD_RADIUS,[]
q06_center_hard_l3_1_1787300431189853230,q06,center,32,kinematic,smac_hybrid_reeds_shepp,forward,0.07394956188297859,corridor,IN_PLACE_ROTATION_FORBIDDEN_OR_HARD_RADIUS,[]
q06_center_hard_l3_1_1787300431189853230,q06,center,33,kinematic,smac_hybrid_reeds_shepp,forward,0.07403098836621398,corridor,IN_PLACE_ROTATION_FORBIDDEN_OR_HARD_RADIUS,[]
q06_center_hard_l3_1_1787300431189853230,q06,center,34,kinematic,smac_hybrid_reeds_shepp,forward,0.07403098836621398,corridor,IN_PLACE_ROTATION_FORBIDDEN_OR_HARD_RADIUS,[]
q06_center_hard_l3_1_1787300431189853230,q06,center,35,kinematic,smac_hybrid_reeds_shepp,forward,0.07403403954456265,corridor,IN_PLACE_ROTATION_FORBIDDEN_OR_HARD_RADIUS,[]
q06_center_hard_l3_1_1787300431189853230,q06,center,36,kinematic,smac_hybrid_reeds_shepp,forward,0.07403098836621398,corridor,IN_PLACE_ROTATION_FORBIDDEN_OR_HARD_RADIUS,[]
q06_center_hard_l3_1_1787300431189853230,q06,center,37,kinematic,smac_hybrid_reeds_shepp,forward,0.07403108282654099,corridor,IN_PLACE_ROTATION_FORBIDDEN_OR_HARD_RADIUS,[]
q06_center_hard_l3_1_1787300431189853230,q06,center,38,kinematic,smac_hybrid_reeds_shepp,forward,0.07401743172080257,corridor,IN_PLACE_ROTATION_FORBIDDEN_OR_HARD_RADIUS,[]
q06_center_hard_l3_1_1787300431189853230,q06,center,39,kinematic,smac_hybrid_reeds_shepp,forward,0.0739277569003527,corridor,IN_PLACE_ROTATION_FORBIDDEN_OR_HARD_RADIUS,[]
q06_center_hard_l3_2_1787300431335749984,q06,center,0,grid,grid_astar,mixed,25.026346597344833,corridor,,
q06_center_hard_l3_2_1787300431335749984,q06,center,1,kinematic,smac_hybrid_reeds_shepp,forward,0.0707668500046813,corridor,IN_PLACE_ROTATION_FORBIDDEN_OR_HARD_RADIUS,[]
q06_center_hard_l3_2_1787300431335749984,q06,center,2,kinematic,smac_hybrid_reeds_shepp,forward,0.07077009206963403,corridor,IN_PLACE_ROTATION_FORBIDDEN_OR_HARD_RADIUS,[]
q06_center_hard_l3_2_1787300431335749984,q06,center,3,kinematic,smac_hybrid_reeds_shepp,forward,0.07076449194426894,corridor,IN_PLACE_ROTATION_FORBIDDEN_OR_HARD_RADIUS,[]
q06_center_hard_l3_2_1787300431335749984,q06,center,4,kinematic,smac_hybrid_reeds_shepp,forward,0.07076958396665281,corridor,IN_PLACE_ROTATION_FORBIDDEN_OR_HARD_RADIUS,[]
q06_center_hard_l3_2_1787300431335749984,q06,center,5,kinematic,smac_hybrid_reeds_shepp,forward,0.07076737148503752,corridor,IN_PLACE_ROTATION_FORBIDDEN_OR_HARD_RADIUS,[]
q06_center_hard_l3_2_1787300431335749984,q06,center,6,kinematic,smac_hybrid_reeds_shepp,forward,0.011360551370555009,corridor,IN_PLACE_ROTATION_FORBIDDEN_OR_HARD_RADIUS,[]
q06_center_hard_l3_2_1787300431335749984,q06,center,7,kinematic,smac_hybrid_reeds_shepp,reverse,0.07076689448694111,corridor,IN_PLACE_ROTATION_FORBIDDEN_OR_HARD_RADIUS,[]
q06_center_hard_l3_2_1787300431335749984,q06,center,8,kinematic,smac_hybrid_reeds_shepp,reverse,0.07076919811652325,corridor,IN_PLACE_ROTATION_FORBIDDEN_OR_HARD_RADIUS,[]
q06_center_hard_l3_2_1787300431335749984,q06,center,9,kinematic,smac_hybrid_reeds_shepp,reverse,0.07076727403265975,corridor,IN_PLACE_ROTATION_FORBIDDEN_OR_HARD_RADIUS,[]
q06_center_hard_l3_2_1787300431335749984,q06,center,10,kinematic,smac_hybrid_reeds_shepp,reverse,0.07076617019909309,corridor,IN_PLACE_ROTATION_FORBIDDEN_OR_HARD_RADIUS,[]
q06_center_hard_l3_2_1787300431335749984,q06,center,11,kinematic,smac_hybrid_reeds_shepp,reverse,0.07076876455901607,corridor,IN_PLACE_ROTATION_FORBIDDEN_OR_HARD_RADIUS,[]
q06_center_hard_l3_2_1787300431335749984,q06,center,12,kinematic,smac_hybrid_reeds_shepp,reverse,0.07076723974992102,corridor,IN_PLACE_ROTATION_FORBIDDEN_OR_HARD_RADIUS,[]
q06_center_hard_l3_2_1787300431335749984,q06,center,13,kinematic,smac_hybrid_reeds_shepp,reverse,0.0707672132317835,corridor,IN_PLACE_ROTATION_FORBIDDEN_OR_HARD_RADIUS,[]
q06_center_hard_l3_2_1787300431335749984,q06,center,14,kinematic,smac_hybrid_reeds_shepp,reverse,0.07076999185743378,corridor,IN_PLACE_ROTATION_FORBIDDEN_OR_HARD_RADIUS,[]
q06_center_hard_l3_2_1787300431335749984,q06,center,15,kinematic,smac_hybrid_reeds_shepp,reverse,0.07083589755405086,corridor,IN_PLACE_ROTATION_FORBIDDEN_OR_HARD_RADIUS,[]
q06_center_hard_l3_2_1787300431335749984,q06,center,16,kinematic,smac_hybrid_reeds_shepp,reverse,0.07086117411925662,corridor,IN_PLACE_ROTATION_FORBIDDEN_OR_HARD_RADIUS,[]
q06_center_hard_l3_2_1787300431335749984,q06,center,17,kinematic,smac_hybrid_reeds_shepp,reverse,0.07086117411925662,corridor,IN_PLACE_ROTATION_FORBIDDEN_OR_HARD_RADIUS,[]
q06_center_hard_l3_2_1787300431335749984,q06,center,18,kinematic,smac_hybrid_reeds_shepp,reverse,0.0708586261216444,corridor,IN_PLACE_ROTATION_FORBIDDEN_OR_HARD_RADIUS,[]
q06_center_hard_l3_2_1787300431335749984,q06,center,19,kinematic,smac_hybrid_reeds_shepp,reverse,0.07085305363063743,corridor,IN_PLACE_ROTATION_FORBIDDEN_OR_HARD_RADIUS,[]
q06_center_hard_l3_2_1787300431335749984,q06,center,20,kinematic,smac_hybrid_reeds_shepp,reverse,0.07076855873506573,corridor,IN_PLACE_ROTATION_FORBIDDEN_OR_HARD_RADIUS,[]
q06_center_hard_l3_2_1787300431335749984,q06,center,21,kinematic,smac_hybrid_reeds_shepp,reverse,0.07076722093059865,corridor,IN_PLACE_ROTATION_FORBIDDEN_OR_HARD_RADIUS,[]
q06_center_hard_l3_2_1787300431335749984,q06,center,22,kinematic,smac_hybrid_reeds_shepp,reverse,0.07392618911476703,corridor,IN_PLACE_ROTATION_FORBIDDEN_OR_HARD_RADIUS,[]
q06_center_hard_l3_2_1787300431335749984,q06,center,23,kinematic,smac_hybrid_reeds_shepp,reverse,0.07392691875620101,corridor,IN_PLACE_ROTATION_FORBIDDEN_OR_HARD_RADIUS,[]
q06_center_hard_l3_2_1787300431335749984,q06,center,24,kinematic,smac_hybrid_reeds_shepp,forward,0.03048309041212408,corridor,IN_PLACE_ROTATION_FORBIDDEN_OR_HARD_RADIUS,[]
q06_center_hard_l3_2_1787300431335749984,q06,center,25,kinematic,smac_hybrid_reeds_shepp,forward,0.0739264480348398,corridor,IN_PLACE_ROTATION_FORBIDDEN_OR_HARD_RADIUS,[]
q06_center_hard_l3_2_1787300431335749984,q06,center,26,kinematic,smac_hybrid_reeds_shepp,forward,0.07392596420851595,corridor,IN_PLACE_ROTATION_FORBIDDEN_OR_HARD_RADIUS,[]
q06_center_hard_l3_2_1787300431335749984,q06,center,27,kinematic,smac_hybrid_reeds_shepp,forward,0.0739256548313856,corridor,IN_PLACE_ROTATION_FORBIDDEN_OR_HARD_RADIUS,[]
q06_center_hard_l3_2_1787300431335749984,q06,center,28,kinematic,smac_hybrid_reeds_shepp,forward,0.07392775589253356,corridor,IN_PLACE_ROTATION_FORBIDDEN_OR_HARD_RADIUS,[]
q06_center_hard_l3_2_1787300431335749984,q06,center,29,kinematic,smac_hybrid_reeds_shepp,forward,0.07392655945290566,corridor,IN_PLACE_ROTATION_FORBIDDEN_OR_HARD_RADIUS,[]
q06_center_hard_l3_2_1787300431335749984,q06,center,30,kinematic,smac_hybrid_reeds_shepp,forward,0.07392604722958397,corridor,IN_PLACE_ROTATION_FORBIDDEN_OR_HARD_RADIUS,[]
q06_center_hard_l3_2_1787300431335749984,q06,center,31,kinematic,smac_hybrid_reeds_shepp,forward,0.07392586005410794,corridor,IN_PLACE_ROTATION_FORBIDDEN_OR_HARD_RADIUS,[]
q06_center_hard_l3_2_1787300431335749984,q06,center,32,kinematic,smac_hybrid_reeds_shepp,forward,0.07394956188297859,corridor,IN_PLACE_ROTATION_FORBIDDEN_OR_HARD_RADIUS,[]
q06_center_hard_l3_2_1787300431335749984,q06,center,33,kinematic,smac_hybrid_reeds_shepp,forward,0.07403098836621398,corridor,IN_PLACE_ROTATION_FORBIDDEN_OR_HARD_RADIUS,[]
q06_center_hard_l3_2_1787300431335749984,q06,center,34,kinematic,smac_hybrid_reeds_shepp,forward,0.07403098836621398,corridor,IN_PLACE_ROTATION_FORBIDDEN_OR_HARD_RADIUS,[]
q06_center_hard_l3_2_1787300431335749984,q06,center,35,kinematic,smac_hybrid_reeds_shepp,forward,0.07403403954456265,corridor,IN_PLACE_ROTATION_FORBIDDEN_OR_HARD_RADIUS,[]
q06_center_hard_l3_2_1787300431335749984,q06,center,36,kinematic,smac_hybrid_reeds_shepp,forward,0.07403098836621398,corridor,IN_PLACE_ROTATION_FORBIDDEN_OR_HARD_RADIUS,[]
q06_center_hard_l3_2_1787300431335749984,q06,center,37,kinematic,smac_hybrid_reeds_shepp,forward,0.07403108282654099,corridor,IN_PLACE_ROTATION_FORBIDDEN_OR_HARD_RADIUS,[]
q06_center_hard_l3_2_1787300431335749984,q06,center,38,kinematic,smac_hybrid_reeds_shepp,forward,0.07401743172080257,corridor,IN_PLACE_ROTATION_FORBIDDEN_OR_HARD_RADIUS,[]
q06_center_hard_l3_2_1787300431335749984,q06,center,39,kinematic,smac_hybrid_reeds_shepp,forward,0.0739277569003527,corridor,IN_PLACE_ROTATION_FORBIDDEN_OR_HARD_RADIUS,[]
q06_center_hard_l3_3_1787300431479183260,q06,center,0,grid,grid_astar,mixed,25.026346597344833,corridor,,
q06_center_hard_l3_3_1787300431479183260,q06,center,1,kinematic,smac_hybrid_reeds_shepp,forward,0.0707668500046813,corridor,IN_PLACE_ROTATION_FORBIDDEN_OR_HARD_RADIUS,[]
q06_center_hard_l3_3_1787300431479183260,q06,center,2,kinematic,smac_hybrid_reeds_shepp,forward,0.07077009206963403,corridor,IN_PLACE_ROTATION_FORBIDDEN_OR_HARD_RADIUS,[]
q06_center_hard_l3_3_1787300431479183260,q06,center,3,kinematic,smac_hybrid_reeds_shepp,forward,0.07076449194426894,corridor,IN_PLACE_ROTATION_FORBIDDEN_OR_HARD_RADIUS,[]
q06_center_hard_l3_3_1787300431479183260,q06,center,4,kinematic,smac_hybrid_reeds_shepp,forward,0.07076958396665281,corridor,IN_PLACE_ROTATION_FORBIDDEN_OR_HARD_RADIUS,[]
q06_center_hard_l3_3_1787300431479183260,q06,center,5,kinematic,smac_hybrid_reeds_shepp,forward,0.07076737148503752,corridor,IN_PLACE_ROTATION_FORBIDDEN_OR_HARD_RADIUS,[]
q06_center_hard_l3_3_1787300431479183260,q06,center,6,kinematic,smac_hybrid_reeds_shepp,forward,0.011360551370555009,corridor,IN_PLACE_ROTATION_FORBIDDEN_OR_HARD_RADIUS,[]
q06_center_hard_l3_3_1787300431479183260,q06,center,7,kinematic,smac_hybrid_reeds_shepp,reverse,0.07076689448694111,corridor,IN_PLACE_ROTATION_FORBIDDEN_OR_HARD_RADIUS,[]
q06_center_hard_l3_3_1787300431479183260,q06,center,8,kinematic,smac_hybrid_reeds_shepp,reverse,0.07076919811652325,corridor,IN_PLACE_ROTATION_FORBIDDEN_OR_HARD_RADIUS,[]
q06_center_hard_l3_3_1787300431479183260,q06,center,9,kinematic,smac_hybrid_reeds_shepp,reverse,0.07076727403265975,corridor,IN_PLACE_ROTATION_FORBIDDEN_OR_HARD_RADIUS,[]
q06_center_hard_l3_3_1787300431479183260,q06,center,10,kinematic,smac_hybrid_reeds_shepp,reverse,0.07076617019909309,corridor,IN_PLACE_ROTATION_FORBIDDEN_OR_HARD_RADIUS,[]
q06_center_hard_l3_3_1787300431479183260,q06,center,11,kinematic,smac_hybrid_reeds_shepp,reverse,0.07076876455901607,corridor,IN_PLACE_ROTATION_FORBIDDEN_OR_HARD_RADIUS,[]
q06_center_hard_l3_3_1787300431479183260,q06,center,12,kinematic,smac_hybrid_reeds_shepp,reverse,0.07076723974992102,corridor,IN_PLACE_ROTATION_FORBIDDEN_OR_HARD_RADIUS,[]
q06_center_hard_l3_3_1787300431479183260,q06,center,13,kinematic,smac_hybrid_reeds_shepp,reverse,0.0707672132317835,corridor,IN_PLACE_ROTATION_FORBIDDEN_OR_HARD_RADIUS,[]
q06_center_hard_l3_3_1787300431479183260,q06,center,14,kinematic,smac_hybrid_reeds_shepp,reverse,0.07076999185743378,corridor,IN_PLACE_ROTATION_FORBIDDEN_OR_HARD_RADIUS,[]
q06_center_hard_l3_3_1787300431479183260,q06,center,15,kinematic,smac_hybrid_reeds_shepp,reverse,0.07083589755405086,corridor,IN_PLACE_ROTATION_FORBIDDEN_OR_HARD_RADIUS,[]
q06_center_hard_l3_3_1787300431479183260,q06,center,16,kinematic,smac_hybrid_reeds_shepp,reverse,0.07086117411925662,corridor,IN_PLACE_ROTATION_FORBIDDEN_OR_HARD_RADIUS,[]
q06_center_hard_l3_3_1787300431479183260,q06,center,17,kinematic,smac_hybrid_reeds_shepp,reverse,0.07086117411925662,corridor,IN_PLACE_ROTATION_FORBIDDEN_OR_HARD_RADIUS,[]
q06_center_hard_l3_3_1787300431479183260,q06,center,18,kinematic,smac_hybrid_reeds_shepp,reverse,0.0708586261216444,corridor,IN_PLACE_ROTATION_FORBIDDEN_OR_HARD_RADIUS,[]
q06_center_hard_l3_3_1787300431479183260,q06,center,19,kinematic,smac_hybrid_reeds_shepp,reverse,0.07085305363063743,corridor,IN_PLACE_ROTATION_FORBIDDEN_OR_HARD_RADIUS,[]
q06_center_hard_l3_3_1787300431479183260,q06,center,20,kinematic,smac_hybrid_reeds_shepp,reverse,0.07076855873506573,corridor,IN_PLACE_ROTATION_FORBIDDEN_OR_HARD_RADIUS,[]
q06_center_hard_l3_3_1787300431479183260,q06,center,21,kinematic,smac_hybrid_reeds_shepp,reverse,0.07076722093059865,corridor,IN_PLACE_ROTATION_FORBIDDEN_OR_HARD_RADIUS,[]
q06_center_hard_l3_3_1787300431479183260,q06,center,22,kinematic,smac_hybrid_reeds_shepp,reverse,0.07392618911476703,corridor,IN_PLACE_ROTATION_FORBIDDEN_OR_HARD_RADIUS,[]
q06_center_hard_l3_3_1787300431479183260,q06,center,23,kinematic,smac_hybrid_reeds_shepp,reverse,0.07392691875620101,corridor,IN_PLACE_ROTATION_FORBIDDEN_OR_HARD_RADIUS,[]
q06_center_hard_l3_3_1787300431479183260,q06,center,24,kinematic,smac_hybrid_reeds_shepp,forward,0.03048309041212408,corridor,IN_PLACE_ROTATION_FORBIDDEN_OR_HARD_RADIUS,[]
q06_center_hard_l3_3_1787300431479183260,q06,center,25,kinematic,smac_hybrid_reeds_shepp,forward,0.0739264480348398,corridor,IN_PLACE_ROTATION_FORBIDDEN_OR_HARD_RADIUS,[]
q06_center_hard_l3_3_1787300431479183260,q06,center,26,kinematic,smac_hybrid_reeds_shepp,forward,0.07392596420851595,corridor,IN_PLACE_ROTATION_FORBIDDEN_OR_HARD_RADIUS,[]
q06_center_hard_l3_3_1787300431479183260,q06,center,27,kinematic,smac_hybrid_reeds_shepp,forward,0.0739256548313856,corridor,IN_PLACE_ROTATION_FORBIDDEN_OR_HARD_RADIUS,[]
q06_center_hard_l3_3_1787300431479183260,q06,center,28,kinematic,smac_hybrid_reeds_shepp,forward,0.07392775589253356,corridor,IN_PLACE_ROTATION_FORBIDDEN_OR_HARD_RADIUS,[]
q06_center_hard_l3_3_1787300431479183260,q06,center,29,kinematic,smac_hybrid_reeds_shepp,forward,0.07392655945290566,corridor,IN_PLACE_ROTATION_FORBIDDEN_OR_HARD_RADIUS,[]
q06_center_hard_l3_3_1787300431479183260,q06,center,30,kinematic,smac_hybrid_reeds_shepp,forward,0.07392604722958397,corridor,IN_PLACE_ROTATION_FORBIDDEN_OR_HARD_RADIUS,[]
q06_center_hard_l3_3_1787300431479183260,q06,center,31,kinematic,smac_hybrid_reeds_shepp,forward,0.07392586005410794,corridor,IN_PLACE_ROTATION_FORBIDDEN_OR_HARD_RADIUS,[]
q06_center_hard_l3_3_1787300431479183260,q06,center,32,kinematic,smac_hybrid_reeds_shepp,forward,0.07394956188297859,corridor,IN_PLACE_ROTATION_FORBIDDEN_OR_HARD_RADIUS,[]
q06_center_hard_l3_3_1787300431479183260,q06,center,33,kinematic,smac_hybrid_reeds_shepp,forward,0.07403098836621398,corridor,IN_PLACE_ROTATION_FORBIDDEN_OR_HARD_RADIUS,[]
q06_center_hard_l3_3_1787300431479183260,q06,center,34,kinematic,smac_hybrid_reeds_shepp,forward,0.07403098836621398,corridor,IN_PLACE_ROTATION_FORBIDDEN_OR_HARD_RADIUS,[]
q06_center_hard_l3_3_1787300431479183260,q06,center,35,kinematic,smac_hybrid_reeds_shepp,forward,0.07403403954456265,corridor,IN_PLACE_ROTATION_FORBIDDEN_OR_HARD_RADIUS,[]
q06_center_hard_l3_3_1787300431479183260,q06,center,36,kinematic,smac_hybrid_reeds_shepp,forward,0.07403098836621398,corridor,IN_PLACE_ROTATION_FORBIDDEN_OR_HARD_RADIUS,[]
q06_center_hard_l3_3_1787300431479183260,q06,center,37,kinematic,smac_hybrid_reeds_shepp,forward,0.07403108282654099,corridor,IN_PLACE_ROTATION_FORBIDDEN_OR_HARD_RADIUS,[]
q06_center_hard_l3_3_1787300431479183260,q06,center,38,kinematic,smac_hybrid_reeds_shepp,forward,0.07401743172080257,corridor,IN_PLACE_ROTATION_FORBIDDEN_OR_HARD_RADIUS,[]
q06_center_hard_l3_3_1787300431479183260,q06,center,39,kinematic,smac_hybrid_reeds_shepp,forward,0.0739277569003527,corridor,IN_PLACE_ROTATION_FORBIDDEN_OR_HARD_RADIUS,[]
q06_center_hard_l3_4_1787300431617557530,q06,center,0,grid,grid_astar,mixed,25.026346597344833,corridor,,
q06_center_hard_l3_4_1787300431617557530,q06,center,1,kinematic,smac_hybrid_reeds_shepp,forward,0.0707668500046813,corridor,IN_PLACE_ROTATION_FORBIDDEN_OR_HARD_RADIUS,[]
q06_center_hard_l3_4_1787300431617557530,q06,center,2,kinematic,smac_hybrid_reeds_shepp,forward,0.07077009206963403,corridor,IN_PLACE_ROTATION_FORBIDDEN_OR_HARD_RADIUS,[]
q06_center_hard_l3_4_1787300431617557530,q06,center,3,kinematic,smac_hybrid_reeds_shepp,forward,0.07076449194426894,corridor,IN_PLACE_ROTATION_FORBIDDEN_OR_HARD_RADIUS,[]
q06_center_hard_l3_4_1787300431617557530,q06,center,4,kinematic,smac_hybrid_reeds_shepp,forward,0.07076958396665281,corridor,IN_PLACE_ROTATION_FORBIDDEN_OR_HARD_RADIUS,[]
q06_center_hard_l3_4_1787300431617557530,q06,center,5,kinematic,smac_hybrid_reeds_shepp,forward,0.07076737148503752,corridor,IN_PLACE_ROTATION_FORBIDDEN_OR_HARD_RADIUS,[]
q06_center_hard_l3_4_1787300431617557530,q06,center,6,kinematic,smac_hybrid_reeds_shepp,forward,0.011360551370555009,corridor,IN_PLACE_ROTATION_FORBIDDEN_OR_HARD_RADIUS,[]
q06_center_hard_l3_4_1787300431617557530,q06,center,7,kinematic,smac_hybrid_reeds_shepp,reverse,0.07076689448694111,corridor,IN_PLACE_ROTATION_FORBIDDEN_OR_HARD_RADIUS,[]
q06_center_hard_l3_4_1787300431617557530,q06,center,8,kinematic,smac_hybrid_reeds_shepp,reverse,0.07076919811652325,corridor,IN_PLACE_ROTATION_FORBIDDEN_OR_HARD_RADIUS,[]
q06_center_hard_l3_4_1787300431617557530,q06,center,9,kinematic,smac_hybrid_reeds_shepp,reverse,0.07076727403265975,corridor,IN_PLACE_ROTATION_FORBIDDEN_OR_HARD_RADIUS,[]
q06_center_hard_l3_4_1787300431617557530,q06,center,10,kinematic,smac_hybrid_reeds_shepp,reverse,0.07076617019909309,corridor,IN_PLACE_ROTATION_FORBIDDEN_OR_HARD_RADIUS,[]
q06_center_hard_l3_4_1787300431617557530,q06,center,11,kinematic,smac_hybrid_reeds_shepp,reverse,0.07076876455901607,corridor,IN_PLACE_ROTATION_FORBIDDEN_OR_HARD_RADIUS,[]
q06_center_hard_l3_4_1787300431617557530,q06,center,12,kinematic,smac_hybrid_reeds_shepp,reverse,0.07076723974992102,corridor,IN_PLACE_ROTATION_FORBIDDEN_OR_HARD_RADIUS,[]
q06_center_hard_l3_4_1787300431617557530,q06,center,13,kinematic,smac_hybrid_reeds_shepp,reverse,0.0707672132317835,corridor,IN_PLACE_ROTATION_FORBIDDEN_OR_HARD_RADIUS,[]
q06_center_hard_l3_4_1787300431617557530,q06,center,14,kinematic,smac_hybrid_reeds_shepp,reverse,0.07076999185743378,corridor,IN_PLACE_ROTATION_FORBIDDEN_OR_HARD_RADIUS,[]
q06_center_hard_l3_4_1787300431617557530,q06,center,15,kinematic,smac_hybrid_reeds_shepp,reverse,0.07083589755405086,corridor,IN_PLACE_ROTATION_FORBIDDEN_OR_HARD_RADIUS,[]
q06_center_hard_l3_4_1787300431617557530,q06,center,16,kinematic,smac_hybrid_reeds_shepp,reverse,0.07086117411925662,corridor,IN_PLACE_ROTATION_FORBIDDEN_OR_HARD_RADIUS,[]
q06_center_hard_l3_4_1787300431617557530,q06,center,17,kinematic,smac_hybrid_reeds_shepp,reverse,0.07086117411925662,corridor,IN_PLACE_ROTATION_FORBIDDEN_OR_HARD_RADIUS,[]
q06_center_hard_l3_4_1787300431617557530,q06,center,18,kinematic,smac_hybrid_reeds_shepp,reverse,0.0708586261216444,corridor,IN_PLACE_ROTATION_FORBIDDEN_OR_HARD_RADIUS,[]
q06_center_hard_l3_4_1787300431617557530,q06,center,19,kinematic,smac_hybrid_reeds_shepp,reverse,0.07085305363063743,corridor,IN_PLACE_ROTATION_FORBIDDEN_OR_HARD_RADIUS,[]
q06_center_hard_l3_4_1787300431617557530,q06,center,20,kinematic,smac_hybrid_reeds_shepp,reverse,0.07076855873506573,corridor,IN_PLACE_ROTATION_FORBIDDEN_OR_HARD_RADIUS,[]
q06_center_hard_l3_4_1787300431617557530,q06,center,21,kinematic,smac_hybrid_reeds_shepp,reverse,0.07076722093059865,corridor,IN_PLACE_ROTATION_FORBIDDEN_OR_HARD_RADIUS,[]
q06_center_hard_l3_4_1787300431617557530,q06,center,22,kinematic,smac_hybrid_reeds_shepp,reverse,0.07392618911476703,corridor,IN_PLACE_ROTATION_FORBIDDEN_OR_HARD_RADIUS,[]
q06_center_hard_l3_4_1787300431617557530,q06,center,23,kinematic,smac_hybrid_reeds_shepp,reverse,0.07392691875620101,corridor,IN_PLACE_ROTATION_FORBIDDEN_OR_HARD_RADIUS,[]
q06_center_hard_l3_4_1787300431617557530,q06,center,24,kinematic,smac_hybrid_reeds_shepp,forward,0.03048309041212408,corridor,IN_PLACE_ROTATION_FORBIDDEN_OR_HARD_RADIUS,[]
q06_center_hard_l3_4_1787300431617557530,q06,center,25,kinematic,smac_hybrid_reeds_shepp,forward,0.0739264480348398,corridor,IN_PLACE_ROTATION_FORBIDDEN_OR_HARD_RADIUS,[]
q06_center_hard_l3_4_1787300431617557530,q06,center,26,kinematic,smac_hybrid_reeds_shepp,forward,0.07392596420851595,corridor,IN_PLACE_ROTATION_FORBIDDEN_OR_HARD_RADIUS,[]
q06_center_hard_l3_4_1787300431617557530,q06,center,27,kinematic,smac_hybrid_reeds_shepp,forward,0.0739256548313856,corridor,IN_PLACE_ROTATION_FORBIDDEN_OR_HARD_RADIUS,[]
q06_center_hard_l3_4_1787300431617557530,q06,center,28,kinematic,smac_hybrid_reeds_shepp,forward,0.07392775589253356,corridor,IN_PLACE_ROTATION_FORBIDDEN_OR_HARD_RADIUS,[]
q06_center_hard_l3_4_1787300431617557530,q06,center,29,kinematic,smac_hybrid_reeds_shepp,forward,0.07392655945290566,corridor,IN_PLACE_ROTATION_FORBIDDEN_OR_HARD_RADIUS,[]
q06_center_hard_l3_4_1787300431617557530,q06,center,30,kinematic,smac_hybrid_reeds_shepp,forward,0.07392604722958397,corridor,IN_PLACE_ROTATION_FORBIDDEN_OR_HARD_RADIUS,[]
q06_center_hard_l3_4_1787300431617557530,q06,center,31,kinematic,smac_hybrid_reeds_shepp,forward,0.07392586005410794,corridor,IN_PLACE_ROTATION_FORBIDDEN_OR_HARD_RADIUS,[]
q06_center_hard_l3_4_1787300431617557530,q06,center,32,kinematic,smac_hybrid_reeds_shepp,forward,0.07394956188297859,corridor,IN_PLACE_ROTATION_FORBIDDEN_OR_HARD_RADIUS,[]
q06_center_hard_l3_4_1787300431617557530,q06,center,33,kinematic,smac_hybrid_reeds_shepp,forward,0.07403098836621398,corridor,IN_PLACE_ROTATION_FORBIDDEN_OR_HARD_RADIUS,[]
q06_center_hard_l3_4_1787300431617557530,q06,center,34,kinematic,smac_hybrid_reeds_shepp,forward,0.07403098836621398,corridor,IN_PLACE_ROTATION_FORBIDDEN_OR_HARD_RADIUS,[]
q06_center_hard_l3_4_1787300431617557530,q06,center,35,kinematic,smac_hybrid_reeds_shepp,forward,0.07403403954456265,corridor,IN_PLACE_ROTATION_FORBIDDEN_OR_HARD_RADIUS,[]
q06_center_hard_l3_4_1787300431617557530,q06,center,36,kinematic,smac_hybrid_reeds_shepp,forward,0.07403098836621398,corridor,IN_PLACE_ROTATION_FORBIDDEN_OR_HARD_RADIUS,[]
q06_center_hard_l3_4_1787300431617557530,q06,center,37,kinematic,smac_hybrid_reeds_shepp,forward,0.07403108282654099,corridor,IN_PLACE_ROTATION_FORBIDDEN_OR_HARD_RADIUS,[]
q06_center_hard_l3_4_1787300431617557530,q06,center,38,kinematic,smac_hybrid_reeds_shepp,forward,0.07401743172080257,corridor,IN_PLACE_ROTATION_FORBIDDEN_OR_HARD_RADIUS,[]
q06_center_hard_l3_4_1787300431617557530,q06,center,39,kinematic,smac_hybrid_reeds_shepp,forward,0.0739277569003527,corridor,IN_PLACE_ROTATION_FORBIDDEN_OR_HARD_RADIUS,[]
q06_center_hard_l3_5_1787300431755652227,q06,center,0,grid,grid_astar,mixed,25.026346597344833,corridor,,
q06_center_hard_l3_5_1787300431755652227,q06,center,1,kinematic,smac_hybrid_reeds_shepp,forward,0.0707668500046813,corridor,IN_PLACE_ROTATION_FORBIDDEN_OR_HARD_RADIUS,[]
q06_center_hard_l3_5_1787300431755652227,q06,center,2,kinematic,smac_hybrid_reeds_shepp,forward,0.07077009206963403,corridor,IN_PLACE_ROTATION_FORBIDDEN_OR_HARD_RADIUS,[]
q06_center_hard_l3_5_1787300431755652227,q06,center,3,kinematic,smac_hybrid_reeds_shepp,forward,0.07076449194426894,corridor,IN_PLACE_ROTATION_FORBIDDEN_OR_HARD_RADIUS,[]
q06_center_hard_l3_5_1787300431755652227,q06,center,4,kinematic,smac_hybrid_reeds_shepp,forward,0.07076958396665281,corridor,IN_PLACE_ROTATION_FORBIDDEN_OR_HARD_RADIUS,[]
q06_center_hard_l3_5_1787300431755652227,q06,center,5,kinematic,smac_hybrid_reeds_shepp,forward,0.07076737148503752,corridor,IN_PLACE_ROTATION_FORBIDDEN_OR_HARD_RADIUS,[]
q06_center_hard_l3_5_1787300431755652227,q06,center,6,kinematic,smac_hybrid_reeds_shepp,forward,0.011360551370555009,corridor,IN_PLACE_ROTATION_FORBIDDEN_OR_HARD_RADIUS,[]
q06_center_hard_l3_5_1787300431755652227,q06,center,7,kinematic,smac_hybrid_reeds_shepp,reverse,0.07076689448694111,corridor,IN_PLACE_ROTATION_FORBIDDEN_OR_HARD_RADIUS,[]
q06_center_hard_l3_5_1787300431755652227,q06,center,8,kinematic,smac_hybrid_reeds_shepp,reverse,0.07076919811652325,corridor,IN_PLACE_ROTATION_FORBIDDEN_OR_HARD_RADIUS,[]
q06_center_hard_l3_5_1787300431755652227,q06,center,9,kinematic,smac_hybrid_reeds_shepp,reverse,0.07076727403265975,corridor,IN_PLACE_ROTATION_FORBIDDEN_OR_HARD_RADIUS,[]
q06_center_hard_l3_5_1787300431755652227,q06,center,10,kinematic,smac_hybrid_reeds_shepp,reverse,0.07076617019909309,corridor,IN_PLACE_ROTATION_FORBIDDEN_OR_HARD_RADIUS,[]
q06_center_hard_l3_5_1787300431755652227,q06,center,11,kinematic,smac_hybrid_reeds_shepp,reverse,0.07076876455901607,corridor,IN_PLACE_ROTATION_FORBIDDEN_OR_HARD_RADIUS,[]
q06_center_hard_l3_5_1787300431755652227,q06,center,12,kinematic,smac_hybrid_reeds_shepp,reverse,0.07076723974992102,corridor,IN_PLACE_ROTATION_FORBIDDEN_OR_HARD_RADIUS,[]
q06_center_hard_l3_5_1787300431755652227,q06,center,13,kinematic,smac_hybrid_reeds_shepp,reverse,0.0707672132317835,corridor,IN_PLACE_ROTATION_FORBIDDEN_OR_HARD_RADIUS,[]
q06_center_hard_l3_5_1787300431755652227,q06,center,14,kinematic,smac_hybrid_reeds_shepp,reverse,0.07076999185743378,corridor,IN_PLACE_ROTATION_FORBIDDEN_OR_HARD_RADIUS,[]
q06_center_hard_l3_5_1787300431755652227,q06,center,15,kinematic,smac_hybrid_reeds_shepp,reverse,0.07083589755405086,corridor,IN_PLACE_ROTATION_FORBIDDEN_OR_HARD_RADIUS,[]
q06_center_hard_l3_5_1787300431755652227,q06,center,16,kinematic,smac_hybrid_reeds_shepp,reverse,0.07086117411925662,corridor,IN_PLACE_ROTATION_FORBIDDEN_OR_HARD_RADIUS,[]
q06_center_hard_l3_5_1787300431755652227,q06,center,17,kinematic,smac_hybrid_reeds_shepp,reverse,0.07086117411925662,corridor,IN_PLACE_ROTATION_FORBIDDEN_OR_HARD_RADIUS,[]
q06_center_hard_l3_5_1787300431755652227,q06,center,18,kinematic,smac_hybrid_reeds_shepp,reverse,0.0708586261216444,corridor,IN_PLACE_ROTATION_FORBIDDEN_OR_HARD_RADIUS,[]
q06_center_hard_l3_5_1787300431755652227,q06,center,19,kinematic,smac_hybrid_reeds_shepp,reverse,0.07085305363063743,corridor,IN_PLACE_ROTATION_FORBIDDEN_OR_HARD_RADIUS,[]
q06_center_hard_l3_5_1787300431755652227,q06,center,20,kinematic,smac_hybrid_reeds_shepp,reverse,0.07076855873506573,corridor,IN_PLACE_ROTATION_FORBIDDEN_OR_HARD_RADIUS,[]
q06_center_hard_l3_5_1787300431755652227,q06,center,21,kinematic,smac_hybrid_reeds_shepp,reverse,0.07076722093059865,corridor,IN_PLACE_ROTATION_FORBIDDEN_OR_HARD_RADIUS,[]
q06_center_hard_l3_5_1787300431755652227,q06,center,22,kinematic,smac_hybrid_reeds_shepp,reverse,0.07392618911476703,corridor,IN_PLACE_ROTATION_FORBIDDEN_OR_HARD_RADIUS,[]
q06_center_hard_l3_5_1787300431755652227,q06,center,23,kinematic,smac_hybrid_reeds_shepp,reverse,0.07392691875620101,corridor,IN_PLACE_ROTATION_FORBIDDEN_OR_HARD_RADIUS,[]
q06_center_hard_l3_5_1787300431755652227,q06,center,24,kinematic,smac_hybrid_reeds_shepp,forward,0.03048309041212408,corridor,IN_PLACE_ROTATION_FORBIDDEN_OR_HARD_RADIUS,[]
q06_center_hard_l3_5_1787300431755652227,q06,center,25,kinematic,smac_hybrid_reeds_shepp,forward,0.0739264480348398,corridor,IN_PLACE_ROTATION_FORBIDDEN_OR_HARD_RADIUS,[]
q06_center_hard_l3_5_1787300431755652227,q06,center,26,kinematic,smac_hybrid_reeds_shepp,forward,0.07392596420851595,corridor,IN_PLACE_ROTATION_FORBIDDEN_OR_HARD_RADIUS,[]
q06_center_hard_l3_5_1787300431755652227,q06,center,27,kinematic,smac_hybrid_reeds_shepp,forward,0.0739256548313856,corridor,IN_PLACE_ROTATION_FORBIDDEN_OR_HARD_RADIUS,[]
q06_center_hard_l3_5_1787300431755652227,q06,center,28,kinematic,smac_hybrid_reeds_shepp,forward,0.07392775589253356,corridor,IN_PLACE_ROTATION_FORBIDDEN_OR_HARD_RADIUS,[]
q06_center_hard_l3_5_1787300431755652227,q06,center,29,kinematic,smac_hybrid_reeds_shepp,forward,0.07392655945290566,corridor,IN_PLACE_ROTATION_FORBIDDEN_OR_HARD_RADIUS,[]
q06_center_hard_l3_5_1787300431755652227,q06,center,30,kinematic,smac_hybrid_reeds_shepp,forward,0.07392604722958397,corridor,IN_PLACE_ROTATION_FORBIDDEN_OR_HARD_RADIUS,[]
q06_center_hard_l3_5_1787300431755652227,q06,center,31,kinematic,smac_hybrid_reeds_shepp,forward,0.07392586005410794,corridor,IN_PLACE_ROTATION_FORBIDDEN_OR_HARD_RADIUS,[]
q06_center_hard_l3_5_1787300431755652227,q06,center,32,kinematic,smac_hybrid_reeds_shepp,forward,0.07394956188297859,corridor,IN_PLACE_ROTATION_FORBIDDEN_OR_HARD_RADIUS,[]
q06_center_hard_l3_5_1787300431755652227,q06,center,33,kinematic,smac_hybrid_reeds_shepp,forward,0.07403098836621398,corridor,IN_PLACE_ROTATION_FORBIDDEN_OR_HARD_RADIUS,[]
q06_center_hard_l3_5_1787300431755652227,q06,center,34,kinematic,smac_hybrid_reeds_shepp,forward,0.07403098836621398,corridor,IN_PLACE_ROTATION_FORBIDDEN_OR_HARD_RADIUS,[]
q06_center_hard_l3_5_1787300431755652227,q06,center,35,kinematic,smac_hybrid_reeds_shepp,forward,0.07403403954456265,corridor,IN_PLACE_ROTATION_FORBIDDEN_OR_HARD_RADIUS,[]
q06_center_hard_l3_5_1787300431755652227,q06,center,36,kinematic,smac_hybrid_reeds_shepp,forward,0.07403098836621398,corridor,IN_PLACE_ROTATION_FORBIDDEN_OR_HARD_RADIUS,[]
q06_center_hard_l3_5_1787300431755652227,q06,center,37,kinematic,smac_hybrid_reeds_shepp,forward,0.07403108282654099,corridor,IN_PLACE_ROTATION_FORBIDDEN_OR_HARD_RADIUS,[]
q06_center_hard_l3_5_1787300431755652227,q06,center,38,kinematic,smac_hybrid_reeds_shepp,forward,0.07401743172080257,corridor,IN_PLACE_ROTATION_FORBIDDEN_OR_HARD_RADIUS,[]
q06_center_hard_l3_5_1787300431755652227,q06,center,39,kinematic,smac_hybrid_reeds_shepp,forward,0.0739277569003527,corridor,IN_PLACE_ROTATION_FORBIDDEN_OR_HARD_RADIUS,[]
q07_center_hard_l3_1_1787300431925366566,q07,center,0,grid,grid_astar,mixed,33.071677881552525,corridor,,
q07_center_hard_l3_1_1787300431925366566,q07,center,1,kinematic,smac_hybrid_reeds_shepp,forward,0.07336884257201075,corridor,IN_PLACE_ROTATION_FORBIDDEN_OR_HARD_RADIUS,[]
q07_center_hard_l3_1_1787300431925366566,q07,center,2,kinematic,smac_hybrid_reeds_shepp,forward,0.07338126859559402,corridor,IN_PLACE_ROTATION_FORBIDDEN_OR_HARD_RADIUS,[]
q07_center_hard_l3_1_1787300431925366566,q07,center,3,kinematic,smac_hybrid_reeds_shepp,forward,0.07347243317217728,corridor,IN_PLACE_ROTATION_FORBIDDEN_OR_HARD_RADIUS,[]
q07_center_hard_l3_1_1787300431925366566,q07,center,4,kinematic,smac_hybrid_reeds_shepp,forward,0.07347105591666868,corridor,IN_PLACE_ROTATION_FORBIDDEN_OR_HARD_RADIUS,[]
q07_center_hard_l3_1_1787300431925366566,q07,center,5,kinematic,smac_hybrid_reeds_shepp,forward,0.07347243317217728,corridor,IN_PLACE_ROTATION_FORBIDDEN_OR_HARD_RADIUS,[]
q07_center_hard_l3_1_1787300431925366566,q07,center,6,kinematic,smac_hybrid_reeds_shepp,forward,0.07347243317217728,corridor,IN_PLACE_ROTATION_FORBIDDEN_OR_HARD_RADIUS,[]
q07_center_hard_l3_1_1787300431925366566,q07,center,7,kinematic,smac_hybrid_reeds_shepp,forward,0.07347374694475778,corridor,IN_PLACE_ROTATION_FORBIDDEN_OR_HARD_RADIUS,[]
q07_center_hard_l3_1_1787300431925366566,q07,center,8,kinematic,smac_hybrid_reeds_shepp,forward,0.07347243317217728,corridor,IN_PLACE_ROTATION_FORBIDDEN_OR_HARD_RADIUS,[]
q07_center_hard_l3_1_1787300431925366566,q07,center,9,kinematic,smac_hybrid_reeds_shepp,forward,0.0734704813884097,corridor,IN_PLACE_ROTATION_FORBIDDEN_OR_HARD_RADIUS,[]
q07_center_hard_l3_1_1787300431925366566,q07,center,10,kinematic,smac_hybrid_reeds_shepp,forward,0.07337021651014225,corridor,IN_PLACE_ROTATION_FORBIDDEN_OR_HARD_RADIUS,[]
q07_center_hard_l3_1_1787300431925366566,q07,center,11,kinematic,smac_hybrid_reeds_shepp,forward,0.07336852546665344,corridor,IN_PLACE_ROTATION_FORBIDDEN_OR_HARD_RADIUS,[]
q07_center_hard_l3_1_1787300431925366566,q07,center,12,kinematic,smac_hybrid_reeds_shepp,forward,0.07336941784856395,corridor,IN_PLACE_ROTATION_FORBIDDEN_OR_HARD_RADIUS,[]
q07_center_hard_l3_1_1787300431925366566,q07,center,13,kinematic,smac_hybrid_reeds_shepp,forward,0.07336939563474723,corridor,IN_PLACE_ROTATION_FORBIDDEN_OR_HARD_RADIUS,[]
q07_center_hard_l3_1_1787300431925366566,q07,center,14,kinematic,smac_hybrid_reeds_shepp,forward,0.07336959651087385,corridor,IN_PLACE_ROTATION_FORBIDDEN_OR_HARD_RADIUS,[]
q07_center_hard_l3_1_1787300431925366566,q07,center,15,kinematic,smac_hybrid_reeds_shepp,forward,0.07336940413946642,corridor,IN_PLACE_ROTATION_FORBIDDEN_OR_HARD_RADIUS,[]
q07_center_hard_l3_1_1787300431925366566,q07,center,16,kinematic,smac_hybrid_reeds_shepp,reverse,0.07062944740844633,corridor,IN_PLACE_ROTATION_FORBIDDEN_OR_HARD_RADIUS,[]
q07_center_hard_l3_1_1787300431925366566,q07,center,17,kinematic,smac_hybrid_reeds_shepp,reverse,0.07062560792530016,corridor,IN_PLACE_ROTATION_FORBIDDEN_OR_HARD_RADIUS,[]
q07_center_hard_l3_1_1787300431925366566,q07,center,18,kinematic,smac_hybrid_reeds_shepp,reverse,0.07063080219496341,corridor,IN_PLACE_ROTATION_FORBIDDEN_OR_HARD_RADIUS,[]
q07_center_hard_l3_1_1787300431925366566,q07,center,19,kinematic,smac_hybrid_reeds_shepp,forward,0.036230226886128813,corridor,IN_PLACE_ROTATION_FORBIDDEN_OR_HARD_RADIUS,[]
q07_center_hard_l3_1_1787300431925366566,q07,center,20,kinematic,smac_hybrid_reeds_shepp,forward,0.07062797774325123,corridor,IN_PLACE_ROTATION_FORBIDDEN_OR_HARD_RADIUS,[]
q07_center_hard_l3_1_1787300431925366566,q07,center,21,kinematic,smac_hybrid_reeds_shepp,forward,0.07063100657434185,corridor,IN_PLACE_ROTATION_FORBIDDEN_OR_HARD_RADIUS,[]
q07_center_hard_l3_1_1787300431925366566,q07,center,22,kinematic,smac_hybrid_reeds_shepp,forward,0.07062790238343375,corridor,IN_PLACE_ROTATION_FORBIDDEN_OR_HARD_RADIUS,[]
q07_center_hard_l3_1_1787300431925366566,q07,center,23,kinematic,smac_hybrid_reeds_shepp,forward,0.07062762171191002,corridor,IN_PLACE_ROTATION_FORBIDDEN_OR_HARD_RADIUS,[]
q07_center_hard_l3_1_1787300431925366566,q07,center,24,kinematic,smac_hybrid_reeds_shepp,forward,0.07062863784698202,corridor,IN_PLACE_ROTATION_FORBIDDEN_OR_HARD_RADIUS,[]
q07_center_hard_l3_1_1787300431925366566,q07,center,25,kinematic,smac_hybrid_reeds_shepp,forward,0.07062710348530596,corridor,IN_PLACE_ROTATION_FORBIDDEN_OR_HARD_RADIUS,[]
q07_center_hard_l3_1_1787300431925366566,q07,center,26,kinematic,smac_hybrid_reeds_shepp,forward,0.07062687984231956,corridor,IN_PLACE_ROTATION_FORBIDDEN_OR_HARD_RADIUS,[]
q07_center_hard_l3_1_1787300431925366566,q07,center,27,kinematic,smac_hybrid_reeds_shepp,forward,0.07062966926319318,corridor,IN_PLACE_ROTATION_FORBIDDEN_OR_HARD_RADIUS,[]
q07_center_hard_l3_1_1787300431925366566,q07,center,28,kinematic,smac_hybrid_reeds_shepp,forward,0.07072037603644502,corridor,IN_PLACE_ROTATION_FORBIDDEN_OR_HARD_RADIUS,[]
q07_center_hard_l3_1_1787300431925366566,q07,center,29,kinematic,smac_hybrid_reeds_shepp,forward,0.07071890661473947,corridor,IN_PLACE_ROTATION_FORBIDDEN_OR_HARD_RADIUS,[]
q07_center_hard_l3_1_1787300431925366566,q07,center,30,kinematic,smac_hybrid_reeds_shepp,forward,0.07072275670345649,corridor,IN_PLACE_ROTATION_FORBIDDEN_OR_HARD_RADIUS,[]
q07_center_hard_l3_1_1787300431925366566,q07,center,31,kinematic,smac_hybrid_reeds_shepp,forward,0.07071890661473947,corridor,IN_PLACE_ROTATION_FORBIDDEN_OR_HARD_RADIUS,[]
q07_center_hard_l3_1_1787300431925366566,q07,center,32,kinematic,smac_hybrid_reeds_shepp,forward,0.07071890661473947,corridor,IN_PLACE_ROTATION_FORBIDDEN_OR_HARD_RADIUS,[]
q07_center_hard_l3_1_1787300431925366566,q07,center,33,kinematic,smac_hybrid_reeds_shepp,forward,0.0706480861174714,corridor,IN_PLACE_ROTATION_FORBIDDEN_OR_HARD_RADIUS,[]
q07_center_hard_l3_1_1787300431925366566,q07,center,34,kinematic,smac_hybrid_reeds_shepp,forward,0.07062790080107452,corridor,IN_PLACE_ROTATION_FORBIDDEN_OR_HARD_RADIUS,[]
q07_center_hard_l3_2_1787300432097595529,q07,center,0,grid,grid_astar,mixed,33.071677881552525,corridor,,
q07_center_hard_l3_2_1787300432097595529,q07,center,1,kinematic,smac_hybrid_reeds_shepp,forward,0.07336884257201075,corridor,IN_PLACE_ROTATION_FORBIDDEN_OR_HARD_RADIUS,[]
q07_center_hard_l3_2_1787300432097595529,q07,center,2,kinematic,smac_hybrid_reeds_shepp,forward,0.07338126859559402,corridor,IN_PLACE_ROTATION_FORBIDDEN_OR_HARD_RADIUS,[]
q07_center_hard_l3_2_1787300432097595529,q07,center,3,kinematic,smac_hybrid_reeds_shepp,forward,0.07347243317217728,corridor,IN_PLACE_ROTATION_FORBIDDEN_OR_HARD_RADIUS,[]
q07_center_hard_l3_2_1787300432097595529,q07,center,4,kinematic,smac_hybrid_reeds_shepp,forward,0.07347105591666868,corridor,IN_PLACE_ROTATION_FORBIDDEN_OR_HARD_RADIUS,[]
q07_center_hard_l3_2_1787300432097595529,q07,center,5,kinematic,smac_hybrid_reeds_shepp,forward,0.07347243317217728,corridor,IN_PLACE_ROTATION_FORBIDDEN_OR_HARD_RADIUS,[]
q07_center_hard_l3_2_1787300432097595529,q07,center,6,kinematic,smac_hybrid_reeds_shepp,forward,0.07347243317217728,corridor,IN_PLACE_ROTATION_FORBIDDEN_OR_HARD_RADIUS,[]
q07_center_hard_l3_2_1787300432097595529,q07,center,7,kinematic,smac_hybrid_reeds_shepp,forward,0.07347374694475778,corridor,IN_PLACE_ROTATION_FORBIDDEN_OR_HARD_RADIUS,[]
q07_center_hard_l3_2_1787300432097595529,q07,center,8,kinematic,smac_hybrid_reeds_shepp,forward,0.07347243317217728,corridor,IN_PLACE_ROTATION_FORBIDDEN_OR_HARD_RADIUS,[]
q07_center_hard_l3_2_1787300432097595529,q07,center,9,kinematic,smac_hybrid_reeds_shepp,forward,0.0734704813884097,corridor,IN_PLACE_ROTATION_FORBIDDEN_OR_HARD_RADIUS,[]
q07_center_hard_l3_2_1787300432097595529,q07,center,10,kinematic,smac_hybrid_reeds_shepp,forward,0.07337021651014225,corridor,IN_PLACE_ROTATION_FORBIDDEN_OR_HARD_RADIUS,[]
q07_center_hard_l3_2_1787300432097595529,q07,center,11,kinematic,smac_hybrid_reeds_shepp,forward,0.07336852546665344,corridor,IN_PLACE_ROTATION_FORBIDDEN_OR_HARD_RADIUS,[]
q07_center_hard_l3_2_1787300432097595529,q07,center,12,kinematic,smac_hybrid_reeds_shepp,forward,0.07336941784856395,corridor,IN_PLACE_ROTATION_FORBIDDEN_OR_HARD_RADIUS,[]
q07_center_hard_l3_2_1787300432097595529,q07,center,13,kinematic,smac_hybrid_reeds_shepp,forward,0.07336939563474723,corridor,IN_PLACE_ROTATION_FORBIDDEN_OR_HARD_RADIUS,[]
q07_center_hard_l3_2_1787300432097595529,q07,center,14,kinematic,smac_hybrid_reeds_shepp,forward,0.07336959651087385,corridor,IN_PLACE_ROTATION_FORBIDDEN_OR_HARD_RADIUS,[]
q07_center_hard_l3_2_1787300432097595529,q07,center,15,kinematic,smac_hybrid_reeds_shepp,forward,0.07336940413946642,corridor,IN_PLACE_ROTATION_FORBIDDEN_OR_HARD_RADIUS,[]
q07_center_hard_l3_2_1787300432097595529,q07,center,16,kinematic,smac_hybrid_reeds_shepp,reverse,0.07062944740844633,corridor,IN_PLACE_ROTATION_FORBIDDEN_OR_HARD_RADIUS,[]
q07_center_hard_l3_2_1787300432097595529,q07,center,17,kinematic,smac_hybrid_reeds_shepp,reverse,0.07062560792530016,corridor,IN_PLACE_ROTATION_FORBIDDEN_OR_HARD_RADIUS,[]
q07_center_hard_l3_2_1787300432097595529,q07,center,18,kinematic,smac_hybrid_reeds_shepp,reverse,0.07063080219496341,corridor,IN_PLACE_ROTATION_FORBIDDEN_OR_HARD_RADIUS,[]
q07_center_hard_l3_2_1787300432097595529,q07,center,19,kinematic,smac_hybrid_reeds_shepp,forward,0.036230226886128813,corridor,IN_PLACE_ROTATION_FORBIDDEN_OR_HARD_RADIUS,[]
q07_center_hard_l3_2_1787300432097595529,q07,center,20,kinematic,smac_hybrid_reeds_shepp,forward,0.07062797774325123,corridor,IN_PLACE_ROTATION_FORBIDDEN_OR_HARD_RADIUS,[]
q07_center_hard_l3_2_1787300432097595529,q07,center,21,kinematic,smac_hybrid_reeds_shepp,forward,0.07063100657434185,corridor,IN_PLACE_ROTATION_FORBIDDEN_OR_HARD_RADIUS,[]
q07_center_hard_l3_2_1787300432097595529,q07,center,22,kinematic,smac_hybrid_reeds_shepp,forward,0.07062790238343375,corridor,IN_PLACE_ROTATION_FORBIDDEN_OR_HARD_RADIUS,[]
q07_center_hard_l3_2_1787300432097595529,q07,center,23,kinematic,smac_hybrid_reeds_shepp,forward,0.07062762171191002,corridor,IN_PLACE_ROTATION_FORBIDDEN_OR_HARD_RADIUS,[]
q07_center_hard_l3_2_1787300432097595529,q07,center,24,kinematic,smac_hybrid_reeds_shepp,forward,0.07062863784698202,corridor,IN_PLACE_ROTATION_FORBIDDEN_OR_HARD_RADIUS,[]
q07_center_hard_l3_2_1787300432097595529,q07,center,25,kinematic,smac_hybrid_reeds_shepp,forward,0.07062710348530596,corridor,IN_PLACE_ROTATION_FORBIDDEN_OR_HARD_RADIUS,[]
q07_center_hard_l3_2_1787300432097595529,q07,center,26,kinematic,smac_hybrid_reeds_shepp,forward,0.07062687984231956,corridor,IN_PLACE_ROTATION_FORBIDDEN_OR_HARD_RADIUS,[]
q07_center_hard_l3_2_1787300432097595529,q07,center,27,kinematic,smac_hybrid_reeds_shepp,forward,0.07062966926319318,corridor,IN_PLACE_ROTATION_FORBIDDEN_OR_HARD_RADIUS,[]
q07_center_hard_l3_2_1787300432097595529,q07,center,28,kinematic,smac_hybrid_reeds_shepp,forward,0.07072037603644502,corridor,IN_PLACE_ROTATION_FORBIDDEN_OR_HARD_RADIUS,[]
q07_center_hard_l3_2_1787300432097595529,q07,center,29,kinematic,smac_hybrid_reeds_shepp,forward,0.07071890661473947,corridor,IN_PLACE_ROTATION_FORBIDDEN_OR_HARD_RADIUS,[]
q07_center_hard_l3_2_1787300432097595529,q07,center,30,kinematic,smac_hybrid_reeds_shepp,forward,0.07072275670345649,corridor,IN_PLACE_ROTATION_FORBIDDEN_OR_HARD_RADIUS,[]
q07_center_hard_l3_2_1787300432097595529,q07,center,31,kinematic,smac_hybrid_reeds_shepp,forward,0.07071890661473947,corridor,IN_PLACE_ROTATION_FORBIDDEN_OR_HARD_RADIUS,[]
q07_center_hard_l3_2_1787300432097595529,q07,center,32,kinematic,smac_hybrid_reeds_shepp,forward,0.07071890661473947,corridor,IN_PLACE_ROTATION_FORBIDDEN_OR_HARD_RADIUS,[]
q07_center_hard_l3_2_1787300432097595529,q07,center,33,kinematic,smac_hybrid_reeds_shepp,forward,0.0706480861174714,corridor,IN_PLACE_ROTATION_FORBIDDEN_OR_HARD_RADIUS,[]
q07_center_hard_l3_2_1787300432097595529,q07,center,34,kinematic,smac_hybrid_reeds_shepp,forward,0.07062790080107452,corridor,IN_PLACE_ROTATION_FORBIDDEN_OR_HARD_RADIUS,[]
q07_center_hard_l3_3_1787300432268929788,q07,center,0,grid,grid_astar,mixed,33.071677881552525,corridor,,
q07_center_hard_l3_3_1787300432268929788,q07,center,1,kinematic,smac_hybrid_reeds_shepp,forward,0.07336884257201075,corridor,IN_PLACE_ROTATION_FORBIDDEN_OR_HARD_RADIUS,[]
q07_center_hard_l3_3_1787300432268929788,q07,center,2,kinematic,smac_hybrid_reeds_shepp,forward,0.07338126859559402,corridor,IN_PLACE_ROTATION_FORBIDDEN_OR_HARD_RADIUS,[]
q07_center_hard_l3_3_1787300432268929788,q07,center,3,kinematic,smac_hybrid_reeds_shepp,forward,0.07347243317217728,corridor,IN_PLACE_ROTATION_FORBIDDEN_OR_HARD_RADIUS,[]
q07_center_hard_l3_3_1787300432268929788,q07,center,4,kinematic,smac_hybrid_reeds_shepp,forward,0.07347105591666868,corridor,IN_PLACE_ROTATION_FORBIDDEN_OR_HARD_RADIUS,[]
q07_center_hard_l3_3_1787300432268929788,q07,center,5,kinematic,smac_hybrid_reeds_shepp,forward,0.07347243317217728,corridor,IN_PLACE_ROTATION_FORBIDDEN_OR_HARD_RADIUS,[]
q07_center_hard_l3_3_1787300432268929788,q07,center,6,kinematic,smac_hybrid_reeds_shepp,forward,0.07347243317217728,corridor,IN_PLACE_ROTATION_FORBIDDEN_OR_HARD_RADIUS,[]
q07_center_hard_l3_3_1787300432268929788,q07,center,7,kinematic,smac_hybrid_reeds_shepp,forward,0.07347374694475778,corridor,IN_PLACE_ROTATION_FORBIDDEN_OR_HARD_RADIUS,[]
q07_center_hard_l3_3_1787300432268929788,q07,center,8,kinematic,smac_hybrid_reeds_shepp,forward,0.07347243317217728,corridor,IN_PLACE_ROTATION_FORBIDDEN_OR_HARD_RADIUS,[]
q07_center_hard_l3_3_1787300432268929788,q07,center,9,kinematic,smac_hybrid_reeds_shepp,forward,0.0734704813884097,corridor,IN_PLACE_ROTATION_FORBIDDEN_OR_HARD_RADIUS,[]
q07_center_hard_l3_3_1787300432268929788,q07,center,10,kinematic,smac_hybrid_reeds_shepp,forward,0.07337021651014225,corridor,IN_PLACE_ROTATION_FORBIDDEN_OR_HARD_RADIUS,[]
q07_center_hard_l3_3_1787300432268929788,q07,center,11,kinematic,smac_hybrid_reeds_shepp,forward,0.07336852546665344,corridor,IN_PLACE_ROTATION_FORBIDDEN_OR_HARD_RADIUS,[]
q07_center_hard_l3_3_1787300432268929788,q07,center,12,kinematic,smac_hybrid_reeds_shepp,forward,0.07336941784856395,corridor,IN_PLACE_ROTATION_FORBIDDEN_OR_HARD_RADIUS,[]
q07_center_hard_l3_3_1787300432268929788,q07,center,13,kinematic,smac_hybrid_reeds_shepp,forward,0.07336939563474723,corridor,IN_PLACE_ROTATION_FORBIDDEN_OR_HARD_RADIUS,[]
q07_center_hard_l3_3_1787300432268929788,q07,center,14,kinematic,smac_hybrid_reeds_shepp,forward,0.07336959651087385,corridor,IN_PLACE_ROTATION_FORBIDDEN_OR_HARD_RADIUS,[]
q07_center_hard_l3_3_1787300432268929788,q07,center,15,kinematic,smac_hybrid_reeds_shepp,forward,0.07336940413946642,corridor,IN_PLACE_ROTATION_FORBIDDEN_OR_HARD_RADIUS,[]
q07_center_hard_l3_3_1787300432268929788,q07,center,16,kinematic,smac_hybrid_reeds_shepp,reverse,0.07062944740844633,corridor,IN_PLACE_ROTATION_FORBIDDEN_OR_HARD_RADIUS,[]
q07_center_hard_l3_3_1787300432268929788,q07,center,17,kinematic,smac_hybrid_reeds_shepp,reverse,0.07062560792530016,corridor,IN_PLACE_ROTATION_FORBIDDEN_OR_HARD_RADIUS,[]
q07_center_hard_l3_3_1787300432268929788,q07,center,18,kinematic,smac_hybrid_reeds_shepp,reverse,0.07063080219496341,corridor,IN_PLACE_ROTATION_FORBIDDEN_OR_HARD_RADIUS,[]
q07_center_hard_l3_3_1787300432268929788,q07,center,19,kinematic,smac_hybrid_reeds_shepp,forward,0.036230226886128813,corridor,IN_PLACE_ROTATION_FORBIDDEN_OR_HARD_RADIUS,[]
q07_center_hard_l3_3_1787300432268929788,q07,center,20,kinematic,smac_hybrid_reeds_shepp,forward,0.07062797774325123,corridor,IN_PLACE_ROTATION_FORBIDDEN_OR_HARD_RADIUS,[]
q07_center_hard_l3_3_1787300432268929788,q07,center,21,kinematic,smac_hybrid_reeds_shepp,forward,0.07063100657434185,corridor,IN_PLACE_ROTATION_FORBIDDEN_OR_HARD_RADIUS,[]
q07_center_hard_l3_3_1787300432268929788,q07,center,22,kinematic,smac_hybrid_reeds_shepp,forward,0.07062790238343375,corridor,IN_PLACE_ROTATION_FORBIDDEN_OR_HARD_RADIUS,[]
q07_center_hard_l3_3_1787300432268929788,q07,center,23,kinematic,smac_hybrid_reeds_shepp,forward,0.07062762171191002,corridor,IN_PLACE_ROTATION_FORBIDDEN_OR_HARD_RADIUS,[]
q07_center_hard_l3_3_1787300432268929788,q07,center,24,kinematic,smac_hybrid_reeds_shepp,forward,0.07062863784698202,corridor,IN_PLACE_ROTATION_FORBIDDEN_OR_HARD_RADIUS,[]
q07_center_hard_l3_3_1787300432268929788,q07,center,25,kinematic,smac_hybrid_reeds_shepp,forward,0.07062710348530596,corridor,IN_PLACE_ROTATION_FORBIDDEN_OR_HARD_RADIUS,[]
q07_center_hard_l3_3_1787300432268929788,q07,center,26,kinematic,smac_hybrid_reeds_shepp,forward,0.07062687984231956,corridor,IN_PLACE_ROTATION_FORBIDDEN_OR_HARD_RADIUS,[]
q07_center_hard_l3_3_1787300432268929788,q07,center,27,kinematic,smac_hybrid_reeds_shepp,forward,0.07062966926319318,corridor,IN_PLACE_ROTATION_FORBIDDEN_OR_HARD_RADIUS,[]
q07_center_hard_l3_3_1787300432268929788,q07,center,28,kinematic,smac_hybrid_reeds_shepp,forward,0.07072037603644502,corridor,IN_PLACE_ROTATION_FORBIDDEN_OR_HARD_RADIUS,[]
q07_center_hard_l3_3_1787300432268929788,q07,center,29,kinematic,smac_hybrid_reeds_shepp,forward,0.07071890661473947,corridor,IN_PLACE_ROTATION_FORBIDDEN_OR_HARD_RADIUS,[]
q07_center_hard_l3_3_1787300432268929788,q07,center,30,kinematic,smac_hybrid_reeds_shepp,forward,0.07072275670345649,corridor,IN_PLACE_ROTATION_FORBIDDEN_OR_HARD_RADIUS,[]
q07_center_hard_l3_3_1787300432268929788,q07,center,31,kinematic,smac_hybrid_reeds_shepp,forward,0.07071890661473947,corridor,IN_PLACE_ROTATION_FORBIDDEN_OR_HARD_RADIUS,[]
q07_center_hard_l3_3_1787300432268929788,q07,center,32,kinematic,smac_hybrid_reeds_shepp,forward,0.07071890661473947,corridor,IN_PLACE_ROTATION_FORBIDDEN_OR_HARD_RADIUS,[]
q07_center_hard_l3_3_1787300432268929788,q07,center,33,kinematic,smac_hybrid_reeds_shepp,forward,0.0706480861174714,corridor,IN_PLACE_ROTATION_FORBIDDEN_OR_HARD_RADIUS,[]
q07_center_hard_l3_3_1787300432268929788,q07,center,34,kinematic,smac_hybrid_reeds_shepp,forward,0.07062790080107452,corridor,IN_PLACE_ROTATION_FORBIDDEN_OR_HARD_RADIUS,[]
q07_center_hard_l3_4_1787300432439732695,q07,center,0,grid,grid_astar,mixed,33.071677881552525,corridor,,
q07_center_hard_l3_4_1787300432439732695,q07,center,1,kinematic,smac_hybrid_reeds_shepp,forward,0.07336884257201075,corridor,IN_PLACE_ROTATION_FORBIDDEN_OR_HARD_RADIUS,[]
q07_center_hard_l3_4_1787300432439732695,q07,center,2,kinematic,smac_hybrid_reeds_shepp,forward,0.07338126859559402,corridor,IN_PLACE_ROTATION_FORBIDDEN_OR_HARD_RADIUS,[]
q07_center_hard_l3_4_1787300432439732695,q07,center,3,kinematic,smac_hybrid_reeds_shepp,forward,0.07347243317217728,corridor,IN_PLACE_ROTATION_FORBIDDEN_OR_HARD_RADIUS,[]
q07_center_hard_l3_4_1787300432439732695,q07,center,4,kinematic,smac_hybrid_reeds_shepp,forward,0.07347105591666868,corridor,IN_PLACE_ROTATION_FORBIDDEN_OR_HARD_RADIUS,[]
q07_center_hard_l3_4_1787300432439732695,q07,center,5,kinematic,smac_hybrid_reeds_shepp,forward,0.07347243317217728,corridor,IN_PLACE_ROTATION_FORBIDDEN_OR_HARD_RADIUS,[]
q07_center_hard_l3_4_1787300432439732695,q07,center,6,kinematic,smac_hybrid_reeds_shepp,forward,0.07347243317217728,corridor,IN_PLACE_ROTATION_FORBIDDEN_OR_HARD_RADIUS,[]
q07_center_hard_l3_4_1787300432439732695,q07,center,7,kinematic,smac_hybrid_reeds_shepp,forward,0.07347374694475778,corridor,IN_PLACE_ROTATION_FORBIDDEN_OR_HARD_RADIUS,[]
q07_center_hard_l3_4_1787300432439732695,q07,center,8,kinematic,smac_hybrid_reeds_shepp,forward,0.07347243317217728,corridor,IN_PLACE_ROTATION_FORBIDDEN_OR_HARD_RADIUS,[]
q07_center_hard_l3_4_1787300432439732695,q07,center,9,kinematic,smac_hybrid_reeds_shepp,forward,0.0734704813884097,corridor,IN_PLACE_ROTATION_FORBIDDEN_OR_HARD_RADIUS,[]
q07_center_hard_l3_4_1787300432439732695,q07,center,10,kinematic,smac_hybrid_reeds_shepp,forward,0.07337021651014225,corridor,IN_PLACE_ROTATION_FORBIDDEN_OR_HARD_RADIUS,[]
q07_center_hard_l3_4_1787300432439732695,q07,center,11,kinematic,smac_hybrid_reeds_shepp,forward,0.07336852546665344,corridor,IN_PLACE_ROTATION_FORBIDDEN_OR_HARD_RADIUS,[]
q07_center_hard_l3_4_1787300432439732695,q07,center,12,kinematic,smac_hybrid_reeds_shepp,forward,0.07336941784856395,corridor,IN_PLACE_ROTATION_FORBIDDEN_OR_HARD_RADIUS,[]
q07_center_hard_l3_4_1787300432439732695,q07,center,13,kinematic,smac_hybrid_reeds_shepp,forward,0.07336939563474723,corridor,IN_PLACE_ROTATION_FORBIDDEN_OR_HARD_RADIUS,[]
q07_center_hard_l3_4_1787300432439732695,q07,center,14,kinematic,smac_hybrid_reeds_shepp,forward,0.07336959651087385,corridor,IN_PLACE_ROTATION_FORBIDDEN_OR_HARD_RADIUS,[]
q07_center_hard_l3_4_1787300432439732695,q07,center,15,kinematic,smac_hybrid_reeds_shepp,forward,0.07336940413946642,corridor,IN_PLACE_ROTATION_FORBIDDEN_OR_HARD_RADIUS,[]
q07_center_hard_l3_4_1787300432439732695,q07,center,16,kinematic,smac_hybrid_reeds_shepp,reverse,0.07062944740844633,corridor,IN_PLACE_ROTATION_FORBIDDEN_OR_HARD_RADIUS,[]
q07_center_hard_l3_4_1787300432439732695,q07,center,17,kinematic,smac_hybrid_reeds_shepp,reverse,0.07062560792530016,corridor,IN_PLACE_ROTATION_FORBIDDEN_OR_HARD_RADIUS,[]
q07_center_hard_l3_4_1787300432439732695,q07,center,18,kinematic,smac_hybrid_reeds_shepp,reverse,0.07063080219496341,corridor,IN_PLACE_ROTATION_FORBIDDEN_OR_HARD_RADIUS,[]
q07_center_hard_l3_4_1787300432439732695,q07,center,19,kinematic,smac_hybrid_reeds_shepp,forward,0.036230226886128813,corridor,IN_PLACE_ROTATION_FORBIDDEN_OR_HARD_RADIUS,[]
q07_center_hard_l3_4_1787300432439732695,q07,center,20,kinematic,smac_hybrid_reeds_shepp,forward,0.07062797774325123,corridor,IN_PLACE_ROTATION_FORBIDDEN_OR_HARD_RADIUS,[]
q07_center_hard_l3_4_1787300432439732695,q07,center,21,kinematic,smac_hybrid_reeds_shepp,forward,0.07063100657434185,corridor,IN_PLACE_ROTATION_FORBIDDEN_OR_HARD_RADIUS,[]
q07_center_hard_l3_4_1787300432439732695,q07,center,22,kinematic,smac_hybrid_reeds_shepp,forward,0.07062790238343375,corridor,IN_PLACE_ROTATION_FORBIDDEN_OR_HARD_RADIUS,[]
q07_center_hard_l3_4_1787300432439732695,q07,center,23,kinematic,smac_hybrid_reeds_shepp,forward,0.07062762171191002,corridor,IN_PLACE_ROTATION_FORBIDDEN_OR_HARD_RADIUS,[]
q07_center_hard_l3_4_1787300432439732695,q07,center,24,kinematic,smac_hybrid_reeds_shepp,forward,0.07062863784698202,corridor,IN_PLACE_ROTATION_FORBIDDEN_OR_HARD_RADIUS,[]
q07_center_hard_l3_4_1787300432439732695,q07,center,25,kinematic,smac_hybrid_reeds_shepp,forward,0.07062710348530596,corridor,IN_PLACE_ROTATION_FORBIDDEN_OR_HARD_RADIUS,[]
q07_center_hard_l3_4_1787300432439732695,q07,center,26,kinematic,smac_hybrid_reeds_shepp,forward,0.07062687984231956,corridor,IN_PLACE_ROTATION_FORBIDDEN_OR_HARD_RADIUS,[]
q07_center_hard_l3_4_1787300432439732695,q07,center,27,kinematic,smac_hybrid_reeds_shepp,forward,0.07062966926319318,corridor,IN_PLACE_ROTATION_FORBIDDEN_OR_HARD_RADIUS,[]
q07_center_hard_l3_4_1787300432439732695,q07,center,28,kinematic,smac_hybrid_reeds_shepp,forward,0.07072037603644502,corridor,IN_PLACE_ROTATION_FORBIDDEN_OR_HARD_RADIUS,[]
q07_center_hard_l3_4_1787300432439732695,q07,center,29,kinematic,smac_hybrid_reeds_shepp,forward,0.07071890661473947,corridor,IN_PLACE_ROTATION_FORBIDDEN_OR_HARD_RADIUS,[]
q07_center_hard_l3_4_1787300432439732695,q07,center,30,kinematic,smac_hybrid_reeds_shepp,forward,0.07072275670345649,corridor,IN_PLACE_ROTATION_FORBIDDEN_OR_HARD_RADIUS,[]
q07_center_hard_l3_4_1787300432439732695,q07,center,31,kinematic,smac_hybrid_reeds_shepp,forward,0.07071890661473947,corridor,IN_PLACE_ROTATION_FORBIDDEN_OR_HARD_RADIUS,[]
q07_center_hard_l3_4_1787300432439732695,q07,center,32,kinematic,smac_hybrid_reeds_shepp,forward,0.07071890661473947,corridor,IN_PLACE_ROTATION_FORBIDDEN_OR_HARD_RADIUS,[]
q07_center_hard_l3_4_1787300432439732695,q07,center,33,kinematic,smac_hybrid_reeds_shepp,forward,0.0706480861174714,corridor,IN_PLACE_ROTATION_FORBIDDEN_OR_HARD_RADIUS,[]
q07_center_hard_l3_4_1787300432439732695,q07,center,34,kinematic,smac_hybrid_reeds_shepp,forward,0.07062790080107452,corridor,IN_PLACE_ROTATION_FORBIDDEN_OR_HARD_RADIUS,[]
q07_center_hard_l3_5_1787300432609376091,q07,center,0,grid,grid_astar,mixed,33.071677881552525,corridor,,
q07_center_hard_l3_5_1787300432609376091,q07,center,1,kinematic,smac_hybrid_reeds_shepp,forward,0.07336884257201075,corridor,IN_PLACE_ROTATION_FORBIDDEN_OR_HARD_RADIUS,[]
q07_center_hard_l3_5_1787300432609376091,q07,center,2,kinematic,smac_hybrid_reeds_shepp,forward,0.07338126859559402,corridor,IN_PLACE_ROTATION_FORBIDDEN_OR_HARD_RADIUS,[]
q07_center_hard_l3_5_1787300432609376091,q07,center,3,kinematic,smac_hybrid_reeds_shepp,forward,0.07347243317217728,corridor,IN_PLACE_ROTATION_FORBIDDEN_OR_HARD_RADIUS,[]
q07_center_hard_l3_5_1787300432609376091,q07,center,4,kinematic,smac_hybrid_reeds_shepp,forward,0.07347105591666868,corridor,IN_PLACE_ROTATION_FORBIDDEN_OR_HARD_RADIUS,[]
q07_center_hard_l3_5_1787300432609376091,q07,center,5,kinematic,smac_hybrid_reeds_shepp,forward,0.07347243317217728,corridor,IN_PLACE_ROTATION_FORBIDDEN_OR_HARD_RADIUS,[]
q07_center_hard_l3_5_1787300432609376091,q07,center,6,kinematic,smac_hybrid_reeds_shepp,forward,0.07347243317217728,corridor,IN_PLACE_ROTATION_FORBIDDEN_OR_HARD_RADIUS,[]
q07_center_hard_l3_5_1787300432609376091,q07,center,7,kinematic,smac_hybrid_reeds_shepp,forward,0.07347374694475778,corridor,IN_PLACE_ROTATION_FORBIDDEN_OR_HARD_RADIUS,[]
q07_center_hard_l3_5_1787300432609376091,q07,center,8,kinematic,smac_hybrid_reeds_shepp,forward,0.07347243317217728,corridor,IN_PLACE_ROTATION_FORBIDDEN_OR_HARD_RADIUS,[]
q07_center_hard_l3_5_1787300432609376091,q07,center,9,kinematic,smac_hybrid_reeds_shepp,forward,0.0734704813884097,corridor,IN_PLACE_ROTATION_FORBIDDEN_OR_HARD_RADIUS,[]
q07_center_hard_l3_5_1787300432609376091,q07,center,10,kinematic,smac_hybrid_reeds_shepp,forward,0.07337021651014225,corridor,IN_PLACE_ROTATION_FORBIDDEN_OR_HARD_RADIUS,[]
q07_center_hard_l3_5_1787300432609376091,q07,center,11,kinematic,smac_hybrid_reeds_shepp,forward,0.07336852546665344,corridor,IN_PLACE_ROTATION_FORBIDDEN_OR_HARD_RADIUS,[]
q07_center_hard_l3_5_1787300432609376091,q07,center,12,kinematic,smac_hybrid_reeds_shepp,forward,0.07336941784856395,corridor,IN_PLACE_ROTATION_FORBIDDEN_OR_HARD_RADIUS,[]
q07_center_hard_l3_5_1787300432609376091,q07,center,13,kinematic,smac_hybrid_reeds_shepp,forward,0.07336939563474723,corridor,IN_PLACE_ROTATION_FORBIDDEN_OR_HARD_RADIUS,[]
q07_center_hard_l3_5_1787300432609376091,q07,center,14,kinematic,smac_hybrid_reeds_shepp,forward,0.07336959651087385,corridor,IN_PLACE_ROTATION_FORBIDDEN_OR_HARD_RADIUS,[]
q07_center_hard_l3_5_1787300432609376091,q07,center,15,kinematic,smac_hybrid_reeds_shepp,forward,0.07336940413946642,corridor,IN_PLACE_ROTATION_FORBIDDEN_OR_HARD_RADIUS,[]
q07_center_hard_l3_5_1787300432609376091,q07,center,16,kinematic,smac_hybrid_reeds_shepp,reverse,0.07062944740844633,corridor,IN_PLACE_ROTATION_FORBIDDEN_OR_HARD_RADIUS,[]
q07_center_hard_l3_5_1787300432609376091,q07,center,17,kinematic,smac_hybrid_reeds_shepp,reverse,0.07062560792530016,corridor,IN_PLACE_ROTATION_FORBIDDEN_OR_HARD_RADIUS,[]
q07_center_hard_l3_5_1787300432609376091,q07,center,18,kinematic,smac_hybrid_reeds_shepp,reverse,0.07063080219496341,corridor,IN_PLACE_ROTATION_FORBIDDEN_OR_HARD_RADIUS,[]
q07_center_hard_l3_5_1787300432609376091,q07,center,19,kinematic,smac_hybrid_reeds_shepp,forward,0.036230226886128813,corridor,IN_PLACE_ROTATION_FORBIDDEN_OR_HARD_RADIUS,[]
q07_center_hard_l3_5_1787300432609376091,q07,center,20,kinematic,smac_hybrid_reeds_shepp,forward,0.07062797774325123,corridor,IN_PLACE_ROTATION_FORBIDDEN_OR_HARD_RADIUS,[]
q07_center_hard_l3_5_1787300432609376091,q07,center,21,kinematic,smac_hybrid_reeds_shepp,forward,0.07063100657434185,corridor,IN_PLACE_ROTATION_FORBIDDEN_OR_HARD_RADIUS,[]
q07_center_hard_l3_5_1787300432609376091,q07,center,22,kinematic,smac_hybrid_reeds_shepp,forward,0.07062790238343375,corridor,IN_PLACE_ROTATION_FORBIDDEN_OR_HARD_RADIUS,[]
q07_center_hard_l3_5_1787300432609376091,q07,center,23,kinematic,smac_hybrid_reeds_shepp,forward,0.07062762171191002,corridor,IN_PLACE_ROTATION_FORBIDDEN_OR_HARD_RADIUS,[]
q07_center_hard_l3_5_1787300432609376091,q07,center,24,kinematic,smac_hybrid_reeds_shepp,forward,0.07062863784698202,corridor,IN_PLACE_ROTATION_FORBIDDEN_OR_HARD_RADIUS,[]
q07_center_hard_l3_5_1787300432609376091,q07,center,25,kinematic,smac_hybrid_reeds_shepp,forward,0.07062710348530596,corridor,IN_PLACE_ROTATION_FORBIDDEN_OR_HARD_RADIUS,[]
q07_center_hard_l3_5_1787300432609376091,q07,center,26,kinematic,smac_hybrid_reeds_shepp,forward,0.07062687984231956,corridor,IN_PLACE_ROTATION_FORBIDDEN_OR_HARD_RADIUS,[]
q07_center_hard_l3_5_1787300432609376091,q07,center,27,kinematic,smac_hybrid_reeds_shepp,forward,0.07062966926319318,corridor,IN_PLACE_ROTATION_FORBIDDEN_OR_HARD_RADIUS,[]
q07_center_hard_l3_5_1787300432609376091,q07,center,28,kinematic,smac_hybrid_reeds_shepp,forward,0.07072037603644502,corridor,IN_PLACE_ROTATION_FORBIDDEN_OR_HARD_RADIUS,[]
q07_center_hard_l3_5_1787300432609376091,q07,center,29,kinematic,smac_hybrid_reeds_shepp,forward,0.07071890661473947,corridor,IN_PLACE_ROTATION_FORBIDDEN_OR_HARD_RADIUS,[]
q07_center_hard_l3_5_1787300432609376091,q07,center,30,kinematic,smac_hybrid_reeds_shepp,forward,0.07072275670345649,corridor,IN_PLACE_ROTATION_FORBIDDEN_OR_HARD_RADIUS,[]
q07_center_hard_l3_5_1787300432609376091,q07,center,31,kinematic,smac_hybrid_reeds_shepp,forward,0.07071890661473947,corridor,IN_PLACE_ROTATION_FORBIDDEN_OR_HARD_RADIUS,[]
q07_center_hard_l3_5_1787300432609376091,q07,center,32,kinematic,smac_hybrid_reeds_shepp,forward,0.07071890661473947,corridor,IN_PLACE_ROTATION_FORBIDDEN_OR_HARD_RADIUS,[]
q07_center_hard_l3_5_1787300432609376091,q07,center,33,kinematic,smac_hybrid_reeds_shepp,forward,0.0706480861174714,corridor,IN_PLACE_ROTATION_FORBIDDEN_OR_HARD_RADIUS,[]
q07_center_hard_l3_5_1787300432609376091,q07,center,34,kinematic,smac_hybrid_reeds_shepp,forward,0.07062790080107452,corridor,IN_PLACE_ROTATION_FORBIDDEN_OR_HARD_RADIUS,[]
q09_center_hard_l3_1_1787300433221718730,q09,center,0,grid,grid_astar,mixed,13.449138273924714,expanded_corridor,,
q09_center_hard_l3_1_1787300433221718730,q09,center,1,kinematic,smac_hybrid_reeds_shepp,forward,0.07199223269183426,expanded_corridor,IN_PLACE_ROTATION_FORBIDDEN_OR_HARD_RADIUS,[]
q09_center_hard_l3_1_1787300433221718730,q09,center,2,kinematic,smac_hybrid_reeds_shepp,forward,0.07199358367923395,expanded_corridor,IN_PLACE_ROTATION_FORBIDDEN_OR_HARD_RADIUS,[]
q09_center_hard_l3_1_1787300433221718730,q09,center,3,kinematic,smac_hybrid_reeds_shepp,forward,0.0719926550650908,expanded_corridor,IN_PLACE_ROTATION_FORBIDDEN_OR_HARD_RADIUS,[]
q09_center_hard_l3_1_1787300433221718730,q09,center,4,kinematic,smac_hybrid_reeds_shepp,forward,0.07199377372776916,expanded_corridor,IN_PLACE_ROTATION_FORBIDDEN_OR_HARD_RADIUS,[]
q09_center_hard_l3_1_1787300433221718730,q09,center,5,kinematic,smac_hybrid_reeds_shepp,forward,0.0719917590228287,expanded_corridor,IN_PLACE_ROTATION_FORBIDDEN_OR_HARD_RADIUS,[]
q09_center_hard_l3_1_1787300433221718730,q09,center,6,kinematic,smac_hybrid_reeds_shepp,forward,0.07199359331669407,expanded_corridor,IN_PLACE_ROTATION_FORBIDDEN_OR_HARD_RADIUS,[]
q09_center_hard_l3_1_1787300433221718730,q09,center,7,kinematic,smac_hybrid_reeds_shepp,forward,0.07199321053389639,expanded_corridor,IN_PLACE_ROTATION_FORBIDDEN_OR_HARD_RADIUS,[]
q09_center_hard_l3_1_1787300433221718730,q09,center,8,kinematic,smac_hybrid_reeds_shepp,reverse,0.0176850105134881,expanded_corridor,IN_PLACE_ROTATION_FORBIDDEN_OR_HARD_RADIUS,[]
q09_center_hard_l3_1_1787300433221718730,q09,center,9,kinematic,smac_hybrid_reeds_shepp,reverse,0.07199183929387089,expanded_corridor,IN_PLACE_ROTATION_FORBIDDEN_OR_HARD_RADIUS,[]
q09_center_hard_l3_1_1787300433221718730,q09,center,10,kinematic,smac_hybrid_reeds_shepp,reverse,0.07199403055849463,expanded_corridor,IN_PLACE_ROTATION_FORBIDDEN_OR_HARD_RADIUS,[]
q09_center_hard_l3_1_1787300433221718730,q09,center,11,kinematic,smac_hybrid_reeds_shepp,reverse,0.07199186477877613,expanded_corridor,IN_PLACE_ROTATION_FORBIDDEN_OR_HARD_RADIUS,[]
q09_center_hard_l3_1_1787300433221718730,q09,center,12,kinematic,smac_hybrid_reeds_shepp,reverse,0.07199206780065265,expanded_corridor,IN_PLACE_ROTATION_FORBIDDEN_OR_HARD_RADIUS,[]
q09_center_hard_l3_1_1787300433221718730,q09,center,13,kinematic,smac_hybrid_reeds_shepp,reverse,0.07199371562824042,expanded_corridor,IN_PLACE_ROTATION_FORBIDDEN_OR_HARD_RADIUS,[]
q09_center_hard_l3_1_1787300433221718730,q09,center,14,kinematic,smac_hybrid_reeds_shepp,reverse,0.07199284767100088,expanded_corridor,IN_PLACE_ROTATION_FORBIDDEN_OR_HARD_RADIUS,[]
q09_center_hard_l3_1_1787300433221718730,q09,center,15,kinematic,smac_hybrid_reeds_shepp,reverse,0.07199175240903417,expanded_corridor,IN_PLACE_ROTATION_FORBIDDEN_OR_HARD_RADIUS,[]
q09_center_hard_l3_1_1787300433221718730,q09,center,16,kinematic,smac_hybrid_reeds_shepp,reverse,0.07199430687324541,expanded_corridor,IN_PLACE_ROTATION_FORBIDDEN_OR_HARD_RADIUS,[]
q09_center_hard_l3_1_1787300433221718730,q09,center,17,kinematic,smac_hybrid_reeds_shepp,reverse,0.07208966875469394,expanded_corridor,IN_PLACE_ROTATION_FORBIDDEN_OR_HARD_RADIUS,[]
q09_center_hard_l3_1_1787300433221718730,q09,center,18,kinematic,smac_hybrid_reeds_shepp,reverse,0.07209041475542254,expanded_corridor,IN_PLACE_ROTATION_FORBIDDEN_OR_HARD_RADIUS,[]
q09_center_hard_l3_1_1787300433221718730,q09,center,19,kinematic,smac_hybrid_reeds_shepp,reverse,0.07208962432965162,expanded_corridor,IN_PLACE_ROTATION_FORBIDDEN_OR_HARD_RADIUS,[]
q09_center_hard_l3_1_1787300433221718730,q09,center,20,kinematic,smac_hybrid_reeds_shepp,reverse,0.07207227757678081,expanded_corridor,IN_PLACE_ROTATION_FORBIDDEN_OR_HARD_RADIUS,[]
q09_center_hard_l3_1_1787300433221718730,q09,center,21,kinematic,smac_hybrid_reeds_shepp,reverse,0.072527129370552,expanded_corridor,IN_PLACE_ROTATION_FORBIDDEN_OR_HARD_RADIUS,[]
q09_center_hard_l3_1_1787300433221718730,q09,center,22,kinematic,smac_hybrid_reeds_shepp,reverse,0.07252846485283289,expanded_corridor,IN_PLACE_ROTATION_FORBIDDEN_OR_HARD_RADIUS,[]
q09_center_hard_l3_1_1787300433221718730,q09,center,23,kinematic,smac_hybrid_reeds_shepp,reverse,0.07252763161336069,expanded_corridor,IN_PLACE_ROTATION_FORBIDDEN_OR_HARD_RADIUS,[]
q09_center_hard_l3_1_1787300433221718730,q09,center,24,kinematic,smac_hybrid_reeds_shepp,reverse,0.07262609782535745,expanded_corridor,IN_PLACE_ROTATION_FORBIDDEN_OR_HARD_RADIUS,[]
q09_center_hard_l3_1_1787300433221718730,q09,center,25,kinematic,smac_hybrid_reeds_shepp,reverse,0.07262641058645854,expanded_corridor,IN_PLACE_ROTATION_FORBIDDEN_OR_HARD_RADIUS,[]
q09_center_hard_l3_1_1787300433221718730,q09,center,26,kinematic,smac_hybrid_reeds_shepp,reverse,0.07260833494236987,expanded_corridor,IN_PLACE_ROTATION_FORBIDDEN_OR_HARD_RADIUS,[]
q09_center_hard_l3_1_1787300433221718730,q09,center,27,kinematic,smac_hybrid_reeds_shepp,reverse,0.0725285953151162,expanded_corridor,IN_PLACE_ROTATION_FORBIDDEN_OR_HARD_RADIUS,[]
q09_center_hard_l3_1_1787300433221718730,q09,center,28,kinematic,smac_hybrid_reeds_shepp,reverse,0.07252686670693229,expanded_corridor,IN_PLACE_ROTATION_FORBIDDEN_OR_HARD_RADIUS,[]
q09_center_hard_l3_1_1787300433221718730,q09,center,29,kinematic,smac_hybrid_reeds_shepp,reverse,0.07252759707123735,expanded_corridor,IN_PLACE_ROTATION_FORBIDDEN_OR_HARD_RADIUS,[]
q09_center_hard_l3_1_1787300433221718730,q09,center,30,kinematic,smac_hybrid_reeds_shepp,reverse,0.07252912096595172,expanded_corridor,IN_PLACE_ROTATION_FORBIDDEN_OR_HARD_RADIUS,[]
q09_center_hard_l3_1_1787300433221718730,q09,center,31,kinematic,smac_hybrid_reeds_shepp,reverse,0.07252701171056217,expanded_corridor,IN_PLACE_ROTATION_FORBIDDEN_OR_HARD_RADIUS,[]
q09_center_hard_l3_1_1787300433221718730,q09,center,32,kinematic,smac_hybrid_reeds_shepp,reverse,0.07252797295671175,expanded_corridor,IN_PLACE_ROTATION_FORBIDDEN_OR_HARD_RADIUS,[]
q09_center_hard_l3_1_1787300433221718730,q09,center,33,kinematic,smac_hybrid_reeds_shepp,reverse,0.07252608086126815,expanded_corridor,IN_PLACE_ROTATION_FORBIDDEN_OR_HARD_RADIUS,[]
q09_center_hard_l3_1_1787300433221718730,q09,center,34,kinematic,smac_hybrid_reeds_shepp,reverse,0.0725281861791203,expanded_corridor,IN_PLACE_ROTATION_FORBIDDEN_OR_HARD_RADIUS,[]
q09_center_hard_l3_1_1787300433221718730,q09,center,35,kinematic,smac_hybrid_reeds_shepp,forward,0.03769557310537569,expanded_corridor,IN_PLACE_ROTATION_FORBIDDEN_OR_HARD_RADIUS,[]
q09_center_hard_l3_1_1787300433221718730,q09,center,36,kinematic,smac_hybrid_reeds_shepp,forward,0.07252894898501924,expanded_corridor,IN_PLACE_ROTATION_FORBIDDEN_OR_HARD_RADIUS,[]
q09_center_hard_l3_1_1787300433221718730,q09,center,37,kinematic,smac_hybrid_reeds_shepp,forward,0.07252614590196536,expanded_corridor,IN_PLACE_ROTATION_FORBIDDEN_OR_HARD_RADIUS,[]
q09_center_hard_l3_1_1787300433221718730,q09,center,38,kinematic,smac_hybrid_reeds_shepp,forward,0.07252756654189345,expanded_corridor,IN_PLACE_ROTATION_FORBIDDEN_OR_HARD_RADIUS,[]
q09_center_hard_l3_1_1787300433221718730,q09,center,39,kinematic,smac_hybrid_reeds_shepp,forward,0.07252732914450634,expanded_corridor,IN_PLACE_ROTATION_FORBIDDEN_OR_HARD_RADIUS,[]
q09_center_hard_l3_1_1787300433221718730,q09,center,40,kinematic,smac_hybrid_reeds_shepp,forward,0.07252778788335834,expanded_corridor,IN_PLACE_ROTATION_FORBIDDEN_OR_HARD_RADIUS,[]
q09_center_hard_l3_2_1787300433330227881,q09,center,0,grid,grid_astar,mixed,13.449138273924714,expanded_corridor,,
q09_center_hard_l3_2_1787300433330227881,q09,center,1,kinematic,smac_hybrid_reeds_shepp,forward,0.07199223269183426,expanded_corridor,IN_PLACE_ROTATION_FORBIDDEN_OR_HARD_RADIUS,[]
q09_center_hard_l3_2_1787300433330227881,q09,center,2,kinematic,smac_hybrid_reeds_shepp,forward,0.07199358367923395,expanded_corridor,IN_PLACE_ROTATION_FORBIDDEN_OR_HARD_RADIUS,[]
q09_center_hard_l3_2_1787300433330227881,q09,center,3,kinematic,smac_hybrid_reeds_shepp,forward,0.0719926550650908,expanded_corridor,IN_PLACE_ROTATION_FORBIDDEN_OR_HARD_RADIUS,[]
q09_center_hard_l3_2_1787300433330227881,q09,center,4,kinematic,smac_hybrid_reeds_shepp,forward,0.07199377372776916,expanded_corridor,IN_PLACE_ROTATION_FORBIDDEN_OR_HARD_RADIUS,[]
q09_center_hard_l3_2_1787300433330227881,q09,center,5,kinematic,smac_hybrid_reeds_shepp,forward,0.0719917590228287,expanded_corridor,IN_PLACE_ROTATION_FORBIDDEN_OR_HARD_RADIUS,[]
q09_center_hard_l3_2_1787300433330227881,q09,center,6,kinematic,smac_hybrid_reeds_shepp,forward,0.07199359331669407,expanded_corridor,IN_PLACE_ROTATION_FORBIDDEN_OR_HARD_RADIUS,[]
q09_center_hard_l3_2_1787300433330227881,q09,center,7,kinematic,smac_hybrid_reeds_shepp,forward,0.07199321053389639,expanded_corridor,IN_PLACE_ROTATION_FORBIDDEN_OR_HARD_RADIUS,[]
q09_center_hard_l3_2_1787300433330227881,q09,center,8,kinematic,smac_hybrid_reeds_shepp,reverse,0.0176850105134881,expanded_corridor,IN_PLACE_ROTATION_FORBIDDEN_OR_HARD_RADIUS,[]
q09_center_hard_l3_2_1787300433330227881,q09,center,9,kinematic,smac_hybrid_reeds_shepp,reverse,0.07199183929387089,expanded_corridor,IN_PLACE_ROTATION_FORBIDDEN_OR_HARD_RADIUS,[]
q09_center_hard_l3_2_1787300433330227881,q09,center,10,kinematic,smac_hybrid_reeds_shepp,reverse,0.07199403055849463,expanded_corridor,IN_PLACE_ROTATION_FORBIDDEN_OR_HARD_RADIUS,[]
q09_center_hard_l3_2_1787300433330227881,q09,center,11,kinematic,smac_hybrid_reeds_shepp,reverse,0.07199186477877613,expanded_corridor,IN_PLACE_ROTATION_FORBIDDEN_OR_HARD_RADIUS,[]
q09_center_hard_l3_2_1787300433330227881,q09,center,12,kinematic,smac_hybrid_reeds_shepp,reverse,0.07199206780065265,expanded_corridor,IN_PLACE_ROTATION_FORBIDDEN_OR_HARD_RADIUS,[]
q09_center_hard_l3_2_1787300433330227881,q09,center,13,kinematic,smac_hybrid_reeds_shepp,reverse,0.07199371562824042,expanded_corridor,IN_PLACE_ROTATION_FORBIDDEN_OR_HARD_RADIUS,[]
q09_center_hard_l3_2_1787300433330227881,q09,center,14,kinematic,smac_hybrid_reeds_shepp,reverse,0.07199284767100088,expanded_corridor,IN_PLACE_ROTATION_FORBIDDEN_OR_HARD_RADIUS,[]
q09_center_hard_l3_2_1787300433330227881,q09,center,15,kinematic,smac_hybrid_reeds_shepp,reverse,0.07199175240903417,expanded_corridor,IN_PLACE_ROTATION_FORBIDDEN_OR_HARD_RADIUS,[]
q09_center_hard_l3_2_1787300433330227881,q09,center,16,kinematic,smac_hybrid_reeds_shepp,reverse,0.07199430687324541,expanded_corridor,IN_PLACE_ROTATION_FORBIDDEN_OR_HARD_RADIUS,[]
q09_center_hard_l3_2_1787300433330227881,q09,center,17,kinematic,smac_hybrid_reeds_shepp,reverse,0.07208966875469394,expanded_corridor,IN_PLACE_ROTATION_FORBIDDEN_OR_HARD_RADIUS,[]
q09_center_hard_l3_2_1787300433330227881,q09,center,18,kinematic,smac_hybrid_reeds_shepp,reverse,0.07209041475542254,expanded_corridor,IN_PLACE_ROTATION_FORBIDDEN_OR_HARD_RADIUS,[]
q09_center_hard_l3_2_1787300433330227881,q09,center,19,kinematic,smac_hybrid_reeds_shepp,reverse,0.07208962432965162,expanded_corridor,IN_PLACE_ROTATION_FORBIDDEN_OR_HARD_RADIUS,[]
q09_center_hard_l3_2_1787300433330227881,q09,center,20,kinematic,smac_hybrid_reeds_shepp,reverse,0.07207227757678081,expanded_corridor,IN_PLACE_ROTATION_FORBIDDEN_OR_HARD_RADIUS,[]
q09_center_hard_l3_2_1787300433330227881,q09,center,21,kinematic,smac_hybrid_reeds_shepp,reverse,0.072527129370552,expanded_corridor,IN_PLACE_ROTATION_FORBIDDEN_OR_HARD_RADIUS,[]
q09_center_hard_l3_2_1787300433330227881,q09,center,22,kinematic,smac_hybrid_reeds_shepp,reverse,0.07252846485283289,expanded_corridor,IN_PLACE_ROTATION_FORBIDDEN_OR_HARD_RADIUS,[]
q09_center_hard_l3_2_1787300433330227881,q09,center,23,kinematic,smac_hybrid_reeds_shepp,reverse,0.07252763161336069,expanded_corridor,IN_PLACE_ROTATION_FORBIDDEN_OR_HARD_RADIUS,[]
q09_center_hard_l3_2_1787300433330227881,q09,center,24,kinematic,smac_hybrid_reeds_shepp,reverse,0.07262609782535745,expanded_corridor,IN_PLACE_ROTATION_FORBIDDEN_OR_HARD_RADIUS,[]
q09_center_hard_l3_2_1787300433330227881,q09,center,25,kinematic,smac_hybrid_reeds_shepp,reverse,0.07262641058645854,expanded_corridor,IN_PLACE_ROTATION_FORBIDDEN_OR_HARD_RADIUS,[]
q09_center_hard_l3_2_1787300433330227881,q09,center,26,kinematic,smac_hybrid_reeds_shepp,reverse,0.07260833494236987,expanded_corridor,IN_PLACE_ROTATION_FORBIDDEN_OR_HARD_RADIUS,[]
q09_center_hard_l3_2_1787300433330227881,q09,center,27,kinematic,smac_hybrid_reeds_shepp,reverse,0.0725285953151162,expanded_corridor,IN_PLACE_ROTATION_FORBIDDEN_OR_HARD_RADIUS,[]
q09_center_hard_l3_2_1787300433330227881,q09,center,28,kinematic,smac_hybrid_reeds_shepp,reverse,0.07252686670693229,expanded_corridor,IN_PLACE_ROTATION_FORBIDDEN_OR_HARD_RADIUS,[]
q09_center_hard_l3_2_1787300433330227881,q09,center,29,kinematic,smac_hybrid_reeds_shepp,reverse,0.07252759707123735,expanded_corridor,IN_PLACE_ROTATION_FORBIDDEN_OR_HARD_RADIUS,[]
q09_center_hard_l3_2_1787300433330227881,q09,center,30,kinematic,smac_hybrid_reeds_shepp,reverse,0.07252912096595172,expanded_corridor,IN_PLACE_ROTATION_FORBIDDEN_OR_HARD_RADIUS,[]
q09_center_hard_l3_2_1787300433330227881,q09,center,31,kinematic,smac_hybrid_reeds_shepp,reverse,0.07252701171056217,expanded_corridor,IN_PLACE_ROTATION_FORBIDDEN_OR_HARD_RADIUS,[]
q09_center_hard_l3_2_1787300433330227881,q09,center,32,kinematic,smac_hybrid_reeds_shepp,reverse,0.07252797295671175,expanded_corridor,IN_PLACE_ROTATION_FORBIDDEN_OR_HARD_RADIUS,[]
q09_center_hard_l3_2_1787300433330227881,q09,center,33,kinematic,smac_hybrid_reeds_shepp,reverse,0.07252608086126815,expanded_corridor,IN_PLACE_ROTATION_FORBIDDEN_OR_HARD_RADIUS,[]
q09_center_hard_l3_2_1787300433330227881,q09,center,34,kinematic,smac_hybrid_reeds_shepp,reverse,0.0725281861791203,expanded_corridor,IN_PLACE_ROTATION_FORBIDDEN_OR_HARD_RADIUS,[]
q09_center_hard_l3_2_1787300433330227881,q09,center,35,kinematic,smac_hybrid_reeds_shepp,forward,0.03769557310537569,expanded_corridor,IN_PLACE_ROTATION_FORBIDDEN_OR_HARD_RADIUS,[]
q09_center_hard_l3_2_1787300433330227881,q09,center,36,kinematic,smac_hybrid_reeds_shepp,forward,0.07252894898501924,expanded_corridor,IN_PLACE_ROTATION_FORBIDDEN_OR_HARD_RADIUS,[]
q09_center_hard_l3_2_1787300433330227881,q09,center,37,kinematic,smac_hybrid_reeds_shepp,forward,0.07252614590196536,expanded_corridor,IN_PLACE_ROTATION_FORBIDDEN_OR_HARD_RADIUS,[]
q09_center_hard_l3_2_1787300433330227881,q09,center,38,kinematic,smac_hybrid_reeds_shepp,forward,0.07252756654189345,expanded_corridor,IN_PLACE_ROTATION_FORBIDDEN_OR_HARD_RADIUS,[]
q09_center_hard_l3_2_1787300433330227881,q09,center,39,kinematic,smac_hybrid_reeds_shepp,forward,0.07252732914450634,expanded_corridor,IN_PLACE_ROTATION_FORBIDDEN_OR_HARD_RADIUS,[]
q09_center_hard_l3_2_1787300433330227881,q09,center,40,kinematic,smac_hybrid_reeds_shepp,forward,0.07252778788335834,expanded_corridor,IN_PLACE_ROTATION_FORBIDDEN_OR_HARD_RADIUS,[]
q09_center_hard_l3_3_1787300433431759587,q09,center,0,grid,grid_astar,mixed,13.449138273924714,expanded_corridor,,
q09_center_hard_l3_3_1787300433431759587,q09,center,1,kinematic,smac_hybrid_reeds_shepp,forward,0.07199223269183426,expanded_corridor,IN_PLACE_ROTATION_FORBIDDEN_OR_HARD_RADIUS,[]
q09_center_hard_l3_3_1787300433431759587,q09,center,2,kinematic,smac_hybrid_reeds_shepp,forward,0.07199358367923395,expanded_corridor,IN_PLACE_ROTATION_FORBIDDEN_OR_HARD_RADIUS,[]
q09_center_hard_l3_3_1787300433431759587,q09,center,3,kinematic,smac_hybrid_reeds_shepp,forward,0.0719926550650908,expanded_corridor,IN_PLACE_ROTATION_FORBIDDEN_OR_HARD_RADIUS,[]
q09_center_hard_l3_3_1787300433431759587,q09,center,4,kinematic,smac_hybrid_reeds_shepp,forward,0.07199377372776916,expanded_corridor,IN_PLACE_ROTATION_FORBIDDEN_OR_HARD_RADIUS,[]
q09_center_hard_l3_3_1787300433431759587,q09,center,5,kinematic,smac_hybrid_reeds_shepp,forward,0.0719917590228287,expanded_corridor,IN_PLACE_ROTATION_FORBIDDEN_OR_HARD_RADIUS,[]
q09_center_hard_l3_3_1787300433431759587,q09,center,6,kinematic,smac_hybrid_reeds_shepp,forward,0.07199359331669407,expanded_corridor,IN_PLACE_ROTATION_FORBIDDEN_OR_HARD_RADIUS,[]
q09_center_hard_l3_3_1787300433431759587,q09,center,7,kinematic,smac_hybrid_reeds_shepp,forward,0.07199321053389639,expanded_corridor,IN_PLACE_ROTATION_FORBIDDEN_OR_HARD_RADIUS,[]
q09_center_hard_l3_3_1787300433431759587,q09,center,8,kinematic,smac_hybrid_reeds_shepp,reverse,0.0176850105134881,expanded_corridor,IN_PLACE_ROTATION_FORBIDDEN_OR_HARD_RADIUS,[]
q09_center_hard_l3_3_1787300433431759587,q09,center,9,kinematic,smac_hybrid_reeds_shepp,reverse,0.07199183929387089,expanded_corridor,IN_PLACE_ROTATION_FORBIDDEN_OR_HARD_RADIUS,[]
q09_center_hard_l3_3_1787300433431759587,q09,center,10,kinematic,smac_hybrid_reeds_shepp,reverse,0.07199403055849463,expanded_corridor,IN_PLACE_ROTATION_FORBIDDEN_OR_HARD_RADIUS,[]
q09_center_hard_l3_3_1787300433431759587,q09,center,11,kinematic,smac_hybrid_reeds_shepp,reverse,0.07199186477877613,expanded_corridor,IN_PLACE_ROTATION_FORBIDDEN_OR_HARD_RADIUS,[]
q09_center_hard_l3_3_1787300433431759587,q09,center,12,kinematic,smac_hybrid_reeds_shepp,reverse,0.07199206780065265,expanded_corridor,IN_PLACE_ROTATION_FORBIDDEN_OR_HARD_RADIUS,[]
q09_center_hard_l3_3_1787300433431759587,q09,center,13,kinematic,smac_hybrid_reeds_shepp,reverse,0.07199371562824042,expanded_corridor,IN_PLACE_ROTATION_FORBIDDEN_OR_HARD_RADIUS,[]
q09_center_hard_l3_3_1787300433431759587,q09,center,14,kinematic,smac_hybrid_reeds_shepp,reverse,0.07199284767100088,expanded_corridor,IN_PLACE_ROTATION_FORBIDDEN_OR_HARD_RADIUS,[]
q09_center_hard_l3_3_1787300433431759587,q09,center,15,kinematic,smac_hybrid_reeds_shepp,reverse,0.07199175240903417,expanded_corridor,IN_PLACE_ROTATION_FORBIDDEN_OR_HARD_RADIUS,[]
q09_center_hard_l3_3_1787300433431759587,q09,center,16,kinematic,smac_hybrid_reeds_shepp,reverse,0.07199430687324541,expanded_corridor,IN_PLACE_ROTATION_FORBIDDEN_OR_HARD_RADIUS,[]
q09_center_hard_l3_3_1787300433431759587,q09,center,17,kinematic,smac_hybrid_reeds_shepp,reverse,0.07208966875469394,expanded_corridor,IN_PLACE_ROTATION_FORBIDDEN_OR_HARD_RADIUS,[]
q09_center_hard_l3_3_1787300433431759587,q09,center,18,kinematic,smac_hybrid_reeds_shepp,reverse,0.07209041475542254,expanded_corridor,IN_PLACE_ROTATION_FORBIDDEN_OR_HARD_RADIUS,[]
q09_center_hard_l3_3_1787300433431759587,q09,center,19,kinematic,smac_hybrid_reeds_shepp,reverse,0.07208962432965162,expanded_corridor,IN_PLACE_ROTATION_FORBIDDEN_OR_HARD_RADIUS,[]
q09_center_hard_l3_3_1787300433431759587,q09,center,20,kinematic,smac_hybrid_reeds_shepp,reverse,0.07207227757678081,expanded_corridor,IN_PLACE_ROTATION_FORBIDDEN_OR_HARD_RADIUS,[]
q09_center_hard_l3_3_1787300433431759587,q09,center,21,kinematic,smac_hybrid_reeds_shepp,reverse,0.072527129370552,expanded_corridor,IN_PLACE_ROTATION_FORBIDDEN_OR_HARD_RADIUS,[]
q09_center_hard_l3_3_1787300433431759587,q09,center,22,kinematic,smac_hybrid_reeds_shepp,reverse,0.07252846485283289,expanded_corridor,IN_PLACE_ROTATION_FORBIDDEN_OR_HARD_RADIUS,[]
q09_center_hard_l3_3_1787300433431759587,q09,center,23,kinematic,smac_hybrid_reeds_shepp,reverse,0.07252763161336069,expanded_corridor,IN_PLACE_ROTATION_FORBIDDEN_OR_HARD_RADIUS,[]
q09_center_hard_l3_3_1787300433431759587,q09,center,24,kinematic,smac_hybrid_reeds_shepp,reverse,0.07262609782535745,expanded_corridor,IN_PLACE_ROTATION_FORBIDDEN_OR_HARD_RADIUS,[]
q09_center_hard_l3_3_1787300433431759587,q09,center,25,kinematic,smac_hybrid_reeds_shepp,reverse,0.07262641058645854,expanded_corridor,IN_PLACE_ROTATION_FORBIDDEN_OR_HARD_RADIUS,[]
q09_center_hard_l3_3_1787300433431759587,q09,center,26,kinematic,smac_hybrid_reeds_shepp,reverse,0.07260833494236987,expanded_corridor,IN_PLACE_ROTATION_FORBIDDEN_OR_HARD_RADIUS,[]
q09_center_hard_l3_3_1787300433431759587,q09,center,27,kinematic,smac_hybrid_reeds_shepp,reverse,0.0725285953151162,expanded_corridor,IN_PLACE_ROTATION_FORBIDDEN_OR_HARD_RADIUS,[]
q09_center_hard_l3_3_1787300433431759587,q09,center,28,kinematic,smac_hybrid_reeds_shepp,reverse,0.07252686670693229,expanded_corridor,IN_PLACE_ROTATION_FORBIDDEN_OR_HARD_RADIUS,[]
q09_center_hard_l3_3_1787300433431759587,q09,center,29,kinematic,smac_hybrid_reeds_shepp,reverse,0.07252759707123735,expanded_corridor,IN_PLACE_ROTATION_FORBIDDEN_OR_HARD_RADIUS,[]
q09_center_hard_l3_3_1787300433431759587,q09,center,30,kinematic,smac_hybrid_reeds_shepp,reverse,0.07252912096595172,expanded_corridor,IN_PLACE_ROTATION_FORBIDDEN_OR_HARD_RADIUS,[]
q09_center_hard_l3_3_1787300433431759587,q09,center,31,kinematic,smac_hybrid_reeds_shepp,reverse,0.07252701171056217,expanded_corridor,IN_PLACE_ROTATION_FORBIDDEN_OR_HARD_RADIUS,[]
q09_center_hard_l3_3_1787300433431759587,q09,center,32,kinematic,smac_hybrid_reeds_shepp,reverse,0.07252797295671175,expanded_corridor,IN_PLACE_ROTATION_FORBIDDEN_OR_HARD_RADIUS,[]
q09_center_hard_l3_3_1787300433431759587,q09,center,33,kinematic,smac_hybrid_reeds_shepp,reverse,0.07252608086126815,expanded_corridor,IN_PLACE_ROTATION_FORBIDDEN_OR_HARD_RADIUS,[]
q09_center_hard_l3_3_1787300433431759587,q09,center,34,kinematic,smac_hybrid_reeds_shepp,reverse,0.0725281861791203,expanded_corridor,IN_PLACE_ROTATION_FORBIDDEN_OR_HARD_RADIUS,[]
q09_center_hard_l3_3_1787300433431759587,q09,center,35,kinematic,smac_hybrid_reeds_shepp,forward,0.03769557310537569,expanded_corridor,IN_PLACE_ROTATION_FORBIDDEN_OR_HARD_RADIUS,[]
q09_center_hard_l3_3_1787300433431759587,q09,center,36,kinematic,smac_hybrid_reeds_shepp,forward,0.07252894898501924,expanded_corridor,IN_PLACE_ROTATION_FORBIDDEN_OR_HARD_RADIUS,[]
q09_center_hard_l3_3_1787300433431759587,q09,center,37,kinematic,smac_hybrid_reeds_shepp,forward,0.07252614590196536,expanded_corridor,IN_PLACE_ROTATION_FORBIDDEN_OR_HARD_RADIUS,[]
q09_center_hard_l3_3_1787300433431759587,q09,center,38,kinematic,smac_hybrid_reeds_shepp,forward,0.07252756654189345,expanded_corridor,IN_PLACE_ROTATION_FORBIDDEN_OR_HARD_RADIUS,[]
q09_center_hard_l3_3_1787300433431759587,q09,center,39,kinematic,smac_hybrid_reeds_shepp,forward,0.07252732914450634,expanded_corridor,IN_PLACE_ROTATION_FORBIDDEN_OR_HARD_RADIUS,[]
q09_center_hard_l3_3_1787300433431759587,q09,center,40,kinematic,smac_hybrid_reeds_shepp,forward,0.07252778788335834,expanded_corridor,IN_PLACE_ROTATION_FORBIDDEN_OR_HARD_RADIUS,[]
q09_center_hard_l3_4_1787300433534610911,q09,center,0,grid,grid_astar,mixed,13.449138273924714,expanded_corridor,,
q09_center_hard_l3_4_1787300433534610911,q09,center,1,kinematic,smac_hybrid_reeds_shepp,forward,0.07199223269183426,expanded_corridor,IN_PLACE_ROTATION_FORBIDDEN_OR_HARD_RADIUS,[]
q09_center_hard_l3_4_1787300433534610911,q09,center,2,kinematic,smac_hybrid_reeds_shepp,forward,0.07199358367923395,expanded_corridor,IN_PLACE_ROTATION_FORBIDDEN_OR_HARD_RADIUS,[]
q09_center_hard_l3_4_1787300433534610911,q09,center,3,kinematic,smac_hybrid_reeds_shepp,forward,0.0719926550650908,expanded_corridor,IN_PLACE_ROTATION_FORBIDDEN_OR_HARD_RADIUS,[]
q09_center_hard_l3_4_1787300433534610911,q09,center,4,kinematic,smac_hybrid_reeds_shepp,forward,0.07199377372776916,expanded_corridor,IN_PLACE_ROTATION_FORBIDDEN_OR_HARD_RADIUS,[]
q09_center_hard_l3_4_1787300433534610911,q09,center,5,kinematic,smac_hybrid_reeds_shepp,forward,0.0719917590228287,expanded_corridor,IN_PLACE_ROTATION_FORBIDDEN_OR_HARD_RADIUS,[]
q09_center_hard_l3_4_1787300433534610911,q09,center,6,kinematic,smac_hybrid_reeds_shepp,forward,0.07199359331669407,expanded_corridor,IN_PLACE_ROTATION_FORBIDDEN_OR_HARD_RADIUS,[]
q09_center_hard_l3_4_1787300433534610911,q09,center,7,kinematic,smac_hybrid_reeds_shepp,forward,0.07199321053389639,expanded_corridor,IN_PLACE_ROTATION_FORBIDDEN_OR_HARD_RADIUS,[]
q09_center_hard_l3_4_1787300433534610911,q09,center,8,kinematic,smac_hybrid_reeds_shepp,reverse,0.0176850105134881,expanded_corridor,IN_PLACE_ROTATION_FORBIDDEN_OR_HARD_RADIUS,[]
q09_center_hard_l3_4_1787300433534610911,q09,center,9,kinematic,smac_hybrid_reeds_shepp,reverse,0.07199183929387089,expanded_corridor,IN_PLACE_ROTATION_FORBIDDEN_OR_HARD_RADIUS,[]
q09_center_hard_l3_4_1787300433534610911,q09,center,10,kinematic,smac_hybrid_reeds_shepp,reverse,0.07199403055849463,expanded_corridor,IN_PLACE_ROTATION_FORBIDDEN_OR_HARD_RADIUS,[]
q09_center_hard_l3_4_1787300433534610911,q09,center,11,kinematic,smac_hybrid_reeds_shepp,reverse,0.07199186477877613,expanded_corridor,IN_PLACE_ROTATION_FORBIDDEN_OR_HARD_RADIUS,[]
q09_center_hard_l3_4_1787300433534610911,q09,center,12,kinematic,smac_hybrid_reeds_shepp,reverse,0.07199206780065265,expanded_corridor,IN_PLACE_ROTATION_FORBIDDEN_OR_HARD_RADIUS,[]
q09_center_hard_l3_4_1787300433534610911,q09,center,13,kinematic,smac_hybrid_reeds_shepp,reverse,0.07199371562824042,expanded_corridor,IN_PLACE_ROTATION_FORBIDDEN_OR_HARD_RADIUS,[]
q09_center_hard_l3_4_1787300433534610911,q09,center,14,kinematic,smac_hybrid_reeds_shepp,reverse,0.07199284767100088,expanded_corridor,IN_PLACE_ROTATION_FORBIDDEN_OR_HARD_RADIUS,[]
q09_center_hard_l3_4_1787300433534610911,q09,center,15,kinematic,smac_hybrid_reeds_shepp,reverse,0.07199175240903417,expanded_corridor,IN_PLACE_ROTATION_FORBIDDEN_OR_HARD_RADIUS,[]
q09_center_hard_l3_4_1787300433534610911,q09,center,16,kinematic,smac_hybrid_reeds_shepp,reverse,0.07199430687324541,expanded_corridor,IN_PLACE_ROTATION_FORBIDDEN_OR_HARD_RADIUS,[]
q09_center_hard_l3_4_1787300433534610911,q09,center,17,kinematic,smac_hybrid_reeds_shepp,reverse,0.07208966875469394,expanded_corridor,IN_PLACE_ROTATION_FORBIDDEN_OR_HARD_RADIUS,[]
q09_center_hard_l3_4_1787300433534610911,q09,center,18,kinematic,smac_hybrid_reeds_shepp,reverse,0.07209041475542254,expanded_corridor,IN_PLACE_ROTATION_FORBIDDEN_OR_HARD_RADIUS,[]
q09_center_hard_l3_4_1787300433534610911,q09,center,19,kinematic,smac_hybrid_reeds_shepp,reverse,0.07208962432965162,expanded_corridor,IN_PLACE_ROTATION_FORBIDDEN_OR_HARD_RADIUS,[]
q09_center_hard_l3_4_1787300433534610911,q09,center,20,kinematic,smac_hybrid_reeds_shepp,reverse,0.07207227757678081,expanded_corridor,IN_PLACE_ROTATION_FORBIDDEN_OR_HARD_RADIUS,[]
q09_center_hard_l3_4_1787300433534610911,q09,center,21,kinematic,smac_hybrid_reeds_shepp,reverse,0.072527129370552,expanded_corridor,IN_PLACE_ROTATION_FORBIDDEN_OR_HARD_RADIUS,[]
q09_center_hard_l3_4_1787300433534610911,q09,center,22,kinematic,smac_hybrid_reeds_shepp,reverse,0.07252846485283289,expanded_corridor,IN_PLACE_ROTATION_FORBIDDEN_OR_HARD_RADIUS,[]
q09_center_hard_l3_4_1787300433534610911,q09,center,23,kinematic,smac_hybrid_reeds_shepp,reverse,0.07252763161336069,expanded_corridor,IN_PLACE_ROTATION_FORBIDDEN_OR_HARD_RADIUS,[]
q09_center_hard_l3_4_1787300433534610911,q09,center,24,kinematic,smac_hybrid_reeds_shepp,reverse,0.07262609782535745,expanded_corridor,IN_PLACE_ROTATION_FORBIDDEN_OR_HARD_RADIUS,[]
q09_center_hard_l3_4_1787300433534610911,q09,center,25,kinematic,smac_hybrid_reeds_shepp,reverse,0.07262641058645854,expanded_corridor,IN_PLACE_ROTATION_FORBIDDEN_OR_HARD_RADIUS,[]
q09_center_hard_l3_4_1787300433534610911,q09,center,26,kinematic,smac_hybrid_reeds_shepp,reverse,0.07260833494236987,expanded_corridor,IN_PLACE_ROTATION_FORBIDDEN_OR_HARD_RADIUS,[]
q09_center_hard_l3_4_1787300433534610911,q09,center,27,kinematic,smac_hybrid_reeds_shepp,reverse,0.0725285953151162,expanded_corridor,IN_PLACE_ROTATION_FORBIDDEN_OR_HARD_RADIUS,[]
q09_center_hard_l3_4_1787300433534610911,q09,center,28,kinematic,smac_hybrid_reeds_shepp,reverse,0.07252686670693229,expanded_corridor,IN_PLACE_ROTATION_FORBIDDEN_OR_HARD_RADIUS,[]
q09_center_hard_l3_4_1787300433534610911,q09,center,29,kinematic,smac_hybrid_reeds_shepp,reverse,0.07252759707123735,expanded_corridor,IN_PLACE_ROTATION_FORBIDDEN_OR_HARD_RADIUS,[]
q09_center_hard_l3_4_1787300433534610911,q09,center,30,kinematic,smac_hybrid_reeds_shepp,reverse,0.07252912096595172,expanded_corridor,IN_PLACE_ROTATION_FORBIDDEN_OR_HARD_RADIUS,[]
q09_center_hard_l3_4_1787300433534610911,q09,center,31,kinematic,smac_hybrid_reeds_shepp,reverse,0.07252701171056217,expanded_corridor,IN_PLACE_ROTATION_FORBIDDEN_OR_HARD_RADIUS,[]
q09_center_hard_l3_4_1787300433534610911,q09,center,32,kinematic,smac_hybrid_reeds_shepp,reverse,0.07252797295671175,expanded_corridor,IN_PLACE_ROTATION_FORBIDDEN_OR_HARD_RADIUS,[]
q09_center_hard_l3_4_1787300433534610911,q09,center,33,kinematic,smac_hybrid_reeds_shepp,reverse,0.07252608086126815,expanded_corridor,IN_PLACE_ROTATION_FORBIDDEN_OR_HARD_RADIUS,[]
q09_center_hard_l3_4_1787300433534610911,q09,center,34,kinematic,smac_hybrid_reeds_shepp,reverse,0.0725281861791203,expanded_corridor,IN_PLACE_ROTATION_FORBIDDEN_OR_HARD_RADIUS,[]
q09_center_hard_l3_4_1787300433534610911,q09,center,35,kinematic,smac_hybrid_reeds_shepp,forward,0.03769557310537569,expanded_corridor,IN_PLACE_ROTATION_FORBIDDEN_OR_HARD_RADIUS,[]
q09_center_hard_l3_4_1787300433534610911,q09,center,36,kinematic,smac_hybrid_reeds_shepp,forward,0.07252894898501924,expanded_corridor,IN_PLACE_ROTATION_FORBIDDEN_OR_HARD_RADIUS,[]
q09_center_hard_l3_4_1787300433534610911,q09,center,37,kinematic,smac_hybrid_reeds_shepp,forward,0.07252614590196536,expanded_corridor,IN_PLACE_ROTATION_FORBIDDEN_OR_HARD_RADIUS,[]
q09_center_hard_l3_4_1787300433534610911,q09,center,38,kinematic,smac_hybrid_reeds_shepp,forward,0.07252756654189345,expanded_corridor,IN_PLACE_ROTATION_FORBIDDEN_OR_HARD_RADIUS,[]
q09_center_hard_l3_4_1787300433534610911,q09,center,39,kinematic,smac_hybrid_reeds_shepp,forward,0.07252732914450634,expanded_corridor,IN_PLACE_ROTATION_FORBIDDEN_OR_HARD_RADIUS,[]
q09_center_hard_l3_4_1787300433534610911,q09,center,40,kinematic,smac_hybrid_reeds_shepp,forward,0.07252778788335834,expanded_corridor,IN_PLACE_ROTATION_FORBIDDEN_OR_HARD_RADIUS,[]
q09_center_hard_l3_5_1787300433638000966,q09,center,0,grid,grid_astar,mixed,13.449138273924714,expanded_corridor,,
q09_center_hard_l3_5_1787300433638000966,q09,center,1,kinematic,smac_hybrid_reeds_shepp,forward,0.07199223269183426,expanded_corridor,IN_PLACE_ROTATION_FORBIDDEN_OR_HARD_RADIUS,[]
q09_center_hard_l3_5_1787300433638000966,q09,center,2,kinematic,smac_hybrid_reeds_shepp,forward,0.07199358367923395,expanded_corridor,IN_PLACE_ROTATION_FORBIDDEN_OR_HARD_RADIUS,[]
q09_center_hard_l3_5_1787300433638000966,q09,center,3,kinematic,smac_hybrid_reeds_shepp,forward,0.0719926550650908,expanded_corridor,IN_PLACE_ROTATION_FORBIDDEN_OR_HARD_RADIUS,[]
q09_center_hard_l3_5_1787300433638000966,q09,center,4,kinematic,smac_hybrid_reeds_shepp,forward,0.07199377372776916,expanded_corridor,IN_PLACE_ROTATION_FORBIDDEN_OR_HARD_RADIUS,[]
q09_center_hard_l3_5_1787300433638000966,q09,center,5,kinematic,smac_hybrid_reeds_shepp,forward,0.0719917590228287,expanded_corridor,IN_PLACE_ROTATION_FORBIDDEN_OR_HARD_RADIUS,[]
q09_center_hard_l3_5_1787300433638000966,q09,center,6,kinematic,smac_hybrid_reeds_shepp,forward,0.07199359331669407,expanded_corridor,IN_PLACE_ROTATION_FORBIDDEN_OR_HARD_RADIUS,[]
q09_center_hard_l3_5_1787300433638000966,q09,center,7,kinematic,smac_hybrid_reeds_shepp,forward,0.07199321053389639,expanded_corridor,IN_PLACE_ROTATION_FORBIDDEN_OR_HARD_RADIUS,[]
q09_center_hard_l3_5_1787300433638000966,q09,center,8,kinematic,smac_hybrid_reeds_shepp,reverse,0.0176850105134881,expanded_corridor,IN_PLACE_ROTATION_FORBIDDEN_OR_HARD_RADIUS,[]
q09_center_hard_l3_5_1787300433638000966,q09,center,9,kinematic,smac_hybrid_reeds_shepp,reverse,0.07199183929387089,expanded_corridor,IN_PLACE_ROTATION_FORBIDDEN_OR_HARD_RADIUS,[]
q09_center_hard_l3_5_1787300433638000966,q09,center,10,kinematic,smac_hybrid_reeds_shepp,reverse,0.07199403055849463,expanded_corridor,IN_PLACE_ROTATION_FORBIDDEN_OR_HARD_RADIUS,[]
q09_center_hard_l3_5_1787300433638000966,q09,center,11,kinematic,smac_hybrid_reeds_shepp,reverse,0.07199186477877613,expanded_corridor,IN_PLACE_ROTATION_FORBIDDEN_OR_HARD_RADIUS,[]
q09_center_hard_l3_5_1787300433638000966,q09,center,12,kinematic,smac_hybrid_reeds_shepp,reverse,0.07199206780065265,expanded_corridor,IN_PLACE_ROTATION_FORBIDDEN_OR_HARD_RADIUS,[]
q09_center_hard_l3_5_1787300433638000966,q09,center,13,kinematic,smac_hybrid_reeds_shepp,reverse,0.07199371562824042,expanded_corridor,IN_PLACE_ROTATION_FORBIDDEN_OR_HARD_RADIUS,[]
q09_center_hard_l3_5_1787300433638000966,q09,center,14,kinematic,smac_hybrid_reeds_shepp,reverse,0.07199284767100088,expanded_corridor,IN_PLACE_ROTATION_FORBIDDEN_OR_HARD_RADIUS,[]
q09_center_hard_l3_5_1787300433638000966,q09,center,15,kinematic,smac_hybrid_reeds_shepp,reverse,0.07199175240903417,expanded_corridor,IN_PLACE_ROTATION_FORBIDDEN_OR_HARD_RADIUS,[]
q09_center_hard_l3_5_1787300433638000966,q09,center,16,kinematic,smac_hybrid_reeds_shepp,reverse,0.07199430687324541,expanded_corridor,IN_PLACE_ROTATION_FORBIDDEN_OR_HARD_RADIUS,[]
q09_center_hard_l3_5_1787300433638000966,q09,center,17,kinematic,smac_hybrid_reeds_shepp,reverse,0.07208966875469394,expanded_corridor,IN_PLACE_ROTATION_FORBIDDEN_OR_HARD_RADIUS,[]
q09_center_hard_l3_5_1787300433638000966,q09,center,18,kinematic,smac_hybrid_reeds_shepp,reverse,0.07209041475542254,expanded_corridor,IN_PLACE_ROTATION_FORBIDDEN_OR_HARD_RADIUS,[]
q09_center_hard_l3_5_1787300433638000966,q09,center,19,kinematic,smac_hybrid_reeds_shepp,reverse,0.07208962432965162,expanded_corridor,IN_PLACE_ROTATION_FORBIDDEN_OR_HARD_RADIUS,[]
q09_center_hard_l3_5_1787300433638000966,q09,center,20,kinematic,smac_hybrid_reeds_shepp,reverse,0.07207227757678081,expanded_corridor,IN_PLACE_ROTATION_FORBIDDEN_OR_HARD_RADIUS,[]
q09_center_hard_l3_5_1787300433638000966,q09,center,21,kinematic,smac_hybrid_reeds_shepp,reverse,0.072527129370552,expanded_corridor,IN_PLACE_ROTATION_FORBIDDEN_OR_HARD_RADIUS,[]
q09_center_hard_l3_5_1787300433638000966,q09,center,22,kinematic,smac_hybrid_reeds_shepp,reverse,0.07252846485283289,expanded_corridor,IN_PLACE_ROTATION_FORBIDDEN_OR_HARD_RADIUS,[]
q09_center_hard_l3_5_1787300433638000966,q09,center,23,kinematic,smac_hybrid_reeds_shepp,reverse,0.07252763161336069,expanded_corridor,IN_PLACE_ROTATION_FORBIDDEN_OR_HARD_RADIUS,[]
q09_center_hard_l3_5_1787300433638000966,q09,center,24,kinematic,smac_hybrid_reeds_shepp,reverse,0.07262609782535745,expanded_corridor,IN_PLACE_ROTATION_FORBIDDEN_OR_HARD_RADIUS,[]
q09_center_hard_l3_5_1787300433638000966,q09,center,25,kinematic,smac_hybrid_reeds_shepp,reverse,0.07262641058645854,expanded_corridor,IN_PLACE_ROTATION_FORBIDDEN_OR_HARD_RADIUS,[]
q09_center_hard_l3_5_1787300433638000966,q09,center,26,kinematic,smac_hybrid_reeds_shepp,reverse,0.07260833494236987,expanded_corridor,IN_PLACE_ROTATION_FORBIDDEN_OR_HARD_RADIUS,[]
q09_center_hard_l3_5_1787300433638000966,q09,center,27,kinematic,smac_hybrid_reeds_shepp,reverse,0.0725285953151162,expanded_corridor,IN_PLACE_ROTATION_FORBIDDEN_OR_HARD_RADIUS,[]
q09_center_hard_l3_5_1787300433638000966,q09,center,28,kinematic,smac_hybrid_reeds_shepp,reverse,0.07252686670693229,expanded_corridor,IN_PLACE_ROTATION_FORBIDDEN_OR_HARD_RADIUS,[]
q09_center_hard_l3_5_1787300433638000966,q09,center,29,kinematic,smac_hybrid_reeds_shepp,reverse,0.07252759707123735,expanded_corridor,IN_PLACE_ROTATION_FORBIDDEN_OR_HARD_RADIUS,[]
q09_center_hard_l3_5_1787300433638000966,q09,center,30,kinematic,smac_hybrid_reeds_shepp,reverse,0.07252912096595172,expanded_corridor,IN_PLACE_ROTATION_FORBIDDEN_OR_HARD_RADIUS,[]
q09_center_hard_l3_5_1787300433638000966,q09,center,31,kinematic,smac_hybrid_reeds_shepp,reverse,0.07252701171056217,expanded_corridor,IN_PLACE_ROTATION_FORBIDDEN_OR_HARD_RADIUS,[]
q09_center_hard_l3_5_1787300433638000966,q09,center,32,kinematic,smac_hybrid_reeds_shepp,reverse,0.07252797295671175,expanded_corridor,IN_PLACE_ROTATION_FORBIDDEN_OR_HARD_RADIUS,[]
q09_center_hard_l3_5_1787300433638000966,q09,center,33,kinematic,smac_hybrid_reeds_shepp,reverse,0.07252608086126815,expanded_corridor,IN_PLACE_ROTATION_FORBIDDEN_OR_HARD_RADIUS,[]
q09_center_hard_l3_5_1787300433638000966,q09,center,34,kinematic,smac_hybrid_reeds_shepp,reverse,0.0725281861791203,expanded_corridor,IN_PLACE_ROTATION_FORBIDDEN_OR_HARD_RADIUS,[]
q09_center_hard_l3_5_1787300433638000966,q09,center,35,kinematic,smac_hybrid_reeds_shepp,forward,0.03769557310537569,expanded_corridor,IN_PLACE_ROTATION_FORBIDDEN_OR_HARD_RADIUS,[]
q09_center_hard_l3_5_1787300433638000966,q09,center,36,kinematic,smac_hybrid_reeds_shepp,forward,0.07252894898501924,expanded_corridor,IN_PLACE_ROTATION_FORBIDDEN_OR_HARD_RADIUS,[]
q09_center_hard_l3_5_1787300433638000966,q09,center,37,kinematic,smac_hybrid_reeds_shepp,forward,0.07252614590196536,expanded_corridor,IN_PLACE_ROTATION_FORBIDDEN_OR_HARD_RADIUS,[]
q09_center_hard_l3_5_1787300433638000966,q09,center,38,kinematic,smac_hybrid_reeds_shepp,forward,0.07252756654189345,expanded_corridor,IN_PLACE_ROTATION_FORBIDDEN_OR_HARD_RADIUS,[]
q09_center_hard_l3_5_1787300433638000966,q09,center,39,kinematic,smac_hybrid_reeds_shepp,forward,0.07252732914450634,expanded_corridor,IN_PLACE_ROTATION_FORBIDDEN_OR_HARD_RADIUS,[]
q09_center_hard_l3_5_1787300433638000966,q09,center,40,kinematic,smac_hybrid_reeds_shepp,forward,0.07252778788335834,expanded_corridor,IN_PLACE_ROTATION_FORBIDDEN_OR_HARD_RADIUS,[]
q01_right_edge_hard_l3_1_1787300434295685626,q01,right_edge,0,grid,grid_astar,mixed,35.230255947534786,corridor,,
q01_right_edge_hard_l3_1_1787300434295685626,q01,right_edge,1,kinematic,smac_hybrid_reeds_shepp,forward,0.07218238796680479,corridor,IN_PLACE_ROTATION_FORBIDDEN_OR_HARD_RADIUS,[]
q01_right_edge_hard_l3_1_1787300434295685626,q01,right_edge,2,kinematic,smac_hybrid_reeds_shepp,forward,0.07218238796680479,corridor,IN_PLACE_ROTATION_FORBIDDEN_OR_HARD_RADIUS,[]
q01_right_edge_hard_l3_1_1787300434295685626,q01,right_edge,3,kinematic,smac_hybrid_reeds_shepp,forward,0.07218022904841354,corridor,IN_PLACE_ROTATION_FORBIDDEN_OR_HARD_RADIUS,[]
q01_right_edge_hard_l3_1_1787300434295685626,q01,right_edge,4,kinematic,smac_hybrid_reeds_shepp,forward,0.07218238796680479,corridor,IN_PLACE_ROTATION_FORBIDDEN_OR_HARD_RADIUS,[]
q01_right_edge_hard_l3_1_1787300434295685626,q01,right_edge,5,kinematic,smac_hybrid_reeds_shepp,forward,0.0721802489186277,corridor,IN_PLACE_ROTATION_FORBIDDEN_OR_HARD_RADIUS,[]
q01_right_edge_hard_l3_1_1787300434295685626,q01,right_edge,6,kinematic,smac_hybrid_reeds_shepp,forward,0.07208361209796241,corridor,IN_PLACE_ROTATION_FORBIDDEN_OR_HARD_RADIUS,[]
q01_right_edge_hard_l3_1_1787300434295685626,q01,right_edge,7,kinematic,smac_hybrid_reeds_shepp,forward,0.07208272177303278,corridor,IN_PLACE_ROTATION_FORBIDDEN_OR_HARD_RADIUS,[]
q01_right_edge_hard_l3_1_1787300434295685626,q01,right_edge,8,kinematic,smac_hybrid_reeds_shepp,forward,0.07208543076337796,corridor,IN_PLACE_ROTATION_FORBIDDEN_OR_HARD_RADIUS,[]
q01_right_edge_hard_l3_1_1787300434295685626,q01,right_edge,9,kinematic,smac_hybrid_reeds_shepp,forward,0.0720838418157721,corridor,IN_PLACE_ROTATION_FORBIDDEN_OR_HARD_RADIUS,[]
q01_right_edge_hard_l3_1_1787300434295685626,q01,right_edge,10,kinematic,smac_hybrid_reeds_shepp,forward,0.07208368457930762,corridor,IN_PLACE_ROTATION_FORBIDDEN_OR_HARD_RADIUS,[]
q01_right_edge_hard_l3_1_1787300434295685626,q01,right_edge,11,kinematic,smac_hybrid_reeds_shepp,forward,0.07208421604234598,corridor,IN_PLACE_ROTATION_FORBIDDEN_OR_HARD_RADIUS,[]
q01_right_edge_hard_l3_1_1787300434295685626,q01,right_edge,12,kinematic,smac_hybrid_reeds_shepp,forward,0.07208492430910733,corridor,IN_PLACE_ROTATION_FORBIDDEN_OR_HARD_RADIUS,[]
q01_right_edge_hard_l3_1_1787300434295685626,q01,right_edge,13,kinematic,smac_hybrid_reeds_shepp,forward,0.07208250206483365,corridor,IN_PLACE_ROTATION_FORBIDDEN_OR_HARD_RADIUS,[]
q01_right_edge_hard_l3_1_1787300434295685626,q01,right_edge,14,kinematic,smac_hybrid_reeds_shepp,forward,0.01237090981631218,corridor,IN_PLACE_ROTATION_FORBIDDEN_OR_HARD_RADIUS,[]
q01_right_edge_hard_l3_1_1787300434295685626,q01,right_edge,15,kinematic,smac_hybrid_reeds_shepp,reverse,0.07208290317229966,corridor,IN_PLACE_ROTATION_FORBIDDEN_OR_HARD_RADIUS,[]
q01_right_edge_hard_l3_1_1787300434295685626,q01,right_edge,16,kinematic,smac_hybrid_reeds_shepp,reverse,0.07208519924186718,corridor,IN_PLACE_ROTATION_FORBIDDEN_OR_HARD_RADIUS,[]
q01_right_edge_hard_l3_1_1787300434295685626,q01,right_edge,17,kinematic,smac_hybrid_reeds_shepp,reverse,0.07208433587454269,corridor,IN_PLACE_ROTATION_FORBIDDEN_OR_HARD_RADIUS,[]
q01_right_edge_hard_l3_1_1787300434295685626,q01,right_edge,18,kinematic,smac_hybrid_reeds_shepp,reverse,0.07208150067534773,corridor,IN_PLACE_ROTATION_FORBIDDEN_OR_HARD_RADIUS,[]
q01_right_edge_hard_l3_1_1787300434295685626,q01,right_edge,19,kinematic,smac_hybrid_reeds_shepp,reverse,0.07208382973557931,corridor,IN_PLACE_ROTATION_FORBIDDEN_OR_HARD_RADIUS,[]
q01_right_edge_hard_l3_1_1787300434295685626,q01,right_edge,20,kinematic,smac_hybrid_reeds_shepp,reverse,0.07208667834403215,corridor,IN_PLACE_ROTATION_FORBIDDEN_OR_HARD_RADIUS,[]
q01_right_edge_hard_l3_1_1787300434295685626,q01,right_edge,21,kinematic,smac_hybrid_reeds_shepp,reverse,0.07208268184962857,corridor,IN_PLACE_ROTATION_FORBIDDEN_OR_HARD_RADIUS,[]
q01_right_edge_hard_l3_1_1787300434295685626,q01,right_edge,22,kinematic,smac_hybrid_reeds_shepp,reverse,0.07208314833190826,corridor,IN_PLACE_ROTATION_FORBIDDEN_OR_HARD_RADIUS,[]
q01_right_edge_hard_l3_1_1787300434295685626,q01,right_edge,23,kinematic,smac_hybrid_reeds_shepp,forward,0.07667541618161522,corridor,IN_PLACE_ROTATION_FORBIDDEN_OR_HARD_RADIUS,[]
q01_right_edge_hard_l3_1_1787300434295685626,q01,right_edge,24,kinematic,smac_hybrid_reeds_shepp,forward,0.07667541618161522,corridor,IN_PLACE_ROTATION_FORBIDDEN_OR_HARD_RADIUS,[]
q01_right_edge_hard_l3_1_1787300434295685626,q01,right_edge,25,kinematic,smac_hybrid_reeds_shepp,forward,0.07667541618161522,corridor,IN_PLACE_ROTATION_FORBIDDEN_OR_HARD_RADIUS,[]
q01_right_edge_hard_l3_1_1787300434295685626,q01,right_edge,26,kinematic,smac_hybrid_reeds_shepp,forward,0.07667541618161522,corridor,IN_PLACE_ROTATION_FORBIDDEN_OR_HARD_RADIUS,[]
q01_right_edge_hard_l3_1_1787300434295685626,q01,right_edge,27,kinematic,smac_hybrid_reeds_shepp,forward,0.07667541618161522,corridor,IN_PLACE_ROTATION_FORBIDDEN_OR_HARD_RADIUS,[]
q01_right_edge_hard_l3_1_1787300434295685626,q01,right_edge,28,kinematic,smac_hybrid_reeds_shepp,forward,0.07667541618161522,corridor,IN_PLACE_ROTATION_FORBIDDEN_OR_HARD_RADIUS,[]
q01_right_edge_hard_l3_1_1787300434295685626,q01,right_edge,29,kinematic,smac_hybrid_reeds_shepp,forward,0.07667541618161522,corridor,IN_PLACE_ROTATION_FORBIDDEN_OR_HARD_RADIUS,[]
q01_right_edge_hard_l3_1_1787300434295685626,q01,right_edge,30,kinematic,smac_hybrid_reeds_shepp,forward,0.07342386253856056,corridor,IN_PLACE_ROTATION_FORBIDDEN_OR_HARD_RADIUS,[]
q01_right_edge_hard_l3_1_1787300434295685626,q01,right_edge,31,kinematic,smac_hybrid_reeds_shepp,forward,0.07342157757208881,corridor,IN_PLACE_ROTATION_FORBIDDEN_OR_HARD_RADIUS,[]
q01_right_edge_hard_l3_1_1787300434295685626,q01,right_edge,32,kinematic,smac_hybrid_reeds_shepp,forward,0.07342209827265841,corridor,IN_PLACE_ROTATION_FORBIDDEN_OR_HARD_RADIUS,[]
q01_right_edge_hard_l3_1_1787300434295685626,q01,right_edge,33,kinematic,smac_hybrid_reeds_shepp,forward,0.07342468453322717,corridor,IN_PLACE_ROTATION_FORBIDDEN_OR_HARD_RADIUS,[]
q01_right_edge_hard_l3_1_1787300434295685626,q01,right_edge,34,kinematic,smac_hybrid_reeds_shepp,forward,0.07342250563424446,corridor,IN_PLACE_ROTATION_FORBIDDEN_OR_HARD_RADIUS,[]
q01_right_edge_hard_l3_1_1787300434295685626,q01,right_edge,35,kinematic,smac_hybrid_reeds_shepp,forward,0.0734235401690327,corridor,IN_PLACE_ROTATION_FORBIDDEN_OR_HARD_RADIUS,[]
q01_right_edge_hard_l3_1_1787300434295685626,q01,right_edge,36,kinematic,smac_hybrid_reeds_shepp,forward,0.07343666186877969,corridor,IN_PLACE_ROTATION_FORBIDDEN_OR_HARD_RADIUS,[]
q01_right_edge_hard_l3_1_1787300434295685626,q01,right_edge,37,kinematic,smac_hybrid_reeds_shepp,forward,0.07352678156906431,corridor,IN_PLACE_ROTATION_FORBIDDEN_OR_HARD_RADIUS,[]
q01_right_edge_hard_l3_1_1787300434295685626,q01,right_edge,38,kinematic,smac_hybrid_reeds_shepp,forward,0.07352773553584042,corridor,IN_PLACE_ROTATION_FORBIDDEN_OR_HARD_RADIUS,[]
q01_right_edge_hard_l3_1_1787300434295685626,q01,right_edge,39,kinematic,smac_hybrid_reeds_shepp,forward,0.07352388273368433,corridor,IN_PLACE_ROTATION_FORBIDDEN_OR_HARD_RADIUS,[]
q01_right_edge_hard_l3_1_1787300434295685626,q01,right_edge,40,kinematic,smac_hybrid_reeds_shepp,forward,0.07352773553584042,corridor,IN_PLACE_ROTATION_FORBIDDEN_OR_HARD_RADIUS,[]
q01_right_edge_hard_l3_1_1787300434295685626,q01,right_edge,41,kinematic,smac_hybrid_reeds_shepp,forward,0.07352678156906431,corridor,IN_PLACE_ROTATION_FORBIDDEN_OR_HARD_RADIUS,[]
q01_right_edge_hard_l3_1_1787300434295685626,q01,right_edge,42,kinematic,smac_hybrid_reeds_shepp,forward,0.07352483673807211,corridor,IN_PLACE_ROTATION_FORBIDDEN_OR_HARD_RADIUS,[]
q01_right_edge_hard_l3_1_1787300434295685626,q01,right_edge,43,kinematic,smac_hybrid_reeds_shepp,forward,0.07352678156906431,corridor,IN_PLACE_ROTATION_FORBIDDEN_OR_HARD_RADIUS,[]
q01_right_edge_hard_l3_1_1787300434295685626,q01,right_edge,44,kinematic,smac_hybrid_reeds_shepp,forward,0.07352773553584042,corridor,IN_PLACE_ROTATION_FORBIDDEN_OR_HARD_RADIUS,[]
q01_right_edge_hard_l3_1_1787300434295685626,q01,right_edge,45,kinematic,smac_hybrid_reeds_shepp,forward,0.07352388273368433,corridor,IN_PLACE_ROTATION_FORBIDDEN_OR_HARD_RADIUS,[]
q01_right_edge_hard_l3_1_1787300434295685626,q01,right_edge,46,kinematic,smac_hybrid_reeds_shepp,forward,0.07352678156906431,corridor,IN_PLACE_ROTATION_FORBIDDEN_OR_HARD_RADIUS,[]
q01_right_edge_hard_l3_1_1787300434295685626,q01,right_edge,47,kinematic,smac_hybrid_reeds_shepp,forward,0.07352773553584042,corridor,IN_PLACE_ROTATION_FORBIDDEN_OR_HARD_RADIUS,[]
q01_right_edge_hard_l3_1_1787300434295685626,q01,right_edge,48,kinematic,smac_hybrid_reeds_shepp,forward,0.07345174915381121,corridor,IN_PLACE_ROTATION_FORBIDDEN_OR_HARD_RADIUS,[]
q01_right_edge_hard_l3_1_1787300434295685626,q01,right_edge,49,kinematic,smac_hybrid_reeds_shepp,forward,0.07342386253856056,corridor,IN_PLACE_ROTATION_FORBIDDEN_OR_HARD_RADIUS,[]
q01_right_edge_hard_l3_1_1787300434295685626,q01,right_edge,50,kinematic,smac_hybrid_reeds_shepp,reverse,0.07379882098967144,corridor,IN_PLACE_ROTATION_FORBIDDEN_OR_HARD_RADIUS,[]
q01_right_edge_hard_l3_1_1787300434295685626,q01,right_edge,51,kinematic,smac_hybrid_reeds_shepp,forward,0.01987182944166636,corridor,IN_PLACE_ROTATION_FORBIDDEN_OR_HARD_RADIUS,[]
q01_right_edge_hard_l3_1_1787300434295685626,q01,right_edge,52,kinematic,smac_hybrid_reeds_shepp,forward,0.07379882818292806,corridor,IN_PLACE_ROTATION_FORBIDDEN_OR_HARD_RADIUS,[]
q01_right_edge_hard_l3_1_1787300434295685626,q01,right_edge,53,kinematic,smac_hybrid_reeds_shepp,forward,0.07379816520149743,corridor,IN_PLACE_ROTATION_FORBIDDEN_OR_HARD_RADIUS,[]
q01_right_edge_hard_l3_1_1787300434295685626,q01,right_edge,54,kinematic,smac_hybrid_reeds_shepp,forward,0.07379733883258388,corridor,IN_PLACE_ROTATION_FORBIDDEN_OR_HARD_RADIUS,[]
q01_right_edge_hard_l3_1_1787300434295685626,q01,right_edge,55,kinematic,smac_hybrid_reeds_shepp,forward,0.07380030989997091,corridor,IN_PLACE_ROTATION_FORBIDDEN_OR_HARD_RADIUS,[]
q01_right_edge_hard_l3_1_1787300434295685626,q01,right_edge,56,kinematic,smac_hybrid_reeds_shepp,forward,0.07379814532521334,corridor,IN_PLACE_ROTATION_FORBIDDEN_OR_HARD_RADIUS,[]
q01_right_edge_hard_l3_1_1787300434295685626,q01,right_edge,57,kinematic,smac_hybrid_reeds_shepp,forward,0.07379826576594792,corridor,IN_PLACE_ROTATION_FORBIDDEN_OR_HARD_RADIUS,[]
q01_right_edge_hard_l3_1_1787300434295685626,q01,right_edge,58,kinematic,smac_hybrid_reeds_shepp,forward,0.07380022145303608,corridor,IN_PLACE_ROTATION_FORBIDDEN_OR_HARD_RADIUS,[]
q01_right_edge_hard_l3_1_1787300434295685626,q01,right_edge,59,kinematic,smac_hybrid_reeds_shepp,forward,0.07380684303857177,corridor,IN_PLACE_ROTATION_FORBIDDEN_OR_HARD_RADIUS,[]
q01_right_edge_hard_l3_1_1787300434295685626,q01,right_edge,60,kinematic,smac_hybrid_reeds_shepp,forward,0.07390409714261725,corridor,IN_PLACE_ROTATION_FORBIDDEN_OR_HARD_RADIUS,[]
q01_right_edge_hard_l3_1_1787300434295685626,q01,right_edge,61,kinematic,smac_hybrid_reeds_shepp,forward,0.07390274399917937,corridor,IN_PLACE_ROTATION_FORBIDDEN_OR_HARD_RADIUS,[]
q01_right_edge_hard_l3_1_1787300434295685626,q01,right_edge,62,kinematic,smac_hybrid_reeds_shepp,forward,0.07390409714261725,corridor,IN_PLACE_ROTATION_FORBIDDEN_OR_HARD_RADIUS,[]
q01_right_edge_hard_l3_1_1787300434295685626,q01,right_edge,63,kinematic,smac_hybrid_reeds_shepp,forward,0.07390409714261725,corridor,IN_PLACE_ROTATION_FORBIDDEN_OR_HARD_RADIUS,[]
q01_right_edge_hard_l3_1_1787300434295685626,q01,right_edge,64,kinematic,smac_hybrid_reeds_shepp,forward,0.07390409714261725,corridor,IN_PLACE_ROTATION_FORBIDDEN_OR_HARD_RADIUS,[]
q01_right_edge_hard_l3_1_1787300434295685626,q01,right_edge,65,kinematic,smac_hybrid_reeds_shepp,forward,0.07390409714261725,corridor,IN_PLACE_ROTATION_FORBIDDEN_OR_HARD_RADIUS,[]
q01_right_edge_hard_l3_1_1787300434295685626,q01,right_edge,66,kinematic,smac_hybrid_reeds_shepp,forward,0.07384378723113118,corridor,IN_PLACE_ROTATION_FORBIDDEN_OR_HARD_RADIUS,[]
q01_right_edge_hard_l3_1_1787300434295685626,q01,right_edge,67,kinematic,smac_hybrid_reeds_shepp,forward,0.07379832110394317,corridor,IN_PLACE_ROTATION_FORBIDDEN_OR_HARD_RADIUS,[]
q01_right_edge_hard_l3_2_1787300434518828271,q01,right_edge,0,grid,grid_astar,mixed,35.230255947534786,corridor,,
q01_right_edge_hard_l3_2_1787300434518828271,q01,right_edge,1,kinematic,smac_hybrid_reeds_shepp,forward,0.07218238796680479,corridor,IN_PLACE_ROTATION_FORBIDDEN_OR_HARD_RADIUS,[]
q01_right_edge_hard_l3_2_1787300434518828271,q01,right_edge,2,kinematic,smac_hybrid_reeds_shepp,forward,0.07218238796680479,corridor,IN_PLACE_ROTATION_FORBIDDEN_OR_HARD_RADIUS,[]
q01_right_edge_hard_l3_2_1787300434518828271,q01,right_edge,3,kinematic,smac_hybrid_reeds_shepp,forward,0.07218022904841354,corridor,IN_PLACE_ROTATION_FORBIDDEN_OR_HARD_RADIUS,[]
q01_right_edge_hard_l3_2_1787300434518828271,q01,right_edge,4,kinematic,smac_hybrid_reeds_shepp,forward,0.07218238796680479,corridor,IN_PLACE_ROTATION_FORBIDDEN_OR_HARD_RADIUS,[]
q01_right_edge_hard_l3_2_1787300434518828271,q01,right_edge,5,kinematic,smac_hybrid_reeds_shepp,forward,0.0721802489186277,corridor,IN_PLACE_ROTATION_FORBIDDEN_OR_HARD_RADIUS,[]
q01_right_edge_hard_l3_2_1787300434518828271,q01,right_edge,6,kinematic,smac_hybrid_reeds_shepp,forward,0.07208361209796241,corridor,IN_PLACE_ROTATION_FORBIDDEN_OR_HARD_RADIUS,[]
q01_right_edge_hard_l3_2_1787300434518828271,q01,right_edge,7,kinematic,smac_hybrid_reeds_shepp,forward,0.07208272177303278,corridor,IN_PLACE_ROTATION_FORBIDDEN_OR_HARD_RADIUS,[]
q01_right_edge_hard_l3_2_1787300434518828271,q01,right_edge,8,kinematic,smac_hybrid_reeds_shepp,forward,0.07208543076337796,corridor,IN_PLACE_ROTATION_FORBIDDEN_OR_HARD_RADIUS,[]
q01_right_edge_hard_l3_2_1787300434518828271,q01,right_edge,9,kinematic,smac_hybrid_reeds_shepp,forward,0.0720838418157721,corridor,IN_PLACE_ROTATION_FORBIDDEN_OR_HARD_RADIUS,[]
q01_right_edge_hard_l3_2_1787300434518828271,q01,right_edge,10,kinematic,smac_hybrid_reeds_shepp,forward,0.07208368457930762,corridor,IN_PLACE_ROTATION_FORBIDDEN_OR_HARD_RADIUS,[]
q01_right_edge_hard_l3_2_1787300434518828271,q01,right_edge,11,kinematic,smac_hybrid_reeds_shepp,forward,0.07208421604234598,corridor,IN_PLACE_ROTATION_FORBIDDEN_OR_HARD_RADIUS,[]
q01_right_edge_hard_l3_2_1787300434518828271,q01,right_edge,12,kinematic,smac_hybrid_reeds_shepp,forward,0.07208492430910733,corridor,IN_PLACE_ROTATION_FORBIDDEN_OR_HARD_RADIUS,[]
q01_right_edge_hard_l3_2_1787300434518828271,q01,right_edge,13,kinematic,smac_hybrid_reeds_shepp,forward,0.07208250206483365,corridor,IN_PLACE_ROTATION_FORBIDDEN_OR_HARD_RADIUS,[]
q01_right_edge_hard_l3_2_1787300434518828271,q01,right_edge,14,kinematic,smac_hybrid_reeds_shepp,forward,0.01237090981631218,corridor,IN_PLACE_ROTATION_FORBIDDEN_OR_HARD_RADIUS,[]
q01_right_edge_hard_l3_2_1787300434518828271,q01,right_edge,15,kinematic,smac_hybrid_reeds_shepp,reverse,0.07208290317229966,corridor,IN_PLACE_ROTATION_FORBIDDEN_OR_HARD_RADIUS,[]
q01_right_edge_hard_l3_2_1787300434518828271,q01,right_edge,16,kinematic,smac_hybrid_reeds_shepp,reverse,0.07208519924186718,corridor,IN_PLACE_ROTATION_FORBIDDEN_OR_HARD_RADIUS,[]
q01_right_edge_hard_l3_2_1787300434518828271,q01,right_edge,17,kinematic,smac_hybrid_reeds_shepp,reverse,0.07208433587454269,corridor,IN_PLACE_ROTATION_FORBIDDEN_OR_HARD_RADIUS,[]
q01_right_edge_hard_l3_2_1787300434518828271,q01,right_edge,18,kinematic,smac_hybrid_reeds_shepp,reverse,0.07208150067534773,corridor,IN_PLACE_ROTATION_FORBIDDEN_OR_HARD_RADIUS,[]
q01_right_edge_hard_l3_2_1787300434518828271,q01,right_edge,19,kinematic,smac_hybrid_reeds_shepp,reverse,0.07208382973557931,corridor,IN_PLACE_ROTATION_FORBIDDEN_OR_HARD_RADIUS,[]
q01_right_edge_hard_l3_2_1787300434518828271,q01,right_edge,20,kinematic,smac_hybrid_reeds_shepp,reverse,0.07208667834403215,corridor,IN_PLACE_ROTATION_FORBIDDEN_OR_HARD_RADIUS,[]
q01_right_edge_hard_l3_2_1787300434518828271,q01,right_edge,21,kinematic,smac_hybrid_reeds_shepp,reverse,0.07208268184962857,corridor,IN_PLACE_ROTATION_FORBIDDEN_OR_HARD_RADIUS,[]
q01_right_edge_hard_l3_2_1787300434518828271,q01,right_edge,22,kinematic,smac_hybrid_reeds_shepp,reverse,0.07208314833190826,corridor,IN_PLACE_ROTATION_FORBIDDEN_OR_HARD_RADIUS,[]
q01_right_edge_hard_l3_2_1787300434518828271,q01,right_edge,23,kinematic,smac_hybrid_reeds_shepp,forward,0.07667541618161522,corridor,IN_PLACE_ROTATION_FORBIDDEN_OR_HARD_RADIUS,[]
q01_right_edge_hard_l3_2_1787300434518828271,q01,right_edge,24,kinematic,smac_hybrid_reeds_shepp,forward,0.07667541618161522,corridor,IN_PLACE_ROTATION_FORBIDDEN_OR_HARD_RADIUS,[]
q01_right_edge_hard_l3_2_1787300434518828271,q01,right_edge,25,kinematic,smac_hybrid_reeds_shepp,forward,0.07667541618161522,corridor,IN_PLACE_ROTATION_FORBIDDEN_OR_HARD_RADIUS,[]
q01_right_edge_hard_l3_2_1787300434518828271,q01,right_edge,26,kinematic,smac_hybrid_reeds_shepp,forward,0.07667541618161522,corridor,IN_PLACE_ROTATION_FORBIDDEN_OR_HARD_RADIUS,[]
q01_right_edge_hard_l3_2_1787300434518828271,q01,right_edge,27,kinematic,smac_hybrid_reeds_shepp,forward,0.07667541618161522,corridor,IN_PLACE_ROTATION_FORBIDDEN_OR_HARD_RADIUS,[]
q01_right_edge_hard_l3_2_1787300434518828271,q01,right_edge,28,kinematic,smac_hybrid_reeds_shepp,forward,0.07667541618161522,corridor,IN_PLACE_ROTATION_FORBIDDEN_OR_HARD_RADIUS,[]
q01_right_edge_hard_l3_2_1787300434518828271,q01,right_edge,29,kinematic,smac_hybrid_reeds_shepp,forward,0.07667541618161522,corridor,IN_PLACE_ROTATION_FORBIDDEN_OR_HARD_RADIUS,[]
q01_right_edge_hard_l3_2_1787300434518828271,q01,right_edge,30,kinematic,smac_hybrid_reeds_shepp,forward,0.07342386253856056,corridor,IN_PLACE_ROTATION_FORBIDDEN_OR_HARD_RADIUS,[]
q01_right_edge_hard_l3_2_1787300434518828271,q01,right_edge,31,kinematic,smac_hybrid_reeds_shepp,forward,0.07342157757208881,corridor,IN_PLACE_ROTATION_FORBIDDEN_OR_HARD_RADIUS,[]
q01_right_edge_hard_l3_2_1787300434518828271,q01,right_edge,32,kinematic,smac_hybrid_reeds_shepp,forward,0.07342209827265841,corridor,IN_PLACE_ROTATION_FORBIDDEN_OR_HARD_RADIUS,[]
q01_right_edge_hard_l3_2_1787300434518828271,q01,right_edge,33,kinematic,smac_hybrid_reeds_shepp,forward,0.07342468453322717,corridor,IN_PLACE_ROTATION_FORBIDDEN_OR_HARD_RADIUS,[]
q01_right_edge_hard_l3_2_1787300434518828271,q01,right_edge,34,kinematic,smac_hybrid_reeds_shepp,forward,0.07342250563424446,corridor,IN_PLACE_ROTATION_FORBIDDEN_OR_HARD_RADIUS,[]
q01_right_edge_hard_l3_2_1787300434518828271,q01,right_edge,35,kinematic,smac_hybrid_reeds_shepp,forward,0.0734235401690327,corridor,IN_PLACE_ROTATION_FORBIDDEN_OR_HARD_RADIUS,[]
q01_right_edge_hard_l3_2_1787300434518828271,q01,right_edge,36,kinematic,smac_hybrid_reeds_shepp,forward,0.07343666186877969,corridor,IN_PLACE_ROTATION_FORBIDDEN_OR_HARD_RADIUS,[]
q01_right_edge_hard_l3_2_1787300434518828271,q01,right_edge,37,kinematic,smac_hybrid_reeds_shepp,forward,0.07352678156906431,corridor,IN_PLACE_ROTATION_FORBIDDEN_OR_HARD_RADIUS,[]
q01_right_edge_hard_l3_2_1787300434518828271,q01,right_edge,38,kinematic,smac_hybrid_reeds_shepp,forward,0.07352773553584042,corridor,IN_PLACE_ROTATION_FORBIDDEN_OR_HARD_RADIUS,[]
q01_right_edge_hard_l3_2_1787300434518828271,q01,right_edge,39,kinematic,smac_hybrid_reeds_shepp,forward,0.07352388273368433,corridor,IN_PLACE_ROTATION_FORBIDDEN_OR_HARD_RADIUS,[]
q01_right_edge_hard_l3_2_1787300434518828271,q01,right_edge,40,kinematic,smac_hybrid_reeds_shepp,forward,0.07352773553584042,corridor,IN_PLACE_ROTATION_FORBIDDEN_OR_HARD_RADIUS,[]
q01_right_edge_hard_l3_2_1787300434518828271,q01,right_edge,41,kinematic,smac_hybrid_reeds_shepp,forward,0.07352678156906431,corridor,IN_PLACE_ROTATION_FORBIDDEN_OR_HARD_RADIUS,[]
q01_right_edge_hard_l3_2_1787300434518828271,q01,right_edge,42,kinematic,smac_hybrid_reeds_shepp,forward,0.07352483673807211,corridor,IN_PLACE_ROTATION_FORBIDDEN_OR_HARD_RADIUS,[]
q01_right_edge_hard_l3_2_1787300434518828271,q01,right_edge,43,kinematic,smac_hybrid_reeds_shepp,forward,0.07352678156906431,corridor,IN_PLACE_ROTATION_FORBIDDEN_OR_HARD_RADIUS,[]
q01_right_edge_hard_l3_2_1787300434518828271,q01,right_edge,44,kinematic,smac_hybrid_reeds_shepp,forward,0.07352773553584042,corridor,IN_PLACE_ROTATION_FORBIDDEN_OR_HARD_RADIUS,[]
q01_right_edge_hard_l3_2_1787300434518828271,q01,right_edge,45,kinematic,smac_hybrid_reeds_shepp,forward,0.07352388273368433,corridor,IN_PLACE_ROTATION_FORBIDDEN_OR_HARD_RADIUS,[]
q01_right_edge_hard_l3_2_1787300434518828271,q01,right_edge,46,kinematic,smac_hybrid_reeds_shepp,forward,0.07352678156906431,corridor,IN_PLACE_ROTATION_FORBIDDEN_OR_HARD_RADIUS,[]
q01_right_edge_hard_l3_2_1787300434518828271,q01,right_edge,47,kinematic,smac_hybrid_reeds_shepp,forward,0.07352773553584042,corridor,IN_PLACE_ROTATION_FORBIDDEN_OR_HARD_RADIUS,[]
q01_right_edge_hard_l3_2_1787300434518828271,q01,right_edge,48,kinematic,smac_hybrid_reeds_shepp,forward,0.07345174915381121,corridor,IN_PLACE_ROTATION_FORBIDDEN_OR_HARD_RADIUS,[]
q01_right_edge_hard_l3_2_1787300434518828271,q01,right_edge,49,kinematic,smac_hybrid_reeds_shepp,forward,0.07342386253856056,corridor,IN_PLACE_ROTATION_FORBIDDEN_OR_HARD_RADIUS,[]
q01_right_edge_hard_l3_2_1787300434518828271,q01,right_edge,50,kinematic,smac_hybrid_reeds_shepp,reverse,0.07379882098967144,corridor,IN_PLACE_ROTATION_FORBIDDEN_OR_HARD_RADIUS,[]
q01_right_edge_hard_l3_2_1787300434518828271,q01,right_edge,51,kinematic,smac_hybrid_reeds_shepp,forward,0.01987182944166636,corridor,IN_PLACE_ROTATION_FORBIDDEN_OR_HARD_RADIUS,[]
q01_right_edge_hard_l3_2_1787300434518828271,q01,right_edge,52,kinematic,smac_hybrid_reeds_shepp,forward,0.07379882818292806,corridor,IN_PLACE_ROTATION_FORBIDDEN_OR_HARD_RADIUS,[]
q01_right_edge_hard_l3_2_1787300434518828271,q01,right_edge,53,kinematic,smac_hybrid_reeds_shepp,forward,0.07379816520149743,corridor,IN_PLACE_ROTATION_FORBIDDEN_OR_HARD_RADIUS,[]
q01_right_edge_hard_l3_2_1787300434518828271,q01,right_edge,54,kinematic,smac_hybrid_reeds_shepp,forward,0.07379733883258388,corridor,IN_PLACE_ROTATION_FORBIDDEN_OR_HARD_RADIUS,[]
q01_right_edge_hard_l3_2_1787300434518828271,q01,right_edge,55,kinematic,smac_hybrid_reeds_shepp,forward,0.07380030989997091,corridor,IN_PLACE_ROTATION_FORBIDDEN_OR_HARD_RADIUS,[]
q01_right_edge_hard_l3_2_1787300434518828271,q01,right_edge,56,kinematic,smac_hybrid_reeds_shepp,forward,0.07379814532521334,corridor,IN_PLACE_ROTATION_FORBIDDEN_OR_HARD_RADIUS,[]
q01_right_edge_hard_l3_2_1787300434518828271,q01,right_edge,57,kinematic,smac_hybrid_reeds_shepp,forward,0.07379826576594792,corridor,IN_PLACE_ROTATION_FORBIDDEN_OR_HARD_RADIUS,[]
q01_right_edge_hard_l3_2_1787300434518828271,q01,right_edge,58,kinematic,smac_hybrid_reeds_shepp,forward,0.07380022145303608,corridor,IN_PLACE_ROTATION_FORBIDDEN_OR_HARD_RADIUS,[]
q01_right_edge_hard_l3_2_1787300434518828271,q01,right_edge,59,kinematic,smac_hybrid_reeds_shepp,forward,0.07380684303857177,corridor,IN_PLACE_ROTATION_FORBIDDEN_OR_HARD_RADIUS,[]
q01_right_edge_hard_l3_2_1787300434518828271,q01,right_edge,60,kinematic,smac_hybrid_reeds_shepp,forward,0.07390409714261725,corridor,IN_PLACE_ROTATION_FORBIDDEN_OR_HARD_RADIUS,[]
q01_right_edge_hard_l3_2_1787300434518828271,q01,right_edge,61,kinematic,smac_hybrid_reeds_shepp,forward,0.07390274399917937,corridor,IN_PLACE_ROTATION_FORBIDDEN_OR_HARD_RADIUS,[]
q01_right_edge_hard_l3_2_1787300434518828271,q01,right_edge,62,kinematic,smac_hybrid_reeds_shepp,forward,0.07390409714261725,corridor,IN_PLACE_ROTATION_FORBIDDEN_OR_HARD_RADIUS,[]
q01_right_edge_hard_l3_2_1787300434518828271,q01,right_edge,63,kinematic,smac_hybrid_reeds_shepp,forward,0.07390409714261725,corridor,IN_PLACE_ROTATION_FORBIDDEN_OR_HARD_RADIUS,[]
q01_right_edge_hard_l3_2_1787300434518828271,q01,right_edge,64,kinematic,smac_hybrid_reeds_shepp,forward,0.07390409714261725,corridor,IN_PLACE_ROTATION_FORBIDDEN_OR_HARD_RADIUS,[]
q01_right_edge_hard_l3_2_1787300434518828271,q01,right_edge,65,kinematic,smac_hybrid_reeds_shepp,forward,0.07390409714261725,corridor,IN_PLACE_ROTATION_FORBIDDEN_OR_HARD_RADIUS,[]
q01_right_edge_hard_l3_2_1787300434518828271,q01,right_edge,66,kinematic,smac_hybrid_reeds_shepp,forward,0.07384378723113118,corridor,IN_PLACE_ROTATION_FORBIDDEN_OR_HARD_RADIUS,[]
q01_right_edge_hard_l3_2_1787300434518828271,q01,right_edge,67,kinematic,smac_hybrid_reeds_shepp,forward,0.07379832110394317,corridor,IN_PLACE_ROTATION_FORBIDDEN_OR_HARD_RADIUS,[]
q01_right_edge_hard_l3_3_1787300434732962041,q01,right_edge,0,grid,grid_astar,mixed,35.230255947534786,corridor,,
q01_right_edge_hard_l3_3_1787300434732962041,q01,right_edge,1,kinematic,smac_hybrid_reeds_shepp,forward,0.07218238796680479,corridor,IN_PLACE_ROTATION_FORBIDDEN_OR_HARD_RADIUS,[]
q01_right_edge_hard_l3_3_1787300434732962041,q01,right_edge,2,kinematic,smac_hybrid_reeds_shepp,forward,0.07218238796680479,corridor,IN_PLACE_ROTATION_FORBIDDEN_OR_HARD_RADIUS,[]
q01_right_edge_hard_l3_3_1787300434732962041,q01,right_edge,3,kinematic,smac_hybrid_reeds_shepp,forward,0.07218022904841354,corridor,IN_PLACE_ROTATION_FORBIDDEN_OR_HARD_RADIUS,[]
q01_right_edge_hard_l3_3_1787300434732962041,q01,right_edge,4,kinematic,smac_hybrid_reeds_shepp,forward,0.07218238796680479,corridor,IN_PLACE_ROTATION_FORBIDDEN_OR_HARD_RADIUS,[]
q01_right_edge_hard_l3_3_1787300434732962041,q01,right_edge,5,kinematic,smac_hybrid_reeds_shepp,forward,0.0721802489186277,corridor,IN_PLACE_ROTATION_FORBIDDEN_OR_HARD_RADIUS,[]
q01_right_edge_hard_l3_3_1787300434732962041,q01,right_edge,6,kinematic,smac_hybrid_reeds_shepp,forward,0.07208361209796241,corridor,IN_PLACE_ROTATION_FORBIDDEN_OR_HARD_RADIUS,[]
q01_right_edge_hard_l3_3_1787300434732962041,q01,right_edge,7,kinematic,smac_hybrid_reeds_shepp,forward,0.07208272177303278,corridor,IN_PLACE_ROTATION_FORBIDDEN_OR_HARD_RADIUS,[]
q01_right_edge_hard_l3_3_1787300434732962041,q01,right_edge,8,kinematic,smac_hybrid_reeds_shepp,forward,0.07208543076337796,corridor,IN_PLACE_ROTATION_FORBIDDEN_OR_HARD_RADIUS,[]
q01_right_edge_hard_l3_3_1787300434732962041,q01,right_edge,9,kinematic,smac_hybrid_reeds_shepp,forward,0.0720838418157721,corridor,IN_PLACE_ROTATION_FORBIDDEN_OR_HARD_RADIUS,[]
q01_right_edge_hard_l3_3_1787300434732962041,q01,right_edge,10,kinematic,smac_hybrid_reeds_shepp,forward,0.07208368457930762,corridor,IN_PLACE_ROTATION_FORBIDDEN_OR_HARD_RADIUS,[]
q01_right_edge_hard_l3_3_1787300434732962041,q01,right_edge,11,kinematic,smac_hybrid_reeds_shepp,forward,0.07208421604234598,corridor,IN_PLACE_ROTATION_FORBIDDEN_OR_HARD_RADIUS,[]
q01_right_edge_hard_l3_3_1787300434732962041,q01,right_edge,12,kinematic,smac_hybrid_reeds_shepp,forward,0.07208492430910733,corridor,IN_PLACE_ROTATION_FORBIDDEN_OR_HARD_RADIUS,[]
q01_right_edge_hard_l3_3_1787300434732962041,q01,right_edge,13,kinematic,smac_hybrid_reeds_shepp,forward,0.07208250206483365,corridor,IN_PLACE_ROTATION_FORBIDDEN_OR_HARD_RADIUS,[]
q01_right_edge_hard_l3_3_1787300434732962041,q01,right_edge,14,kinematic,smac_hybrid_reeds_shepp,forward,0.01237090981631218,corridor,IN_PLACE_ROTATION_FORBIDDEN_OR_HARD_RADIUS,[]
q01_right_edge_hard_l3_3_1787300434732962041,q01,right_edge,15,kinematic,smac_hybrid_reeds_shepp,reverse,0.07208290317229966,corridor,IN_PLACE_ROTATION_FORBIDDEN_OR_HARD_RADIUS,[]
q01_right_edge_hard_l3_3_1787300434732962041,q01,right_edge,16,kinematic,smac_hybrid_reeds_shepp,reverse,0.07208519924186718,corridor,IN_PLACE_ROTATION_FORBIDDEN_OR_HARD_RADIUS,[]
q01_right_edge_hard_l3_3_1787300434732962041,q01,right_edge,17,kinematic,smac_hybrid_reeds_shepp,reverse,0.07208433587454269,corridor,IN_PLACE_ROTATION_FORBIDDEN_OR_HARD_RADIUS,[]
q01_right_edge_hard_l3_3_1787300434732962041,q01,right_edge,18,kinematic,smac_hybrid_reeds_shepp,reverse,0.07208150067534773,corridor,IN_PLACE_ROTATION_FORBIDDEN_OR_HARD_RADIUS,[]
q01_right_edge_hard_l3_3_1787300434732962041,q01,right_edge,19,kinematic,smac_hybrid_reeds_shepp,reverse,0.07208382973557931,corridor,IN_PLACE_ROTATION_FORBIDDEN_OR_HARD_RADIUS,[]
q01_right_edge_hard_l3_3_1787300434732962041,q01,right_edge,20,kinematic,smac_hybrid_reeds_shepp,reverse,0.07208667834403215,corridor,IN_PLACE_ROTATION_FORBIDDEN_OR_HARD_RADIUS,[]
q01_right_edge_hard_l3_3_1787300434732962041,q01,right_edge,21,kinematic,smac_hybrid_reeds_shepp,reverse,0.07208268184962857,corridor,IN_PLACE_ROTATION_FORBIDDEN_OR_HARD_RADIUS,[]
q01_right_edge_hard_l3_3_1787300434732962041,q01,right_edge,22,kinematic,smac_hybrid_reeds_shepp,reverse,0.07208314833190826,corridor,IN_PLACE_ROTATION_FORBIDDEN_OR_HARD_RADIUS,[]
q01_right_edge_hard_l3_3_1787300434732962041,q01,right_edge,23,kinematic,smac_hybrid_reeds_shepp,forward,0.07667541618161522,corridor,IN_PLACE_ROTATION_FORBIDDEN_OR_HARD_RADIUS,[]
q01_right_edge_hard_l3_3_1787300434732962041,q01,right_edge,24,kinematic,smac_hybrid_reeds_shepp,forward,0.07667541618161522,corridor,IN_PLACE_ROTATION_FORBIDDEN_OR_HARD_RADIUS,[]
q01_right_edge_hard_l3_3_1787300434732962041,q01,right_edge,25,kinematic,smac_hybrid_reeds_shepp,forward,0.07667541618161522,corridor,IN_PLACE_ROTATION_FORBIDDEN_OR_HARD_RADIUS,[]
q01_right_edge_hard_l3_3_1787300434732962041,q01,right_edge,26,kinematic,smac_hybrid_reeds_shepp,forward,0.07667541618161522,corridor,IN_PLACE_ROTATION_FORBIDDEN_OR_HARD_RADIUS,[]
q01_right_edge_hard_l3_3_1787300434732962041,q01,right_edge,27,kinematic,smac_hybrid_reeds_shepp,forward,0.07667541618161522,corridor,IN_PLACE_ROTATION_FORBIDDEN_OR_HARD_RADIUS,[]
q01_right_edge_hard_l3_3_1787300434732962041,q01,right_edge,28,kinematic,smac_hybrid_reeds_shepp,forward,0.07667541618161522,corridor,IN_PLACE_ROTATION_FORBIDDEN_OR_HARD_RADIUS,[]
q01_right_edge_hard_l3_3_1787300434732962041,q01,right_edge,29,kinematic,smac_hybrid_reeds_shepp,forward,0.07667541618161522,corridor,IN_PLACE_ROTATION_FORBIDDEN_OR_HARD_RADIUS,[]
q01_right_edge_hard_l3_3_1787300434732962041,q01,right_edge,30,kinematic,smac_hybrid_reeds_shepp,forward,0.07342386253856056,corridor,IN_PLACE_ROTATION_FORBIDDEN_OR_HARD_RADIUS,[]
q01_right_edge_hard_l3_3_1787300434732962041,q01,right_edge,31,kinematic,smac_hybrid_reeds_shepp,forward,0.07342157757208881,corridor,IN_PLACE_ROTATION_FORBIDDEN_OR_HARD_RADIUS,[]
q01_right_edge_hard_l3_3_1787300434732962041,q01,right_edge,32,kinematic,smac_hybrid_reeds_shepp,forward,0.07342209827265841,corridor,IN_PLACE_ROTATION_FORBIDDEN_OR_HARD_RADIUS,[]
q01_right_edge_hard_l3_3_1787300434732962041,q01,right_edge,33,kinematic,smac_hybrid_reeds_shepp,forward,0.07342468453322717,corridor,IN_PLACE_ROTATION_FORBIDDEN_OR_HARD_RADIUS,[]
q01_right_edge_hard_l3_3_1787300434732962041,q01,right_edge,34,kinematic,smac_hybrid_reeds_shepp,forward,0.07342250563424446,corridor,IN_PLACE_ROTATION_FORBIDDEN_OR_HARD_RADIUS,[]
q01_right_edge_hard_l3_3_1787300434732962041,q01,right_edge,35,kinematic,smac_hybrid_reeds_shepp,forward,0.0734235401690327,corridor,IN_PLACE_ROTATION_FORBIDDEN_OR_HARD_RADIUS,[]
q01_right_edge_hard_l3_3_1787300434732962041,q01,right_edge,36,kinematic,smac_hybrid_reeds_shepp,forward,0.07343666186877969,corridor,IN_PLACE_ROTATION_FORBIDDEN_OR_HARD_RADIUS,[]
q01_right_edge_hard_l3_3_1787300434732962041,q01,right_edge,37,kinematic,smac_hybrid_reeds_shepp,forward,0.07352678156906431,corridor,IN_PLACE_ROTATION_FORBIDDEN_OR_HARD_RADIUS,[]
q01_right_edge_hard_l3_3_1787300434732962041,q01,right_edge,38,kinematic,smac_hybrid_reeds_shepp,forward,0.07352773553584042,corridor,IN_PLACE_ROTATION_FORBIDDEN_OR_HARD_RADIUS,[]
q01_right_edge_hard_l3_3_1787300434732962041,q01,right_edge,39,kinematic,smac_hybrid_reeds_shepp,forward,0.07352388273368433,corridor,IN_PLACE_ROTATION_FORBIDDEN_OR_HARD_RADIUS,[]
q01_right_edge_hard_l3_3_1787300434732962041,q01,right_edge,40,kinematic,smac_hybrid_reeds_shepp,forward,0.07352773553584042,corridor,IN_PLACE_ROTATION_FORBIDDEN_OR_HARD_RADIUS,[]
q01_right_edge_hard_l3_3_1787300434732962041,q01,right_edge,41,kinematic,smac_hybrid_reeds_shepp,forward,0.07352678156906431,corridor,IN_PLACE_ROTATION_FORBIDDEN_OR_HARD_RADIUS,[]
q01_right_edge_hard_l3_3_1787300434732962041,q01,right_edge,42,kinematic,smac_hybrid_reeds_shepp,forward,0.07352483673807211,corridor,IN_PLACE_ROTATION_FORBIDDEN_OR_HARD_RADIUS,[]
q01_right_edge_hard_l3_3_1787300434732962041,q01,right_edge,43,kinematic,smac_hybrid_reeds_shepp,forward,0.07352678156906431,corridor,IN_PLACE_ROTATION_FORBIDDEN_OR_HARD_RADIUS,[]
q01_right_edge_hard_l3_3_1787300434732962041,q01,right_edge,44,kinematic,smac_hybrid_reeds_shepp,forward,0.07352773553584042,corridor,IN_PLACE_ROTATION_FORBIDDEN_OR_HARD_RADIUS,[]
q01_right_edge_hard_l3_3_1787300434732962041,q01,right_edge,45,kinematic,smac_hybrid_reeds_shepp,forward,0.07352388273368433,corridor,IN_PLACE_ROTATION_FORBIDDEN_OR_HARD_RADIUS,[]
q01_right_edge_hard_l3_3_1787300434732962041,q01,right_edge,46,kinematic,smac_hybrid_reeds_shepp,forward,0.07352678156906431,corridor,IN_PLACE_ROTATION_FORBIDDEN_OR_HARD_RADIUS,[]
q01_right_edge_hard_l3_3_1787300434732962041,q01,right_edge,47,kinematic,smac_hybrid_reeds_shepp,forward,0.07352773553584042,corridor,IN_PLACE_ROTATION_FORBIDDEN_OR_HARD_RADIUS,[]
q01_right_edge_hard_l3_3_1787300434732962041,q01,right_edge,48,kinematic,smac_hybrid_reeds_shepp,forward,0.07345174915381121,corridor,IN_PLACE_ROTATION_FORBIDDEN_OR_HARD_RADIUS,[]
q01_right_edge_hard_l3_3_1787300434732962041,q01,right_edge,49,kinematic,smac_hybrid_reeds_shepp,forward,0.07342386253856056,corridor,IN_PLACE_ROTATION_FORBIDDEN_OR_HARD_RADIUS,[]
q01_right_edge_hard_l3_3_1787300434732962041,q01,right_edge,50,kinematic,smac_hybrid_reeds_shepp,reverse,0.07379882098967144,corridor,IN_PLACE_ROTATION_FORBIDDEN_OR_HARD_RADIUS,[]
q01_right_edge_hard_l3_3_1787300434732962041,q01,right_edge,51,kinematic,smac_hybrid_reeds_shepp,forward,0.01987182944166636,corridor,IN_PLACE_ROTATION_FORBIDDEN_OR_HARD_RADIUS,[]
q01_right_edge_hard_l3_3_1787300434732962041,q01,right_edge,52,kinematic,smac_hybrid_reeds_shepp,forward,0.07379882818292806,corridor,IN_PLACE_ROTATION_FORBIDDEN_OR_HARD_RADIUS,[]
q01_right_edge_hard_l3_3_1787300434732962041,q01,right_edge,53,kinematic,smac_hybrid_reeds_shepp,forward,0.07379816520149743,corridor,IN_PLACE_ROTATION_FORBIDDEN_OR_HARD_RADIUS,[]
q01_right_edge_hard_l3_3_1787300434732962041,q01,right_edge,54,kinematic,smac_hybrid_reeds_shepp,forward,0.07379733883258388,corridor,IN_PLACE_ROTATION_FORBIDDEN_OR_HARD_RADIUS,[]
q01_right_edge_hard_l3_3_1787300434732962041,q01,right_edge,55,kinematic,smac_hybrid_reeds_shepp,forward,0.07380030989997091,corridor,IN_PLACE_ROTATION_FORBIDDEN_OR_HARD_RADIUS,[]
q01_right_edge_hard_l3_3_1787300434732962041,q01,right_edge,56,kinematic,smac_hybrid_reeds_shepp,forward,0.07379814532521334,corridor,IN_PLACE_ROTATION_FORBIDDEN_OR_HARD_RADIUS,[]
q01_right_edge_hard_l3_3_1787300434732962041,q01,right_edge,57,kinematic,smac_hybrid_reeds_shepp,forward,0.07379826576594792,corridor,IN_PLACE_ROTATION_FORBIDDEN_OR_HARD_RADIUS,[]
q01_right_edge_hard_l3_3_1787300434732962041,q01,right_edge,58,kinematic,smac_hybrid_reeds_shepp,forward,0.07380022145303608,corridor,IN_PLACE_ROTATION_FORBIDDEN_OR_HARD_RADIUS,[]
q01_right_edge_hard_l3_3_1787300434732962041,q01,right_edge,59,kinematic,smac_hybrid_reeds_shepp,forward,0.07380684303857177,corridor,IN_PLACE_ROTATION_FORBIDDEN_OR_HARD_RADIUS,[]
q01_right_edge_hard_l3_3_1787300434732962041,q01,right_edge,60,kinematic,smac_hybrid_reeds_shepp,forward,0.07390409714261725,corridor,IN_PLACE_ROTATION_FORBIDDEN_OR_HARD_RADIUS,[]
q01_right_edge_hard_l3_3_1787300434732962041,q01,right_edge,61,kinematic,smac_hybrid_reeds_shepp,forward,0.07390274399917937,corridor,IN_PLACE_ROTATION_FORBIDDEN_OR_HARD_RADIUS,[]
q01_right_edge_hard_l3_3_1787300434732962041,q01,right_edge,62,kinematic,smac_hybrid_reeds_shepp,forward,0.07390409714261725,corridor,IN_PLACE_ROTATION_FORBIDDEN_OR_HARD_RADIUS,[]
q01_right_edge_hard_l3_3_1787300434732962041,q01,right_edge,63,kinematic,smac_hybrid_reeds_shepp,forward,0.07390409714261725,corridor,IN_PLACE_ROTATION_FORBIDDEN_OR_HARD_RADIUS,[]
q01_right_edge_hard_l3_3_1787300434732962041,q01,right_edge,64,kinematic,smac_hybrid_reeds_shepp,forward,0.07390409714261725,corridor,IN_PLACE_ROTATION_FORBIDDEN_OR_HARD_RADIUS,[]
q01_right_edge_hard_l3_3_1787300434732962041,q01,right_edge,65,kinematic,smac_hybrid_reeds_shepp,forward,0.07390409714261725,corridor,IN_PLACE_ROTATION_FORBIDDEN_OR_HARD_RADIUS,[]
q01_right_edge_hard_l3_3_1787300434732962041,q01,right_edge,66,kinematic,smac_hybrid_reeds_shepp,forward,0.07384378723113118,corridor,IN_PLACE_ROTATION_FORBIDDEN_OR_HARD_RADIUS,[]
q01_right_edge_hard_l3_3_1787300434732962041,q01,right_edge,67,kinematic,smac_hybrid_reeds_shepp,forward,0.07379832110394317,corridor,IN_PLACE_ROTATION_FORBIDDEN_OR_HARD_RADIUS,[]
q01_right_edge_hard_l3_4_1787300434953569399,q01,right_edge,0,grid,grid_astar,mixed,35.230255947534786,corridor,,
q01_right_edge_hard_l3_4_1787300434953569399,q01,right_edge,1,kinematic,smac_hybrid_reeds_shepp,forward,0.07218238796680479,corridor,IN_PLACE_ROTATION_FORBIDDEN_OR_HARD_RADIUS,[]
q01_right_edge_hard_l3_4_1787300434953569399,q01,right_edge,2,kinematic,smac_hybrid_reeds_shepp,forward,0.07218238796680479,corridor,IN_PLACE_ROTATION_FORBIDDEN_OR_HARD_RADIUS,[]
q01_right_edge_hard_l3_4_1787300434953569399,q01,right_edge,3,kinematic,smac_hybrid_reeds_shepp,forward,0.07218022904841354,corridor,IN_PLACE_ROTATION_FORBIDDEN_OR_HARD_RADIUS,[]
q01_right_edge_hard_l3_4_1787300434953569399,q01,right_edge,4,kinematic,smac_hybrid_reeds_shepp,forward,0.07218238796680479,corridor,IN_PLACE_ROTATION_FORBIDDEN_OR_HARD_RADIUS,[]
q01_right_edge_hard_l3_4_1787300434953569399,q01,right_edge,5,kinematic,smac_hybrid_reeds_shepp,forward,0.0721802489186277,corridor,IN_PLACE_ROTATION_FORBIDDEN_OR_HARD_RADIUS,[]
q01_right_edge_hard_l3_4_1787300434953569399,q01,right_edge,6,kinematic,smac_hybrid_reeds_shepp,forward,0.07208361209796241,corridor,IN_PLACE_ROTATION_FORBIDDEN_OR_HARD_RADIUS,[]
q01_right_edge_hard_l3_4_1787300434953569399,q01,right_edge,7,kinematic,smac_hybrid_reeds_shepp,forward,0.07208272177303278,corridor,IN_PLACE_ROTATION_FORBIDDEN_OR_HARD_RADIUS,[]
q01_right_edge_hard_l3_4_1787300434953569399,q01,right_edge,8,kinematic,smac_hybrid_reeds_shepp,forward,0.07208543076337796,corridor,IN_PLACE_ROTATION_FORBIDDEN_OR_HARD_RADIUS,[]
q01_right_edge_hard_l3_4_1787300434953569399,q01,right_edge,9,kinematic,smac_hybrid_reeds_shepp,forward,0.0720838418157721,corridor,IN_PLACE_ROTATION_FORBIDDEN_OR_HARD_RADIUS,[]
q01_right_edge_hard_l3_4_1787300434953569399,q01,right_edge,10,kinematic,smac_hybrid_reeds_shepp,forward,0.07208368457930762,corridor,IN_PLACE_ROTATION_FORBIDDEN_OR_HARD_RADIUS,[]
q01_right_edge_hard_l3_4_1787300434953569399,q01,right_edge,11,kinematic,smac_hybrid_reeds_shepp,forward,0.07208421604234598,corridor,IN_PLACE_ROTATION_FORBIDDEN_OR_HARD_RADIUS,[]
q01_right_edge_hard_l3_4_1787300434953569399,q01,right_edge,12,kinematic,smac_hybrid_reeds_shepp,forward,0.07208492430910733,corridor,IN_PLACE_ROTATION_FORBIDDEN_OR_HARD_RADIUS,[]
q01_right_edge_hard_l3_4_1787300434953569399,q01,right_edge,13,kinematic,smac_hybrid_reeds_shepp,forward,0.07208250206483365,corridor,IN_PLACE_ROTATION_FORBIDDEN_OR_HARD_RADIUS,[]
q01_right_edge_hard_l3_4_1787300434953569399,q01,right_edge,14,kinematic,smac_hybrid_reeds_shepp,forward,0.01237090981631218,corridor,IN_PLACE_ROTATION_FORBIDDEN_OR_HARD_RADIUS,[]
q01_right_edge_hard_l3_4_1787300434953569399,q01,right_edge,15,kinematic,smac_hybrid_reeds_shepp,reverse,0.07208290317229966,corridor,IN_PLACE_ROTATION_FORBIDDEN_OR_HARD_RADIUS,[]
q01_right_edge_hard_l3_4_1787300434953569399,q01,right_edge,16,kinematic,smac_hybrid_reeds_shepp,reverse,0.07208519924186718,corridor,IN_PLACE_ROTATION_FORBIDDEN_OR_HARD_RADIUS,[]
q01_right_edge_hard_l3_4_1787300434953569399,q01,right_edge,17,kinematic,smac_hybrid_reeds_shepp,reverse,0.07208433587454269,corridor,IN_PLACE_ROTATION_FORBIDDEN_OR_HARD_RADIUS,[]
q01_right_edge_hard_l3_4_1787300434953569399,q01,right_edge,18,kinematic,smac_hybrid_reeds_shepp,reverse,0.07208150067534773,corridor,IN_PLACE_ROTATION_FORBIDDEN_OR_HARD_RADIUS,[]
q01_right_edge_hard_l3_4_1787300434953569399,q01,right_edge,19,kinematic,smac_hybrid_reeds_shepp,reverse,0.07208382973557931,corridor,IN_PLACE_ROTATION_FORBIDDEN_OR_HARD_RADIUS,[]
q01_right_edge_hard_l3_4_1787300434953569399,q01,right_edge,20,kinematic,smac_hybrid_reeds_shepp,reverse,0.07208667834403215,corridor,IN_PLACE_ROTATION_FORBIDDEN_OR_HARD_RADIUS,[]
q01_right_edge_hard_l3_4_1787300434953569399,q01,right_edge,21,kinematic,smac_hybrid_reeds_shepp,reverse,0.07208268184962857,corridor,IN_PLACE_ROTATION_FORBIDDEN_OR_HARD_RADIUS,[]
q01_right_edge_hard_l3_4_1787300434953569399,q01,right_edge,22,kinematic,smac_hybrid_reeds_shepp,reverse,0.07208314833190826,corridor,IN_PLACE_ROTATION_FORBIDDEN_OR_HARD_RADIUS,[]
q01_right_edge_hard_l3_4_1787300434953569399,q01,right_edge,23,kinematic,smac_hybrid_reeds_shepp,forward,0.07667541618161522,corridor,IN_PLACE_ROTATION_FORBIDDEN_OR_HARD_RADIUS,[]
q01_right_edge_hard_l3_4_1787300434953569399,q01,right_edge,24,kinematic,smac_hybrid_reeds_shepp,forward,0.07667541618161522,corridor,IN_PLACE_ROTATION_FORBIDDEN_OR_HARD_RADIUS,[]
q01_right_edge_hard_l3_4_1787300434953569399,q01,right_edge,25,kinematic,smac_hybrid_reeds_shepp,forward,0.07667541618161522,corridor,IN_PLACE_ROTATION_FORBIDDEN_OR_HARD_RADIUS,[]
q01_right_edge_hard_l3_4_1787300434953569399,q01,right_edge,26,kinematic,smac_hybrid_reeds_shepp,forward,0.07667541618161522,corridor,IN_PLACE_ROTATION_FORBIDDEN_OR_HARD_RADIUS,[]
q01_right_edge_hard_l3_4_1787300434953569399,q01,right_edge,27,kinematic,smac_hybrid_reeds_shepp,forward,0.07667541618161522,corridor,IN_PLACE_ROTATION_FORBIDDEN_OR_HARD_RADIUS,[]
q01_right_edge_hard_l3_4_1787300434953569399,q01,right_edge,28,kinematic,smac_hybrid_reeds_shepp,forward,0.07667541618161522,corridor,IN_PLACE_ROTATION_FORBIDDEN_OR_HARD_RADIUS,[]
q01_right_edge_hard_l3_4_1787300434953569399,q01,right_edge,29,kinematic,smac_hybrid_reeds_shepp,forward,0.07667541618161522,corridor,IN_PLACE_ROTATION_FORBIDDEN_OR_HARD_RADIUS,[]
q01_right_edge_hard_l3_4_1787300434953569399,q01,right_edge,30,kinematic,smac_hybrid_reeds_shepp,forward,0.07342386253856056,corridor,IN_PLACE_ROTATION_FORBIDDEN_OR_HARD_RADIUS,[]
q01_right_edge_hard_l3_4_1787300434953569399,q01,right_edge,31,kinematic,smac_hybrid_reeds_shepp,forward,0.07342157757208881,corridor,IN_PLACE_ROTATION_FORBIDDEN_OR_HARD_RADIUS,[]
q01_right_edge_hard_l3_4_1787300434953569399,q01,right_edge,32,kinematic,smac_hybrid_reeds_shepp,forward,0.07342209827265841,corridor,IN_PLACE_ROTATION_FORBIDDEN_OR_HARD_RADIUS,[]
q01_right_edge_hard_l3_4_1787300434953569399,q01,right_edge,33,kinematic,smac_hybrid_reeds_shepp,forward,0.07342468453322717,corridor,IN_PLACE_ROTATION_FORBIDDEN_OR_HARD_RADIUS,[]
q01_right_edge_hard_l3_4_1787300434953569399,q01,right_edge,34,kinematic,smac_hybrid_reeds_shepp,forward,0.07342250563424446,corridor,IN_PLACE_ROTATION_FORBIDDEN_OR_HARD_RADIUS,[]
q01_right_edge_hard_l3_4_1787300434953569399,q01,right_edge,35,kinematic,smac_hybrid_reeds_shepp,forward,0.0734235401690327,corridor,IN_PLACE_ROTATION_FORBIDDEN_OR_HARD_RADIUS,[]
q01_right_edge_hard_l3_4_1787300434953569399,q01,right_edge,36,kinematic,smac_hybrid_reeds_shepp,forward,0.07343666186877969,corridor,IN_PLACE_ROTATION_FORBIDDEN_OR_HARD_RADIUS,[]
q01_right_edge_hard_l3_4_1787300434953569399,q01,right_edge,37,kinematic,smac_hybrid_reeds_shepp,forward,0.07352678156906431,corridor,IN_PLACE_ROTATION_FORBIDDEN_OR_HARD_RADIUS,[]
q01_right_edge_hard_l3_4_1787300434953569399,q01,right_edge,38,kinematic,smac_hybrid_reeds_shepp,forward,0.07352773553584042,corridor,IN_PLACE_ROTATION_FORBIDDEN_OR_HARD_RADIUS,[]
q01_right_edge_hard_l3_4_1787300434953569399,q01,right_edge,39,kinematic,smac_hybrid_reeds_shepp,forward,0.07352388273368433,corridor,IN_PLACE_ROTATION_FORBIDDEN_OR_HARD_RADIUS,[]
q01_right_edge_hard_l3_4_1787300434953569399,q01,right_edge,40,kinematic,smac_hybrid_reeds_shepp,forward,0.07352773553584042,corridor,IN_PLACE_ROTATION_FORBIDDEN_OR_HARD_RADIUS,[]
q01_right_edge_hard_l3_4_1787300434953569399,q01,right_edge,41,kinematic,smac_hybrid_reeds_shepp,forward,0.07352678156906431,corridor,IN_PLACE_ROTATION_FORBIDDEN_OR_HARD_RADIUS,[]
q01_right_edge_hard_l3_4_1787300434953569399,q01,right_edge,42,kinematic,smac_hybrid_reeds_shepp,forward,0.07352483673807211,corridor,IN_PLACE_ROTATION_FORBIDDEN_OR_HARD_RADIUS,[]
q01_right_edge_hard_l3_4_1787300434953569399,q01,right_edge,43,kinematic,smac_hybrid_reeds_shepp,forward,0.07352678156906431,corridor,IN_PLACE_ROTATION_FORBIDDEN_OR_HARD_RADIUS,[]
q01_right_edge_hard_l3_4_1787300434953569399,q01,right_edge,44,kinematic,smac_hybrid_reeds_shepp,forward,0.07352773553584042,corridor,IN_PLACE_ROTATION_FORBIDDEN_OR_HARD_RADIUS,[]
q01_right_edge_hard_l3_4_1787300434953569399,q01,right_edge,45,kinematic,smac_hybrid_reeds_shepp,forward,0.07352388273368433,corridor,IN_PLACE_ROTATION_FORBIDDEN_OR_HARD_RADIUS,[]
q01_right_edge_hard_l3_4_1787300434953569399,q01,right_edge,46,kinematic,smac_hybrid_reeds_shepp,forward,0.07352678156906431,corridor,IN_PLACE_ROTATION_FORBIDDEN_OR_HARD_RADIUS,[]
q01_right_edge_hard_l3_4_1787300434953569399,q01,right_edge,47,kinematic,smac_hybrid_reeds_shepp,forward,0.07352773553584042,corridor,IN_PLACE_ROTATION_FORBIDDEN_OR_HARD_RADIUS,[]
q01_right_edge_hard_l3_4_1787300434953569399,q01,right_edge,48,kinematic,smac_hybrid_reeds_shepp,forward,0.07345174915381121,corridor,IN_PLACE_ROTATION_FORBIDDEN_OR_HARD_RADIUS,[]
q01_right_edge_hard_l3_4_1787300434953569399,q01,right_edge,49,kinematic,smac_hybrid_reeds_shepp,forward,0.07342386253856056,corridor,IN_PLACE_ROTATION_FORBIDDEN_OR_HARD_RADIUS,[]
q01_right_edge_hard_l3_4_1787300434953569399,q01,right_edge,50,kinematic,smac_hybrid_reeds_shepp,reverse,0.07379882098967144,corridor,IN_PLACE_ROTATION_FORBIDDEN_OR_HARD_RADIUS,[]
q01_right_edge_hard_l3_4_1787300434953569399,q01,right_edge,51,kinematic,smac_hybrid_reeds_shepp,forward,0.01987182944166636,corridor,IN_PLACE_ROTATION_FORBIDDEN_OR_HARD_RADIUS,[]
q01_right_edge_hard_l3_4_1787300434953569399,q01,right_edge,52,kinematic,smac_hybrid_reeds_shepp,forward,0.07379882818292806,corridor,IN_PLACE_ROTATION_FORBIDDEN_OR_HARD_RADIUS,[]
q01_right_edge_hard_l3_4_1787300434953569399,q01,right_edge,53,kinematic,smac_hybrid_reeds_shepp,forward,0.07379816520149743,corridor,IN_PLACE_ROTATION_FORBIDDEN_OR_HARD_RADIUS,[]
q01_right_edge_hard_l3_4_1787300434953569399,q01,right_edge,54,kinematic,smac_hybrid_reeds_shepp,forward,0.07379733883258388,corridor,IN_PLACE_ROTATION_FORBIDDEN_OR_HARD_RADIUS,[]
q01_right_edge_hard_l3_4_1787300434953569399,q01,right_edge,55,kinematic,smac_hybrid_reeds_shepp,forward,0.07380030989997091,corridor,IN_PLACE_ROTATION_FORBIDDEN_OR_HARD_RADIUS,[]
q01_right_edge_hard_l3_4_1787300434953569399,q01,right_edge,56,kinematic,smac_hybrid_reeds_shepp,forward,0.07379814532521334,corridor,IN_PLACE_ROTATION_FORBIDDEN_OR_HARD_RADIUS,[]
q01_right_edge_hard_l3_4_1787300434953569399,q01,right_edge,57,kinematic,smac_hybrid_reeds_shepp,forward,0.07379826576594792,corridor,IN_PLACE_ROTATION_FORBIDDEN_OR_HARD_RADIUS,[]
q01_right_edge_hard_l3_4_1787300434953569399,q01,right_edge,58,kinematic,smac_hybrid_reeds_shepp,forward,0.07380022145303608,corridor,IN_PLACE_ROTATION_FORBIDDEN_OR_HARD_RADIUS,[]
q01_right_edge_hard_l3_4_1787300434953569399,q01,right_edge,59,kinematic,smac_hybrid_reeds_shepp,forward,0.07380684303857177,corridor,IN_PLACE_ROTATION_FORBIDDEN_OR_HARD_RADIUS,[]
q01_right_edge_hard_l3_4_1787300434953569399,q01,right_edge,60,kinematic,smac_hybrid_reeds_shepp,forward,0.07390409714261725,corridor,IN_PLACE_ROTATION_FORBIDDEN_OR_HARD_RADIUS,[]
q01_right_edge_hard_l3_4_1787300434953569399,q01,right_edge,61,kinematic,smac_hybrid_reeds_shepp,forward,0.07390274399917937,corridor,IN_PLACE_ROTATION_FORBIDDEN_OR_HARD_RADIUS,[]
q01_right_edge_hard_l3_4_1787300434953569399,q01,right_edge,62,kinematic,smac_hybrid_reeds_shepp,forward,0.07390409714261725,corridor,IN_PLACE_ROTATION_FORBIDDEN_OR_HARD_RADIUS,[]
q01_right_edge_hard_l3_4_1787300434953569399,q01,right_edge,63,kinematic,smac_hybrid_reeds_shepp,forward,0.07390409714261725,corridor,IN_PLACE_ROTATION_FORBIDDEN_OR_HARD_RADIUS,[]
q01_right_edge_hard_l3_4_1787300434953569399,q01,right_edge,64,kinematic,smac_hybrid_reeds_shepp,forward,0.07390409714261725,corridor,IN_PLACE_ROTATION_FORBIDDEN_OR_HARD_RADIUS,[]
q01_right_edge_hard_l3_4_1787300434953569399,q01,right_edge,65,kinematic,smac_hybrid_reeds_shepp,forward,0.07390409714261725,corridor,IN_PLACE_ROTATION_FORBIDDEN_OR_HARD_RADIUS,[]
q01_right_edge_hard_l3_4_1787300434953569399,q01,right_edge,66,kinematic,smac_hybrid_reeds_shepp,forward,0.07384378723113118,corridor,IN_PLACE_ROTATION_FORBIDDEN_OR_HARD_RADIUS,[]
q01_right_edge_hard_l3_4_1787300434953569399,q01,right_edge,67,kinematic,smac_hybrid_reeds_shepp,forward,0.07379832110394317,corridor,IN_PLACE_ROTATION_FORBIDDEN_OR_HARD_RADIUS,[]
q01_right_edge_hard_l3_5_1787300435175745073,q01,right_edge,0,grid,grid_astar,mixed,35.230255947534786,corridor,,
q01_right_edge_hard_l3_5_1787300435175745073,q01,right_edge,1,kinematic,smac_hybrid_reeds_shepp,forward,0.07218238796680479,corridor,IN_PLACE_ROTATION_FORBIDDEN_OR_HARD_RADIUS,[]
q01_right_edge_hard_l3_5_1787300435175745073,q01,right_edge,2,kinematic,smac_hybrid_reeds_shepp,forward,0.07218238796680479,corridor,IN_PLACE_ROTATION_FORBIDDEN_OR_HARD_RADIUS,[]
q01_right_edge_hard_l3_5_1787300435175745073,q01,right_edge,3,kinematic,smac_hybrid_reeds_shepp,forward,0.07218022904841354,corridor,IN_PLACE_ROTATION_FORBIDDEN_OR_HARD_RADIUS,[]
q01_right_edge_hard_l3_5_1787300435175745073,q01,right_edge,4,kinematic,smac_hybrid_reeds_shepp,forward,0.07218238796680479,corridor,IN_PLACE_ROTATION_FORBIDDEN_OR_HARD_RADIUS,[]
q01_right_edge_hard_l3_5_1787300435175745073,q01,right_edge,5,kinematic,smac_hybrid_reeds_shepp,forward,0.0721802489186277,corridor,IN_PLACE_ROTATION_FORBIDDEN_OR_HARD_RADIUS,[]
q01_right_edge_hard_l3_5_1787300435175745073,q01,right_edge,6,kinematic,smac_hybrid_reeds_shepp,forward,0.07208361209796241,corridor,IN_PLACE_ROTATION_FORBIDDEN_OR_HARD_RADIUS,[]
q01_right_edge_hard_l3_5_1787300435175745073,q01,right_edge,7,kinematic,smac_hybrid_reeds_shepp,forward,0.07208272177303278,corridor,IN_PLACE_ROTATION_FORBIDDEN_OR_HARD_RADIUS,[]
q01_right_edge_hard_l3_5_1787300435175745073,q01,right_edge,8,kinematic,smac_hybrid_reeds_shepp,forward,0.07208543076337796,corridor,IN_PLACE_ROTATION_FORBIDDEN_OR_HARD_RADIUS,[]
q01_right_edge_hard_l3_5_1787300435175745073,q01,right_edge,9,kinematic,smac_hybrid_reeds_shepp,forward,0.0720838418157721,corridor,IN_PLACE_ROTATION_FORBIDDEN_OR_HARD_RADIUS,[]
q01_right_edge_hard_l3_5_1787300435175745073,q01,right_edge,10,kinematic,smac_hybrid_reeds_shepp,forward,0.07208368457930762,corridor,IN_PLACE_ROTATION_FORBIDDEN_OR_HARD_RADIUS,[]
q01_right_edge_hard_l3_5_1787300435175745073,q01,right_edge,11,kinematic,smac_hybrid_reeds_shepp,forward,0.07208421604234598,corridor,IN_PLACE_ROTATION_FORBIDDEN_OR_HARD_RADIUS,[]
q01_right_edge_hard_l3_5_1787300435175745073,q01,right_edge,12,kinematic,smac_hybrid_reeds_shepp,forward,0.07208492430910733,corridor,IN_PLACE_ROTATION_FORBIDDEN_OR_HARD_RADIUS,[]
q01_right_edge_hard_l3_5_1787300435175745073,q01,right_edge,13,kinematic,smac_hybrid_reeds_shepp,forward,0.07208250206483365,corridor,IN_PLACE_ROTATION_FORBIDDEN_OR_HARD_RADIUS,[]
q01_right_edge_hard_l3_5_1787300435175745073,q01,right_edge,14,kinematic,smac_hybrid_reeds_shepp,forward,0.01237090981631218,corridor,IN_PLACE_ROTATION_FORBIDDEN_OR_HARD_RADIUS,[]
q01_right_edge_hard_l3_5_1787300435175745073,q01,right_edge,15,kinematic,smac_hybrid_reeds_shepp,reverse,0.07208290317229966,corridor,IN_PLACE_ROTATION_FORBIDDEN_OR_HARD_RADIUS,[]
q01_right_edge_hard_l3_5_1787300435175745073,q01,right_edge,16,kinematic,smac_hybrid_reeds_shepp,reverse,0.07208519924186718,corridor,IN_PLACE_ROTATION_FORBIDDEN_OR_HARD_RADIUS,[]
q01_right_edge_hard_l3_5_1787300435175745073,q01,right_edge,17,kinematic,smac_hybrid_reeds_shepp,reverse,0.07208433587454269,corridor,IN_PLACE_ROTATION_FORBIDDEN_OR_HARD_RADIUS,[]
q01_right_edge_hard_l3_5_1787300435175745073,q01,right_edge,18,kinematic,smac_hybrid_reeds_shepp,reverse,0.07208150067534773,corridor,IN_PLACE_ROTATION_FORBIDDEN_OR_HARD_RADIUS,[]
q01_right_edge_hard_l3_5_1787300435175745073,q01,right_edge,19,kinematic,smac_hybrid_reeds_shepp,reverse,0.07208382973557931,corridor,IN_PLACE_ROTATION_FORBIDDEN_OR_HARD_RADIUS,[]
q01_right_edge_hard_l3_5_1787300435175745073,q01,right_edge,20,kinematic,smac_hybrid_reeds_shepp,reverse,0.07208667834403215,corridor,IN_PLACE_ROTATION_FORBIDDEN_OR_HARD_RADIUS,[]
q01_right_edge_hard_l3_5_1787300435175745073,q01,right_edge,21,kinematic,smac_hybrid_reeds_shepp,reverse,0.07208268184962857,corridor,IN_PLACE_ROTATION_FORBIDDEN_OR_HARD_RADIUS,[]
q01_right_edge_hard_l3_5_1787300435175745073,q01,right_edge,22,kinematic,smac_hybrid_reeds_shepp,reverse,0.07208314833190826,corridor,IN_PLACE_ROTATION_FORBIDDEN_OR_HARD_RADIUS,[]
q01_right_edge_hard_l3_5_1787300435175745073,q01,right_edge,23,kinematic,smac_hybrid_reeds_shepp,forward,0.07667541618161522,corridor,IN_PLACE_ROTATION_FORBIDDEN_OR_HARD_RADIUS,[]
q01_right_edge_hard_l3_5_1787300435175745073,q01,right_edge,24,kinematic,smac_hybrid_reeds_shepp,forward,0.07667541618161522,corridor,IN_PLACE_ROTATION_FORBIDDEN_OR_HARD_RADIUS,[]
q01_right_edge_hard_l3_5_1787300435175745073,q01,right_edge,25,kinematic,smac_hybrid_reeds_shepp,forward,0.07667541618161522,corridor,IN_PLACE_ROTATION_FORBIDDEN_OR_HARD_RADIUS,[]
q01_right_edge_hard_l3_5_1787300435175745073,q01,right_edge,26,kinematic,smac_hybrid_reeds_shepp,forward,0.07667541618161522,corridor,IN_PLACE_ROTATION_FORBIDDEN_OR_HARD_RADIUS,[]
q01_right_edge_hard_l3_5_1787300435175745073,q01,right_edge,27,kinematic,smac_hybrid_reeds_shepp,forward,0.07667541618161522,corridor,IN_PLACE_ROTATION_FORBIDDEN_OR_HARD_RADIUS,[]
q01_right_edge_hard_l3_5_1787300435175745073,q01,right_edge,28,kinematic,smac_hybrid_reeds_shepp,forward,0.07667541618161522,corridor,IN_PLACE_ROTATION_FORBIDDEN_OR_HARD_RADIUS,[]
q01_right_edge_hard_l3_5_1787300435175745073,q01,right_edge,29,kinematic,smac_hybrid_reeds_shepp,forward,0.07667541618161522,corridor,IN_PLACE_ROTATION_FORBIDDEN_OR_HARD_RADIUS,[]
q01_right_edge_hard_l3_5_1787300435175745073,q01,right_edge,30,kinematic,smac_hybrid_reeds_shepp,forward,0.07342386253856056,corridor,IN_PLACE_ROTATION_FORBIDDEN_OR_HARD_RADIUS,[]
q01_right_edge_hard_l3_5_1787300435175745073,q01,right_edge,31,kinematic,smac_hybrid_reeds_shepp,forward,0.07342157757208881,corridor,IN_PLACE_ROTATION_FORBIDDEN_OR_HARD_RADIUS,[]
q01_right_edge_hard_l3_5_1787300435175745073,q01,right_edge,32,kinematic,smac_hybrid_reeds_shepp,forward,0.07342209827265841,corridor,IN_PLACE_ROTATION_FORBIDDEN_OR_HARD_RADIUS,[]
q01_right_edge_hard_l3_5_1787300435175745073,q01,right_edge,33,kinematic,smac_hybrid_reeds_shepp,forward,0.07342468453322717,corridor,IN_PLACE_ROTATION_FORBIDDEN_OR_HARD_RADIUS,[]
q01_right_edge_hard_l3_5_1787300435175745073,q01,right_edge,34,kinematic,smac_hybrid_reeds_shepp,forward,0.07342250563424446,corridor,IN_PLACE_ROTATION_FORBIDDEN_OR_HARD_RADIUS,[]
q01_right_edge_hard_l3_5_1787300435175745073,q01,right_edge,35,kinematic,smac_hybrid_reeds_shepp,forward,0.0734235401690327,corridor,IN_PLACE_ROTATION_FORBIDDEN_OR_HARD_RADIUS,[]
q01_right_edge_hard_l3_5_1787300435175745073,q01,right_edge,36,kinematic,smac_hybrid_reeds_shepp,forward,0.07343666186877969,corridor,IN_PLACE_ROTATION_FORBIDDEN_OR_HARD_RADIUS,[]
q01_right_edge_hard_l3_5_1787300435175745073,q01,right_edge,37,kinematic,smac_hybrid_reeds_shepp,forward,0.07352678156906431,corridor,IN_PLACE_ROTATION_FORBIDDEN_OR_HARD_RADIUS,[]
q01_right_edge_hard_l3_5_1787300435175745073,q01,right_edge,38,kinematic,smac_hybrid_reeds_shepp,forward,0.07352773553584042,corridor,IN_PLACE_ROTATION_FORBIDDEN_OR_HARD_RADIUS,[]
q01_right_edge_hard_l3_5_1787300435175745073,q01,right_edge,39,kinematic,smac_hybrid_reeds_shepp,forward,0.07352388273368433,corridor,IN_PLACE_ROTATION_FORBIDDEN_OR_HARD_RADIUS,[]
q01_right_edge_hard_l3_5_1787300435175745073,q01,right_edge,40,kinematic,smac_hybrid_reeds_shepp,forward,0.07352773553584042,corridor,IN_PLACE_ROTATION_FORBIDDEN_OR_HARD_RADIUS,[]
q01_right_edge_hard_l3_5_1787300435175745073,q01,right_edge,41,kinematic,smac_hybrid_reeds_shepp,forward,0.07352678156906431,corridor,IN_PLACE_ROTATION_FORBIDDEN_OR_HARD_RADIUS,[]
q01_right_edge_hard_l3_5_1787300435175745073,q01,right_edge,42,kinematic,smac_hybrid_reeds_shepp,forward,0.07352483673807211,corridor,IN_PLACE_ROTATION_FORBIDDEN_OR_HARD_RADIUS,[]
q01_right_edge_hard_l3_5_1787300435175745073,q01,right_edge,43,kinematic,smac_hybrid_reeds_shepp,forward,0.07352678156906431,corridor,IN_PLACE_ROTATION_FORBIDDEN_OR_HARD_RADIUS,[]
q01_right_edge_hard_l3_5_1787300435175745073,q01,right_edge,44,kinematic,smac_hybrid_reeds_shepp,forward,0.07352773553584042,corridor,IN_PLACE_ROTATION_FORBIDDEN_OR_HARD_RADIUS,[]
q01_right_edge_hard_l3_5_1787300435175745073,q01,right_edge,45,kinematic,smac_hybrid_reeds_shepp,forward,0.07352388273368433,corridor,IN_PLACE_ROTATION_FORBIDDEN_OR_HARD_RADIUS,[]
q01_right_edge_hard_l3_5_1787300435175745073,q01,right_edge,46,kinematic,smac_hybrid_reeds_shepp,forward,0.07352678156906431,corridor,IN_PLACE_ROTATION_FORBIDDEN_OR_HARD_RADIUS,[]
q01_right_edge_hard_l3_5_1787300435175745073,q01,right_edge,47,kinematic,smac_hybrid_reeds_shepp,forward,0.07352773553584042,corridor,IN_PLACE_ROTATION_FORBIDDEN_OR_HARD_RADIUS,[]
q01_right_edge_hard_l3_5_1787300435175745073,q01,right_edge,48,kinematic,smac_hybrid_reeds_shepp,forward,0.07345174915381121,corridor,IN_PLACE_ROTATION_FORBIDDEN_OR_HARD_RADIUS,[]
q01_right_edge_hard_l3_5_1787300435175745073,q01,right_edge,49,kinematic,smac_hybrid_reeds_shepp,forward,0.07342386253856056,corridor,IN_PLACE_ROTATION_FORBIDDEN_OR_HARD_RADIUS,[]
q01_right_edge_hard_l3_5_1787300435175745073,q01,right_edge,50,kinematic,smac_hybrid_reeds_shepp,reverse,0.07379882098967144,corridor,IN_PLACE_ROTATION_FORBIDDEN_OR_HARD_RADIUS,[]
q01_right_edge_hard_l3_5_1787300435175745073,q01,right_edge,51,kinematic,smac_hybrid_reeds_shepp,forward,0.01987182944166636,corridor,IN_PLACE_ROTATION_FORBIDDEN_OR_HARD_RADIUS,[]
q01_right_edge_hard_l3_5_1787300435175745073,q01,right_edge,52,kinematic,smac_hybrid_reeds_shepp,forward,0.07379882818292806,corridor,IN_PLACE_ROTATION_FORBIDDEN_OR_HARD_RADIUS,[]
q01_right_edge_hard_l3_5_1787300435175745073,q01,right_edge,53,kinematic,smac_hybrid_reeds_shepp,forward,0.07379816520149743,corridor,IN_PLACE_ROTATION_FORBIDDEN_OR_HARD_RADIUS,[]
q01_right_edge_hard_l3_5_1787300435175745073,q01,right_edge,54,kinematic,smac_hybrid_reeds_shepp,forward,0.07379733883258388,corridor,IN_PLACE_ROTATION_FORBIDDEN_OR_HARD_RADIUS,[]
q01_right_edge_hard_l3_5_1787300435175745073,q01,right_edge,55,kinematic,smac_hybrid_reeds_shepp,forward,0.07380030989997091,corridor,IN_PLACE_ROTATION_FORBIDDEN_OR_HARD_RADIUS,[]
q01_right_edge_hard_l3_5_1787300435175745073,q01,right_edge,56,kinematic,smac_hybrid_reeds_shepp,forward,0.07379814532521334,corridor,IN_PLACE_ROTATION_FORBIDDEN_OR_HARD_RADIUS,[]
q01_right_edge_hard_l3_5_1787300435175745073,q01,right_edge,57,kinematic,smac_hybrid_reeds_shepp,forward,0.07379826576594792,corridor,IN_PLACE_ROTATION_FORBIDDEN_OR_HARD_RADIUS,[]
q01_right_edge_hard_l3_5_1787300435175745073,q01,right_edge,58,kinematic,smac_hybrid_reeds_shepp,forward,0.07380022145303608,corridor,IN_PLACE_ROTATION_FORBIDDEN_OR_HARD_RADIUS,[]
q01_right_edge_hard_l3_5_1787300435175745073,q01,right_edge,59,kinematic,smac_hybrid_reeds_shepp,forward,0.07380684303857177,corridor,IN_PLACE_ROTATION_FORBIDDEN_OR_HARD_RADIUS,[]
q01_right_edge_hard_l3_5_1787300435175745073,q01,right_edge,60,kinematic,smac_hybrid_reeds_shepp,forward,0.07390409714261725,corridor,IN_PLACE_ROTATION_FORBIDDEN_OR_HARD_RADIUS,[]
q01_right_edge_hard_l3_5_1787300435175745073,q01,right_edge,61,kinematic,smac_hybrid_reeds_shepp,forward,0.07390274399917937,corridor,IN_PLACE_ROTATION_FORBIDDEN_OR_HARD_RADIUS,[]
q01_right_edge_hard_l3_5_1787300435175745073,q01,right_edge,62,kinematic,smac_hybrid_reeds_shepp,forward,0.07390409714261725,corridor,IN_PLACE_ROTATION_FORBIDDEN_OR_HARD_RADIUS,[]
q01_right_edge_hard_l3_5_1787300435175745073,q01,right_edge,63,kinematic,smac_hybrid_reeds_shepp,forward,0.07390409714261725,corridor,IN_PLACE_ROTATION_FORBIDDEN_OR_HARD_RADIUS,[]
q01_right_edge_hard_l3_5_1787300435175745073,q01,right_edge,64,kinematic,smac_hybrid_reeds_shepp,forward,0.07390409714261725,corridor,IN_PLACE_ROTATION_FORBIDDEN_OR_HARD_RADIUS,[]
q01_right_edge_hard_l3_5_1787300435175745073,q01,right_edge,65,kinematic,smac_hybrid_reeds_shepp,forward,0.07390409714261725,corridor,IN_PLACE_ROTATION_FORBIDDEN_OR_HARD_RADIUS,[]
q01_right_edge_hard_l3_5_1787300435175745073,q01,right_edge,66,kinematic,smac_hybrid_reeds_shepp,forward,0.07384378723113118,corridor,IN_PLACE_ROTATION_FORBIDDEN_OR_HARD_RADIUS,[]
q01_right_edge_hard_l3_5_1787300435175745073,q01,right_edge,67,kinematic,smac_hybrid_reeds_shepp,forward,0.07379832110394317,corridor,IN_PLACE_ROTATION_FORBIDDEN_OR_HARD_RADIUS,[]
q02_right_edge_hard_l3_1_1787300435373202162,q02,right_edge,0,grid,grid_astar,mixed,26.82609342621113,corridor,,
q02_right_edge_hard_l3_1_1787300435373202162,q02,right_edge,1,kinematic,smac_hybrid_reeds_shepp,forward,0.07408085308774368,corridor,IN_PLACE_ROTATION_FORBIDDEN_OR_HARD_RADIUS,[]
q02_right_edge_hard_l3_1_1787300435373202162,q02,right_edge,2,kinematic,smac_hybrid_reeds_shepp,forward,0.0740828191976814,corridor,IN_PLACE_ROTATION_FORBIDDEN_OR_HARD_RADIUS,[]
q02_right_edge_hard_l3_1_1787300435373202162,q02,right_edge,3,kinematic,smac_hybrid_reeds_shepp,forward,0.07407930637477865,corridor,IN_PLACE_ROTATION_FORBIDDEN_OR_HARD_RADIUS,[]
q02_right_edge_hard_l3_1_1787300435373202162,q02,right_edge,4,kinematic,smac_hybrid_reeds_shepp,forward,0.0740807655886279,corridor,IN_PLACE_ROTATION_FORBIDDEN_OR_HARD_RADIUS,[]
q02_right_edge_hard_l3_1_1787300435373202162,q02,right_edge,5,kinematic,smac_hybrid_reeds_shepp,forward,0.07408258461552776,corridor,IN_PLACE_ROTATION_FORBIDDEN_OR_HARD_RADIUS,[]
q02_right_edge_hard_l3_1_1787300435373202162,q02,right_edge,6,kinematic,smac_hybrid_reeds_shepp,forward,0.07415414971757688,corridor,IN_PLACE_ROTATION_FORBIDDEN_OR_HARD_RADIUS,[]
q02_right_edge_hard_l3_1_1787300435373202162,q02,right_edge,7,kinematic,smac_hybrid_reeds_shepp,forward,0.0741874511415299,corridor,IN_PLACE_ROTATION_FORBIDDEN_OR_HARD_RADIUS,[]
q02_right_edge_hard_l3_1_1787300435373202162,q02,right_edge,8,kinematic,smac_hybrid_reeds_shepp,forward,0.07413738380746694,corridor,IN_PLACE_ROTATION_FORBIDDEN_OR_HARD_RADIUS,[]
q02_right_edge_hard_l3_1_1787300435373202162,q02,right_edge,9,kinematic,smac_hybrid_reeds_shepp,forward,0.07408122557070024,corridor,IN_PLACE_ROTATION_FORBIDDEN_OR_HARD_RADIUS,[]
q02_right_edge_hard_l3_1_1787300435373202162,q02,right_edge,10,kinematic,smac_hybrid_reeds_shepp,forward,0.07408170997017426,corridor,IN_PLACE_ROTATION_FORBIDDEN_OR_HARD_RADIUS,[]
q02_right_edge_hard_l3_1_1787300435373202162,q02,right_edge,11,kinematic,smac_hybrid_reeds_shepp,forward,0.07408092581501916,corridor,IN_PLACE_ROTATION_FORBIDDEN_OR_HARD_RADIUS,[]
q02_right_edge_hard_l3_1_1787300435373202162,q02,right_edge,12,kinematic,smac_hybrid_reeds_shepp,forward,0.07408217277496607,corridor,IN_PLACE_ROTATION_FORBIDDEN_OR_HARD_RADIUS,[]
q02_right_edge_hard_l3_1_1787300435373202162,q02,right_edge,13,kinematic,smac_hybrid_reeds_shepp,forward,0.07408161705057907,corridor,IN_PLACE_ROTATION_FORBIDDEN_OR_HARD_RADIUS,[]
q02_right_edge_hard_l3_1_1787300435373202162,q02,right_edge,14,kinematic,smac_hybrid_reeds_shepp,forward,0.0740803655554346,corridor,IN_PLACE_ROTATION_FORBIDDEN_OR_HARD_RADIUS,[]
q02_right_edge_hard_l3_1_1787300435373202162,q02,right_edge,15,kinematic,smac_hybrid_reeds_shepp,forward,0.0740825922998022,corridor,IN_PLACE_ROTATION_FORBIDDEN_OR_HARD_RADIUS,[]
q02_right_edge_hard_l3_1_1787300435373202162,q02,right_edge,16,kinematic,smac_hybrid_reeds_shepp,forward,0.05627617768148678,corridor,IN_PLACE_ROTATION_FORBIDDEN_OR_HARD_RADIUS,[]
q02_right_edge_hard_l3_1_1787300435373202162,q02,right_edge,17,kinematic,smac_hybrid_reeds_shepp,reverse,0.07408031374393788,corridor,IN_PLACE_ROTATION_FORBIDDEN_OR_HARD_RADIUS,[]
q02_right_edge_hard_l3_1_1787300435373202162,q02,right_edge,18,kinematic,smac_hybrid_reeds_shepp,reverse,0.07408138051601847,corridor,IN_PLACE_ROTATION_FORBIDDEN_OR_HARD_RADIUS,[]
q02_right_edge_hard_l3_1_1787300435373202162,q02,right_edge,19,kinematic,smac_hybrid_reeds_shepp,forward,0.07667516639255023,corridor,IN_PLACE_ROTATION_FORBIDDEN_OR_HARD_RADIUS,[]
q02_right_edge_hard_l3_1_1787300435373202162,q02,right_edge,20,kinematic,smac_hybrid_reeds_shepp,forward,0.07667516639255023,corridor,IN_PLACE_ROTATION_FORBIDDEN_OR_HARD_RADIUS,[]
q02_right_edge_hard_l3_1_1787300435373202162,q02,right_edge,21,kinematic,smac_hybrid_reeds_shepp,forward,0.07667629483991785,corridor,IN_PLACE_ROTATION_FORBIDDEN_OR_HARD_RADIUS,[]
q02_right_edge_hard_l3_1_1787300435373202162,q02,right_edge,22,kinematic,smac_hybrid_reeds_shepp,forward,0.07667790959425509,corridor,IN_PLACE_ROTATION_FORBIDDEN_OR_HARD_RADIUS,[]
q02_right_edge_hard_l3_1_1787300435373202162,q02,right_edge,23,kinematic,smac_hybrid_reeds_shepp,forward,0.07667616001741506,corridor,IN_PLACE_ROTATION_FORBIDDEN_OR_HARD_RADIUS,[]
q02_right_edge_hard_l3_1_1787300435373202162,q02,right_edge,24,kinematic,smac_hybrid_reeds_shepp,forward,0.07667616001741506,corridor,IN_PLACE_ROTATION_FORBIDDEN_OR_HARD_RADIUS,[]
q02_right_edge_hard_l3_1_1787300435373202162,q02,right_edge,25,kinematic,smac_hybrid_reeds_shepp,forward,0.07667616001741506,corridor,IN_PLACE_ROTATION_FORBIDDEN_OR_HARD_RADIUS,[]
q02_right_edge_hard_l3_1_1787300435373202162,q02,right_edge,26,kinematic,smac_hybrid_reeds_shepp,forward,0.07667616001741506,corridor,IN_PLACE_ROTATION_FORBIDDEN_OR_HARD_RADIUS,[]
q02_right_edge_hard_l3_1_1787300435373202162,q02,right_edge,27,kinematic,smac_hybrid_reeds_shepp,forward,0.07667790959425509,corridor,IN_PLACE_ROTATION_FORBIDDEN_OR_HARD_RADIUS,[]
q02_right_edge_hard_l3_1_1787300435373202162,q02,right_edge,28,kinematic,smac_hybrid_reeds_shepp,forward,0.0766769815200407,corridor,IN_PLACE_ROTATION_FORBIDDEN_OR_HARD_RADIUS,[]
q02_right_edge_hard_l3_1_1787300435373202162,q02,right_edge,29,kinematic,smac_hybrid_reeds_shepp,forward,0.0766769815200407,corridor,IN_PLACE_ROTATION_FORBIDDEN_OR_HARD_RADIUS,[]
q02_right_edge_hard_l3_1_1787300435373202162,q02,right_edge,30,kinematic,smac_hybrid_reeds_shepp,forward,0.07667629483991785,corridor,IN_PLACE_ROTATION_FORBIDDEN_OR_HARD_RADIUS,[]
q02_right_edge_hard_l3_1_1787300435373202162,q02,right_edge,31,kinematic,smac_hybrid_reeds_shepp,forward,0.07470776319830862,corridor,IN_PLACE_ROTATION_FORBIDDEN_OR_HARD_RADIUS,[]
q02_right_edge_hard_l3_1_1787300435373202162,q02,right_edge,32,kinematic,smac_hybrid_reeds_shepp,forward,0.07470899759214233,corridor,IN_PLACE_ROTATION_FORBIDDEN_OR_HARD_RADIUS,[]
q02_right_edge_hard_l3_1_1787300435373202162,q02,right_edge,33,kinematic,smac_hybrid_reeds_shepp,forward,0.07478809813284643,corridor,IN_PLACE_ROTATION_FORBIDDEN_OR_HARD_RADIUS,[]
q02_right_edge_hard_l3_1_1787300435373202162,q02,right_edge,34,kinematic,smac_hybrid_reeds_shepp,forward,0.07481761744136806,corridor,IN_PLACE_ROTATION_FORBIDDEN_OR_HARD_RADIUS,[]
q02_right_edge_hard_l3_1_1787300435373202162,q02,right_edge,35,kinematic,smac_hybrid_reeds_shepp,forward,0.07481761744136806,corridor,IN_PLACE_ROTATION_FORBIDDEN_OR_HARD_RADIUS,[]
q02_right_edge_hard_l3_1_1787300435373202162,q02,right_edge,36,kinematic,smac_hybrid_reeds_shepp,forward,0.07481761744136806,corridor,IN_PLACE_ROTATION_FORBIDDEN_OR_HARD_RADIUS,[]
q02_right_edge_hard_l3_1_1787300435373202162,q02,right_edge,37,kinematic,smac_hybrid_reeds_shepp,forward,0.07481761744136806,corridor,IN_PLACE_ROTATION_FORBIDDEN_OR_HARD_RADIUS,[]
q02_right_edge_hard_l3_1_1787300435373202162,q02,right_edge,38,kinematic,smac_hybrid_reeds_shepp,forward,0.07481761744136806,corridor,IN_PLACE_ROTATION_FORBIDDEN_OR_HARD_RADIUS,[]
q02_right_edge_hard_l3_1_1787300435373202162,q02,right_edge,39,kinematic,smac_hybrid_reeds_shepp,forward,0.07482051071424911,corridor,IN_PLACE_ROTATION_FORBIDDEN_OR_HARD_RADIUS,[]
q02_right_edge_hard_l3_1_1787300435373202162,q02,right_edge,40,kinematic,smac_hybrid_reeds_shepp,forward,0.07473835169373025,corridor,IN_PLACE_ROTATION_FORBIDDEN_OR_HARD_RADIUS,[]
q02_right_edge_hard_l3_1_1787300435373202162,q02,right_edge,41,kinematic,smac_hybrid_reeds_shepp,forward,0.07470997884713942,corridor,IN_PLACE_ROTATION_FORBIDDEN_OR_HARD_RADIUS,[]
q02_right_edge_hard_l3_1_1787300435373202162,q02,right_edge,42,kinematic,smac_hybrid_reeds_shepp,forward,0.0725192728346821,corridor,IN_PLACE_ROTATION_FORBIDDEN_OR_HARD_RADIUS,[]
q02_right_edge_hard_l3_1_1787300435373202162,q02,right_edge,43,kinematic,smac_hybrid_reeds_shepp,forward,0.07251984977788416,corridor,IN_PLACE_ROTATION_FORBIDDEN_OR_HARD_RADIUS,[]
q02_right_edge_hard_l3_1_1787300435373202162,q02,right_edge,44,kinematic,smac_hybrid_reeds_shepp,forward,0.07252069524662555,corridor,IN_PLACE_ROTATION_FORBIDDEN_OR_HARD_RADIUS,[]
q02_right_edge_hard_l3_1_1787300435373202162,q02,right_edge,45,kinematic,smac_hybrid_reeds_shepp,forward,0.07256215491411307,corridor,IN_PLACE_ROTATION_FORBIDDEN_OR_HARD_RADIUS,[]
q02_right_edge_hard_l3_1_1787300435373202162,q02,right_edge,46,kinematic,smac_hybrid_reeds_shepp,forward,0.07261868358586802,corridor,IN_PLACE_ROTATION_FORBIDDEN_OR_HARD_RADIUS,[]
q02_right_edge_hard_l3_1_1787300435373202162,q02,right_edge,47,kinematic,smac_hybrid_reeds_shepp,forward,0.07262173345985197,corridor,IN_PLACE_ROTATION_FORBIDDEN_OR_HARD_RADIUS,[]
q02_right_edge_hard_l3_1_1787300435373202162,q02,right_edge,48,kinematic,smac_hybrid_reeds_shepp,forward,0.07261868358586802,corridor,IN_PLACE_ROTATION_FORBIDDEN_OR_HARD_RADIUS,[]
q02_right_edge_hard_l3_1_1787300435373202162,q02,right_edge,49,kinematic,smac_hybrid_reeds_shepp,forward,0.07261868358586802,corridor,IN_PLACE_ROTATION_FORBIDDEN_OR_HARD_RADIUS,[]
q02_right_edge_hard_l3_1_1787300435373202162,q02,right_edge,50,kinematic,smac_hybrid_reeds_shepp,forward,0.07262173345985197,corridor,IN_PLACE_ROTATION_FORBIDDEN_OR_HARD_RADIUS,[]
q02_right_edge_hard_l3_1_1787300435373202162,q02,right_edge,51,kinematic,smac_hybrid_reeds_shepp,forward,0.07261868358586802,corridor,IN_PLACE_ROTATION_FORBIDDEN_OR_HARD_RADIUS,[]
q02_right_edge_hard_l3_1_1787300435373202162,q02,right_edge,52,kinematic,smac_hybrid_reeds_shepp,forward,0.07261868358586802,corridor,IN_PLACE_ROTATION_FORBIDDEN_OR_HARD_RADIUS,[]
q02_right_edge_hard_l3_1_1787300435373202162,q02,right_edge,53,kinematic,smac_hybrid_reeds_shepp,forward,0.07262173345985197,corridor,IN_PLACE_ROTATION_FORBIDDEN_OR_HARD_RADIUS,[]
q02_right_edge_hard_l3_1_1787300435373202162,q02,right_edge,54,kinematic,smac_hybrid_reeds_shepp,forward,0.07261868358586802,corridor,IN_PLACE_ROTATION_FORBIDDEN_OR_HARD_RADIUS,[]
q02_right_edge_hard_l3_1_1787300435373202162,q02,right_edge,55,kinematic,smac_hybrid_reeds_shepp,forward,0.07261651981167026,corridor,IN_PLACE_ROTATION_FORBIDDEN_OR_HARD_RADIUS,[]
q02_right_edge_hard_l3_2_1787300435572690091,q02,right_edge,0,grid,grid_astar,mixed,26.82609342621113,corridor,,
q02_right_edge_hard_l3_2_1787300435572690091,q02,right_edge,1,kinematic,smac_hybrid_reeds_shepp,forward,0.07408085308774368,corridor,IN_PLACE_ROTATION_FORBIDDEN_OR_HARD_RADIUS,[]
q02_right_edge_hard_l3_2_1787300435572690091,q02,right_edge,2,kinematic,smac_hybrid_reeds_shepp,forward,0.0740828191976814,corridor,IN_PLACE_ROTATION_FORBIDDEN_OR_HARD_RADIUS,[]
q02_right_edge_hard_l3_2_1787300435572690091,q02,right_edge,3,kinematic,smac_hybrid_reeds_shepp,forward,0.07407930637477865,corridor,IN_PLACE_ROTATION_FORBIDDEN_OR_HARD_RADIUS,[]
q02_right_edge_hard_l3_2_1787300435572690091,q02,right_edge,4,kinematic,smac_hybrid_reeds_shepp,forward,0.0740807655886279,corridor,IN_PLACE_ROTATION_FORBIDDEN_OR_HARD_RADIUS,[]
q02_right_edge_hard_l3_2_1787300435572690091,q02,right_edge,5,kinematic,smac_hybrid_reeds_shepp,forward,0.07408258461552776,corridor,IN_PLACE_ROTATION_FORBIDDEN_OR_HARD_RADIUS,[]
q02_right_edge_hard_l3_2_1787300435572690091,q02,right_edge,6,kinematic,smac_hybrid_reeds_shepp,forward,0.07415414971757688,corridor,IN_PLACE_ROTATION_FORBIDDEN_OR_HARD_RADIUS,[]
q02_right_edge_hard_l3_2_1787300435572690091,q02,right_edge,7,kinematic,smac_hybrid_reeds_shepp,forward,0.0741874511415299,corridor,IN_PLACE_ROTATION_FORBIDDEN_OR_HARD_RADIUS,[]
q02_right_edge_hard_l3_2_1787300435572690091,q02,right_edge,8,kinematic,smac_hybrid_reeds_shepp,forward,0.07413738380746694,corridor,IN_PLACE_ROTATION_FORBIDDEN_OR_HARD_RADIUS,[]
q02_right_edge_hard_l3_2_1787300435572690091,q02,right_edge,9,kinematic,smac_hybrid_reeds_shepp,forward,0.07408122557070024,corridor,IN_PLACE_ROTATION_FORBIDDEN_OR_HARD_RADIUS,[]
q02_right_edge_hard_l3_2_1787300435572690091,q02,right_edge,10,kinematic,smac_hybrid_reeds_shepp,forward,0.07408170997017426,corridor,IN_PLACE_ROTATION_FORBIDDEN_OR_HARD_RADIUS,[]
q02_right_edge_hard_l3_2_1787300435572690091,q02,right_edge,11,kinematic,smac_hybrid_reeds_shepp,forward,0.07408092581501916,corridor,IN_PLACE_ROTATION_FORBIDDEN_OR_HARD_RADIUS,[]
q02_right_edge_hard_l3_2_1787300435572690091,q02,right_edge,12,kinematic,smac_hybrid_reeds_shepp,forward,0.07408217277496607,corridor,IN_PLACE_ROTATION_FORBIDDEN_OR_HARD_RADIUS,[]
q02_right_edge_hard_l3_2_1787300435572690091,q02,right_edge,13,kinematic,smac_hybrid_reeds_shepp,forward,0.07408161705057907,corridor,IN_PLACE_ROTATION_FORBIDDEN_OR_HARD_RADIUS,[]
q02_right_edge_hard_l3_2_1787300435572690091,q02,right_edge,14,kinematic,smac_hybrid_reeds_shepp,forward,0.0740803655554346,corridor,IN_PLACE_ROTATION_FORBIDDEN_OR_HARD_RADIUS,[]
q02_right_edge_hard_l3_2_1787300435572690091,q02,right_edge,15,kinematic,smac_hybrid_reeds_shepp,forward,0.0740825922998022,corridor,IN_PLACE_ROTATION_FORBIDDEN_OR_HARD_RADIUS,[]
q02_right_edge_hard_l3_2_1787300435572690091,q02,right_edge,16,kinematic,smac_hybrid_reeds_shepp,forward,0.05627617768148678,corridor,IN_PLACE_ROTATION_FORBIDDEN_OR_HARD_RADIUS,[]
q02_right_edge_hard_l3_2_1787300435572690091,q02,right_edge,17,kinematic,smac_hybrid_reeds_shepp,reverse,0.07408031374393788,corridor,IN_PLACE_ROTATION_FORBIDDEN_OR_HARD_RADIUS,[]
q02_right_edge_hard_l3_2_1787300435572690091,q02,right_edge,18,kinematic,smac_hybrid_reeds_shepp,reverse,0.07408138051601847,corridor,IN_PLACE_ROTATION_FORBIDDEN_OR_HARD_RADIUS,[]
q02_right_edge_hard_l3_2_1787300435572690091,q02,right_edge,19,kinematic,smac_hybrid_reeds_shepp,forward,0.07667516639255023,corridor,IN_PLACE_ROTATION_FORBIDDEN_OR_HARD_RADIUS,[]
q02_right_edge_hard_l3_2_1787300435572690091,q02,right_edge,20,kinematic,smac_hybrid_reeds_shepp,forward,0.07667516639255023,corridor,IN_PLACE_ROTATION_FORBIDDEN_OR_HARD_RADIUS,[]
q02_right_edge_hard_l3_2_1787300435572690091,q02,right_edge,21,kinematic,smac_hybrid_reeds_shepp,forward,0.07667629483991785,corridor,IN_PLACE_ROTATION_FORBIDDEN_OR_HARD_RADIUS,[]
q02_right_edge_hard_l3_2_1787300435572690091,q02,right_edge,22,kinematic,smac_hybrid_reeds_shepp,forward,0.07667790959425509,corridor,IN_PLACE_ROTATION_FORBIDDEN_OR_HARD_RADIUS,[]
q02_right_edge_hard_l3_2_1787300435572690091,q02,right_edge,23,kinematic,smac_hybrid_reeds_shepp,forward,0.07667616001741506,corridor,IN_PLACE_ROTATION_FORBIDDEN_OR_HARD_RADIUS,[]
q02_right_edge_hard_l3_2_1787300435572690091,q02,right_edge,24,kinematic,smac_hybrid_reeds_shepp,forward,0.07667616001741506,corridor,IN_PLACE_ROTATION_FORBIDDEN_OR_HARD_RADIUS,[]
q02_right_edge_hard_l3_2_1787300435572690091,q02,right_edge,25,kinematic,smac_hybrid_reeds_shepp,forward,0.07667616001741506,corridor,IN_PLACE_ROTATION_FORBIDDEN_OR_HARD_RADIUS,[]
q02_right_edge_hard_l3_2_1787300435572690091,q02,right_edge,26,kinematic,smac_hybrid_reeds_shepp,forward,0.07667616001741506,corridor,IN_PLACE_ROTATION_FORBIDDEN_OR_HARD_RADIUS,[]
q02_right_edge_hard_l3_2_1787300435572690091,q02,right_edge,27,kinematic,smac_hybrid_reeds_shepp,forward,0.07667790959425509,corridor,IN_PLACE_ROTATION_FORBIDDEN_OR_HARD_RADIUS,[]
q02_right_edge_hard_l3_2_1787300435572690091,q02,right_edge,28,kinematic,smac_hybrid_reeds_shepp,forward,0.0766769815200407,corridor,IN_PLACE_ROTATION_FORBIDDEN_OR_HARD_RADIUS,[]
q02_right_edge_hard_l3_2_1787300435572690091,q02,right_edge,29,kinematic,smac_hybrid_reeds_shepp,forward,0.0766769815200407,corridor,IN_PLACE_ROTATION_FORBIDDEN_OR_HARD_RADIUS,[]
q02_right_edge_hard_l3_2_1787300435572690091,q02,right_edge,30,kinematic,smac_hybrid_reeds_shepp,forward,0.07667629483991785,corridor,IN_PLACE_ROTATION_FORBIDDEN_OR_HARD_RADIUS,[]
q02_right_edge_hard_l3_2_1787300435572690091,q02,right_edge,31,kinematic,smac_hybrid_reeds_shepp,forward,0.07470776319830862,corridor,IN_PLACE_ROTATION_FORBIDDEN_OR_HARD_RADIUS,[]
q02_right_edge_hard_l3_2_1787300435572690091,q02,right_edge,32,kinematic,smac_hybrid_reeds_shepp,forward,0.07470899759214233,corridor,IN_PLACE_ROTATION_FORBIDDEN_OR_HARD_RADIUS,[]
q02_right_edge_hard_l3_2_1787300435572690091,q02,right_edge,33,kinematic,smac_hybrid_reeds_shepp,forward,0.07478809813284643,corridor,IN_PLACE_ROTATION_FORBIDDEN_OR_HARD_RADIUS,[]
q02_right_edge_hard_l3_2_1787300435572690091,q02,right_edge,34,kinematic,smac_hybrid_reeds_shepp,forward,0.07481761744136806,corridor,IN_PLACE_ROTATION_FORBIDDEN_OR_HARD_RADIUS,[]
q02_right_edge_hard_l3_2_1787300435572690091,q02,right_edge,35,kinematic,smac_hybrid_reeds_shepp,forward,0.07481761744136806,corridor,IN_PLACE_ROTATION_FORBIDDEN_OR_HARD_RADIUS,[]
q02_right_edge_hard_l3_2_1787300435572690091,q02,right_edge,36,kinematic,smac_hybrid_reeds_shepp,forward,0.07481761744136806,corridor,IN_PLACE_ROTATION_FORBIDDEN_OR_HARD_RADIUS,[]
q02_right_edge_hard_l3_2_1787300435572690091,q02,right_edge,37,kinematic,smac_hybrid_reeds_shepp,forward,0.07481761744136806,corridor,IN_PLACE_ROTATION_FORBIDDEN_OR_HARD_RADIUS,[]
q02_right_edge_hard_l3_2_1787300435572690091,q02,right_edge,38,kinematic,smac_hybrid_reeds_shepp,forward,0.07481761744136806,corridor,IN_PLACE_ROTATION_FORBIDDEN_OR_HARD_RADIUS,[]
q02_right_edge_hard_l3_2_1787300435572690091,q02,right_edge,39,kinematic,smac_hybrid_reeds_shepp,forward,0.07482051071424911,corridor,IN_PLACE_ROTATION_FORBIDDEN_OR_HARD_RADIUS,[]
q02_right_edge_hard_l3_2_1787300435572690091,q02,right_edge,40,kinematic,smac_hybrid_reeds_shepp,forward,0.07473835169373025,corridor,IN_PLACE_ROTATION_FORBIDDEN_OR_HARD_RADIUS,[]
q02_right_edge_hard_l3_2_1787300435572690091,q02,right_edge,41,kinematic,smac_hybrid_reeds_shepp,forward,0.07470997884713942,corridor,IN_PLACE_ROTATION_FORBIDDEN_OR_HARD_RADIUS,[]
q02_right_edge_hard_l3_2_1787300435572690091,q02,right_edge,42,kinematic,smac_hybrid_reeds_shepp,forward,0.0725192728346821,corridor,IN_PLACE_ROTATION_FORBIDDEN_OR_HARD_RADIUS,[]
q02_right_edge_hard_l3_2_1787300435572690091,q02,right_edge,43,kinematic,smac_hybrid_reeds_shepp,forward,0.07251984977788416,corridor,IN_PLACE_ROTATION_FORBIDDEN_OR_HARD_RADIUS,[]
q02_right_edge_hard_l3_2_1787300435572690091,q02,right_edge,44,kinematic,smac_hybrid_reeds_shepp,forward,0.07252069524662555,corridor,IN_PLACE_ROTATION_FORBIDDEN_OR_HARD_RADIUS,[]
q02_right_edge_hard_l3_2_1787300435572690091,q02,right_edge,45,kinematic,smac_hybrid_reeds_shepp,forward,0.07256215491411307,corridor,IN_PLACE_ROTATION_FORBIDDEN_OR_HARD_RADIUS,[]
q02_right_edge_hard_l3_2_1787300435572690091,q02,right_edge,46,kinematic,smac_hybrid_reeds_shepp,forward,0.07261868358586802,corridor,IN_PLACE_ROTATION_FORBIDDEN_OR_HARD_RADIUS,[]
q02_right_edge_hard_l3_2_1787300435572690091,q02,right_edge,47,kinematic,smac_hybrid_reeds_shepp,forward,0.07262173345985197,corridor,IN_PLACE_ROTATION_FORBIDDEN_OR_HARD_RADIUS,[]
q02_right_edge_hard_l3_2_1787300435572690091,q02,right_edge,48,kinematic,smac_hybrid_reeds_shepp,forward,0.07261868358586802,corridor,IN_PLACE_ROTATION_FORBIDDEN_OR_HARD_RADIUS,[]
q02_right_edge_hard_l3_2_1787300435572690091,q02,right_edge,49,kinematic,smac_hybrid_reeds_shepp,forward,0.07261868358586802,corridor,IN_PLACE_ROTATION_FORBIDDEN_OR_HARD_RADIUS,[]
q02_right_edge_hard_l3_2_1787300435572690091,q02,right_edge,50,kinematic,smac_hybrid_reeds_shepp,forward,0.07262173345985197,corridor,IN_PLACE_ROTATION_FORBIDDEN_OR_HARD_RADIUS,[]
q02_right_edge_hard_l3_2_1787300435572690091,q02,right_edge,51,kinematic,smac_hybrid_reeds_shepp,forward,0.07261868358586802,corridor,IN_PLACE_ROTATION_FORBIDDEN_OR_HARD_RADIUS,[]
q02_right_edge_hard_l3_2_1787300435572690091,q02,right_edge,52,kinematic,smac_hybrid_reeds_shepp,forward,0.07261868358586802,corridor,IN_PLACE_ROTATION_FORBIDDEN_OR_HARD_RADIUS,[]
q02_right_edge_hard_l3_2_1787300435572690091,q02,right_edge,53,kinematic,smac_hybrid_reeds_shepp,forward,0.07262173345985197,corridor,IN_PLACE_ROTATION_FORBIDDEN_OR_HARD_RADIUS,[]
q02_right_edge_hard_l3_2_1787300435572690091,q02,right_edge,54,kinematic,smac_hybrid_reeds_shepp,forward,0.07261868358586802,corridor,IN_PLACE_ROTATION_FORBIDDEN_OR_HARD_RADIUS,[]
q02_right_edge_hard_l3_2_1787300435572690091,q02,right_edge,55,kinematic,smac_hybrid_reeds_shepp,forward,0.07261651981167026,corridor,IN_PLACE_ROTATION_FORBIDDEN_OR_HARD_RADIUS,[]
q02_right_edge_hard_l3_3_1787300435770912543,q02,right_edge,0,grid,grid_astar,mixed,26.82609342621113,corridor,,
q02_right_edge_hard_l3_3_1787300435770912543,q02,right_edge,1,kinematic,smac_hybrid_reeds_shepp,forward,0.07408085308774368,corridor,IN_PLACE_ROTATION_FORBIDDEN_OR_HARD_RADIUS,[]
q02_right_edge_hard_l3_3_1787300435770912543,q02,right_edge,2,kinematic,smac_hybrid_reeds_shepp,forward,0.0740828191976814,corridor,IN_PLACE_ROTATION_FORBIDDEN_OR_HARD_RADIUS,[]
q02_right_edge_hard_l3_3_1787300435770912543,q02,right_edge,3,kinematic,smac_hybrid_reeds_shepp,forward,0.07407930637477865,corridor,IN_PLACE_ROTATION_FORBIDDEN_OR_HARD_RADIUS,[]
q02_right_edge_hard_l3_3_1787300435770912543,q02,right_edge,4,kinematic,smac_hybrid_reeds_shepp,forward,0.0740807655886279,corridor,IN_PLACE_ROTATION_FORBIDDEN_OR_HARD_RADIUS,[]
q02_right_edge_hard_l3_3_1787300435770912543,q02,right_edge,5,kinematic,smac_hybrid_reeds_shepp,forward,0.07408258461552776,corridor,IN_PLACE_ROTATION_FORBIDDEN_OR_HARD_RADIUS,[]
q02_right_edge_hard_l3_3_1787300435770912543,q02,right_edge,6,kinematic,smac_hybrid_reeds_shepp,forward,0.07415414971757688,corridor,IN_PLACE_ROTATION_FORBIDDEN_OR_HARD_RADIUS,[]
q02_right_edge_hard_l3_3_1787300435770912543,q02,right_edge,7,kinematic,smac_hybrid_reeds_shepp,forward,0.0741874511415299,corridor,IN_PLACE_ROTATION_FORBIDDEN_OR_HARD_RADIUS,[]
q02_right_edge_hard_l3_3_1787300435770912543,q02,right_edge,8,kinematic,smac_hybrid_reeds_shepp,forward,0.07413738380746694,corridor,IN_PLACE_ROTATION_FORBIDDEN_OR_HARD_RADIUS,[]
q02_right_edge_hard_l3_3_1787300435770912543,q02,right_edge,9,kinematic,smac_hybrid_reeds_shepp,forward,0.07408122557070024,corridor,IN_PLACE_ROTATION_FORBIDDEN_OR_HARD_RADIUS,[]
q02_right_edge_hard_l3_3_1787300435770912543,q02,right_edge,10,kinematic,smac_hybrid_reeds_shepp,forward,0.07408170997017426,corridor,IN_PLACE_ROTATION_FORBIDDEN_OR_HARD_RADIUS,[]
q02_right_edge_hard_l3_3_1787300435770912543,q02,right_edge,11,kinematic,smac_hybrid_reeds_shepp,forward,0.07408092581501916,corridor,IN_PLACE_ROTATION_FORBIDDEN_OR_HARD_RADIUS,[]
q02_right_edge_hard_l3_3_1787300435770912543,q02,right_edge,12,kinematic,smac_hybrid_reeds_shepp,forward,0.07408217277496607,corridor,IN_PLACE_ROTATION_FORBIDDEN_OR_HARD_RADIUS,[]
q02_right_edge_hard_l3_3_1787300435770912543,q02,right_edge,13,kinematic,smac_hybrid_reeds_shepp,forward,0.07408161705057907,corridor,IN_PLACE_ROTATION_FORBIDDEN_OR_HARD_RADIUS,[]
q02_right_edge_hard_l3_3_1787300435770912543,q02,right_edge,14,kinematic,smac_hybrid_reeds_shepp,forward,0.0740803655554346,corridor,IN_PLACE_ROTATION_FORBIDDEN_OR_HARD_RADIUS,[]
q02_right_edge_hard_l3_3_1787300435770912543,q02,right_edge,15,kinematic,smac_hybrid_reeds_shepp,forward,0.0740825922998022,corridor,IN_PLACE_ROTATION_FORBIDDEN_OR_HARD_RADIUS,[]
q02_right_edge_hard_l3_3_1787300435770912543,q02,right_edge,16,kinematic,smac_hybrid_reeds_shepp,forward,0.05627617768148678,corridor,IN_PLACE_ROTATION_FORBIDDEN_OR_HARD_RADIUS,[]
q02_right_edge_hard_l3_3_1787300435770912543,q02,right_edge,17,kinematic,smac_hybrid_reeds_shepp,reverse,0.07408031374393788,corridor,IN_PLACE_ROTATION_FORBIDDEN_OR_HARD_RADIUS,[]
q02_right_edge_hard_l3_3_1787300435770912543,q02,right_edge,18,kinematic,smac_hybrid_reeds_shepp,reverse,0.07408138051601847,corridor,IN_PLACE_ROTATION_FORBIDDEN_OR_HARD_RADIUS,[]
q02_right_edge_hard_l3_3_1787300435770912543,q02,right_edge,19,kinematic,smac_hybrid_reeds_shepp,forward,0.07667516639255023,corridor,IN_PLACE_ROTATION_FORBIDDEN_OR_HARD_RADIUS,[]
q02_right_edge_hard_l3_3_1787300435770912543,q02,right_edge,20,kinematic,smac_hybrid_reeds_shepp,forward,0.07667516639255023,corridor,IN_PLACE_ROTATION_FORBIDDEN_OR_HARD_RADIUS,[]
q02_right_edge_hard_l3_3_1787300435770912543,q02,right_edge,21,kinematic,smac_hybrid_reeds_shepp,forward,0.07667629483991785,corridor,IN_PLACE_ROTATION_FORBIDDEN_OR_HARD_RADIUS,[]
q02_right_edge_hard_l3_3_1787300435770912543,q02,right_edge,22,kinematic,smac_hybrid_reeds_shepp,forward,0.07667790959425509,corridor,IN_PLACE_ROTATION_FORBIDDEN_OR_HARD_RADIUS,[]
q02_right_edge_hard_l3_3_1787300435770912543,q02,right_edge,23,kinematic,smac_hybrid_reeds_shepp,forward,0.07667616001741506,corridor,IN_PLACE_ROTATION_FORBIDDEN_OR_HARD_RADIUS,[]
q02_right_edge_hard_l3_3_1787300435770912543,q02,right_edge,24,kinematic,smac_hybrid_reeds_shepp,forward,0.07667616001741506,corridor,IN_PLACE_ROTATION_FORBIDDEN_OR_HARD_RADIUS,[]
q02_right_edge_hard_l3_3_1787300435770912543,q02,right_edge,25,kinematic,smac_hybrid_reeds_shepp,forward,0.07667616001741506,corridor,IN_PLACE_ROTATION_FORBIDDEN_OR_HARD_RADIUS,[]
q02_right_edge_hard_l3_3_1787300435770912543,q02,right_edge,26,kinematic,smac_hybrid_reeds_shepp,forward,0.07667616001741506,corridor,IN_PLACE_ROTATION_FORBIDDEN_OR_HARD_RADIUS,[]
q02_right_edge_hard_l3_3_1787300435770912543,q02,right_edge,27,kinematic,smac_hybrid_reeds_shepp,forward,0.07667790959425509,corridor,IN_PLACE_ROTATION_FORBIDDEN_OR_HARD_RADIUS,[]
q02_right_edge_hard_l3_3_1787300435770912543,q02,right_edge,28,kinematic,smac_hybrid_reeds_shepp,forward,0.0766769815200407,corridor,IN_PLACE_ROTATION_FORBIDDEN_OR_HARD_RADIUS,[]
q02_right_edge_hard_l3_3_1787300435770912543,q02,right_edge,29,kinematic,smac_hybrid_reeds_shepp,forward,0.0766769815200407,corridor,IN_PLACE_ROTATION_FORBIDDEN_OR_HARD_RADIUS,[]
q02_right_edge_hard_l3_3_1787300435770912543,q02,right_edge,30,kinematic,smac_hybrid_reeds_shepp,forward,0.07667629483991785,corridor,IN_PLACE_ROTATION_FORBIDDEN_OR_HARD_RADIUS,[]
q02_right_edge_hard_l3_3_1787300435770912543,q02,right_edge,31,kinematic,smac_hybrid_reeds_shepp,forward,0.07470776319830862,corridor,IN_PLACE_ROTATION_FORBIDDEN_OR_HARD_RADIUS,[]
q02_right_edge_hard_l3_3_1787300435770912543,q02,right_edge,32,kinematic,smac_hybrid_reeds_shepp,forward,0.07470899759214233,corridor,IN_PLACE_ROTATION_FORBIDDEN_OR_HARD_RADIUS,[]
q02_right_edge_hard_l3_3_1787300435770912543,q02,right_edge,33,kinematic,smac_hybrid_reeds_shepp,forward,0.07478809813284643,corridor,IN_PLACE_ROTATION_FORBIDDEN_OR_HARD_RADIUS,[]
q02_right_edge_hard_l3_3_1787300435770912543,q02,right_edge,34,kinematic,smac_hybrid_reeds_shepp,forward,0.07481761744136806,corridor,IN_PLACE_ROTATION_FORBIDDEN_OR_HARD_RADIUS,[]
q02_right_edge_hard_l3_3_1787300435770912543,q02,right_edge,35,kinematic,smac_hybrid_reeds_shepp,forward,0.07481761744136806,corridor,IN_PLACE_ROTATION_FORBIDDEN_OR_HARD_RADIUS,[]
q02_right_edge_hard_l3_3_1787300435770912543,q02,right_edge,36,kinematic,smac_hybrid_reeds_shepp,forward,0.07481761744136806,corridor,IN_PLACE_ROTATION_FORBIDDEN_OR_HARD_RADIUS,[]
q02_right_edge_hard_l3_3_1787300435770912543,q02,right_edge,37,kinematic,smac_hybrid_reeds_shepp,forward,0.07481761744136806,corridor,IN_PLACE_ROTATION_FORBIDDEN_OR_HARD_RADIUS,[]
q02_right_edge_hard_l3_3_1787300435770912543,q02,right_edge,38,kinematic,smac_hybrid_reeds_shepp,forward,0.07481761744136806,corridor,IN_PLACE_ROTATION_FORBIDDEN_OR_HARD_RADIUS,[]
q02_right_edge_hard_l3_3_1787300435770912543,q02,right_edge,39,kinematic,smac_hybrid_reeds_shepp,forward,0.07482051071424911,corridor,IN_PLACE_ROTATION_FORBIDDEN_OR_HARD_RADIUS,[]
q02_right_edge_hard_l3_3_1787300435770912543,q02,right_edge,40,kinematic,smac_hybrid_reeds_shepp,forward,0.07473835169373025,corridor,IN_PLACE_ROTATION_FORBIDDEN_OR_HARD_RADIUS,[]
q02_right_edge_hard_l3_3_1787300435770912543,q02,right_edge,41,kinematic,smac_hybrid_reeds_shepp,forward,0.07470997884713942,corridor,IN_PLACE_ROTATION_FORBIDDEN_OR_HARD_RADIUS,[]
q02_right_edge_hard_l3_3_1787300435770912543,q02,right_edge,42,kinematic,smac_hybrid_reeds_shepp,forward,0.0725192728346821,corridor,IN_PLACE_ROTATION_FORBIDDEN_OR_HARD_RADIUS,[]
q02_right_edge_hard_l3_3_1787300435770912543,q02,right_edge,43,kinematic,smac_hybrid_reeds_shepp,forward,0.07251984977788416,corridor,IN_PLACE_ROTATION_FORBIDDEN_OR_HARD_RADIUS,[]
q02_right_edge_hard_l3_3_1787300435770912543,q02,right_edge,44,kinematic,smac_hybrid_reeds_shepp,forward,0.07252069524662555,corridor,IN_PLACE_ROTATION_FORBIDDEN_OR_HARD_RADIUS,[]
q02_right_edge_hard_l3_3_1787300435770912543,q02,right_edge,45,kinematic,smac_hybrid_reeds_shepp,forward,0.07256215491411307,corridor,IN_PLACE_ROTATION_FORBIDDEN_OR_HARD_RADIUS,[]
q02_right_edge_hard_l3_3_1787300435770912543,q02,right_edge,46,kinematic,smac_hybrid_reeds_shepp,forward,0.07261868358586802,corridor,IN_PLACE_ROTATION_FORBIDDEN_OR_HARD_RADIUS,[]
q02_right_edge_hard_l3_3_1787300435770912543,q02,right_edge,47,kinematic,smac_hybrid_reeds_shepp,forward,0.07262173345985197,corridor,IN_PLACE_ROTATION_FORBIDDEN_OR_HARD_RADIUS,[]
q02_right_edge_hard_l3_3_1787300435770912543,q02,right_edge,48,kinematic,smac_hybrid_reeds_shepp,forward,0.07261868358586802,corridor,IN_PLACE_ROTATION_FORBIDDEN_OR_HARD_RADIUS,[]
q02_right_edge_hard_l3_3_1787300435770912543,q02,right_edge,49,kinematic,smac_hybrid_reeds_shepp,forward,0.07261868358586802,corridor,IN_PLACE_ROTATION_FORBIDDEN_OR_HARD_RADIUS,[]
q02_right_edge_hard_l3_3_1787300435770912543,q02,right_edge,50,kinematic,smac_hybrid_reeds_shepp,forward,0.07262173345985197,corridor,IN_PLACE_ROTATION_FORBIDDEN_OR_HARD_RADIUS,[]
q02_right_edge_hard_l3_3_1787300435770912543,q02,right_edge,51,kinematic,smac_hybrid_reeds_shepp,forward,0.07261868358586802,corridor,IN_PLACE_ROTATION_FORBIDDEN_OR_HARD_RADIUS,[]
q02_right_edge_hard_l3_3_1787300435770912543,q02,right_edge,52,kinematic,smac_hybrid_reeds_shepp,forward,0.07261868358586802,corridor,IN_PLACE_ROTATION_FORBIDDEN_OR_HARD_RADIUS,[]
q02_right_edge_hard_l3_3_1787300435770912543,q02,right_edge,53,kinematic,smac_hybrid_reeds_shepp,forward,0.07262173345985197,corridor,IN_PLACE_ROTATION_FORBIDDEN_OR_HARD_RADIUS,[]
q02_right_edge_hard_l3_3_1787300435770912543,q02,right_edge,54,kinematic,smac_hybrid_reeds_shepp,forward,0.07261868358586802,corridor,IN_PLACE_ROTATION_FORBIDDEN_OR_HARD_RADIUS,[]
q02_right_edge_hard_l3_3_1787300435770912543,q02,right_edge,55,kinematic,smac_hybrid_reeds_shepp,forward,0.07261651981167026,corridor,IN_PLACE_ROTATION_FORBIDDEN_OR_HARD_RADIUS,[]
q02_right_edge_hard_l3_4_1787300435965862717,q02,right_edge,0,grid,grid_astar,mixed,26.82609342621113,corridor,,
q02_right_edge_hard_l3_4_1787300435965862717,q02,right_edge,1,kinematic,smac_hybrid_reeds_shepp,forward,0.07408085308774368,corridor,IN_PLACE_ROTATION_FORBIDDEN_OR_HARD_RADIUS,[]
q02_right_edge_hard_l3_4_1787300435965862717,q02,right_edge,2,kinematic,smac_hybrid_reeds_shepp,forward,0.0740828191976814,corridor,IN_PLACE_ROTATION_FORBIDDEN_OR_HARD_RADIUS,[]
q02_right_edge_hard_l3_4_1787300435965862717,q02,right_edge,3,kinematic,smac_hybrid_reeds_shepp,forward,0.07407930637477865,corridor,IN_PLACE_ROTATION_FORBIDDEN_OR_HARD_RADIUS,[]
q02_right_edge_hard_l3_4_1787300435965862717,q02,right_edge,4,kinematic,smac_hybrid_reeds_shepp,forward,0.0740807655886279,corridor,IN_PLACE_ROTATION_FORBIDDEN_OR_HARD_RADIUS,[]
q02_right_edge_hard_l3_4_1787300435965862717,q02,right_edge,5,kinematic,smac_hybrid_reeds_shepp,forward,0.07408258461552776,corridor,IN_PLACE_ROTATION_FORBIDDEN_OR_HARD_RADIUS,[]
q02_right_edge_hard_l3_4_1787300435965862717,q02,right_edge,6,kinematic,smac_hybrid_reeds_shepp,forward,0.07415414971757688,corridor,IN_PLACE_ROTATION_FORBIDDEN_OR_HARD_RADIUS,[]
q02_right_edge_hard_l3_4_1787300435965862717,q02,right_edge,7,kinematic,smac_hybrid_reeds_shepp,forward,0.0741874511415299,corridor,IN_PLACE_ROTATION_FORBIDDEN_OR_HARD_RADIUS,[]
q02_right_edge_hard_l3_4_1787300435965862717,q02,right_edge,8,kinematic,smac_hybrid_reeds_shepp,forward,0.07413738380746694,corridor,IN_PLACE_ROTATION_FORBIDDEN_OR_HARD_RADIUS,[]
q02_right_edge_hard_l3_4_1787300435965862717,q02,right_edge,9,kinematic,smac_hybrid_reeds_shepp,forward,0.07408122557070024,corridor,IN_PLACE_ROTATION_FORBIDDEN_OR_HARD_RADIUS,[]
q02_right_edge_hard_l3_4_1787300435965862717,q02,right_edge,10,kinematic,smac_hybrid_reeds_shepp,forward,0.07408170997017426,corridor,IN_PLACE_ROTATION_FORBIDDEN_OR_HARD_RADIUS,[]
q02_right_edge_hard_l3_4_1787300435965862717,q02,right_edge,11,kinematic,smac_hybrid_reeds_shepp,forward,0.07408092581501916,corridor,IN_PLACE_ROTATION_FORBIDDEN_OR_HARD_RADIUS,[]
q02_right_edge_hard_l3_4_1787300435965862717,q02,right_edge,12,kinematic,smac_hybrid_reeds_shepp,forward,0.07408217277496607,corridor,IN_PLACE_ROTATION_FORBIDDEN_OR_HARD_RADIUS,[]
q02_right_edge_hard_l3_4_1787300435965862717,q02,right_edge,13,kinematic,smac_hybrid_reeds_shepp,forward,0.07408161705057907,corridor,IN_PLACE_ROTATION_FORBIDDEN_OR_HARD_RADIUS,[]
q02_right_edge_hard_l3_4_1787300435965862717,q02,right_edge,14,kinematic,smac_hybrid_reeds_shepp,forward,0.0740803655554346,corridor,IN_PLACE_ROTATION_FORBIDDEN_OR_HARD_RADIUS,[]
q02_right_edge_hard_l3_4_1787300435965862717,q02,right_edge,15,kinematic,smac_hybrid_reeds_shepp,forward,0.0740825922998022,corridor,IN_PLACE_ROTATION_FORBIDDEN_OR_HARD_RADIUS,[]
q02_right_edge_hard_l3_4_1787300435965862717,q02,right_edge,16,kinematic,smac_hybrid_reeds_shepp,forward,0.05627617768148678,corridor,IN_PLACE_ROTATION_FORBIDDEN_OR_HARD_RADIUS,[]
q02_right_edge_hard_l3_4_1787300435965862717,q02,right_edge,17,kinematic,smac_hybrid_reeds_shepp,reverse,0.07408031374393788,corridor,IN_PLACE_ROTATION_FORBIDDEN_OR_HARD_RADIUS,[]
q02_right_edge_hard_l3_4_1787300435965862717,q02,right_edge,18,kinematic,smac_hybrid_reeds_shepp,reverse,0.07408138051601847,corridor,IN_PLACE_ROTATION_FORBIDDEN_OR_HARD_RADIUS,[]
q02_right_edge_hard_l3_4_1787300435965862717,q02,right_edge,19,kinematic,smac_hybrid_reeds_shepp,forward,0.07667516639255023,corridor,IN_PLACE_ROTATION_FORBIDDEN_OR_HARD_RADIUS,[]
q02_right_edge_hard_l3_4_1787300435965862717,q02,right_edge,20,kinematic,smac_hybrid_reeds_shepp,forward,0.07667516639255023,corridor,IN_PLACE_ROTATION_FORBIDDEN_OR_HARD_RADIUS,[]
q02_right_edge_hard_l3_4_1787300435965862717,q02,right_edge,21,kinematic,smac_hybrid_reeds_shepp,forward,0.07667629483991785,corridor,IN_PLACE_ROTATION_FORBIDDEN_OR_HARD_RADIUS,[]
q02_right_edge_hard_l3_4_1787300435965862717,q02,right_edge,22,kinematic,smac_hybrid_reeds_shepp,forward,0.07667790959425509,corridor,IN_PLACE_ROTATION_FORBIDDEN_OR_HARD_RADIUS,[]
q02_right_edge_hard_l3_4_1787300435965862717,q02,right_edge,23,kinematic,smac_hybrid_reeds_shepp,forward,0.07667616001741506,corridor,IN_PLACE_ROTATION_FORBIDDEN_OR_HARD_RADIUS,[]
q02_right_edge_hard_l3_4_1787300435965862717,q02,right_edge,24,kinematic,smac_hybrid_reeds_shepp,forward,0.07667616001741506,corridor,IN_PLACE_ROTATION_FORBIDDEN_OR_HARD_RADIUS,[]
q02_right_edge_hard_l3_4_1787300435965862717,q02,right_edge,25,kinematic,smac_hybrid_reeds_shepp,forward,0.07667616001741506,corridor,IN_PLACE_ROTATION_FORBIDDEN_OR_HARD_RADIUS,[]
q02_right_edge_hard_l3_4_1787300435965862717,q02,right_edge,26,kinematic,smac_hybrid_reeds_shepp,forward,0.07667616001741506,corridor,IN_PLACE_ROTATION_FORBIDDEN_OR_HARD_RADIUS,[]
q02_right_edge_hard_l3_4_1787300435965862717,q02,right_edge,27,kinematic,smac_hybrid_reeds_shepp,forward,0.07667790959425509,corridor,IN_PLACE_ROTATION_FORBIDDEN_OR_HARD_RADIUS,[]
q02_right_edge_hard_l3_4_1787300435965862717,q02,right_edge,28,kinematic,smac_hybrid_reeds_shepp,forward,0.0766769815200407,corridor,IN_PLACE_ROTATION_FORBIDDEN_OR_HARD_RADIUS,[]
q02_right_edge_hard_l3_4_1787300435965862717,q02,right_edge,29,kinematic,smac_hybrid_reeds_shepp,forward,0.0766769815200407,corridor,IN_PLACE_ROTATION_FORBIDDEN_OR_HARD_RADIUS,[]
q02_right_edge_hard_l3_4_1787300435965862717,q02,right_edge,30,kinematic,smac_hybrid_reeds_shepp,forward,0.07667629483991785,corridor,IN_PLACE_ROTATION_FORBIDDEN_OR_HARD_RADIUS,[]
q02_right_edge_hard_l3_4_1787300435965862717,q02,right_edge,31,kinematic,smac_hybrid_reeds_shepp,forward,0.07470776319830862,corridor,IN_PLACE_ROTATION_FORBIDDEN_OR_HARD_RADIUS,[]
q02_right_edge_hard_l3_4_1787300435965862717,q02,right_edge,32,kinematic,smac_hybrid_reeds_shepp,forward,0.07470899759214233,corridor,IN_PLACE_ROTATION_FORBIDDEN_OR_HARD_RADIUS,[]
q02_right_edge_hard_l3_4_1787300435965862717,q02,right_edge,33,kinematic,smac_hybrid_reeds_shepp,forward,0.07478809813284643,corridor,IN_PLACE_ROTATION_FORBIDDEN_OR_HARD_RADIUS,[]
q02_right_edge_hard_l3_4_1787300435965862717,q02,right_edge,34,kinematic,smac_hybrid_reeds_shepp,forward,0.07481761744136806,corridor,IN_PLACE_ROTATION_FORBIDDEN_OR_HARD_RADIUS,[]
q02_right_edge_hard_l3_4_1787300435965862717,q02,right_edge,35,kinematic,smac_hybrid_reeds_shepp,forward,0.07481761744136806,corridor,IN_PLACE_ROTATION_FORBIDDEN_OR_HARD_RADIUS,[]
q02_right_edge_hard_l3_4_1787300435965862717,q02,right_edge,36,kinematic,smac_hybrid_reeds_shepp,forward,0.07481761744136806,corridor,IN_PLACE_ROTATION_FORBIDDEN_OR_HARD_RADIUS,[]
q02_right_edge_hard_l3_4_1787300435965862717,q02,right_edge,37,kinematic,smac_hybrid_reeds_shepp,forward,0.07481761744136806,corridor,IN_PLACE_ROTATION_FORBIDDEN_OR_HARD_RADIUS,[]
q02_right_edge_hard_l3_4_1787300435965862717,q02,right_edge,38,kinematic,smac_hybrid_reeds_shepp,forward,0.07481761744136806,corridor,IN_PLACE_ROTATION_FORBIDDEN_OR_HARD_RADIUS,[]
q02_right_edge_hard_l3_4_1787300435965862717,q02,right_edge,39,kinematic,smac_hybrid_reeds_shepp,forward,0.07482051071424911,corridor,IN_PLACE_ROTATION_FORBIDDEN_OR_HARD_RADIUS,[]
q02_right_edge_hard_l3_4_1787300435965862717,q02,right_edge,40,kinematic,smac_hybrid_reeds_shepp,forward,0.07473835169373025,corridor,IN_PLACE_ROTATION_FORBIDDEN_OR_HARD_RADIUS,[]
q02_right_edge_hard_l3_4_1787300435965862717,q02,right_edge,41,kinematic,smac_hybrid_reeds_shepp,forward,0.07470997884713942,corridor,IN_PLACE_ROTATION_FORBIDDEN_OR_HARD_RADIUS,[]
q02_right_edge_hard_l3_4_1787300435965862717,q02,right_edge,42,kinematic,smac_hybrid_reeds_shepp,forward,0.0725192728346821,corridor,IN_PLACE_ROTATION_FORBIDDEN_OR_HARD_RADIUS,[]
q02_right_edge_hard_l3_4_1787300435965862717,q02,right_edge,43,kinematic,smac_hybrid_reeds_shepp,forward,0.07251984977788416,corridor,IN_PLACE_ROTATION_FORBIDDEN_OR_HARD_RADIUS,[]
q02_right_edge_hard_l3_4_1787300435965862717,q02,right_edge,44,kinematic,smac_hybrid_reeds_shepp,forward,0.07252069524662555,corridor,IN_PLACE_ROTATION_FORBIDDEN_OR_HARD_RADIUS,[]
q02_right_edge_hard_l3_4_1787300435965862717,q02,right_edge,45,kinematic,smac_hybrid_reeds_shepp,forward,0.07256215491411307,corridor,IN_PLACE_ROTATION_FORBIDDEN_OR_HARD_RADIUS,[]
q02_right_edge_hard_l3_4_1787300435965862717,q02,right_edge,46,kinematic,smac_hybrid_reeds_shepp,forward,0.07261868358586802,corridor,IN_PLACE_ROTATION_FORBIDDEN_OR_HARD_RADIUS,[]
q02_right_edge_hard_l3_4_1787300435965862717,q02,right_edge,47,kinematic,smac_hybrid_reeds_shepp,forward,0.07262173345985197,corridor,IN_PLACE_ROTATION_FORBIDDEN_OR_HARD_RADIUS,[]
q02_right_edge_hard_l3_4_1787300435965862717,q02,right_edge,48,kinematic,smac_hybrid_reeds_shepp,forward,0.07261868358586802,corridor,IN_PLACE_ROTATION_FORBIDDEN_OR_HARD_RADIUS,[]
q02_right_edge_hard_l3_4_1787300435965862717,q02,right_edge,49,kinematic,smac_hybrid_reeds_shepp,forward,0.07261868358586802,corridor,IN_PLACE_ROTATION_FORBIDDEN_OR_HARD_RADIUS,[]
q02_right_edge_hard_l3_4_1787300435965862717,q02,right_edge,50,kinematic,smac_hybrid_reeds_shepp,forward,0.07262173345985197,corridor,IN_PLACE_ROTATION_FORBIDDEN_OR_HARD_RADIUS,[]
q02_right_edge_hard_l3_4_1787300435965862717,q02,right_edge,51,kinematic,smac_hybrid_reeds_shepp,forward,0.07261868358586802,corridor,IN_PLACE_ROTATION_FORBIDDEN_OR_HARD_RADIUS,[]
q02_right_edge_hard_l3_4_1787300435965862717,q02,right_edge,52,kinematic,smac_hybrid_reeds_shepp,forward,0.07261868358586802,corridor,IN_PLACE_ROTATION_FORBIDDEN_OR_HARD_RADIUS,[]
q02_right_edge_hard_l3_4_1787300435965862717,q02,right_edge,53,kinematic,smac_hybrid_reeds_shepp,forward,0.07262173345985197,corridor,IN_PLACE_ROTATION_FORBIDDEN_OR_HARD_RADIUS,[]
q02_right_edge_hard_l3_4_1787300435965862717,q02,right_edge,54,kinematic,smac_hybrid_reeds_shepp,forward,0.07261868358586802,corridor,IN_PLACE_ROTATION_FORBIDDEN_OR_HARD_RADIUS,[]
q02_right_edge_hard_l3_4_1787300435965862717,q02,right_edge,55,kinematic,smac_hybrid_reeds_shepp,forward,0.07261651981167026,corridor,IN_PLACE_ROTATION_FORBIDDEN_OR_HARD_RADIUS,[]
q02_right_edge_hard_l3_5_1787300436151067126,q02,right_edge,0,grid,grid_astar,mixed,26.82609342621113,corridor,,
q02_right_edge_hard_l3_5_1787300436151067126,q02,right_edge,1,kinematic,smac_hybrid_reeds_shepp,forward,0.07408085308774368,corridor,IN_PLACE_ROTATION_FORBIDDEN_OR_HARD_RADIUS,[]
q02_right_edge_hard_l3_5_1787300436151067126,q02,right_edge,2,kinematic,smac_hybrid_reeds_shepp,forward,0.0740828191976814,corridor,IN_PLACE_ROTATION_FORBIDDEN_OR_HARD_RADIUS,[]
q02_right_edge_hard_l3_5_1787300436151067126,q02,right_edge,3,kinematic,smac_hybrid_reeds_shepp,forward,0.07407930637477865,corridor,IN_PLACE_ROTATION_FORBIDDEN_OR_HARD_RADIUS,[]
q02_right_edge_hard_l3_5_1787300436151067126,q02,right_edge,4,kinematic,smac_hybrid_reeds_shepp,forward,0.0740807655886279,corridor,IN_PLACE_ROTATION_FORBIDDEN_OR_HARD_RADIUS,[]
q02_right_edge_hard_l3_5_1787300436151067126,q02,right_edge,5,kinematic,smac_hybrid_reeds_shepp,forward,0.07408258461552776,corridor,IN_PLACE_ROTATION_FORBIDDEN_OR_HARD_RADIUS,[]
q02_right_edge_hard_l3_5_1787300436151067126,q02,right_edge,6,kinematic,smac_hybrid_reeds_shepp,forward,0.07415414971757688,corridor,IN_PLACE_ROTATION_FORBIDDEN_OR_HARD_RADIUS,[]
q02_right_edge_hard_l3_5_1787300436151067126,q02,right_edge,7,kinematic,smac_hybrid_reeds_shepp,forward,0.0741874511415299,corridor,IN_PLACE_ROTATION_FORBIDDEN_OR_HARD_RADIUS,[]
q02_right_edge_hard_l3_5_1787300436151067126,q02,right_edge,8,kinematic,smac_hybrid_reeds_shepp,forward,0.07413738380746694,corridor,IN_PLACE_ROTATION_FORBIDDEN_OR_HARD_RADIUS,[]
q02_right_edge_hard_l3_5_1787300436151067126,q02,right_edge,9,kinematic,smac_hybrid_reeds_shepp,forward,0.07408122557070024,corridor,IN_PLACE_ROTATION_FORBIDDEN_OR_HARD_RADIUS,[]
q02_right_edge_hard_l3_5_1787300436151067126,q02,right_edge,10,kinematic,smac_hybrid_reeds_shepp,forward,0.07408170997017426,corridor,IN_PLACE_ROTATION_FORBIDDEN_OR_HARD_RADIUS,[]
q02_right_edge_hard_l3_5_1787300436151067126,q02,right_edge,11,kinematic,smac_hybrid_reeds_shepp,forward,0.07408092581501916,corridor,IN_PLACE_ROTATION_FORBIDDEN_OR_HARD_RADIUS,[]
q02_right_edge_hard_l3_5_1787300436151067126,q02,right_edge,12,kinematic,smac_hybrid_reeds_shepp,forward,0.07408217277496607,corridor,IN_PLACE_ROTATION_FORBIDDEN_OR_HARD_RADIUS,[]
q02_right_edge_hard_l3_5_1787300436151067126,q02,right_edge,13,kinematic,smac_hybrid_reeds_shepp,forward,0.07408161705057907,corridor,IN_PLACE_ROTATION_FORBIDDEN_OR_HARD_RADIUS,[]
q02_right_edge_hard_l3_5_1787300436151067126,q02,right_edge,14,kinematic,smac_hybrid_reeds_shepp,forward,0.0740803655554346,corridor,IN_PLACE_ROTATION_FORBIDDEN_OR_HARD_RADIUS,[]
q02_right_edge_hard_l3_5_1787300436151067126,q02,right_edge,15,kinematic,smac_hybrid_reeds_shepp,forward,0.0740825922998022,corridor,IN_PLACE_ROTATION_FORBIDDEN_OR_HARD_RADIUS,[]
q02_right_edge_hard_l3_5_1787300436151067126,q02,right_edge,16,kinematic,smac_hybrid_reeds_shepp,forward,0.05627617768148678,corridor,IN_PLACE_ROTATION_FORBIDDEN_OR_HARD_RADIUS,[]
q02_right_edge_hard_l3_5_1787300436151067126,q02,right_edge,17,kinematic,smac_hybrid_reeds_shepp,reverse,0.07408031374393788,corridor,IN_PLACE_ROTATION_FORBIDDEN_OR_HARD_RADIUS,[]
q02_right_edge_hard_l3_5_1787300436151067126,q02,right_edge,18,kinematic,smac_hybrid_reeds_shepp,reverse,0.07408138051601847,corridor,IN_PLACE_ROTATION_FORBIDDEN_OR_HARD_RADIUS,[]
q02_right_edge_hard_l3_5_1787300436151067126,q02,right_edge,19,kinematic,smac_hybrid_reeds_shepp,forward,0.07667516639255023,corridor,IN_PLACE_ROTATION_FORBIDDEN_OR_HARD_RADIUS,[]
q02_right_edge_hard_l3_5_1787300436151067126,q02,right_edge,20,kinematic,smac_hybrid_reeds_shepp,forward,0.07667516639255023,corridor,IN_PLACE_ROTATION_FORBIDDEN_OR_HARD_RADIUS,[]
q02_right_edge_hard_l3_5_1787300436151067126,q02,right_edge,21,kinematic,smac_hybrid_reeds_shepp,forward,0.07667629483991785,corridor,IN_PLACE_ROTATION_FORBIDDEN_OR_HARD_RADIUS,[]
q02_right_edge_hard_l3_5_1787300436151067126,q02,right_edge,22,kinematic,smac_hybrid_reeds_shepp,forward,0.07667790959425509,corridor,IN_PLACE_ROTATION_FORBIDDEN_OR_HARD_RADIUS,[]
q02_right_edge_hard_l3_5_1787300436151067126,q02,right_edge,23,kinematic,smac_hybrid_reeds_shepp,forward,0.07667616001741506,corridor,IN_PLACE_ROTATION_FORBIDDEN_OR_HARD_RADIUS,[]
q02_right_edge_hard_l3_5_1787300436151067126,q02,right_edge,24,kinematic,smac_hybrid_reeds_shepp,forward,0.07667616001741506,corridor,IN_PLACE_ROTATION_FORBIDDEN_OR_HARD_RADIUS,[]
q02_right_edge_hard_l3_5_1787300436151067126,q02,right_edge,25,kinematic,smac_hybrid_reeds_shepp,forward,0.07667616001741506,corridor,IN_PLACE_ROTATION_FORBIDDEN_OR_HARD_RADIUS,[]
q02_right_edge_hard_l3_5_1787300436151067126,q02,right_edge,26,kinematic,smac_hybrid_reeds_shepp,forward,0.07667616001741506,corridor,IN_PLACE_ROTATION_FORBIDDEN_OR_HARD_RADIUS,[]
q02_right_edge_hard_l3_5_1787300436151067126,q02,right_edge,27,kinematic,smac_hybrid_reeds_shepp,forward,0.07667790959425509,corridor,IN_PLACE_ROTATION_FORBIDDEN_OR_HARD_RADIUS,[]
q02_right_edge_hard_l3_5_1787300436151067126,q02,right_edge,28,kinematic,smac_hybrid_reeds_shepp,forward,0.0766769815200407,corridor,IN_PLACE_ROTATION_FORBIDDEN_OR_HARD_RADIUS,[]
q02_right_edge_hard_l3_5_1787300436151067126,q02,right_edge,29,kinematic,smac_hybrid_reeds_shepp,forward,0.0766769815200407,corridor,IN_PLACE_ROTATION_FORBIDDEN_OR_HARD_RADIUS,[]
q02_right_edge_hard_l3_5_1787300436151067126,q02,right_edge,30,kinematic,smac_hybrid_reeds_shepp,forward,0.07667629483991785,corridor,IN_PLACE_ROTATION_FORBIDDEN_OR_HARD_RADIUS,[]
q02_right_edge_hard_l3_5_1787300436151067126,q02,right_edge,31,kinematic,smac_hybrid_reeds_shepp,forward,0.07470776319830862,corridor,IN_PLACE_ROTATION_FORBIDDEN_OR_HARD_RADIUS,[]
q02_right_edge_hard_l3_5_1787300436151067126,q02,right_edge,32,kinematic,smac_hybrid_reeds_shepp,forward,0.07470899759214233,corridor,IN_PLACE_ROTATION_FORBIDDEN_OR_HARD_RADIUS,[]
q02_right_edge_hard_l3_5_1787300436151067126,q02,right_edge,33,kinematic,smac_hybrid_reeds_shepp,forward,0.07478809813284643,corridor,IN_PLACE_ROTATION_FORBIDDEN_OR_HARD_RADIUS,[]
q02_right_edge_hard_l3_5_1787300436151067126,q02,right_edge,34,kinematic,smac_hybrid_reeds_shepp,forward,0.07481761744136806,corridor,IN_PLACE_ROTATION_FORBIDDEN_OR_HARD_RADIUS,[]
q02_right_edge_hard_l3_5_1787300436151067126,q02,right_edge,35,kinematic,smac_hybrid_reeds_shepp,forward,0.07481761744136806,corridor,IN_PLACE_ROTATION_FORBIDDEN_OR_HARD_RADIUS,[]
q02_right_edge_hard_l3_5_1787300436151067126,q02,right_edge,36,kinematic,smac_hybrid_reeds_shepp,forward,0.07481761744136806,corridor,IN_PLACE_ROTATION_FORBIDDEN_OR_HARD_RADIUS,[]
q02_right_edge_hard_l3_5_1787300436151067126,q02,right_edge,37,kinematic,smac_hybrid_reeds_shepp,forward,0.07481761744136806,corridor,IN_PLACE_ROTATION_FORBIDDEN_OR_HARD_RADIUS,[]
q02_right_edge_hard_l3_5_1787300436151067126,q02,right_edge,38,kinematic,smac_hybrid_reeds_shepp,forward,0.07481761744136806,corridor,IN_PLACE_ROTATION_FORBIDDEN_OR_HARD_RADIUS,[]
q02_right_edge_hard_l3_5_1787300436151067126,q02,right_edge,39,kinematic,smac_hybrid_reeds_shepp,forward,0.07482051071424911,corridor,IN_PLACE_ROTATION_FORBIDDEN_OR_HARD_RADIUS,[]
q02_right_edge_hard_l3_5_1787300436151067126,q02,right_edge,40,kinematic,smac_hybrid_reeds_shepp,forward,0.07473835169373025,corridor,IN_PLACE_ROTATION_FORBIDDEN_OR_HARD_RADIUS,[]
q02_right_edge_hard_l3_5_1787300436151067126,q02,right_edge,41,kinematic,smac_hybrid_reeds_shepp,forward,0.07470997884713942,corridor,IN_PLACE_ROTATION_FORBIDDEN_OR_HARD_RADIUS,[]
q02_right_edge_hard_l3_5_1787300436151067126,q02,right_edge,42,kinematic,smac_hybrid_reeds_shepp,forward,0.0725192728346821,corridor,IN_PLACE_ROTATION_FORBIDDEN_OR_HARD_RADIUS,[]
q02_right_edge_hard_l3_5_1787300436151067126,q02,right_edge,43,kinematic,smac_hybrid_reeds_shepp,forward,0.07251984977788416,corridor,IN_PLACE_ROTATION_FORBIDDEN_OR_HARD_RADIUS,[]
q02_right_edge_hard_l3_5_1787300436151067126,q02,right_edge,44,kinematic,smac_hybrid_reeds_shepp,forward,0.07252069524662555,corridor,IN_PLACE_ROTATION_FORBIDDEN_OR_HARD_RADIUS,[]
q02_right_edge_hard_l3_5_1787300436151067126,q02,right_edge,45,kinematic,smac_hybrid_reeds_shepp,forward,0.07256215491411307,corridor,IN_PLACE_ROTATION_FORBIDDEN_OR_HARD_RADIUS,[]
q02_right_edge_hard_l3_5_1787300436151067126,q02,right_edge,46,kinematic,smac_hybrid_reeds_shepp,forward,0.07261868358586802,corridor,IN_PLACE_ROTATION_FORBIDDEN_OR_HARD_RADIUS,[]
q02_right_edge_hard_l3_5_1787300436151067126,q02,right_edge,47,kinematic,smac_hybrid_reeds_shepp,forward,0.07262173345985197,corridor,IN_PLACE_ROTATION_FORBIDDEN_OR_HARD_RADIUS,[]
q02_right_edge_hard_l3_5_1787300436151067126,q02,right_edge,48,kinematic,smac_hybrid_reeds_shepp,forward,0.07261868358586802,corridor,IN_PLACE_ROTATION_FORBIDDEN_OR_HARD_RADIUS,[]
q02_right_edge_hard_l3_5_1787300436151067126,q02,right_edge,49,kinematic,smac_hybrid_reeds_shepp,forward,0.07261868358586802,corridor,IN_PLACE_ROTATION_FORBIDDEN_OR_HARD_RADIUS,[]
q02_right_edge_hard_l3_5_1787300436151067126,q02,right_edge,50,kinematic,smac_hybrid_reeds_shepp,forward,0.07262173345985197,corridor,IN_PLACE_ROTATION_FORBIDDEN_OR_HARD_RADIUS,[]
q02_right_edge_hard_l3_5_1787300436151067126,q02,right_edge,51,kinematic,smac_hybrid_reeds_shepp,forward,0.07261868358586802,corridor,IN_PLACE_ROTATION_FORBIDDEN_OR_HARD_RADIUS,[]
q02_right_edge_hard_l3_5_1787300436151067126,q02,right_edge,52,kinematic,smac_hybrid_reeds_shepp,forward,0.07261868358586802,corridor,IN_PLACE_ROTATION_FORBIDDEN_OR_HARD_RADIUS,[]
q02_right_edge_hard_l3_5_1787300436151067126,q02,right_edge,53,kinematic,smac_hybrid_reeds_shepp,forward,0.07262173345985197,corridor,IN_PLACE_ROTATION_FORBIDDEN_OR_HARD_RADIUS,[]
q02_right_edge_hard_l3_5_1787300436151067126,q02,right_edge,54,kinematic,smac_hybrid_reeds_shepp,forward,0.07261868358586802,corridor,IN_PLACE_ROTATION_FORBIDDEN_OR_HARD_RADIUS,[]
q02_right_edge_hard_l3_5_1787300436151067126,q02,right_edge,55,kinematic,smac_hybrid_reeds_shepp,forward,0.07261651981167026,corridor,IN_PLACE_ROTATION_FORBIDDEN_OR_HARD_RADIUS,[]
q03_right_edge_hard_l3_1_1787300436421254851,q03,right_edge,0,grid,grid_astar,mixed,51.63797421138447,full_grid_fallback,,
q03_right_edge_hard_l3_1_1787300436421254851,q03,right_edge,1,kinematic,smac_hybrid_reeds_shepp,forward,0.07164659031120255,full_grid_fallback,IN_PLACE_ROTATION_FORBIDDEN_OR_HARD_RADIUS,[]
q03_right_edge_hard_l3_1_1787300436421254851,q03,right_edge,2,kinematic,smac_hybrid_reeds_shepp,forward,0.07172570722720024,full_grid_fallback,IN_PLACE_ROTATION_FORBIDDEN_OR_HARD_RADIUS,[]
q03_right_edge_hard_l3_1_1787300436421254851,q03,right_edge,3,kinematic,smac_hybrid_reeds_shepp,forward,0.07172752639780948,full_grid_fallback,IN_PLACE_ROTATION_FORBIDDEN_OR_HARD_RADIUS,[]
q03_right_edge_hard_l3_1_1787300436421254851,q03,right_edge,4,kinematic,smac_hybrid_reeds_shepp,forward,0.07172570722720024,full_grid_fallback,IN_PLACE_ROTATION_FORBIDDEN_OR_HARD_RADIUS,[]
q03_right_edge_hard_l3_1_1787300436421254851,q03,right_edge,5,kinematic,smac_hybrid_reeds_shepp,forward,0.07172570722720024,full_grid_fallback,IN_PLACE_ROTATION_FORBIDDEN_OR_HARD_RADIUS,[]
q03_right_edge_hard_l3_1_1787300436421254851,q03,right_edge,6,kinematic,smac_hybrid_reeds_shepp,forward,0.07172752639780948,full_grid_fallback,IN_PLACE_ROTATION_FORBIDDEN_OR_HARD_RADIUS,[]
q03_right_edge_hard_l3_1_1787300436421254851,q03,right_edge,7,kinematic,smac_hybrid_reeds_shepp,forward,0.07172570722720024,full_grid_fallback,IN_PLACE_ROTATION_FORBIDDEN_OR_HARD_RADIUS,[]
q03_right_edge_hard_l3_1_1787300436421254851,q03,right_edge,8,kinematic,smac_hybrid_reeds_shepp,forward,0.07172752639780948,full_grid_fallback,IN_PLACE_ROTATION_FORBIDDEN_OR_HARD_RADIUS,[]
q03_right_edge_hard_l3_1_1787300436421254851,q03,right_edge,9,kinematic,smac_hybrid_reeds_shepp,forward,0.07172570722720024,full_grid_fallback,IN_PLACE_ROTATION_FORBIDDEN_OR_HARD_RADIUS,[]
q03_right_edge_hard_l3_1_1787300436421254851,q03,right_edge,10,kinematic,smac_hybrid_reeds_shepp,forward,0.07172752639780948,full_grid_fallback,IN_PLACE_ROTATION_FORBIDDEN_OR_HARD_RADIUS,[]
q03_right_edge_hard_l3_1_1787300436421254851,q03,right_edge,11,kinematic,smac_hybrid_reeds_shepp,forward,0.07172815755567585,full_grid_fallback,IN_PLACE_ROTATION_FORBIDDEN_OR_HARD_RADIUS,[]
q03_right_edge_hard_l3_1_1787300436421254851,q03,right_edge,12,kinematic,smac_hybrid_reeds_shepp,forward,0.07172570722720024,full_grid_fallback,IN_PLACE_ROTATION_FORBIDDEN_OR_HARD_RADIUS,[]
q03_right_edge_hard_l3_1_1787300436421254851,q03,right_edge,13,kinematic,smac_hybrid_reeds_shepp,forward,0.07172752639780948,full_grid_fallback,IN_PLACE_ROTATION_FORBIDDEN_OR_HARD_RADIUS,[]
q03_right_edge_hard_l3_1_1787300436421254851,q03,right_edge,14,kinematic,smac_hybrid_reeds_shepp,forward,0.07172570722720024,full_grid_fallback,IN_PLACE_ROTATION_FORBIDDEN_OR_HARD_RADIUS,[]
q03_right_edge_hard_l3_1_1787300436421254851,q03,right_edge,15,kinematic,smac_hybrid_reeds_shepp,forward,0.07172752639780948,full_grid_fallback,IN_PLACE_ROTATION_FORBIDDEN_OR_HARD_RADIUS,[]
q03_right_edge_hard_l3_1_1787300436421254851,q03,right_edge,16,kinematic,smac_hybrid_reeds_shepp,forward,0.07172570722720024,full_grid_fallback,IN_PLACE_ROTATION_FORBIDDEN_OR_HARD_RADIUS,[]
q03_right_edge_hard_l3_1_1787300436421254851,q03,right_edge,17,kinematic,smac_hybrid_reeds_shepp,forward,0.07172752639780948,full_grid_fallback,IN_PLACE_ROTATION_FORBIDDEN_OR_HARD_RADIUS,[]
q03_right_edge_hard_l3_1_1787300436421254851,q03,right_edge,18,kinematic,smac_hybrid_reeds_shepp,forward,0.07172570722720024,full_grid_fallback,IN_PLACE_ROTATION_FORBIDDEN_OR_HARD_RADIUS,[]
q03_right_edge_hard_l3_1_1787300436421254851,q03,right_edge,19,kinematic,smac_hybrid_reeds_shepp,forward,0.07172752639780948,full_grid_fallback,IN_PLACE_ROTATION_FORBIDDEN_OR_HARD_RADIUS,[]
q03_right_edge_hard_l3_1_1787300436421254851,q03,right_edge,20,kinematic,smac_hybrid_reeds_shepp,forward,0.07172570722720024,full_grid_fallback,IN_PLACE_ROTATION_FORBIDDEN_OR_HARD_RADIUS,[]
q03_right_edge_hard_l3_1_1787300436421254851,q03,right_edge,21,kinematic,smac_hybrid_reeds_shepp,forward,0.07172570722720024,full_grid_fallback,IN_PLACE_ROTATION_FORBIDDEN_OR_HARD_RADIUS,[]
q03_right_edge_hard_l3_1_1787300436421254851,q03,right_edge,22,kinematic,smac_hybrid_reeds_shepp,forward,0.0716479172205571,full_grid_fallback,IN_PLACE_ROTATION_FORBIDDEN_OR_HARD_RADIUS,[]
q03_right_edge_hard_l3_1_1787300436421254851,q03,right_edge,23,kinematic,smac_hybrid_reeds_shepp,forward,0.0716295094235115,full_grid_fallback,IN_PLACE_ROTATION_FORBIDDEN_OR_HARD_RADIUS,[]
q03_right_edge_hard_l3_1_1787300436421254851,q03,right_edge,24,kinematic,smac_hybrid_reeds_shepp,forward,0.07163180312407832,full_grid_fallback,IN_PLACE_ROTATION_FORBIDDEN_OR_HARD_RADIUS,[]
q03_right_edge_hard_l3_1_1787300436421254851,q03,right_edge,25,kinematic,smac_hybrid_reeds_shepp,forward,0.07163166712800893,full_grid_fallback,IN_PLACE_ROTATION_FORBIDDEN_OR_HARD_RADIUS,[]
q03_right_edge_hard_l3_1_1787300436421254851,q03,right_edge,26,kinematic,smac_hybrid_reeds_shepp,forward,0.07163096114044022,full_grid_fallback,IN_PLACE_ROTATION_FORBIDDEN_OR_HARD_RADIUS,[]
q03_right_edge_hard_l3_1_1787300436421254851,q03,right_edge,27,kinematic,smac_hybrid_reeds_shepp,forward,0.07163059650748757,full_grid_fallback,IN_PLACE_ROTATION_FORBIDDEN_OR_HARD_RADIUS,[]
q03_right_edge_hard_l3_1_1787300436421254851,q03,right_edge,28,kinematic,smac_hybrid_reeds_shepp,forward,0.07162929658143322,full_grid_fallback,IN_PLACE_ROTATION_FORBIDDEN_OR_HARD_RADIUS,[]
q03_right_edge_hard_l3_1_1787300436421254851,q03,right_edge,29,kinematic,smac_hybrid_reeds_shepp,forward,0.07162967324777143,full_grid_fallback,IN_PLACE_ROTATION_FORBIDDEN_OR_HARD_RADIUS,[]
q03_right_edge_hard_l3_1_1787300436421254851,q03,right_edge,30,kinematic,smac_hybrid_reeds_shepp,forward,0.06474865282732338,full_grid_fallback,IN_PLACE_ROTATION_FORBIDDEN_OR_HARD_RADIUS,[]
q03_right_edge_hard_l3_1_1787300436421254851,q03,right_edge,31,kinematic,smac_hybrid_reeds_shepp,reverse,0.07162976023050002,full_grid_fallback,IN_PLACE_ROTATION_FORBIDDEN_OR_HARD_RADIUS,[]
q03_right_edge_hard_l3_1_1787300436421254851,q03,right_edge,32,kinematic,smac_hybrid_reeds_shepp,reverse,0.07163109304232947,full_grid_fallback,IN_PLACE_ROTATION_FORBIDDEN_OR_HARD_RADIUS,[]
q03_right_edge_hard_l3_1_1787300436421254851,q03,right_edge,33,kinematic,smac_hybrid_reeds_shepp,reverse,0.07162936555689804,full_grid_fallback,IN_PLACE_ROTATION_FORBIDDEN_OR_HARD_RADIUS,[]
q03_right_edge_hard_l3_1_1787300436421254851,q03,right_edge,34,kinematic,smac_hybrid_reeds_shepp,reverse,0.07163106430867099,full_grid_fallback,IN_PLACE_ROTATION_FORBIDDEN_OR_HARD_RADIUS,[]
q03_right_edge_hard_l3_1_1787300436421254851,q03,right_edge,35,kinematic,smac_hybrid_reeds_shepp,reverse,0.07143647384254913,full_grid_fallback,IN_PLACE_ROTATION_FORBIDDEN_OR_HARD_RADIUS,[]
q03_right_edge_hard_l3_1_1787300436421254851,q03,right_edge,36,kinematic,smac_hybrid_reeds_shepp,reverse,0.0142656128269456,full_grid_fallback,IN_PLACE_ROTATION_FORBIDDEN_OR_HARD_RADIUS,[]
q03_right_edge_hard_l3_1_1787300436421254851,q03,right_edge,37,kinematic,smac_hybrid_reeds_shepp,forward,0.07143628685806924,full_grid_fallback,IN_PLACE_ROTATION_FORBIDDEN_OR_HARD_RADIUS,[]
q03_right_edge_hard_l3_1_1787300436421254851,q03,right_edge,38,kinematic,smac_hybrid_reeds_shepp,forward,0.07143661627244159,full_grid_fallback,IN_PLACE_ROTATION_FORBIDDEN_OR_HARD_RADIUS,[]
q03_right_edge_hard_l3_1_1787300436421254851,q03,right_edge,39,kinematic,smac_hybrid_reeds_shepp,forward,0.07143606037054771,full_grid_fallback,IN_PLACE_ROTATION_FORBIDDEN_OR_HARD_RADIUS,[]
q03_right_edge_hard_l3_1_1787300436421254851,q03,right_edge,40,kinematic,smac_hybrid_reeds_shepp,forward,0.07143539163905374,full_grid_fallback,IN_PLACE_ROTATION_FORBIDDEN_OR_HARD_RADIUS,[]
q03_right_edge_hard_l3_1_1787300436421254851,q03,right_edge,41,kinematic,smac_hybrid_reeds_shepp,forward,0.07143653915826047,full_grid_fallback,IN_PLACE_ROTATION_FORBIDDEN_OR_HARD_RADIUS,[]
q03_right_edge_hard_l3_1_1787300436421254851,q03,right_edge,42,kinematic,smac_hybrid_reeds_shepp,forward,0.0714360746788179,full_grid_fallback,IN_PLACE_ROTATION_FORBIDDEN_OR_HARD_RADIUS,[]
q03_right_edge_hard_l3_1_1787300436421254851,q03,right_edge,43,kinematic,smac_hybrid_reeds_shepp,forward,0.07143735698071146,full_grid_fallback,IN_PLACE_ROTATION_FORBIDDEN_OR_HARD_RADIUS,[]
q03_right_edge_hard_l3_1_1787300436421254851,q03,right_edge,44,kinematic,smac_hybrid_reeds_shepp,forward,0.07143703951488026,full_grid_fallback,IN_PLACE_ROTATION_FORBIDDEN_OR_HARD_RADIUS,[]
q03_right_edge_hard_l3_1_1787300436421254851,q03,right_edge,45,kinematic,smac_hybrid_reeds_shepp,forward,0.07151379112687373,full_grid_fallback,IN_PLACE_ROTATION_FORBIDDEN_OR_HARD_RADIUS,[]
q03_right_edge_hard_l3_1_1787300436421254851,q03,right_edge,46,kinematic,smac_hybrid_reeds_shepp,forward,0.0715324809611824,full_grid_fallback,IN_PLACE_ROTATION_FORBIDDEN_OR_HARD_RADIUS,[]
q03_right_edge_hard_l3_1_1787300436421254851,q03,right_edge,47,kinematic,smac_hybrid_reeds_shepp,forward,0.0715324809611824,full_grid_fallback,IN_PLACE_ROTATION_FORBIDDEN_OR_HARD_RADIUS,[]
q03_right_edge_hard_l3_1_1787300436421254851,q03,right_edge,48,kinematic,smac_hybrid_reeds_shepp,forward,0.07152948906504994,full_grid_fallback,IN_PLACE_ROTATION_FORBIDDEN_OR_HARD_RADIUS,[]
q03_right_edge_hard_l3_1_1787300436421254851,q03,right_edge,49,kinematic,smac_hybrid_reeds_shepp,forward,0.0715324809611824,full_grid_fallback,IN_PLACE_ROTATION_FORBIDDEN_OR_HARD_RADIUS,[]
q03_right_edge_hard_l3_1_1787300436421254851,q03,right_edge,50,kinematic,smac_hybrid_reeds_shepp,forward,0.0715324809611824,full_grid_fallback,IN_PLACE_ROTATION_FORBIDDEN_OR_HARD_RADIUS,[]
q03_right_edge_hard_l3_1_1787300436421254851,q03,right_edge,51,kinematic,smac_hybrid_reeds_shepp,forward,0.07152960298694915,full_grid_fallback,IN_PLACE_ROTATION_FORBIDDEN_OR_HARD_RADIUS,[]
q03_right_edge_hard_l3_1_1787300436421254851,q03,right_edge,52,kinematic,smac_hybrid_reeds_shepp,forward,0.07143710626821391,full_grid_fallback,IN_PLACE_ROTATION_FORBIDDEN_OR_HARD_RADIUS,[]
q03_right_edge_hard_l3_2_1787300436692737190,q03,right_edge,0,grid,grid_astar,mixed,51.63797421138447,full_grid_fallback,,
q03_right_edge_hard_l3_2_1787300436692737190,q03,right_edge,1,kinematic,smac_hybrid_reeds_shepp,forward,0.07164659031120255,full_grid_fallback,IN_PLACE_ROTATION_FORBIDDEN_OR_HARD_RADIUS,[]
q03_right_edge_hard_l3_2_1787300436692737190,q03,right_edge,2,kinematic,smac_hybrid_reeds_shepp,forward,0.07172570722720024,full_grid_fallback,IN_PLACE_ROTATION_FORBIDDEN_OR_HARD_RADIUS,[]
q03_right_edge_hard_l3_2_1787300436692737190,q03,right_edge,3,kinematic,smac_hybrid_reeds_shepp,forward,0.07172752639780948,full_grid_fallback,IN_PLACE_ROTATION_FORBIDDEN_OR_HARD_RADIUS,[]
q03_right_edge_hard_l3_2_1787300436692737190,q03,right_edge,4,kinematic,smac_hybrid_reeds_shepp,forward,0.07172570722720024,full_grid_fallback,IN_PLACE_ROTATION_FORBIDDEN_OR_HARD_RADIUS,[]
q03_right_edge_hard_l3_2_1787300436692737190,q03,right_edge,5,kinematic,smac_hybrid_reeds_shepp,forward,0.07172570722720024,full_grid_fallback,IN_PLACE_ROTATION_FORBIDDEN_OR_HARD_RADIUS,[]
q03_right_edge_hard_l3_2_1787300436692737190,q03,right_edge,6,kinematic,smac_hybrid_reeds_shepp,forward,0.07172752639780948,full_grid_fallback,IN_PLACE_ROTATION_FORBIDDEN_OR_HARD_RADIUS,[]
q03_right_edge_hard_l3_2_1787300436692737190,q03,right_edge,7,kinematic,smac_hybrid_reeds_shepp,forward,0.07172570722720024,full_grid_fallback,IN_PLACE_ROTATION_FORBIDDEN_OR_HARD_RADIUS,[]
q03_right_edge_hard_l3_2_1787300436692737190,q03,right_edge,8,kinematic,smac_hybrid_reeds_shepp,forward,0.07172752639780948,full_grid_fallback,IN_PLACE_ROTATION_FORBIDDEN_OR_HARD_RADIUS,[]
q03_right_edge_hard_l3_2_1787300436692737190,q03,right_edge,9,kinematic,smac_hybrid_reeds_shepp,forward,0.07172570722720024,full_grid_fallback,IN_PLACE_ROTATION_FORBIDDEN_OR_HARD_RADIUS,[]
q03_right_edge_hard_l3_2_1787300436692737190,q03,right_edge,10,kinematic,smac_hybrid_reeds_shepp,forward,0.07172752639780948,full_grid_fallback,IN_PLACE_ROTATION_FORBIDDEN_OR_HARD_RADIUS,[]
q03_right_edge_hard_l3_2_1787300436692737190,q03,right_edge,11,kinematic,smac_hybrid_reeds_shepp,forward,0.07172815755567585,full_grid_fallback,IN_PLACE_ROTATION_FORBIDDEN_OR_HARD_RADIUS,[]
q03_right_edge_hard_l3_2_1787300436692737190,q03,right_edge,12,kinematic,smac_hybrid_reeds_shepp,forward,0.07172570722720024,full_grid_fallback,IN_PLACE_ROTATION_FORBIDDEN_OR_HARD_RADIUS,[]
q03_right_edge_hard_l3_2_1787300436692737190,q03,right_edge,13,kinematic,smac_hybrid_reeds_shepp,forward,0.07172752639780948,full_grid_fallback,IN_PLACE_ROTATION_FORBIDDEN_OR_HARD_RADIUS,[]
q03_right_edge_hard_l3_2_1787300436692737190,q03,right_edge,14,kinematic,smac_hybrid_reeds_shepp,forward,0.07172570722720024,full_grid_fallback,IN_PLACE_ROTATION_FORBIDDEN_OR_HARD_RADIUS,[]
q03_right_edge_hard_l3_2_1787300436692737190,q03,right_edge,15,kinematic,smac_hybrid_reeds_shepp,forward,0.07172752639780948,full_grid_fallback,IN_PLACE_ROTATION_FORBIDDEN_OR_HARD_RADIUS,[]
q03_right_edge_hard_l3_2_1787300436692737190,q03,right_edge,16,kinematic,smac_hybrid_reeds_shepp,forward,0.07172570722720024,full_grid_fallback,IN_PLACE_ROTATION_FORBIDDEN_OR_HARD_RADIUS,[]
q03_right_edge_hard_l3_2_1787300436692737190,q03,right_edge,17,kinematic,smac_hybrid_reeds_shepp,forward,0.07172752639780948,full_grid_fallback,IN_PLACE_ROTATION_FORBIDDEN_OR_HARD_RADIUS,[]
q03_right_edge_hard_l3_2_1787300436692737190,q03,right_edge,18,kinematic,smac_hybrid_reeds_shepp,forward,0.07172570722720024,full_grid_fallback,IN_PLACE_ROTATION_FORBIDDEN_OR_HARD_RADIUS,[]
q03_right_edge_hard_l3_2_1787300436692737190,q03,right_edge,19,kinematic,smac_hybrid_reeds_shepp,forward,0.07172752639780948,full_grid_fallback,IN_PLACE_ROTATION_FORBIDDEN_OR_HARD_RADIUS,[]
q03_right_edge_hard_l3_2_1787300436692737190,q03,right_edge,20,kinematic,smac_hybrid_reeds_shepp,forward,0.07172570722720024,full_grid_fallback,IN_PLACE_ROTATION_FORBIDDEN_OR_HARD_RADIUS,[]
q03_right_edge_hard_l3_2_1787300436692737190,q03,right_edge,21,kinematic,smac_hybrid_reeds_shepp,forward,0.07172570722720024,full_grid_fallback,IN_PLACE_ROTATION_FORBIDDEN_OR_HARD_RADIUS,[]
q03_right_edge_hard_l3_2_1787300436692737190,q03,right_edge,22,kinematic,smac_hybrid_reeds_shepp,forward,0.0716479172205571,full_grid_fallback,IN_PLACE_ROTATION_FORBIDDEN_OR_HARD_RADIUS,[]
q03_right_edge_hard_l3_2_1787300436692737190,q03,right_edge,23,kinematic,smac_hybrid_reeds_shepp,forward,0.0716295094235115,full_grid_fallback,IN_PLACE_ROTATION_FORBIDDEN_OR_HARD_RADIUS,[]
q03_right_edge_hard_l3_2_1787300436692737190,q03,right_edge,24,kinematic,smac_hybrid_reeds_shepp,forward,0.07163180312407832,full_grid_fallback,IN_PLACE_ROTATION_FORBIDDEN_OR_HARD_RADIUS,[]
q03_right_edge_hard_l3_2_1787300436692737190,q03,right_edge,25,kinematic,smac_hybrid_reeds_shepp,forward,0.07163166712800893,full_grid_fallback,IN_PLACE_ROTATION_FORBIDDEN_OR_HARD_RADIUS,[]
q03_right_edge_hard_l3_2_1787300436692737190,q03,right_edge,26,kinematic,smac_hybrid_reeds_shepp,forward,0.07163096114044022,full_grid_fallback,IN_PLACE_ROTATION_FORBIDDEN_OR_HARD_RADIUS,[]
q03_right_edge_hard_l3_2_1787300436692737190,q03,right_edge,27,kinematic,smac_hybrid_reeds_shepp,forward,0.07163059650748757,full_grid_fallback,IN_PLACE_ROTATION_FORBIDDEN_OR_HARD_RADIUS,[]
q03_right_edge_hard_l3_2_1787300436692737190,q03,right_edge,28,kinematic,smac_hybrid_reeds_shepp,forward,0.07162929658143322,full_grid_fallback,IN_PLACE_ROTATION_FORBIDDEN_OR_HARD_RADIUS,[]
q03_right_edge_hard_l3_2_1787300436692737190,q03,right_edge,29,kinematic,smac_hybrid_reeds_shepp,forward,0.07162967324777143,full_grid_fallback,IN_PLACE_ROTATION_FORBIDDEN_OR_HARD_RADIUS,[]
q03_right_edge_hard_l3_2_1787300436692737190,q03,right_edge,30,kinematic,smac_hybrid_reeds_shepp,forward,0.06474865282732338,full_grid_fallback,IN_PLACE_ROTATION_FORBIDDEN_OR_HARD_RADIUS,[]
q03_right_edge_hard_l3_2_1787300436692737190,q03,right_edge,31,kinematic,smac_hybrid_reeds_shepp,reverse,0.07162976023050002,full_grid_fallback,IN_PLACE_ROTATION_FORBIDDEN_OR_HARD_RADIUS,[]
q03_right_edge_hard_l3_2_1787300436692737190,q03,right_edge,32,kinematic,smac_hybrid_reeds_shepp,reverse,0.07163109304232947,full_grid_fallback,IN_PLACE_ROTATION_FORBIDDEN_OR_HARD_RADIUS,[]
q03_right_edge_hard_l3_2_1787300436692737190,q03,right_edge,33,kinematic,smac_hybrid_reeds_shepp,reverse,0.07162936555689804,full_grid_fallback,IN_PLACE_ROTATION_FORBIDDEN_OR_HARD_RADIUS,[]
q03_right_edge_hard_l3_2_1787300436692737190,q03,right_edge,34,kinematic,smac_hybrid_reeds_shepp,reverse,0.07163106430867099,full_grid_fallback,IN_PLACE_ROTATION_FORBIDDEN_OR_HARD_RADIUS,[]
q03_right_edge_hard_l3_2_1787300436692737190,q03,right_edge,35,kinematic,smac_hybrid_reeds_shepp,reverse,0.07143647384254913,full_grid_fallback,IN_PLACE_ROTATION_FORBIDDEN_OR_HARD_RADIUS,[]
q03_right_edge_hard_l3_2_1787300436692737190,q03,right_edge,36,kinematic,smac_hybrid_reeds_shepp,reverse,0.0142656128269456,full_grid_fallback,IN_PLACE_ROTATION_FORBIDDEN_OR_HARD_RADIUS,[]
q03_right_edge_hard_l3_2_1787300436692737190,q03,right_edge,37,kinematic,smac_hybrid_reeds_shepp,forward,0.07143628685806924,full_grid_fallback,IN_PLACE_ROTATION_FORBIDDEN_OR_HARD_RADIUS,[]
q03_right_edge_hard_l3_2_1787300436692737190,q03,right_edge,38,kinematic,smac_hybrid_reeds_shepp,forward,0.07143661627244159,full_grid_fallback,IN_PLACE_ROTATION_FORBIDDEN_OR_HARD_RADIUS,[]
q03_right_edge_hard_l3_2_1787300436692737190,q03,right_edge,39,kinematic,smac_hybrid_reeds_shepp,forward,0.07143606037054771,full_grid_fallback,IN_PLACE_ROTATION_FORBIDDEN_OR_HARD_RADIUS,[]
q03_right_edge_hard_l3_2_1787300436692737190,q03,right_edge,40,kinematic,smac_hybrid_reeds_shepp,forward,0.07143539163905374,full_grid_fallback,IN_PLACE_ROTATION_FORBIDDEN_OR_HARD_RADIUS,[]
q03_right_edge_hard_l3_2_1787300436692737190,q03,right_edge,41,kinematic,smac_hybrid_reeds_shepp,forward,0.07143653915826047,full_grid_fallback,IN_PLACE_ROTATION_FORBIDDEN_OR_HARD_RADIUS,[]
q03_right_edge_hard_l3_2_1787300436692737190,q03,right_edge,42,kinematic,smac_hybrid_reeds_shepp,forward,0.0714360746788179,full_grid_fallback,IN_PLACE_ROTATION_FORBIDDEN_OR_HARD_RADIUS,[]
q03_right_edge_hard_l3_2_1787300436692737190,q03,right_edge,43,kinematic,smac_hybrid_reeds_shepp,forward,0.07143735698071146,full_grid_fallback,IN_PLACE_ROTATION_FORBIDDEN_OR_HARD_RADIUS,[]
q03_right_edge_hard_l3_2_1787300436692737190,q03,right_edge,44,kinematic,smac_hybrid_reeds_shepp,forward,0.07143703951488026,full_grid_fallback,IN_PLACE_ROTATION_FORBIDDEN_OR_HARD_RADIUS,[]
q03_right_edge_hard_l3_2_1787300436692737190,q03,right_edge,45,kinematic,smac_hybrid_reeds_shepp,forward,0.07151379112687373,full_grid_fallback,IN_PLACE_ROTATION_FORBIDDEN_OR_HARD_RADIUS,[]
q03_right_edge_hard_l3_2_1787300436692737190,q03,right_edge,46,kinematic,smac_hybrid_reeds_shepp,forward,0.0715324809611824,full_grid_fallback,IN_PLACE_ROTATION_FORBIDDEN_OR_HARD_RADIUS,[]
q03_right_edge_hard_l3_2_1787300436692737190,q03,right_edge,47,kinematic,smac_hybrid_reeds_shepp,forward,0.0715324809611824,full_grid_fallback,IN_PLACE_ROTATION_FORBIDDEN_OR_HARD_RADIUS,[]
q03_right_edge_hard_l3_2_1787300436692737190,q03,right_edge,48,kinematic,smac_hybrid_reeds_shepp,forward,0.07152948906504994,full_grid_fallback,IN_PLACE_ROTATION_FORBIDDEN_OR_HARD_RADIUS,[]
q03_right_edge_hard_l3_2_1787300436692737190,q03,right_edge,49,kinematic,smac_hybrid_reeds_shepp,forward,0.0715324809611824,full_grid_fallback,IN_PLACE_ROTATION_FORBIDDEN_OR_HARD_RADIUS,[]
q03_right_edge_hard_l3_2_1787300436692737190,q03,right_edge,50,kinematic,smac_hybrid_reeds_shepp,forward,0.0715324809611824,full_grid_fallback,IN_PLACE_ROTATION_FORBIDDEN_OR_HARD_RADIUS,[]
q03_right_edge_hard_l3_2_1787300436692737190,q03,right_edge,51,kinematic,smac_hybrid_reeds_shepp,forward,0.07152960298694915,full_grid_fallback,IN_PLACE_ROTATION_FORBIDDEN_OR_HARD_RADIUS,[]
q03_right_edge_hard_l3_2_1787300436692737190,q03,right_edge,52,kinematic,smac_hybrid_reeds_shepp,forward,0.07143710626821391,full_grid_fallback,IN_PLACE_ROTATION_FORBIDDEN_OR_HARD_RADIUS,[]
q03_right_edge_hard_l3_3_1787300436966052914,q03,right_edge,0,grid,grid_astar,mixed,51.63797421138447,full_grid_fallback,,
q03_right_edge_hard_l3_3_1787300436966052914,q03,right_edge,1,kinematic,smac_hybrid_reeds_shepp,forward,0.07164659031120255,full_grid_fallback,IN_PLACE_ROTATION_FORBIDDEN_OR_HARD_RADIUS,[]
q03_right_edge_hard_l3_3_1787300436966052914,q03,right_edge,2,kinematic,smac_hybrid_reeds_shepp,forward,0.07172570722720024,full_grid_fallback,IN_PLACE_ROTATION_FORBIDDEN_OR_HARD_RADIUS,[]
q03_right_edge_hard_l3_3_1787300436966052914,q03,right_edge,3,kinematic,smac_hybrid_reeds_shepp,forward,0.07172752639780948,full_grid_fallback,IN_PLACE_ROTATION_FORBIDDEN_OR_HARD_RADIUS,[]
q03_right_edge_hard_l3_3_1787300436966052914,q03,right_edge,4,kinematic,smac_hybrid_reeds_shepp,forward,0.07172570722720024,full_grid_fallback,IN_PLACE_ROTATION_FORBIDDEN_OR_HARD_RADIUS,[]
q03_right_edge_hard_l3_3_1787300436966052914,q03,right_edge,5,kinematic,smac_hybrid_reeds_shepp,forward,0.07172570722720024,full_grid_fallback,IN_PLACE_ROTATION_FORBIDDEN_OR_HARD_RADIUS,[]
q03_right_edge_hard_l3_3_1787300436966052914,q03,right_edge,6,kinematic,smac_hybrid_reeds_shepp,forward,0.07172752639780948,full_grid_fallback,IN_PLACE_ROTATION_FORBIDDEN_OR_HARD_RADIUS,[]
q03_right_edge_hard_l3_3_1787300436966052914,q03,right_edge,7,kinematic,smac_hybrid_reeds_shepp,forward,0.07172570722720024,full_grid_fallback,IN_PLACE_ROTATION_FORBIDDEN_OR_HARD_RADIUS,[]
q03_right_edge_hard_l3_3_1787300436966052914,q03,right_edge,8,kinematic,smac_hybrid_reeds_shepp,forward,0.07172752639780948,full_grid_fallback,IN_PLACE_ROTATION_FORBIDDEN_OR_HARD_RADIUS,[]
q03_right_edge_hard_l3_3_1787300436966052914,q03,right_edge,9,kinematic,smac_hybrid_reeds_shepp,forward,0.07172570722720024,full_grid_fallback,IN_PLACE_ROTATION_FORBIDDEN_OR_HARD_RADIUS,[]
q03_right_edge_hard_l3_3_1787300436966052914,q03,right_edge,10,kinematic,smac_hybrid_reeds_shepp,forward,0.07172752639780948,full_grid_fallback,IN_PLACE_ROTATION_FORBIDDEN_OR_HARD_RADIUS,[]
q03_right_edge_hard_l3_3_1787300436966052914,q03,right_edge,11,kinematic,smac_hybrid_reeds_shepp,forward,0.07172815755567585,full_grid_fallback,IN_PLACE_ROTATION_FORBIDDEN_OR_HARD_RADIUS,[]
q03_right_edge_hard_l3_3_1787300436966052914,q03,right_edge,12,kinematic,smac_hybrid_reeds_shepp,forward,0.07172570722720024,full_grid_fallback,IN_PLACE_ROTATION_FORBIDDEN_OR_HARD_RADIUS,[]
q03_right_edge_hard_l3_3_1787300436966052914,q03,right_edge,13,kinematic,smac_hybrid_reeds_shepp,forward,0.07172752639780948,full_grid_fallback,IN_PLACE_ROTATION_FORBIDDEN_OR_HARD_RADIUS,[]
q03_right_edge_hard_l3_3_1787300436966052914,q03,right_edge,14,kinematic,smac_hybrid_reeds_shepp,forward,0.07172570722720024,full_grid_fallback,IN_PLACE_ROTATION_FORBIDDEN_OR_HARD_RADIUS,[]
q03_right_edge_hard_l3_3_1787300436966052914,q03,right_edge,15,kinematic,smac_hybrid_reeds_shepp,forward,0.07172752639780948,full_grid_fallback,IN_PLACE_ROTATION_FORBIDDEN_OR_HARD_RADIUS,[]
q03_right_edge_hard_l3_3_1787300436966052914,q03,right_edge,16,kinematic,smac_hybrid_reeds_shepp,forward,0.07172570722720024,full_grid_fallback,IN_PLACE_ROTATION_FORBIDDEN_OR_HARD_RADIUS,[]
q03_right_edge_hard_l3_3_1787300436966052914,q03,right_edge,17,kinematic,smac_hybrid_reeds_shepp,forward,0.07172752639780948,full_grid_fallback,IN_PLACE_ROTATION_FORBIDDEN_OR_HARD_RADIUS,[]
q03_right_edge_hard_l3_3_1787300436966052914,q03,right_edge,18,kinematic,smac_hybrid_reeds_shepp,forward,0.07172570722720024,full_grid_fallback,IN_PLACE_ROTATION_FORBIDDEN_OR_HARD_RADIUS,[]
q03_right_edge_hard_l3_3_1787300436966052914,q03,right_edge,19,kinematic,smac_hybrid_reeds_shepp,forward,0.07172752639780948,full_grid_fallback,IN_PLACE_ROTATION_FORBIDDEN_OR_HARD_RADIUS,[]
q03_right_edge_hard_l3_3_1787300436966052914,q03,right_edge,20,kinematic,smac_hybrid_reeds_shepp,forward,0.07172570722720024,full_grid_fallback,IN_PLACE_ROTATION_FORBIDDEN_OR_HARD_RADIUS,[]
q03_right_edge_hard_l3_3_1787300436966052914,q03,right_edge,21,kinematic,smac_hybrid_reeds_shepp,forward,0.07172570722720024,full_grid_fallback,IN_PLACE_ROTATION_FORBIDDEN_OR_HARD_RADIUS,[]
q03_right_edge_hard_l3_3_1787300436966052914,q03,right_edge,22,kinematic,smac_hybrid_reeds_shepp,forward,0.0716479172205571,full_grid_fallback,IN_PLACE_ROTATION_FORBIDDEN_OR_HARD_RADIUS,[]
q03_right_edge_hard_l3_3_1787300436966052914,q03,right_edge,23,kinematic,smac_hybrid_reeds_shepp,forward,0.0716295094235115,full_grid_fallback,IN_PLACE_ROTATION_FORBIDDEN_OR_HARD_RADIUS,[]
q03_right_edge_hard_l3_3_1787300436966052914,q03,right_edge,24,kinematic,smac_hybrid_reeds_shepp,forward,0.07163180312407832,full_grid_fallback,IN_PLACE_ROTATION_FORBIDDEN_OR_HARD_RADIUS,[]
q03_right_edge_hard_l3_3_1787300436966052914,q03,right_edge,25,kinematic,smac_hybrid_reeds_shepp,forward,0.07163166712800893,full_grid_fallback,IN_PLACE_ROTATION_FORBIDDEN_OR_HARD_RADIUS,[]
q03_right_edge_hard_l3_3_1787300436966052914,q03,right_edge,26,kinematic,smac_hybrid_reeds_shepp,forward,0.07163096114044022,full_grid_fallback,IN_PLACE_ROTATION_FORBIDDEN_OR_HARD_RADIUS,[]
q03_right_edge_hard_l3_3_1787300436966052914,q03,right_edge,27,kinematic,smac_hybrid_reeds_shepp,forward,0.07163059650748757,full_grid_fallback,IN_PLACE_ROTATION_FORBIDDEN_OR_HARD_RADIUS,[]
q03_right_edge_hard_l3_3_1787300436966052914,q03,right_edge,28,kinematic,smac_hybrid_reeds_shepp,forward,0.07162929658143322,full_grid_fallback,IN_PLACE_ROTATION_FORBIDDEN_OR_HARD_RADIUS,[]
q03_right_edge_hard_l3_3_1787300436966052914,q03,right_edge,29,kinematic,smac_hybrid_reeds_shepp,forward,0.07162967324777143,full_grid_fallback,IN_PLACE_ROTATION_FORBIDDEN_OR_HARD_RADIUS,[]
q03_right_edge_hard_l3_3_1787300436966052914,q03,right_edge,30,kinematic,smac_hybrid_reeds_shepp,forward,0.06474865282732338,full_grid_fallback,IN_PLACE_ROTATION_FORBIDDEN_OR_HARD_RADIUS,[]
q03_right_edge_hard_l3_3_1787300436966052914,q03,right_edge,31,kinematic,smac_hybrid_reeds_shepp,reverse,0.07162976023050002,full_grid_fallback,IN_PLACE_ROTATION_FORBIDDEN_OR_HARD_RADIUS,[]
q03_right_edge_hard_l3_3_1787300436966052914,q03,right_edge,32,kinematic,smac_hybrid_reeds_shepp,reverse,0.07163109304232947,full_grid_fallback,IN_PLACE_ROTATION_FORBIDDEN_OR_HARD_RADIUS,[]
q03_right_edge_hard_l3_3_1787300436966052914,q03,right_edge,33,kinematic,smac_hybrid_reeds_shepp,reverse,0.07162936555689804,full_grid_fallback,IN_PLACE_ROTATION_FORBIDDEN_OR_HARD_RADIUS,[]
q03_right_edge_hard_l3_3_1787300436966052914,q03,right_edge,34,kinematic,smac_hybrid_reeds_shepp,reverse,0.07163106430867099,full_grid_fallback,IN_PLACE_ROTATION_FORBIDDEN_OR_HARD_RADIUS,[]
q03_right_edge_hard_l3_3_1787300436966052914,q03,right_edge,35,kinematic,smac_hybrid_reeds_shepp,reverse,0.07143647384254913,full_grid_fallback,IN_PLACE_ROTATION_FORBIDDEN_OR_HARD_RADIUS,[]
q03_right_edge_hard_l3_3_1787300436966052914,q03,right_edge,36,kinematic,smac_hybrid_reeds_shepp,reverse,0.0142656128269456,full_grid_fallback,IN_PLACE_ROTATION_FORBIDDEN_OR_HARD_RADIUS,[]
q03_right_edge_hard_l3_3_1787300436966052914,q03,right_edge,37,kinematic,smac_hybrid_reeds_shepp,forward,0.07143628685806924,full_grid_fallback,IN_PLACE_ROTATION_FORBIDDEN_OR_HARD_RADIUS,[]
q03_right_edge_hard_l3_3_1787300436966052914,q03,right_edge,38,kinematic,smac_hybrid_reeds_shepp,forward,0.07143661627244159,full_grid_fallback,IN_PLACE_ROTATION_FORBIDDEN_OR_HARD_RADIUS,[]
q03_right_edge_hard_l3_3_1787300436966052914,q03,right_edge,39,kinematic,smac_hybrid_reeds_shepp,forward,0.07143606037054771,full_grid_fallback,IN_PLACE_ROTATION_FORBIDDEN_OR_HARD_RADIUS,[]
q03_right_edge_hard_l3_3_1787300436966052914,q03,right_edge,40,kinematic,smac_hybrid_reeds_shepp,forward,0.07143539163905374,full_grid_fallback,IN_PLACE_ROTATION_FORBIDDEN_OR_HARD_RADIUS,[]
q03_right_edge_hard_l3_3_1787300436966052914,q03,right_edge,41,kinematic,smac_hybrid_reeds_shepp,forward,0.07143653915826047,full_grid_fallback,IN_PLACE_ROTATION_FORBIDDEN_OR_HARD_RADIUS,[]
q03_right_edge_hard_l3_3_1787300436966052914,q03,right_edge,42,kinematic,smac_hybrid_reeds_shepp,forward,0.0714360746788179,full_grid_fallback,IN_PLACE_ROTATION_FORBIDDEN_OR_HARD_RADIUS,[]
q03_right_edge_hard_l3_3_1787300436966052914,q03,right_edge,43,kinematic,smac_hybrid_reeds_shepp,forward,0.07143735698071146,full_grid_fallback,IN_PLACE_ROTATION_FORBIDDEN_OR_HARD_RADIUS,[]
q03_right_edge_hard_l3_3_1787300436966052914,q03,right_edge,44,kinematic,smac_hybrid_reeds_shepp,forward,0.07143703951488026,full_grid_fallback,IN_PLACE_ROTATION_FORBIDDEN_OR_HARD_RADIUS,[]
q03_right_edge_hard_l3_3_1787300436966052914,q03,right_edge,45,kinematic,smac_hybrid_reeds_shepp,forward,0.07151379112687373,full_grid_fallback,IN_PLACE_ROTATION_FORBIDDEN_OR_HARD_RADIUS,[]
q03_right_edge_hard_l3_3_1787300436966052914,q03,right_edge,46,kinematic,smac_hybrid_reeds_shepp,forward,0.0715324809611824,full_grid_fallback,IN_PLACE_ROTATION_FORBIDDEN_OR_HARD_RADIUS,[]
q03_right_edge_hard_l3_3_1787300436966052914,q03,right_edge,47,kinematic,smac_hybrid_reeds_shepp,forward,0.0715324809611824,full_grid_fallback,IN_PLACE_ROTATION_FORBIDDEN_OR_HARD_RADIUS,[]
q03_right_edge_hard_l3_3_1787300436966052914,q03,right_edge,48,kinematic,smac_hybrid_reeds_shepp,forward,0.07152948906504994,full_grid_fallback,IN_PLACE_ROTATION_FORBIDDEN_OR_HARD_RADIUS,[]
q03_right_edge_hard_l3_3_1787300436966052914,q03,right_edge,49,kinematic,smac_hybrid_reeds_shepp,forward,0.0715324809611824,full_grid_fallback,IN_PLACE_ROTATION_FORBIDDEN_OR_HARD_RADIUS,[]
q03_right_edge_hard_l3_3_1787300436966052914,q03,right_edge,50,kinematic,smac_hybrid_reeds_shepp,forward,0.0715324809611824,full_grid_fallback,IN_PLACE_ROTATION_FORBIDDEN_OR_HARD_RADIUS,[]
q03_right_edge_hard_l3_3_1787300436966052914,q03,right_edge,51,kinematic,smac_hybrid_reeds_shepp,forward,0.07152960298694915,full_grid_fallback,IN_PLACE_ROTATION_FORBIDDEN_OR_HARD_RADIUS,[]
q03_right_edge_hard_l3_3_1787300436966052914,q03,right_edge,52,kinematic,smac_hybrid_reeds_shepp,forward,0.07143710626821391,full_grid_fallback,IN_PLACE_ROTATION_FORBIDDEN_OR_HARD_RADIUS,[]
q03_right_edge_hard_l3_4_1787300437242605971,q03,right_edge,0,grid,grid_astar,mixed,51.63797421138447,full_grid_fallback,,
q03_right_edge_hard_l3_4_1787300437242605971,q03,right_edge,1,kinematic,smac_hybrid_reeds_shepp,forward,0.07164659031120255,full_grid_fallback,IN_PLACE_ROTATION_FORBIDDEN_OR_HARD_RADIUS,[]
q03_right_edge_hard_l3_4_1787300437242605971,q03,right_edge,2,kinematic,smac_hybrid_reeds_shepp,forward,0.07172570722720024,full_grid_fallback,IN_PLACE_ROTATION_FORBIDDEN_OR_HARD_RADIUS,[]
q03_right_edge_hard_l3_4_1787300437242605971,q03,right_edge,3,kinematic,smac_hybrid_reeds_shepp,forward,0.07172752639780948,full_grid_fallback,IN_PLACE_ROTATION_FORBIDDEN_OR_HARD_RADIUS,[]
q03_right_edge_hard_l3_4_1787300437242605971,q03,right_edge,4,kinematic,smac_hybrid_reeds_shepp,forward,0.07172570722720024,full_grid_fallback,IN_PLACE_ROTATION_FORBIDDEN_OR_HARD_RADIUS,[]
q03_right_edge_hard_l3_4_1787300437242605971,q03,right_edge,5,kinematic,smac_hybrid_reeds_shepp,forward,0.07172570722720024,full_grid_fallback,IN_PLACE_ROTATION_FORBIDDEN_OR_HARD_RADIUS,[]
q03_right_edge_hard_l3_4_1787300437242605971,q03,right_edge,6,kinematic,smac_hybrid_reeds_shepp,forward,0.07172752639780948,full_grid_fallback,IN_PLACE_ROTATION_FORBIDDEN_OR_HARD_RADIUS,[]
q03_right_edge_hard_l3_4_1787300437242605971,q03,right_edge,7,kinematic,smac_hybrid_reeds_shepp,forward,0.07172570722720024,full_grid_fallback,IN_PLACE_ROTATION_FORBIDDEN_OR_HARD_RADIUS,[]
q03_right_edge_hard_l3_4_1787300437242605971,q03,right_edge,8,kinematic,smac_hybrid_reeds_shepp,forward,0.07172752639780948,full_grid_fallback,IN_PLACE_ROTATION_FORBIDDEN_OR_HARD_RADIUS,[]
q03_right_edge_hard_l3_4_1787300437242605971,q03,right_edge,9,kinematic,smac_hybrid_reeds_shepp,forward,0.07172570722720024,full_grid_fallback,IN_PLACE_ROTATION_FORBIDDEN_OR_HARD_RADIUS,[]
q03_right_edge_hard_l3_4_1787300437242605971,q03,right_edge,10,kinematic,smac_hybrid_reeds_shepp,forward,0.07172752639780948,full_grid_fallback,IN_PLACE_ROTATION_FORBIDDEN_OR_HARD_RADIUS,[]
q03_right_edge_hard_l3_4_1787300437242605971,q03,right_edge,11,kinematic,smac_hybrid_reeds_shepp,forward,0.07172815755567585,full_grid_fallback,IN_PLACE_ROTATION_FORBIDDEN_OR_HARD_RADIUS,[]
q03_right_edge_hard_l3_4_1787300437242605971,q03,right_edge,12,kinematic,smac_hybrid_reeds_shepp,forward,0.07172570722720024,full_grid_fallback,IN_PLACE_ROTATION_FORBIDDEN_OR_HARD_RADIUS,[]
q03_right_edge_hard_l3_4_1787300437242605971,q03,right_edge,13,kinematic,smac_hybrid_reeds_shepp,forward,0.07172752639780948,full_grid_fallback,IN_PLACE_ROTATION_FORBIDDEN_OR_HARD_RADIUS,[]
q03_right_edge_hard_l3_4_1787300437242605971,q03,right_edge,14,kinematic,smac_hybrid_reeds_shepp,forward,0.07172570722720024,full_grid_fallback,IN_PLACE_ROTATION_FORBIDDEN_OR_HARD_RADIUS,[]
q03_right_edge_hard_l3_4_1787300437242605971,q03,right_edge,15,kinematic,smac_hybrid_reeds_shepp,forward,0.07172752639780948,full_grid_fallback,IN_PLACE_ROTATION_FORBIDDEN_OR_HARD_RADIUS,[]
q03_right_edge_hard_l3_4_1787300437242605971,q03,right_edge,16,kinematic,smac_hybrid_reeds_shepp,forward,0.07172570722720024,full_grid_fallback,IN_PLACE_ROTATION_FORBIDDEN_OR_HARD_RADIUS,[]
q03_right_edge_hard_l3_4_1787300437242605971,q03,right_edge,17,kinematic,smac_hybrid_reeds_shepp,forward,0.07172752639780948,full_grid_fallback,IN_PLACE_ROTATION_FORBIDDEN_OR_HARD_RADIUS,[]
q03_right_edge_hard_l3_4_1787300437242605971,q03,right_edge,18,kinematic,smac_hybrid_reeds_shepp,forward,0.07172570722720024,full_grid_fallback,IN_PLACE_ROTATION_FORBIDDEN_OR_HARD_RADIUS,[]
q03_right_edge_hard_l3_4_1787300437242605971,q03,right_edge,19,kinematic,smac_hybrid_reeds_shepp,forward,0.07172752639780948,full_grid_fallback,IN_PLACE_ROTATION_FORBIDDEN_OR_HARD_RADIUS,[]
q03_right_edge_hard_l3_4_1787300437242605971,q03,right_edge,20,kinematic,smac_hybrid_reeds_shepp,forward,0.07172570722720024,full_grid_fallback,IN_PLACE_ROTATION_FORBIDDEN_OR_HARD_RADIUS,[]
q03_right_edge_hard_l3_4_1787300437242605971,q03,right_edge,21,kinematic,smac_hybrid_reeds_shepp,forward,0.07172570722720024,full_grid_fallback,IN_PLACE_ROTATION_FORBIDDEN_OR_HARD_RADIUS,[]
q03_right_edge_hard_l3_4_1787300437242605971,q03,right_edge,22,kinematic,smac_hybrid_reeds_shepp,forward,0.0716479172205571,full_grid_fallback,IN_PLACE_ROTATION_FORBIDDEN_OR_HARD_RADIUS,[]
q03_right_edge_hard_l3_4_1787300437242605971,q03,right_edge,23,kinematic,smac_hybrid_reeds_shepp,forward,0.0716295094235115,full_grid_fallback,IN_PLACE_ROTATION_FORBIDDEN_OR_HARD_RADIUS,[]
q03_right_edge_hard_l3_4_1787300437242605971,q03,right_edge,24,kinematic,smac_hybrid_reeds_shepp,forward,0.07163180312407832,full_grid_fallback,IN_PLACE_ROTATION_FORBIDDEN_OR_HARD_RADIUS,[]
q03_right_edge_hard_l3_4_1787300437242605971,q03,right_edge,25,kinematic,smac_hybrid_reeds_shepp,forward,0.07163166712800893,full_grid_fallback,IN_PLACE_ROTATION_FORBIDDEN_OR_HARD_RADIUS,[]
q03_right_edge_hard_l3_4_1787300437242605971,q03,right_edge,26,kinematic,smac_hybrid_reeds_shepp,forward,0.07163096114044022,full_grid_fallback,IN_PLACE_ROTATION_FORBIDDEN_OR_HARD_RADIUS,[]
q03_right_edge_hard_l3_4_1787300437242605971,q03,right_edge,27,kinematic,smac_hybrid_reeds_shepp,forward,0.07163059650748757,full_grid_fallback,IN_PLACE_ROTATION_FORBIDDEN_OR_HARD_RADIUS,[]
q03_right_edge_hard_l3_4_1787300437242605971,q03,right_edge,28,kinematic,smac_hybrid_reeds_shepp,forward,0.07162929658143322,full_grid_fallback,IN_PLACE_ROTATION_FORBIDDEN_OR_HARD_RADIUS,[]
q03_right_edge_hard_l3_4_1787300437242605971,q03,right_edge,29,kinematic,smac_hybrid_reeds_shepp,forward,0.07162967324777143,full_grid_fallback,IN_PLACE_ROTATION_FORBIDDEN_OR_HARD_RADIUS,[]
q03_right_edge_hard_l3_4_1787300437242605971,q03,right_edge,30,kinematic,smac_hybrid_reeds_shepp,forward,0.06474865282732338,full_grid_fallback,IN_PLACE_ROTATION_FORBIDDEN_OR_HARD_RADIUS,[]
q03_right_edge_hard_l3_4_1787300437242605971,q03,right_edge,31,kinematic,smac_hybrid_reeds_shepp,reverse,0.07162976023050002,full_grid_fallback,IN_PLACE_ROTATION_FORBIDDEN_OR_HARD_RADIUS,[]
q03_right_edge_hard_l3_4_1787300437242605971,q03,right_edge,32,kinematic,smac_hybrid_reeds_shepp,reverse,0.07163109304232947,full_grid_fallback,IN_PLACE_ROTATION_FORBIDDEN_OR_HARD_RADIUS,[]
q03_right_edge_hard_l3_4_1787300437242605971,q03,right_edge,33,kinematic,smac_hybrid_reeds_shepp,reverse,0.07162936555689804,full_grid_fallback,IN_PLACE_ROTATION_FORBIDDEN_OR_HARD_RADIUS,[]
q03_right_edge_hard_l3_4_1787300437242605971,q03,right_edge,34,kinematic,smac_hybrid_reeds_shepp,reverse,0.07163106430867099,full_grid_fallback,IN_PLACE_ROTATION_FORBIDDEN_OR_HARD_RADIUS,[]
q03_right_edge_hard_l3_4_1787300437242605971,q03,right_edge,35,kinematic,smac_hybrid_reeds_shepp,reverse,0.07143647384254913,full_grid_fallback,IN_PLACE_ROTATION_FORBIDDEN_OR_HARD_RADIUS,[]
q03_right_edge_hard_l3_4_1787300437242605971,q03,right_edge,36,kinematic,smac_hybrid_reeds_shepp,reverse,0.0142656128269456,full_grid_fallback,IN_PLACE_ROTATION_FORBIDDEN_OR_HARD_RADIUS,[]
q03_right_edge_hard_l3_4_1787300437242605971,q03,right_edge,37,kinematic,smac_hybrid_reeds_shepp,forward,0.07143628685806924,full_grid_fallback,IN_PLACE_ROTATION_FORBIDDEN_OR_HARD_RADIUS,[]
q03_right_edge_hard_l3_4_1787300437242605971,q03,right_edge,38,kinematic,smac_hybrid_reeds_shepp,forward,0.07143661627244159,full_grid_fallback,IN_PLACE_ROTATION_FORBIDDEN_OR_HARD_RADIUS,[]
q03_right_edge_hard_l3_4_1787300437242605971,q03,right_edge,39,kinematic,smac_hybrid_reeds_shepp,forward,0.07143606037054771,full_grid_fallback,IN_PLACE_ROTATION_FORBIDDEN_OR_HARD_RADIUS,[]
q03_right_edge_hard_l3_4_1787300437242605971,q03,right_edge,40,kinematic,smac_hybrid_reeds_shepp,forward,0.07143539163905374,full_grid_fallback,IN_PLACE_ROTATION_FORBIDDEN_OR_HARD_RADIUS,[]
q03_right_edge_hard_l3_4_1787300437242605971,q03,right_edge,41,kinematic,smac_hybrid_reeds_shepp,forward,0.07143653915826047,full_grid_fallback,IN_PLACE_ROTATION_FORBIDDEN_OR_HARD_RADIUS,[]
q03_right_edge_hard_l3_4_1787300437242605971,q03,right_edge,42,kinematic,smac_hybrid_reeds_shepp,forward,0.0714360746788179,full_grid_fallback,IN_PLACE_ROTATION_FORBIDDEN_OR_HARD_RADIUS,[]
q03_right_edge_hard_l3_4_1787300437242605971,q03,right_edge,43,kinematic,smac_hybrid_reeds_shepp,forward,0.07143735698071146,full_grid_fallback,IN_PLACE_ROTATION_FORBIDDEN_OR_HARD_RADIUS,[]
q03_right_edge_hard_l3_4_1787300437242605971,q03,right_edge,44,kinematic,smac_hybrid_reeds_shepp,forward,0.07143703951488026,full_grid_fallback,IN_PLACE_ROTATION_FORBIDDEN_OR_HARD_RADIUS,[]
q03_right_edge_hard_l3_4_1787300437242605971,q03,right_edge,45,kinematic,smac_hybrid_reeds_shepp,forward,0.07151379112687373,full_grid_fallback,IN_PLACE_ROTATION_FORBIDDEN_OR_HARD_RADIUS,[]
q03_right_edge_hard_l3_4_1787300437242605971,q03,right_edge,46,kinematic,smac_hybrid_reeds_shepp,forward,0.0715324809611824,full_grid_fallback,IN_PLACE_ROTATION_FORBIDDEN_OR_HARD_RADIUS,[]
q03_right_edge_hard_l3_4_1787300437242605971,q03,right_edge,47,kinematic,smac_hybrid_reeds_shepp,forward,0.0715324809611824,full_grid_fallback,IN_PLACE_ROTATION_FORBIDDEN_OR_HARD_RADIUS,[]
q03_right_edge_hard_l3_4_1787300437242605971,q03,right_edge,48,kinematic,smac_hybrid_reeds_shepp,forward,0.07152948906504994,full_grid_fallback,IN_PLACE_ROTATION_FORBIDDEN_OR_HARD_RADIUS,[]
q03_right_edge_hard_l3_4_1787300437242605971,q03,right_edge,49,kinematic,smac_hybrid_reeds_shepp,forward,0.0715324809611824,full_grid_fallback,IN_PLACE_ROTATION_FORBIDDEN_OR_HARD_RADIUS,[]
q03_right_edge_hard_l3_4_1787300437242605971,q03,right_edge,50,kinematic,smac_hybrid_reeds_shepp,forward,0.0715324809611824,full_grid_fallback,IN_PLACE_ROTATION_FORBIDDEN_OR_HARD_RADIUS,[]
q03_right_edge_hard_l3_4_1787300437242605971,q03,right_edge,51,kinematic,smac_hybrid_reeds_shepp,forward,0.07152960298694915,full_grid_fallback,IN_PLACE_ROTATION_FORBIDDEN_OR_HARD_RADIUS,[]
q03_right_edge_hard_l3_4_1787300437242605971,q03,right_edge,52,kinematic,smac_hybrid_reeds_shepp,forward,0.07143710626821391,full_grid_fallback,IN_PLACE_ROTATION_FORBIDDEN_OR_HARD_RADIUS,[]
q03_right_edge_hard_l3_5_1787300437522916464,q03,right_edge,0,grid,grid_astar,mixed,51.63797421138447,full_grid_fallback,,
q03_right_edge_hard_l3_5_1787300437522916464,q03,right_edge,1,kinematic,smac_hybrid_reeds_shepp,forward,0.07164659031120255,full_grid_fallback,IN_PLACE_ROTATION_FORBIDDEN_OR_HARD_RADIUS,[]
q03_right_edge_hard_l3_5_1787300437522916464,q03,right_edge,2,kinematic,smac_hybrid_reeds_shepp,forward,0.07172570722720024,full_grid_fallback,IN_PLACE_ROTATION_FORBIDDEN_OR_HARD_RADIUS,[]
q03_right_edge_hard_l3_5_1787300437522916464,q03,right_edge,3,kinematic,smac_hybrid_reeds_shepp,forward,0.07172752639780948,full_grid_fallback,IN_PLACE_ROTATION_FORBIDDEN_OR_HARD_RADIUS,[]
q03_right_edge_hard_l3_5_1787300437522916464,q03,right_edge,4,kinematic,smac_hybrid_reeds_shepp,forward,0.07172570722720024,full_grid_fallback,IN_PLACE_ROTATION_FORBIDDEN_OR_HARD_RADIUS,[]
q03_right_edge_hard_l3_5_1787300437522916464,q03,right_edge,5,kinematic,smac_hybrid_reeds_shepp,forward,0.07172570722720024,full_grid_fallback,IN_PLACE_ROTATION_FORBIDDEN_OR_HARD_RADIUS,[]
q03_right_edge_hard_l3_5_1787300437522916464,q03,right_edge,6,kinematic,smac_hybrid_reeds_shepp,forward,0.07172752639780948,full_grid_fallback,IN_PLACE_ROTATION_FORBIDDEN_OR_HARD_RADIUS,[]
q03_right_edge_hard_l3_5_1787300437522916464,q03,right_edge,7,kinematic,smac_hybrid_reeds_shepp,forward,0.07172570722720024,full_grid_fallback,IN_PLACE_ROTATION_FORBIDDEN_OR_HARD_RADIUS,[]
q03_right_edge_hard_l3_5_1787300437522916464,q03,right_edge,8,kinematic,smac_hybrid_reeds_shepp,forward,0.07172752639780948,full_grid_fallback,IN_PLACE_ROTATION_FORBIDDEN_OR_HARD_RADIUS,[]
q03_right_edge_hard_l3_5_1787300437522916464,q03,right_edge,9,kinematic,smac_hybrid_reeds_shepp,forward,0.07172570722720024,full_grid_fallback,IN_PLACE_ROTATION_FORBIDDEN_OR_HARD_RADIUS,[]
q03_right_edge_hard_l3_5_1787300437522916464,q03,right_edge,10,kinematic,smac_hybrid_reeds_shepp,forward,0.07172752639780948,full_grid_fallback,IN_PLACE_ROTATION_FORBIDDEN_OR_HARD_RADIUS,[]
q03_right_edge_hard_l3_5_1787300437522916464,q03,right_edge,11,kinematic,smac_hybrid_reeds_shepp,forward,0.07172815755567585,full_grid_fallback,IN_PLACE_ROTATION_FORBIDDEN_OR_HARD_RADIUS,[]
q03_right_edge_hard_l3_5_1787300437522916464,q03,right_edge,12,kinematic,smac_hybrid_reeds_shepp,forward,0.07172570722720024,full_grid_fallback,IN_PLACE_ROTATION_FORBIDDEN_OR_HARD_RADIUS,[]
q03_right_edge_hard_l3_5_1787300437522916464,q03,right_edge,13,kinematic,smac_hybrid_reeds_shepp,forward,0.07172752639780948,full_grid_fallback,IN_PLACE_ROTATION_FORBIDDEN_OR_HARD_RADIUS,[]
q03_right_edge_hard_l3_5_1787300437522916464,q03,right_edge,14,kinematic,smac_hybrid_reeds_shepp,forward,0.07172570722720024,full_grid_fallback,IN_PLACE_ROTATION_FORBIDDEN_OR_HARD_RADIUS,[]
q03_right_edge_hard_l3_5_1787300437522916464,q03,right_edge,15,kinematic,smac_hybrid_reeds_shepp,forward,0.07172752639780948,full_grid_fallback,IN_PLACE_ROTATION_FORBIDDEN_OR_HARD_RADIUS,[]
q03_right_edge_hard_l3_5_1787300437522916464,q03,right_edge,16,kinematic,smac_hybrid_reeds_shepp,forward,0.07172570722720024,full_grid_fallback,IN_PLACE_ROTATION_FORBIDDEN_OR_HARD_RADIUS,[]
q03_right_edge_hard_l3_5_1787300437522916464,q03,right_edge,17,kinematic,smac_hybrid_reeds_shepp,forward,0.07172752639780948,full_grid_fallback,IN_PLACE_ROTATION_FORBIDDEN_OR_HARD_RADIUS,[]
q03_right_edge_hard_l3_5_1787300437522916464,q03,right_edge,18,kinematic,smac_hybrid_reeds_shepp,forward,0.07172570722720024,full_grid_fallback,IN_PLACE_ROTATION_FORBIDDEN_OR_HARD_RADIUS,[]
q03_right_edge_hard_l3_5_1787300437522916464,q03,right_edge,19,kinematic,smac_hybrid_reeds_shepp,forward,0.07172752639780948,full_grid_fallback,IN_PLACE_ROTATION_FORBIDDEN_OR_HARD_RADIUS,[]
q03_right_edge_hard_l3_5_1787300437522916464,q03,right_edge,20,kinematic,smac_hybrid_reeds_shepp,forward,0.07172570722720024,full_grid_fallback,IN_PLACE_ROTATION_FORBIDDEN_OR_HARD_RADIUS,[]
q03_right_edge_hard_l3_5_1787300437522916464,q03,right_edge,21,kinematic,smac_hybrid_reeds_shepp,forward,0.07172570722720024,full_grid_fallback,IN_PLACE_ROTATION_FORBIDDEN_OR_HARD_RADIUS,[]
q03_right_edge_hard_l3_5_1787300437522916464,q03,right_edge,22,kinematic,smac_hybrid_reeds_shepp,forward,0.0716479172205571,full_grid_fallback,IN_PLACE_ROTATION_FORBIDDEN_OR_HARD_RADIUS,[]
q03_right_edge_hard_l3_5_1787300437522916464,q03,right_edge,23,kinematic,smac_hybrid_reeds_shepp,forward,0.0716295094235115,full_grid_fallback,IN_PLACE_ROTATION_FORBIDDEN_OR_HARD_RADIUS,[]
q03_right_edge_hard_l3_5_1787300437522916464,q03,right_edge,24,kinematic,smac_hybrid_reeds_shepp,forward,0.07163180312407832,full_grid_fallback,IN_PLACE_ROTATION_FORBIDDEN_OR_HARD_RADIUS,[]
q03_right_edge_hard_l3_5_1787300437522916464,q03,right_edge,25,kinematic,smac_hybrid_reeds_shepp,forward,0.07163166712800893,full_grid_fallback,IN_PLACE_ROTATION_FORBIDDEN_OR_HARD_RADIUS,[]
q03_right_edge_hard_l3_5_1787300437522916464,q03,right_edge,26,kinematic,smac_hybrid_reeds_shepp,forward,0.07163096114044022,full_grid_fallback,IN_PLACE_ROTATION_FORBIDDEN_OR_HARD_RADIUS,[]
q03_right_edge_hard_l3_5_1787300437522916464,q03,right_edge,27,kinematic,smac_hybrid_reeds_shepp,forward,0.07163059650748757,full_grid_fallback,IN_PLACE_ROTATION_FORBIDDEN_OR_HARD_RADIUS,[]
q03_right_edge_hard_l3_5_1787300437522916464,q03,right_edge,28,kinematic,smac_hybrid_reeds_shepp,forward,0.07162929658143322,full_grid_fallback,IN_PLACE_ROTATION_FORBIDDEN_OR_HARD_RADIUS,[]
q03_right_edge_hard_l3_5_1787300437522916464,q03,right_edge,29,kinematic,smac_hybrid_reeds_shepp,forward,0.07162967324777143,full_grid_fallback,IN_PLACE_ROTATION_FORBIDDEN_OR_HARD_RADIUS,[]
q03_right_edge_hard_l3_5_1787300437522916464,q03,right_edge,30,kinematic,smac_hybrid_reeds_shepp,forward,0.06474865282732338,full_grid_fallback,IN_PLACE_ROTATION_FORBIDDEN_OR_HARD_RADIUS,[]
q03_right_edge_hard_l3_5_1787300437522916464,q03,right_edge,31,kinematic,smac_hybrid_reeds_shepp,reverse,0.07162976023050002,full_grid_fallback,IN_PLACE_ROTATION_FORBIDDEN_OR_HARD_RADIUS,[]
q03_right_edge_hard_l3_5_1787300437522916464,q03,right_edge,32,kinematic,smac_hybrid_reeds_shepp,reverse,0.07163109304232947,full_grid_fallback,IN_PLACE_ROTATION_FORBIDDEN_OR_HARD_RADIUS,[]
q03_right_edge_hard_l3_5_1787300437522916464,q03,right_edge,33,kinematic,smac_hybrid_reeds_shepp,reverse,0.07162936555689804,full_grid_fallback,IN_PLACE_ROTATION_FORBIDDEN_OR_HARD_RADIUS,[]
q03_right_edge_hard_l3_5_1787300437522916464,q03,right_edge,34,kinematic,smac_hybrid_reeds_shepp,reverse,0.07163106430867099,full_grid_fallback,IN_PLACE_ROTATION_FORBIDDEN_OR_HARD_RADIUS,[]
q03_right_edge_hard_l3_5_1787300437522916464,q03,right_edge,35,kinematic,smac_hybrid_reeds_shepp,reverse,0.07143647384254913,full_grid_fallback,IN_PLACE_ROTATION_FORBIDDEN_OR_HARD_RADIUS,[]
q03_right_edge_hard_l3_5_1787300437522916464,q03,right_edge,36,kinematic,smac_hybrid_reeds_shepp,reverse,0.0142656128269456,full_grid_fallback,IN_PLACE_ROTATION_FORBIDDEN_OR_HARD_RADIUS,[]
q03_right_edge_hard_l3_5_1787300437522916464,q03,right_edge,37,kinematic,smac_hybrid_reeds_shepp,forward,0.07143628685806924,full_grid_fallback,IN_PLACE_ROTATION_FORBIDDEN_OR_HARD_RADIUS,[]
q03_right_edge_hard_l3_5_1787300437522916464,q03,right_edge,38,kinematic,smac_hybrid_reeds_shepp,forward,0.07143661627244159,full_grid_fallback,IN_PLACE_ROTATION_FORBIDDEN_OR_HARD_RADIUS,[]
q03_right_edge_hard_l3_5_1787300437522916464,q03,right_edge,39,kinematic,smac_hybrid_reeds_shepp,forward,0.07143606037054771,full_grid_fallback,IN_PLACE_ROTATION_FORBIDDEN_OR_HARD_RADIUS,[]
q03_right_edge_hard_l3_5_1787300437522916464,q03,right_edge,40,kinematic,smac_hybrid_reeds_shepp,forward,0.07143539163905374,full_grid_fallback,IN_PLACE_ROTATION_FORBIDDEN_OR_HARD_RADIUS,[]
q03_right_edge_hard_l3_5_1787300437522916464,q03,right_edge,41,kinematic,smac_hybrid_reeds_shepp,forward,0.07143653915826047,full_grid_fallback,IN_PLACE_ROTATION_FORBIDDEN_OR_HARD_RADIUS,[]
q03_right_edge_hard_l3_5_1787300437522916464,q03,right_edge,42,kinematic,smac_hybrid_reeds_shepp,forward,0.0714360746788179,full_grid_fallback,IN_PLACE_ROTATION_FORBIDDEN_OR_HARD_RADIUS,[]
q03_right_edge_hard_l3_5_1787300437522916464,q03,right_edge,43,kinematic,smac_hybrid_reeds_shepp,forward,0.07143735698071146,full_grid_fallback,IN_PLACE_ROTATION_FORBIDDEN_OR_HARD_RADIUS,[]
q03_right_edge_hard_l3_5_1787300437522916464,q03,right_edge,44,kinematic,smac_hybrid_reeds_shepp,forward,0.07143703951488026,full_grid_fallback,IN_PLACE_ROTATION_FORBIDDEN_OR_HARD_RADIUS,[]
q03_right_edge_hard_l3_5_1787300437522916464,q03,right_edge,45,kinematic,smac_hybrid_reeds_shepp,forward,0.07151379112687373,full_grid_fallback,IN_PLACE_ROTATION_FORBIDDEN_OR_HARD_RADIUS,[]
q03_right_edge_hard_l3_5_1787300437522916464,q03,right_edge,46,kinematic,smac_hybrid_reeds_shepp,forward,0.0715324809611824,full_grid_fallback,IN_PLACE_ROTATION_FORBIDDEN_OR_HARD_RADIUS,[]
q03_right_edge_hard_l3_5_1787300437522916464,q03,right_edge,47,kinematic,smac_hybrid_reeds_shepp,forward,0.0715324809611824,full_grid_fallback,IN_PLACE_ROTATION_FORBIDDEN_OR_HARD_RADIUS,[]
q03_right_edge_hard_l3_5_1787300437522916464,q03,right_edge,48,kinematic,smac_hybrid_reeds_shepp,forward,0.07152948906504994,full_grid_fallback,IN_PLACE_ROTATION_FORBIDDEN_OR_HARD_RADIUS,[]
q03_right_edge_hard_l3_5_1787300437522916464,q03,right_edge,49,kinematic,smac_hybrid_reeds_shepp,forward,0.0715324809611824,full_grid_fallback,IN_PLACE_ROTATION_FORBIDDEN_OR_HARD_RADIUS,[]
q03_right_edge_hard_l3_5_1787300437522916464,q03,right_edge,50,kinematic,smac_hybrid_reeds_shepp,forward,0.0715324809611824,full_grid_fallback,IN_PLACE_ROTATION_FORBIDDEN_OR_HARD_RADIUS,[]
q03_right_edge_hard_l3_5_1787300437522916464,q03,right_edge,51,kinematic,smac_hybrid_reeds_shepp,forward,0.07152960298694915,full_grid_fallback,IN_PLACE_ROTATION_FORBIDDEN_OR_HARD_RADIUS,[]
q03_right_edge_hard_l3_5_1787300437522916464,q03,right_edge,52,kinematic,smac_hybrid_reeds_shepp,forward,0.07143710626821391,full_grid_fallback,IN_PLACE_ROTATION_FORBIDDEN_OR_HARD_RADIUS,[]
q05_right_edge_hard_l3_1_1787300437638762091,q05,right_edge,0,grid,grid_astar,mixed,14.45269076680096,corridor,,
q05_right_edge_hard_l3_1_1787300437638762091,q05,right_edge,1,kinematic,smac_hybrid_reeds_shepp,forward,0.0713328184016071,corridor,IN_PLACE_ROTATION_FORBIDDEN_OR_HARD_RADIUS,[]
q05_right_edge_hard_l3_1_1787300437638762091,q05,right_edge,2,kinematic,smac_hybrid_reeds_shepp,forward,0.07139261221139966,corridor,IN_PLACE_ROTATION_FORBIDDEN_OR_HARD_RADIUS,[]
q05_right_edge_hard_l3_1_1787300437638762091,q05,right_edge,3,kinematic,smac_hybrid_reeds_shepp,forward,0.07142884956253587,corridor,IN_PLACE_ROTATION_FORBIDDEN_OR_HARD_RADIUS,[]
q05_right_edge_hard_l3_1_1787300437638762091,q05,right_edge,4,kinematic,smac_hybrid_reeds_shepp,forward,0.07142728843775877,corridor,IN_PLACE_ROTATION_FORBIDDEN_OR_HARD_RADIUS,[]
q05_right_edge_hard_l3_1_1787300437638762091,q05,right_edge,5,kinematic,smac_hybrid_reeds_shepp,forward,0.07142728843775877,corridor,IN_PLACE_ROTATION_FORBIDDEN_OR_HARD_RADIUS,[]
q05_right_edge_hard_l3_1_1787300437638762091,q05,right_edge,6,kinematic,smac_hybrid_reeds_shepp,forward,0.07142884956253587,corridor,IN_PLACE_ROTATION_FORBIDDEN_OR_HARD_RADIUS,[]
q05_right_edge_hard_l3_1_1787300437638762091,q05,right_edge,7,kinematic,smac_hybrid_reeds_shepp,forward,0.07142728843775877,corridor,IN_PLACE_ROTATION_FORBIDDEN_OR_HARD_RADIUS,[]
q05_right_edge_hard_l3_1_1787300437638762091,q05,right_edge,8,kinematic,smac_hybrid_reeds_shepp,forward,0.07138212983123596,corridor,IN_PLACE_ROTATION_FORBIDDEN_OR_HARD_RADIUS,[]
q05_right_edge_hard_l3_1_1787300437638762091,q05,right_edge,9,kinematic,smac_hybrid_reeds_shepp,forward,0.07133269356556021,corridor,IN_PLACE_ROTATION_FORBIDDEN_OR_HARD_RADIUS,[]
q05_right_edge_hard_l3_1_1787300437638762091,q05,right_edge,10,kinematic,smac_hybrid_reeds_shepp,forward,0.07133330858814042,corridor,IN_PLACE_ROTATION_FORBIDDEN_OR_HARD_RADIUS,[]
q05_right_edge_hard_l3_1_1787300437638762091,q05,right_edge,11,kinematic,smac_hybrid_reeds_shepp,forward,0.07133259014531708,corridor,IN_PLACE_ROTATION_FORBIDDEN_OR_HARD_RADIUS,[]
q05_right_edge_hard_l3_1_1787300437638762091,q05,right_edge,12,kinematic,smac_hybrid_reeds_shepp,forward,0.07133296198094692,corridor,IN_PLACE_ROTATION_FORBIDDEN_OR_HARD_RADIUS,[]
q05_right_edge_hard_l3_1_1787300437638762091,q05,right_edge,13,kinematic,smac_hybrid_reeds_shepp,forward,0.07133390476424069,corridor,IN_PLACE_ROTATION_FORBIDDEN_OR_HARD_RADIUS,[]
q05_right_edge_hard_l3_1_1787300437638762091,q05,right_edge,14,kinematic,smac_hybrid_reeds_shepp,forward,0.07133328904912421,corridor,IN_PLACE_ROTATION_FORBIDDEN_OR_HARD_RADIUS,[]
q05_right_edge_hard_l3_1_1787300437638762091,q05,right_edge,15,kinematic,smac_hybrid_reeds_shepp,forward,0.07133199969886383,corridor,IN_PLACE_ROTATION_FORBIDDEN_OR_HARD_RADIUS,[]
q05_right_edge_hard_l3_1_1787300437638762091,q05,right_edge,16,kinematic,smac_hybrid_reeds_shepp,forward,0.07133159378143246,corridor,IN_PLACE_ROTATION_FORBIDDEN_OR_HARD_RADIUS,[]
q05_right_edge_hard_l3_1_1787300437638762091,q05,right_edge,17,kinematic,smac_hybrid_reeds_shepp,reverse,0.043852410255613795,corridor,IN_PLACE_ROTATION_FORBIDDEN_OR_HARD_RADIUS,[]
q05_right_edge_hard_l3_1_1787300437638762091,q05,right_edge,18,kinematic,smac_hybrid_reeds_shepp,reverse,0.0713336158873241,corridor,IN_PLACE_ROTATION_FORBIDDEN_OR_HARD_RADIUS,[]
q05_right_edge_hard_l3_1_1787300437638762091,q05,right_edge,19,kinematic,smac_hybrid_reeds_shepp,reverse,0.07133162967385069,corridor,IN_PLACE_ROTATION_FORBIDDEN_OR_HARD_RADIUS,[]
q05_right_edge_hard_l3_1_1787300437638762091,q05,right_edge,20,kinematic,smac_hybrid_reeds_shepp,reverse,0.07253663325241454,corridor,IN_PLACE_ROTATION_FORBIDDEN_OR_HARD_RADIUS,[]
q05_right_edge_hard_l3_1_1787300437638762091,q05,right_edge,21,kinematic,smac_hybrid_reeds_shepp,reverse,0.07253599584050736,corridor,IN_PLACE_ROTATION_FORBIDDEN_OR_HARD_RADIUS,[]
q05_right_edge_hard_l3_1_1787300437638762091,q05,right_edge,22,kinematic,smac_hybrid_reeds_shepp,reverse,0.07253488801584586,corridor,IN_PLACE_ROTATION_FORBIDDEN_OR_HARD_RADIUS,[]
q05_right_edge_hard_l3_1_1787300437638762091,q05,right_edge,23,kinematic,smac_hybrid_reeds_shepp,reverse,0.07253512092672978,corridor,IN_PLACE_ROTATION_FORBIDDEN_OR_HARD_RADIUS,[]
q05_right_edge_hard_l3_1_1787300437638762091,q05,right_edge,24,kinematic,smac_hybrid_reeds_shepp,reverse,0.0725362752906915,corridor,IN_PLACE_ROTATION_FORBIDDEN_OR_HARD_RADIUS,[]
q05_right_edge_hard_l3_1_1787300437638762091,q05,right_edge,25,kinematic,smac_hybrid_reeds_shepp,reverse,0.07253538585151892,corridor,IN_PLACE_ROTATION_FORBIDDEN_OR_HARD_RADIUS,[]
q05_right_edge_hard_l3_1_1787300437638762091,q05,right_edge,26,kinematic,smac_hybrid_reeds_shepp,reverse,0.007818840074276218,corridor,IN_PLACE_ROTATION_FORBIDDEN_OR_HARD_RADIUS,[]
q05_right_edge_hard_l3_1_1787300437638762091,q05,right_edge,27,kinematic,smac_hybrid_reeds_shepp,forward,0.07253662164885877,corridor,IN_PLACE_ROTATION_FORBIDDEN_OR_HARD_RADIUS,[]
q05_right_edge_hard_l3_1_1787300437638762091,q05,right_edge,28,kinematic,smac_hybrid_reeds_shepp,forward,0.07253653875479987,corridor,IN_PLACE_ROTATION_FORBIDDEN_OR_HARD_RADIUS,[]
q05_right_edge_hard_l3_1_1787300437638762091,q05,right_edge,29,kinematic,smac_hybrid_reeds_shepp,forward,0.0725360289020946,corridor,IN_PLACE_ROTATION_FORBIDDEN_OR_HARD_RADIUS,[]
q05_right_edge_hard_l3_1_1787300437638762091,q05,right_edge,30,kinematic,smac_hybrid_reeds_shepp,forward,0.07253599938740651,corridor,IN_PLACE_ROTATION_FORBIDDEN_OR_HARD_RADIUS,[]
q05_right_edge_hard_l3_1_1787300437638762091,q05,right_edge,31,kinematic,smac_hybrid_reeds_shepp,forward,0.07253560982128723,corridor,IN_PLACE_ROTATION_FORBIDDEN_OR_HARD_RADIUS,[]
q05_right_edge_hard_l3_1_1787300437638762091,q05,right_edge,32,kinematic,smac_hybrid_reeds_shepp,forward,0.07253633377816918,corridor,IN_PLACE_ROTATION_FORBIDDEN_OR_HARD_RADIUS,[]
q05_right_edge_hard_l3_1_1787300437638762091,q05,right_edge,33,kinematic,smac_hybrid_reeds_shepp,forward,0.07253493556667297,corridor,IN_PLACE_ROTATION_FORBIDDEN_OR_HARD_RADIUS,[]
q05_right_edge_hard_l3_1_1787300437638762091,q05,right_edge,34,kinematic,smac_hybrid_reeds_shepp,forward,0.07253783279408224,corridor,IN_PLACE_ROTATION_FORBIDDEN_OR_HARD_RADIUS,[]
q05_right_edge_hard_l3_1_1787300437638762091,q05,right_edge,35,kinematic,smac_hybrid_reeds_shepp,forward,0.07263164891330395,corridor,IN_PLACE_ROTATION_FORBIDDEN_OR_HARD_RADIUS,[]
q05_right_edge_hard_l3_1_1787300437638762091,q05,right_edge,36,kinematic,smac_hybrid_reeds_shepp,forward,0.07263470077923717,corridor,IN_PLACE_ROTATION_FORBIDDEN_OR_HARD_RADIUS,[]
q05_right_edge_hard_l3_1_1787300437638762091,q05,right_edge,37,kinematic,smac_hybrid_reeds_shepp,forward,0.07263764091399742,corridor,IN_PLACE_ROTATION_FORBIDDEN_OR_HARD_RADIUS,[]
q05_right_edge_hard_l3_1_1787300437638762091,q05,right_edge,38,kinematic,smac_hybrid_reeds_shepp,forward,0.07263470077923717,corridor,IN_PLACE_ROTATION_FORBIDDEN_OR_HARD_RADIUS,[]
q05_right_edge_hard_l3_1_1787300437638762091,q05,right_edge,39,kinematic,smac_hybrid_reeds_shepp,forward,0.07253691058165983,corridor,IN_PLACE_ROTATION_FORBIDDEN_OR_HARD_RADIUS,[]
q05_right_edge_hard_l3_2_1787300437751499020,q05,right_edge,0,grid,grid_astar,mixed,14.45269076680096,corridor,,
q05_right_edge_hard_l3_2_1787300437751499020,q05,right_edge,1,kinematic,smac_hybrid_reeds_shepp,forward,0.0713328184016071,corridor,IN_PLACE_ROTATION_FORBIDDEN_OR_HARD_RADIUS,[]
q05_right_edge_hard_l3_2_1787300437751499020,q05,right_edge,2,kinematic,smac_hybrid_reeds_shepp,forward,0.07139261221139966,corridor,IN_PLACE_ROTATION_FORBIDDEN_OR_HARD_RADIUS,[]
q05_right_edge_hard_l3_2_1787300437751499020,q05,right_edge,3,kinematic,smac_hybrid_reeds_shepp,forward,0.07142884956253587,corridor,IN_PLACE_ROTATION_FORBIDDEN_OR_HARD_RADIUS,[]
q05_right_edge_hard_l3_2_1787300437751499020,q05,right_edge,4,kinematic,smac_hybrid_reeds_shepp,forward,0.07142728843775877,corridor,IN_PLACE_ROTATION_FORBIDDEN_OR_HARD_RADIUS,[]
q05_right_edge_hard_l3_2_1787300437751499020,q05,right_edge,5,kinematic,smac_hybrid_reeds_shepp,forward,0.07142728843775877,corridor,IN_PLACE_ROTATION_FORBIDDEN_OR_HARD_RADIUS,[]
q05_right_edge_hard_l3_2_1787300437751499020,q05,right_edge,6,kinematic,smac_hybrid_reeds_shepp,forward,0.07142884956253587,corridor,IN_PLACE_ROTATION_FORBIDDEN_OR_HARD_RADIUS,[]
q05_right_edge_hard_l3_2_1787300437751499020,q05,right_edge,7,kinematic,smac_hybrid_reeds_shepp,forward,0.07142728843775877,corridor,IN_PLACE_ROTATION_FORBIDDEN_OR_HARD_RADIUS,[]
q05_right_edge_hard_l3_2_1787300437751499020,q05,right_edge,8,kinematic,smac_hybrid_reeds_shepp,forward,0.07138212983123596,corridor,IN_PLACE_ROTATION_FORBIDDEN_OR_HARD_RADIUS,[]
q05_right_edge_hard_l3_2_1787300437751499020,q05,right_edge,9,kinematic,smac_hybrid_reeds_shepp,forward,0.07133269356556021,corridor,IN_PLACE_ROTATION_FORBIDDEN_OR_HARD_RADIUS,[]
q05_right_edge_hard_l3_2_1787300437751499020,q05,right_edge,10,kinematic,smac_hybrid_reeds_shepp,forward,0.07133330858814042,corridor,IN_PLACE_ROTATION_FORBIDDEN_OR_HARD_RADIUS,[]
q05_right_edge_hard_l3_2_1787300437751499020,q05,right_edge,11,kinematic,smac_hybrid_reeds_shepp,forward,0.07133259014531708,corridor,IN_PLACE_ROTATION_FORBIDDEN_OR_HARD_RADIUS,[]
q05_right_edge_hard_l3_2_1787300437751499020,q05,right_edge,12,kinematic,smac_hybrid_reeds_shepp,forward,0.07133296198094692,corridor,IN_PLACE_ROTATION_FORBIDDEN_OR_HARD_RADIUS,[]
q05_right_edge_hard_l3_2_1787300437751499020,q05,right_edge,13,kinematic,smac_hybrid_reeds_shepp,forward,0.07133390476424069,corridor,IN_PLACE_ROTATION_FORBIDDEN_OR_HARD_RADIUS,[]
q05_right_edge_hard_l3_2_1787300437751499020,q05,right_edge,14,kinematic,smac_hybrid_reeds_shepp,forward,0.07133328904912421,corridor,IN_PLACE_ROTATION_FORBIDDEN_OR_HARD_RADIUS,[]
q05_right_edge_hard_l3_2_1787300437751499020,q05,right_edge,15,kinematic,smac_hybrid_reeds_shepp,forward,0.07133199969886383,corridor,IN_PLACE_ROTATION_FORBIDDEN_OR_HARD_RADIUS,[]
q05_right_edge_hard_l3_2_1787300437751499020,q05,right_edge,16,kinematic,smac_hybrid_reeds_shepp,forward,0.07133159378143246,corridor,IN_PLACE_ROTATION_FORBIDDEN_OR_HARD_RADIUS,[]
q05_right_edge_hard_l3_2_1787300437751499020,q05,right_edge,17,kinematic,smac_hybrid_reeds_shepp,reverse,0.043852410255613795,corridor,IN_PLACE_ROTATION_FORBIDDEN_OR_HARD_RADIUS,[]
q05_right_edge_hard_l3_2_1787300437751499020,q05,right_edge,18,kinematic,smac_hybrid_reeds_shepp,reverse,0.0713336158873241,corridor,IN_PLACE_ROTATION_FORBIDDEN_OR_HARD_RADIUS,[]
q05_right_edge_hard_l3_2_1787300437751499020,q05,right_edge,19,kinematic,smac_hybrid_reeds_shepp,reverse,0.07133162967385069,corridor,IN_PLACE_ROTATION_FORBIDDEN_OR_HARD_RADIUS,[]
q05_right_edge_hard_l3_2_1787300437751499020,q05,right_edge,20,kinematic,smac_hybrid_reeds_shepp,reverse,0.07253663325241454,corridor,IN_PLACE_ROTATION_FORBIDDEN_OR_HARD_RADIUS,[]
q05_right_edge_hard_l3_2_1787300437751499020,q05,right_edge,21,kinematic,smac_hybrid_reeds_shepp,reverse,0.07253599584050736,corridor,IN_PLACE_ROTATION_FORBIDDEN_OR_HARD_RADIUS,[]
q05_right_edge_hard_l3_2_1787300437751499020,q05,right_edge,22,kinematic,smac_hybrid_reeds_shepp,reverse,0.07253488801584586,corridor,IN_PLACE_ROTATION_FORBIDDEN_OR_HARD_RADIUS,[]
q05_right_edge_hard_l3_2_1787300437751499020,q05,right_edge,23,kinematic,smac_hybrid_reeds_shepp,reverse,0.07253512092672978,corridor,IN_PLACE_ROTATION_FORBIDDEN_OR_HARD_RADIUS,[]
q05_right_edge_hard_l3_2_1787300437751499020,q05,right_edge,24,kinematic,smac_hybrid_reeds_shepp,reverse,0.0725362752906915,corridor,IN_PLACE_ROTATION_FORBIDDEN_OR_HARD_RADIUS,[]
q05_right_edge_hard_l3_2_1787300437751499020,q05,right_edge,25,kinematic,smac_hybrid_reeds_shepp,reverse,0.07253538585151892,corridor,IN_PLACE_ROTATION_FORBIDDEN_OR_HARD_RADIUS,[]
q05_right_edge_hard_l3_2_1787300437751499020,q05,right_edge,26,kinematic,smac_hybrid_reeds_shepp,reverse,0.007818840074276218,corridor,IN_PLACE_ROTATION_FORBIDDEN_OR_HARD_RADIUS,[]
q05_right_edge_hard_l3_2_1787300437751499020,q05,right_edge,27,kinematic,smac_hybrid_reeds_shepp,forward,0.07253662164885877,corridor,IN_PLACE_ROTATION_FORBIDDEN_OR_HARD_RADIUS,[]
q05_right_edge_hard_l3_2_1787300437751499020,q05,right_edge,28,kinematic,smac_hybrid_reeds_shepp,forward,0.07253653875479987,corridor,IN_PLACE_ROTATION_FORBIDDEN_OR_HARD_RADIUS,[]
q05_right_edge_hard_l3_2_1787300437751499020,q05,right_edge,29,kinematic,smac_hybrid_reeds_shepp,forward,0.0725360289020946,corridor,IN_PLACE_ROTATION_FORBIDDEN_OR_HARD_RADIUS,[]
q05_right_edge_hard_l3_2_1787300437751499020,q05,right_edge,30,kinematic,smac_hybrid_reeds_shepp,forward,0.07253599938740651,corridor,IN_PLACE_ROTATION_FORBIDDEN_OR_HARD_RADIUS,[]
q05_right_edge_hard_l3_2_1787300437751499020,q05,right_edge,31,kinematic,smac_hybrid_reeds_shepp,forward,0.07253560982128723,corridor,IN_PLACE_ROTATION_FORBIDDEN_OR_HARD_RADIUS,[]
q05_right_edge_hard_l3_2_1787300437751499020,q05,right_edge,32,kinematic,smac_hybrid_reeds_shepp,forward,0.07253633377816918,corridor,IN_PLACE_ROTATION_FORBIDDEN_OR_HARD_RADIUS,[]
q05_right_edge_hard_l3_2_1787300437751499020,q05,right_edge,33,kinematic,smac_hybrid_reeds_shepp,forward,0.07253493556667297,corridor,IN_PLACE_ROTATION_FORBIDDEN_OR_HARD_RADIUS,[]
q05_right_edge_hard_l3_2_1787300437751499020,q05,right_edge,34,kinematic,smac_hybrid_reeds_shepp,forward,0.07253783279408224,corridor,IN_PLACE_ROTATION_FORBIDDEN_OR_HARD_RADIUS,[]
q05_right_edge_hard_l3_2_1787300437751499020,q05,right_edge,35,kinematic,smac_hybrid_reeds_shepp,forward,0.07263164891330395,corridor,IN_PLACE_ROTATION_FORBIDDEN_OR_HARD_RADIUS,[]
q05_right_edge_hard_l3_2_1787300437751499020,q05,right_edge,36,kinematic,smac_hybrid_reeds_shepp,forward,0.07263470077923717,corridor,IN_PLACE_ROTATION_FORBIDDEN_OR_HARD_RADIUS,[]
q05_right_edge_hard_l3_2_1787300437751499020,q05,right_edge,37,kinematic,smac_hybrid_reeds_shepp,forward,0.07263764091399742,corridor,IN_PLACE_ROTATION_FORBIDDEN_OR_HARD_RADIUS,[]
q05_right_edge_hard_l3_2_1787300437751499020,q05,right_edge,38,kinematic,smac_hybrid_reeds_shepp,forward,0.07263470077923717,corridor,IN_PLACE_ROTATION_FORBIDDEN_OR_HARD_RADIUS,[]
q05_right_edge_hard_l3_2_1787300437751499020,q05,right_edge,39,kinematic,smac_hybrid_reeds_shepp,forward,0.07253691058165983,corridor,IN_PLACE_ROTATION_FORBIDDEN_OR_HARD_RADIUS,[]
q05_right_edge_hard_l3_3_1787300437861727896,q05,right_edge,0,grid,grid_astar,mixed,14.45269076680096,corridor,,
q05_right_edge_hard_l3_3_1787300437861727896,q05,right_edge,1,kinematic,smac_hybrid_reeds_shepp,forward,0.0713328184016071,corridor,IN_PLACE_ROTATION_FORBIDDEN_OR_HARD_RADIUS,[]
q05_right_edge_hard_l3_3_1787300437861727896,q05,right_edge,2,kinematic,smac_hybrid_reeds_shepp,forward,0.07139261221139966,corridor,IN_PLACE_ROTATION_FORBIDDEN_OR_HARD_RADIUS,[]
q05_right_edge_hard_l3_3_1787300437861727896,q05,right_edge,3,kinematic,smac_hybrid_reeds_shepp,forward,0.07142884956253587,corridor,IN_PLACE_ROTATION_FORBIDDEN_OR_HARD_RADIUS,[]
q05_right_edge_hard_l3_3_1787300437861727896,q05,right_edge,4,kinematic,smac_hybrid_reeds_shepp,forward,0.07142728843775877,corridor,IN_PLACE_ROTATION_FORBIDDEN_OR_HARD_RADIUS,[]
q05_right_edge_hard_l3_3_1787300437861727896,q05,right_edge,5,kinematic,smac_hybrid_reeds_shepp,forward,0.07142728843775877,corridor,IN_PLACE_ROTATION_FORBIDDEN_OR_HARD_RADIUS,[]
q05_right_edge_hard_l3_3_1787300437861727896,q05,right_edge,6,kinematic,smac_hybrid_reeds_shepp,forward,0.07142884956253587,corridor,IN_PLACE_ROTATION_FORBIDDEN_OR_HARD_RADIUS,[]
q05_right_edge_hard_l3_3_1787300437861727896,q05,right_edge,7,kinematic,smac_hybrid_reeds_shepp,forward,0.07142728843775877,corridor,IN_PLACE_ROTATION_FORBIDDEN_OR_HARD_RADIUS,[]
q05_right_edge_hard_l3_3_1787300437861727896,q05,right_edge,8,kinematic,smac_hybrid_reeds_shepp,forward,0.07138212983123596,corridor,IN_PLACE_ROTATION_FORBIDDEN_OR_HARD_RADIUS,[]
q05_right_edge_hard_l3_3_1787300437861727896,q05,right_edge,9,kinematic,smac_hybrid_reeds_shepp,forward,0.07133269356556021,corridor,IN_PLACE_ROTATION_FORBIDDEN_OR_HARD_RADIUS,[]
q05_right_edge_hard_l3_3_1787300437861727896,q05,right_edge,10,kinematic,smac_hybrid_reeds_shepp,forward,0.07133330858814042,corridor,IN_PLACE_ROTATION_FORBIDDEN_OR_HARD_RADIUS,[]
q05_right_edge_hard_l3_3_1787300437861727896,q05,right_edge,11,kinematic,smac_hybrid_reeds_shepp,forward,0.07133259014531708,corridor,IN_PLACE_ROTATION_FORBIDDEN_OR_HARD_RADIUS,[]
q05_right_edge_hard_l3_3_1787300437861727896,q05,right_edge,12,kinematic,smac_hybrid_reeds_shepp,forward,0.07133296198094692,corridor,IN_PLACE_ROTATION_FORBIDDEN_OR_HARD_RADIUS,[]
q05_right_edge_hard_l3_3_1787300437861727896,q05,right_edge,13,kinematic,smac_hybrid_reeds_shepp,forward,0.07133390476424069,corridor,IN_PLACE_ROTATION_FORBIDDEN_OR_HARD_RADIUS,[]
q05_right_edge_hard_l3_3_1787300437861727896,q05,right_edge,14,kinematic,smac_hybrid_reeds_shepp,forward,0.07133328904912421,corridor,IN_PLACE_ROTATION_FORBIDDEN_OR_HARD_RADIUS,[]
q05_right_edge_hard_l3_3_1787300437861727896,q05,right_edge,15,kinematic,smac_hybrid_reeds_shepp,forward,0.07133199969886383,corridor,IN_PLACE_ROTATION_FORBIDDEN_OR_HARD_RADIUS,[]
q05_right_edge_hard_l3_3_1787300437861727896,q05,right_edge,16,kinematic,smac_hybrid_reeds_shepp,forward,0.07133159378143246,corridor,IN_PLACE_ROTATION_FORBIDDEN_OR_HARD_RADIUS,[]
q05_right_edge_hard_l3_3_1787300437861727896,q05,right_edge,17,kinematic,smac_hybrid_reeds_shepp,reverse,0.043852410255613795,corridor,IN_PLACE_ROTATION_FORBIDDEN_OR_HARD_RADIUS,[]
q05_right_edge_hard_l3_3_1787300437861727896,q05,right_edge,18,kinematic,smac_hybrid_reeds_shepp,reverse,0.0713336158873241,corridor,IN_PLACE_ROTATION_FORBIDDEN_OR_HARD_RADIUS,[]
q05_right_edge_hard_l3_3_1787300437861727896,q05,right_edge,19,kinematic,smac_hybrid_reeds_shepp,reverse,0.07133162967385069,corridor,IN_PLACE_ROTATION_FORBIDDEN_OR_HARD_RADIUS,[]
q05_right_edge_hard_l3_3_1787300437861727896,q05,right_edge,20,kinematic,smac_hybrid_reeds_shepp,reverse,0.07253663325241454,corridor,IN_PLACE_ROTATION_FORBIDDEN_OR_HARD_RADIUS,[]
q05_right_edge_hard_l3_3_1787300437861727896,q05,right_edge,21,kinematic,smac_hybrid_reeds_shepp,reverse,0.07253599584050736,corridor,IN_PLACE_ROTATION_FORBIDDEN_OR_HARD_RADIUS,[]
q05_right_edge_hard_l3_3_1787300437861727896,q05,right_edge,22,kinematic,smac_hybrid_reeds_shepp,reverse,0.07253488801584586,corridor,IN_PLACE_ROTATION_FORBIDDEN_OR_HARD_RADIUS,[]
q05_right_edge_hard_l3_3_1787300437861727896,q05,right_edge,23,kinematic,smac_hybrid_reeds_shepp,reverse,0.07253512092672978,corridor,IN_PLACE_ROTATION_FORBIDDEN_OR_HARD_RADIUS,[]
q05_right_edge_hard_l3_3_1787300437861727896,q05,right_edge,24,kinematic,smac_hybrid_reeds_shepp,reverse,0.0725362752906915,corridor,IN_PLACE_ROTATION_FORBIDDEN_OR_HARD_RADIUS,[]
q05_right_edge_hard_l3_3_1787300437861727896,q05,right_edge,25,kinematic,smac_hybrid_reeds_shepp,reverse,0.07253538585151892,corridor,IN_PLACE_ROTATION_FORBIDDEN_OR_HARD_RADIUS,[]
q05_right_edge_hard_l3_3_1787300437861727896,q05,right_edge,26,kinematic,smac_hybrid_reeds_shepp,reverse,0.007818840074276218,corridor,IN_PLACE_ROTATION_FORBIDDEN_OR_HARD_RADIUS,[]
q05_right_edge_hard_l3_3_1787300437861727896,q05,right_edge,27,kinematic,smac_hybrid_reeds_shepp,forward,0.07253662164885877,corridor,IN_PLACE_ROTATION_FORBIDDEN_OR_HARD_RADIUS,[]
q05_right_edge_hard_l3_3_1787300437861727896,q05,right_edge,28,kinematic,smac_hybrid_reeds_shepp,forward,0.07253653875479987,corridor,IN_PLACE_ROTATION_FORBIDDEN_OR_HARD_RADIUS,[]
q05_right_edge_hard_l3_3_1787300437861727896,q05,right_edge,29,kinematic,smac_hybrid_reeds_shepp,forward,0.0725360289020946,corridor,IN_PLACE_ROTATION_FORBIDDEN_OR_HARD_RADIUS,[]
q05_right_edge_hard_l3_3_1787300437861727896,q05,right_edge,30,kinematic,smac_hybrid_reeds_shepp,forward,0.07253599938740651,corridor,IN_PLACE_ROTATION_FORBIDDEN_OR_HARD_RADIUS,[]
q05_right_edge_hard_l3_3_1787300437861727896,q05,right_edge,31,kinematic,smac_hybrid_reeds_shepp,forward,0.07253560982128723,corridor,IN_PLACE_ROTATION_FORBIDDEN_OR_HARD_RADIUS,[]
q05_right_edge_hard_l3_3_1787300437861727896,q05,right_edge,32,kinematic,smac_hybrid_reeds_shepp,forward,0.07253633377816918,corridor,IN_PLACE_ROTATION_FORBIDDEN_OR_HARD_RADIUS,[]
q05_right_edge_hard_l3_3_1787300437861727896,q05,right_edge,33,kinematic,smac_hybrid_reeds_shepp,forward,0.07253493556667297,corridor,IN_PLACE_ROTATION_FORBIDDEN_OR_HARD_RADIUS,[]
q05_right_edge_hard_l3_3_1787300437861727896,q05,right_edge,34,kinematic,smac_hybrid_reeds_shepp,forward,0.07253783279408224,corridor,IN_PLACE_ROTATION_FORBIDDEN_OR_HARD_RADIUS,[]
q05_right_edge_hard_l3_3_1787300437861727896,q05,right_edge,35,kinematic,smac_hybrid_reeds_shepp,forward,0.07263164891330395,corridor,IN_PLACE_ROTATION_FORBIDDEN_OR_HARD_RADIUS,[]
q05_right_edge_hard_l3_3_1787300437861727896,q05,right_edge,36,kinematic,smac_hybrid_reeds_shepp,forward,0.07263470077923717,corridor,IN_PLACE_ROTATION_FORBIDDEN_OR_HARD_RADIUS,[]
q05_right_edge_hard_l3_3_1787300437861727896,q05,right_edge,37,kinematic,smac_hybrid_reeds_shepp,forward,0.07263764091399742,corridor,IN_PLACE_ROTATION_FORBIDDEN_OR_HARD_RADIUS,[]
q05_right_edge_hard_l3_3_1787300437861727896,q05,right_edge,38,kinematic,smac_hybrid_reeds_shepp,forward,0.07263470077923717,corridor,IN_PLACE_ROTATION_FORBIDDEN_OR_HARD_RADIUS,[]
q05_right_edge_hard_l3_3_1787300437861727896,q05,right_edge,39,kinematic,smac_hybrid_reeds_shepp,forward,0.07253691058165983,corridor,IN_PLACE_ROTATION_FORBIDDEN_OR_HARD_RADIUS,[]
q05_right_edge_hard_l3_4_1787300437970624106,q05,right_edge,0,grid,grid_astar,mixed,14.45269076680096,corridor,,
q05_right_edge_hard_l3_4_1787300437970624106,q05,right_edge,1,kinematic,smac_hybrid_reeds_shepp,forward,0.0713328184016071,corridor,IN_PLACE_ROTATION_FORBIDDEN_OR_HARD_RADIUS,[]
q05_right_edge_hard_l3_4_1787300437970624106,q05,right_edge,2,kinematic,smac_hybrid_reeds_shepp,forward,0.07139261221139966,corridor,IN_PLACE_ROTATION_FORBIDDEN_OR_HARD_RADIUS,[]
q05_right_edge_hard_l3_4_1787300437970624106,q05,right_edge,3,kinematic,smac_hybrid_reeds_shepp,forward,0.07142884956253587,corridor,IN_PLACE_ROTATION_FORBIDDEN_OR_HARD_RADIUS,[]
q05_right_edge_hard_l3_4_1787300437970624106,q05,right_edge,4,kinematic,smac_hybrid_reeds_shepp,forward,0.07142728843775877,corridor,IN_PLACE_ROTATION_FORBIDDEN_OR_HARD_RADIUS,[]
q05_right_edge_hard_l3_4_1787300437970624106,q05,right_edge,5,kinematic,smac_hybrid_reeds_shepp,forward,0.07142728843775877,corridor,IN_PLACE_ROTATION_FORBIDDEN_OR_HARD_RADIUS,[]
q05_right_edge_hard_l3_4_1787300437970624106,q05,right_edge,6,kinematic,smac_hybrid_reeds_shepp,forward,0.07142884956253587,corridor,IN_PLACE_ROTATION_FORBIDDEN_OR_HARD_RADIUS,[]
q05_right_edge_hard_l3_4_1787300437970624106,q05,right_edge,7,kinematic,smac_hybrid_reeds_shepp,forward,0.07142728843775877,corridor,IN_PLACE_ROTATION_FORBIDDEN_OR_HARD_RADIUS,[]
q05_right_edge_hard_l3_4_1787300437970624106,q05,right_edge,8,kinematic,smac_hybrid_reeds_shepp,forward,0.07138212983123596,corridor,IN_PLACE_ROTATION_FORBIDDEN_OR_HARD_RADIUS,[]
q05_right_edge_hard_l3_4_1787300437970624106,q05,right_edge,9,kinematic,smac_hybrid_reeds_shepp,forward,0.07133269356556021,corridor,IN_PLACE_ROTATION_FORBIDDEN_OR_HARD_RADIUS,[]
q05_right_edge_hard_l3_4_1787300437970624106,q05,right_edge,10,kinematic,smac_hybrid_reeds_shepp,forward,0.07133330858814042,corridor,IN_PLACE_ROTATION_FORBIDDEN_OR_HARD_RADIUS,[]
q05_right_edge_hard_l3_4_1787300437970624106,q05,right_edge,11,kinematic,smac_hybrid_reeds_shepp,forward,0.07133259014531708,corridor,IN_PLACE_ROTATION_FORBIDDEN_OR_HARD_RADIUS,[]
q05_right_edge_hard_l3_4_1787300437970624106,q05,right_edge,12,kinematic,smac_hybrid_reeds_shepp,forward,0.07133296198094692,corridor,IN_PLACE_ROTATION_FORBIDDEN_OR_HARD_RADIUS,[]
q05_right_edge_hard_l3_4_1787300437970624106,q05,right_edge,13,kinematic,smac_hybrid_reeds_shepp,forward,0.07133390476424069,corridor,IN_PLACE_ROTATION_FORBIDDEN_OR_HARD_RADIUS,[]
q05_right_edge_hard_l3_4_1787300437970624106,q05,right_edge,14,kinematic,smac_hybrid_reeds_shepp,forward,0.07133328904912421,corridor,IN_PLACE_ROTATION_FORBIDDEN_OR_HARD_RADIUS,[]
q05_right_edge_hard_l3_4_1787300437970624106,q05,right_edge,15,kinematic,smac_hybrid_reeds_shepp,forward,0.07133199969886383,corridor,IN_PLACE_ROTATION_FORBIDDEN_OR_HARD_RADIUS,[]
q05_right_edge_hard_l3_4_1787300437970624106,q05,right_edge,16,kinematic,smac_hybrid_reeds_shepp,forward,0.07133159378143246,corridor,IN_PLACE_ROTATION_FORBIDDEN_OR_HARD_RADIUS,[]
q05_right_edge_hard_l3_4_1787300437970624106,q05,right_edge,17,kinematic,smac_hybrid_reeds_shepp,reverse,0.043852410255613795,corridor,IN_PLACE_ROTATION_FORBIDDEN_OR_HARD_RADIUS,[]
q05_right_edge_hard_l3_4_1787300437970624106,q05,right_edge,18,kinematic,smac_hybrid_reeds_shepp,reverse,0.0713336158873241,corridor,IN_PLACE_ROTATION_FORBIDDEN_OR_HARD_RADIUS,[]
q05_right_edge_hard_l3_4_1787300437970624106,q05,right_edge,19,kinematic,smac_hybrid_reeds_shepp,reverse,0.07133162967385069,corridor,IN_PLACE_ROTATION_FORBIDDEN_OR_HARD_RADIUS,[]
q05_right_edge_hard_l3_4_1787300437970624106,q05,right_edge,20,kinematic,smac_hybrid_reeds_shepp,reverse,0.07253663325241454,corridor,IN_PLACE_ROTATION_FORBIDDEN_OR_HARD_RADIUS,[]
q05_right_edge_hard_l3_4_1787300437970624106,q05,right_edge,21,kinematic,smac_hybrid_reeds_shepp,reverse,0.07253599584050736,corridor,IN_PLACE_ROTATION_FORBIDDEN_OR_HARD_RADIUS,[]
q05_right_edge_hard_l3_4_1787300437970624106,q05,right_edge,22,kinematic,smac_hybrid_reeds_shepp,reverse,0.07253488801584586,corridor,IN_PLACE_ROTATION_FORBIDDEN_OR_HARD_RADIUS,[]
q05_right_edge_hard_l3_4_1787300437970624106,q05,right_edge,23,kinematic,smac_hybrid_reeds_shepp,reverse,0.07253512092672978,corridor,IN_PLACE_ROTATION_FORBIDDEN_OR_HARD_RADIUS,[]
q05_right_edge_hard_l3_4_1787300437970624106,q05,right_edge,24,kinematic,smac_hybrid_reeds_shepp,reverse,0.0725362752906915,corridor,IN_PLACE_ROTATION_FORBIDDEN_OR_HARD_RADIUS,[]
q05_right_edge_hard_l3_4_1787300437970624106,q05,right_edge,25,kinematic,smac_hybrid_reeds_shepp,reverse,0.07253538585151892,corridor,IN_PLACE_ROTATION_FORBIDDEN_OR_HARD_RADIUS,[]
q05_right_edge_hard_l3_4_1787300437970624106,q05,right_edge,26,kinematic,smac_hybrid_reeds_shepp,reverse,0.007818840074276218,corridor,IN_PLACE_ROTATION_FORBIDDEN_OR_HARD_RADIUS,[]
q05_right_edge_hard_l3_4_1787300437970624106,q05,right_edge,27,kinematic,smac_hybrid_reeds_shepp,forward,0.07253662164885877,corridor,IN_PLACE_ROTATION_FORBIDDEN_OR_HARD_RADIUS,[]
q05_right_edge_hard_l3_4_1787300437970624106,q05,right_edge,28,kinematic,smac_hybrid_reeds_shepp,forward,0.07253653875479987,corridor,IN_PLACE_ROTATION_FORBIDDEN_OR_HARD_RADIUS,[]
q05_right_edge_hard_l3_4_1787300437970624106,q05,right_edge,29,kinematic,smac_hybrid_reeds_shepp,forward,0.0725360289020946,corridor,IN_PLACE_ROTATION_FORBIDDEN_OR_HARD_RADIUS,[]
q05_right_edge_hard_l3_4_1787300437970624106,q05,right_edge,30,kinematic,smac_hybrid_reeds_shepp,forward,0.07253599938740651,corridor,IN_PLACE_ROTATION_FORBIDDEN_OR_HARD_RADIUS,[]
q05_right_edge_hard_l3_4_1787300437970624106,q05,right_edge,31,kinematic,smac_hybrid_reeds_shepp,forward,0.07253560982128723,corridor,IN_PLACE_ROTATION_FORBIDDEN_OR_HARD_RADIUS,[]
q05_right_edge_hard_l3_4_1787300437970624106,q05,right_edge,32,kinematic,smac_hybrid_reeds_shepp,forward,0.07253633377816918,corridor,IN_PLACE_ROTATION_FORBIDDEN_OR_HARD_RADIUS,[]
q05_right_edge_hard_l3_4_1787300437970624106,q05,right_edge,33,kinematic,smac_hybrid_reeds_shepp,forward,0.07253493556667297,corridor,IN_PLACE_ROTATION_FORBIDDEN_OR_HARD_RADIUS,[]
q05_right_edge_hard_l3_4_1787300437970624106,q05,right_edge,34,kinematic,smac_hybrid_reeds_shepp,forward,0.07253783279408224,corridor,IN_PLACE_ROTATION_FORBIDDEN_OR_HARD_RADIUS,[]
q05_right_edge_hard_l3_4_1787300437970624106,q05,right_edge,35,kinematic,smac_hybrid_reeds_shepp,forward,0.07263164891330395,corridor,IN_PLACE_ROTATION_FORBIDDEN_OR_HARD_RADIUS,[]
q05_right_edge_hard_l3_4_1787300437970624106,q05,right_edge,36,kinematic,smac_hybrid_reeds_shepp,forward,0.07263470077923717,corridor,IN_PLACE_ROTATION_FORBIDDEN_OR_HARD_RADIUS,[]
q05_right_edge_hard_l3_4_1787300437970624106,q05,right_edge,37,kinematic,smac_hybrid_reeds_shepp,forward,0.07263764091399742,corridor,IN_PLACE_ROTATION_FORBIDDEN_OR_HARD_RADIUS,[]
q05_right_edge_hard_l3_4_1787300437970624106,q05,right_edge,38,kinematic,smac_hybrid_reeds_shepp,forward,0.07263470077923717,corridor,IN_PLACE_ROTATION_FORBIDDEN_OR_HARD_RADIUS,[]
q05_right_edge_hard_l3_4_1787300437970624106,q05,right_edge,39,kinematic,smac_hybrid_reeds_shepp,forward,0.07253691058165983,corridor,IN_PLACE_ROTATION_FORBIDDEN_OR_HARD_RADIUS,[]
q05_right_edge_hard_l3_5_1787300438076731279,q05,right_edge,0,grid,grid_astar,mixed,14.45269076680096,corridor,,
q05_right_edge_hard_l3_5_1787300438076731279,q05,right_edge,1,kinematic,smac_hybrid_reeds_shepp,forward,0.0713328184016071,corridor,IN_PLACE_ROTATION_FORBIDDEN_OR_HARD_RADIUS,[]
q05_right_edge_hard_l3_5_1787300438076731279,q05,right_edge,2,kinematic,smac_hybrid_reeds_shepp,forward,0.07139261221139966,corridor,IN_PLACE_ROTATION_FORBIDDEN_OR_HARD_RADIUS,[]
q05_right_edge_hard_l3_5_1787300438076731279,q05,right_edge,3,kinematic,smac_hybrid_reeds_shepp,forward,0.07142884956253587,corridor,IN_PLACE_ROTATION_FORBIDDEN_OR_HARD_RADIUS,[]
q05_right_edge_hard_l3_5_1787300438076731279,q05,right_edge,4,kinematic,smac_hybrid_reeds_shepp,forward,0.07142728843775877,corridor,IN_PLACE_ROTATION_FORBIDDEN_OR_HARD_RADIUS,[]
q05_right_edge_hard_l3_5_1787300438076731279,q05,right_edge,5,kinematic,smac_hybrid_reeds_shepp,forward,0.07142728843775877,corridor,IN_PLACE_ROTATION_FORBIDDEN_OR_HARD_RADIUS,[]
q05_right_edge_hard_l3_5_1787300438076731279,q05,right_edge,6,kinematic,smac_hybrid_reeds_shepp,forward,0.07142884956253587,corridor,IN_PLACE_ROTATION_FORBIDDEN_OR_HARD_RADIUS,[]
q05_right_edge_hard_l3_5_1787300438076731279,q05,right_edge,7,kinematic,smac_hybrid_reeds_shepp,forward,0.07142728843775877,corridor,IN_PLACE_ROTATION_FORBIDDEN_OR_HARD_RADIUS,[]
q05_right_edge_hard_l3_5_1787300438076731279,q05,right_edge,8,kinematic,smac_hybrid_reeds_shepp,forward,0.07138212983123596,corridor,IN_PLACE_ROTATION_FORBIDDEN_OR_HARD_RADIUS,[]
q05_right_edge_hard_l3_5_1787300438076731279,q05,right_edge,9,kinematic,smac_hybrid_reeds_shepp,forward,0.07133269356556021,corridor,IN_PLACE_ROTATION_FORBIDDEN_OR_HARD_RADIUS,[]
q05_right_edge_hard_l3_5_1787300438076731279,q05,right_edge,10,kinematic,smac_hybrid_reeds_shepp,forward,0.07133330858814042,corridor,IN_PLACE_ROTATION_FORBIDDEN_OR_HARD_RADIUS,[]
q05_right_edge_hard_l3_5_1787300438076731279,q05,right_edge,11,kinematic,smac_hybrid_reeds_shepp,forward,0.07133259014531708,corridor,IN_PLACE_ROTATION_FORBIDDEN_OR_HARD_RADIUS,[]
q05_right_edge_hard_l3_5_1787300438076731279,q05,right_edge,12,kinematic,smac_hybrid_reeds_shepp,forward,0.07133296198094692,corridor,IN_PLACE_ROTATION_FORBIDDEN_OR_HARD_RADIUS,[]
q05_right_edge_hard_l3_5_1787300438076731279,q05,right_edge,13,kinematic,smac_hybrid_reeds_shepp,forward,0.07133390476424069,corridor,IN_PLACE_ROTATION_FORBIDDEN_OR_HARD_RADIUS,[]
q05_right_edge_hard_l3_5_1787300438076731279,q05,right_edge,14,kinematic,smac_hybrid_reeds_shepp,forward,0.07133328904912421,corridor,IN_PLACE_ROTATION_FORBIDDEN_OR_HARD_RADIUS,[]
q05_right_edge_hard_l3_5_1787300438076731279,q05,right_edge,15,kinematic,smac_hybrid_reeds_shepp,forward,0.07133199969886383,corridor,IN_PLACE_ROTATION_FORBIDDEN_OR_HARD_RADIUS,[]
q05_right_edge_hard_l3_5_1787300438076731279,q05,right_edge,16,kinematic,smac_hybrid_reeds_shepp,forward,0.07133159378143246,corridor,IN_PLACE_ROTATION_FORBIDDEN_OR_HARD_RADIUS,[]
q05_right_edge_hard_l3_5_1787300438076731279,q05,right_edge,17,kinematic,smac_hybrid_reeds_shepp,reverse,0.043852410255613795,corridor,IN_PLACE_ROTATION_FORBIDDEN_OR_HARD_RADIUS,[]
q05_right_edge_hard_l3_5_1787300438076731279,q05,right_edge,18,kinematic,smac_hybrid_reeds_shepp,reverse,0.0713336158873241,corridor,IN_PLACE_ROTATION_FORBIDDEN_OR_HARD_RADIUS,[]
q05_right_edge_hard_l3_5_1787300438076731279,q05,right_edge,19,kinematic,smac_hybrid_reeds_shepp,reverse,0.07133162967385069,corridor,IN_PLACE_ROTATION_FORBIDDEN_OR_HARD_RADIUS,[]
q05_right_edge_hard_l3_5_1787300438076731279,q05,right_edge,20,kinematic,smac_hybrid_reeds_shepp,reverse,0.07253663325241454,corridor,IN_PLACE_ROTATION_FORBIDDEN_OR_HARD_RADIUS,[]
q05_right_edge_hard_l3_5_1787300438076731279,q05,right_edge,21,kinematic,smac_hybrid_reeds_shepp,reverse,0.07253599584050736,corridor,IN_PLACE_ROTATION_FORBIDDEN_OR_HARD_RADIUS,[]
q05_right_edge_hard_l3_5_1787300438076731279,q05,right_edge,22,kinematic,smac_hybrid_reeds_shepp,reverse,0.07253488801584586,corridor,IN_PLACE_ROTATION_FORBIDDEN_OR_HARD_RADIUS,[]
q05_right_edge_hard_l3_5_1787300438076731279,q05,right_edge,23,kinematic,smac_hybrid_reeds_shepp,reverse,0.07253512092672978,corridor,IN_PLACE_ROTATION_FORBIDDEN_OR_HARD_RADIUS,[]
q05_right_edge_hard_l3_5_1787300438076731279,q05,right_edge,24,kinematic,smac_hybrid_reeds_shepp,reverse,0.0725362752906915,corridor,IN_PLACE_ROTATION_FORBIDDEN_OR_HARD_RADIUS,[]
q05_right_edge_hard_l3_5_1787300438076731279,q05,right_edge,25,kinematic,smac_hybrid_reeds_shepp,reverse,0.07253538585151892,corridor,IN_PLACE_ROTATION_FORBIDDEN_OR_HARD_RADIUS,[]
q05_right_edge_hard_l3_5_1787300438076731279,q05,right_edge,26,kinematic,smac_hybrid_reeds_shepp,reverse,0.007818840074276218,corridor,IN_PLACE_ROTATION_FORBIDDEN_OR_HARD_RADIUS,[]
q05_right_edge_hard_l3_5_1787300438076731279,q05,right_edge,27,kinematic,smac_hybrid_reeds_shepp,forward,0.07253662164885877,corridor,IN_PLACE_ROTATION_FORBIDDEN_OR_HARD_RADIUS,[]
q05_right_edge_hard_l3_5_1787300438076731279,q05,right_edge,28,kinematic,smac_hybrid_reeds_shepp,forward,0.07253653875479987,corridor,IN_PLACE_ROTATION_FORBIDDEN_OR_HARD_RADIUS,[]
q05_right_edge_hard_l3_5_1787300438076731279,q05,right_edge,29,kinematic,smac_hybrid_reeds_shepp,forward,0.0725360289020946,corridor,IN_PLACE_ROTATION_FORBIDDEN_OR_HARD_RADIUS,[]
q05_right_edge_hard_l3_5_1787300438076731279,q05,right_edge,30,kinematic,smac_hybrid_reeds_shepp,forward,0.07253599938740651,corridor,IN_PLACE_ROTATION_FORBIDDEN_OR_HARD_RADIUS,[]
q05_right_edge_hard_l3_5_1787300438076731279,q05,right_edge,31,kinematic,smac_hybrid_reeds_shepp,forward,0.07253560982128723,corridor,IN_PLACE_ROTATION_FORBIDDEN_OR_HARD_RADIUS,[]
q05_right_edge_hard_l3_5_1787300438076731279,q05,right_edge,32,kinematic,smac_hybrid_reeds_shepp,forward,0.07253633377816918,corridor,IN_PLACE_ROTATION_FORBIDDEN_OR_HARD_RADIUS,[]
q05_right_edge_hard_l3_5_1787300438076731279,q05,right_edge,33,kinematic,smac_hybrid_reeds_shepp,forward,0.07253493556667297,corridor,IN_PLACE_ROTATION_FORBIDDEN_OR_HARD_RADIUS,[]
q05_right_edge_hard_l3_5_1787300438076731279,q05,right_edge,34,kinematic,smac_hybrid_reeds_shepp,forward,0.07253783279408224,corridor,IN_PLACE_ROTATION_FORBIDDEN_OR_HARD_RADIUS,[]
q05_right_edge_hard_l3_5_1787300438076731279,q05,right_edge,35,kinematic,smac_hybrid_reeds_shepp,forward,0.07263164891330395,corridor,IN_PLACE_ROTATION_FORBIDDEN_OR_HARD_RADIUS,[]
q05_right_edge_hard_l3_5_1787300438076731279,q05,right_edge,36,kinematic,smac_hybrid_reeds_shepp,forward,0.07263470077923717,corridor,IN_PLACE_ROTATION_FORBIDDEN_OR_HARD_RADIUS,[]
q05_right_edge_hard_l3_5_1787300438076731279,q05,right_edge,37,kinematic,smac_hybrid_reeds_shepp,forward,0.07263764091399742,corridor,IN_PLACE_ROTATION_FORBIDDEN_OR_HARD_RADIUS,[]
q05_right_edge_hard_l3_5_1787300438076731279,q05,right_edge,38,kinematic,smac_hybrid_reeds_shepp,forward,0.07263470077923717,corridor,IN_PLACE_ROTATION_FORBIDDEN_OR_HARD_RADIUS,[]
q05_right_edge_hard_l3_5_1787300438076731279,q05,right_edge,39,kinematic,smac_hybrid_reeds_shepp,forward,0.07253691058165983,corridor,IN_PLACE_ROTATION_FORBIDDEN_OR_HARD_RADIUS,[]
q06_right_edge_hard_l3_1_1787300438289134133,q06,right_edge,0,grid,grid_astar,mixed,20.37711165869937,corridor,,
q06_right_edge_hard_l3_1_1787300438289134133,q06,right_edge,1,kinematic,smac_hybrid_reeds_shepp,forward,0.07158429520825889,corridor,IN_PLACE_ROTATION_FORBIDDEN_OR_HARD_RADIUS,[]
q06_right_edge_hard_l3_1_1787300438289134133,q06,right_edge,2,kinematic,smac_hybrid_reeds_shepp,forward,0.07159384786085864,corridor,IN_PLACE_ROTATION_FORBIDDEN_OR_HARD_RADIUS,[]
q06_right_edge_hard_l3_1_1787300438289134133,q06,right_edge,3,kinematic,smac_hybrid_reeds_shepp,forward,0.07159180947799416,corridor,IN_PLACE_ROTATION_FORBIDDEN_OR_HARD_RADIUS,[]
q06_right_edge_hard_l3_1_1787300438289134133,q06,right_edge,4,kinematic,smac_hybrid_reeds_shepp,forward,0.07159180947799416,corridor,IN_PLACE_ROTATION_FORBIDDEN_OR_HARD_RADIUS,[]
q06_right_edge_hard_l3_1_1787300438289134133,q06,right_edge,5,kinematic,smac_hybrid_reeds_shepp,forward,0.07159384786085864,corridor,IN_PLACE_ROTATION_FORBIDDEN_OR_HARD_RADIUS,[]
q06_right_edge_hard_l3_1_1787300438289134133,q06,right_edge,6,kinematic,smac_hybrid_reeds_shepp,forward,0.07158953830288575,corridor,IN_PLACE_ROTATION_FORBIDDEN_OR_HARD_RADIUS,[]
q06_right_edge_hard_l3_1_1787300438289134133,q06,right_edge,7,kinematic,smac_hybrid_reeds_shepp,forward,0.07159384786085864,corridor,IN_PLACE_ROTATION_FORBIDDEN_OR_HARD_RADIUS,[]
q06_right_edge_hard_l3_1_1787300438289134133,q06,right_edge,8,kinematic,smac_hybrid_reeds_shepp,forward,0.07156986015947331,corridor,IN_PLACE_ROTATION_FORBIDDEN_OR_HARD_RADIUS,[]
q06_right_edge_hard_l3_1_1787300438289134133,q06,right_edge,9,kinematic,smac_hybrid_reeds_shepp,forward,0.07149786433367053,corridor,IN_PLACE_ROTATION_FORBIDDEN_OR_HARD_RADIUS,[]
q06_right_edge_hard_l3_1_1787300438289134133,q06,right_edge,10,kinematic,smac_hybrid_reeds_shepp,forward,0.07149708277659776,corridor,IN_PLACE_ROTATION_FORBIDDEN_OR_HARD_RADIUS,[]
q06_right_edge_hard_l3_1_1787300438289134133,q06,right_edge,11,kinematic,smac_hybrid_reeds_shepp,forward,0.07149660165884135,corridor,IN_PLACE_ROTATION_FORBIDDEN_OR_HARD_RADIUS,[]
q06_right_edge_hard_l3_1_1787300438289134133,q06,right_edge,12,kinematic,smac_hybrid_reeds_shepp,forward,0.07149625620556789,corridor,IN_PLACE_ROTATION_FORBIDDEN_OR_HARD_RADIUS,[]
q06_right_edge_hard_l3_1_1787300438289134133,q06,right_edge,13,kinematic,smac_hybrid_reeds_shepp,forward,0.07149878167538591,corridor,IN_PLACE_ROTATION_FORBIDDEN_OR_HARD_RADIUS,[]
q06_right_edge_hard_l3_1_1787300438289134133,q06,right_edge,14,kinematic,smac_hybrid_reeds_shepp,forward,0.07149743506450587,corridor,IN_PLACE_ROTATION_FORBIDDEN_OR_HARD_RADIUS,[]
q06_right_edge_hard_l3_1_1787300438289134133,q06,right_edge,15,kinematic,smac_hybrid_reeds_shepp,forward,0.07149617674586842,corridor,IN_PLACE_ROTATION_FORBIDDEN_OR_HARD_RADIUS,[]
q06_right_edge_hard_l3_1_1787300438289134133,q06,right_edge,16,kinematic,smac_hybrid_reeds_shepp,forward,0.07149717767110803,corridor,IN_PLACE_ROTATION_FORBIDDEN_OR_HARD_RADIUS,[]
q06_right_edge_hard_l3_1_1787300438289134133,q06,right_edge,17,kinematic,smac_hybrid_reeds_shepp,reverse,0.02376849338515675,corridor,IN_PLACE_ROTATION_FORBIDDEN_OR_HARD_RADIUS,[]
q06_right_edge_hard_l3_1_1787300438289134133,q06,right_edge,18,kinematic,smac_hybrid_reeds_shepp,reverse,0.07149556060454573,corridor,IN_PLACE_ROTATION_FORBIDDEN_OR_HARD_RADIUS,[]
q06_right_edge_hard_l3_1_1787300438289134133,q06,right_edge,19,kinematic,smac_hybrid_reeds_shepp,reverse,0.07149799283386143,corridor,IN_PLACE_ROTATION_FORBIDDEN_OR_HARD_RADIUS,[]
q06_right_edge_hard_l3_1_1787300438289134133,q06,right_edge,20,kinematic,smac_hybrid_reeds_shepp,reverse,0.07149702350817123,corridor,IN_PLACE_ROTATION_FORBIDDEN_OR_HARD_RADIUS,[]
q06_right_edge_hard_l3_1_1787300438289134133,q06,right_edge,21,kinematic,smac_hybrid_reeds_shepp,reverse,0.07149760205709531,corridor,IN_PLACE_ROTATION_FORBIDDEN_OR_HARD_RADIUS,[]
q06_right_edge_hard_l3_1_1787300438289134133,q06,right_edge,22,kinematic,smac_hybrid_reeds_shepp,reverse,0.07149557779925932,corridor,IN_PLACE_ROTATION_FORBIDDEN_OR_HARD_RADIUS,[]
q06_right_edge_hard_l3_1_1787300438289134133,q06,right_edge,23,kinematic,smac_hybrid_reeds_shepp,forward,0.07667570587411707,corridor,IN_PLACE_ROTATION_FORBIDDEN_OR_HARD_RADIUS,[]
q06_right_edge_hard_l3_1_1787300438289134133,q06,right_edge,24,kinematic,smac_hybrid_reeds_shepp,forward,0.07667570587411707,corridor,IN_PLACE_ROTATION_FORBIDDEN_OR_HARD_RADIUS,[]
q06_right_edge_hard_l3_1_1787300438289134133,q06,right_edge,25,kinematic,smac_hybrid_reeds_shepp,forward,0.07667570587411707,corridor,IN_PLACE_ROTATION_FORBIDDEN_OR_HARD_RADIUS,[]
q06_right_edge_hard_l3_1_1787300438289134133,q06,right_edge,26,kinematic,smac_hybrid_reeds_shepp,forward,0.07667580954232524,corridor,IN_PLACE_ROTATION_FORBIDDEN_OR_HARD_RADIUS,[]
q06_right_edge_hard_l3_1_1787300438289134133,q06,right_edge,27,kinematic,smac_hybrid_reeds_shepp,forward,0.07667754555405014,corridor,IN_PLACE_ROTATION_FORBIDDEN_OR_HARD_RADIUS,[]
q06_right_edge_hard_l3_1_1787300438289134133,q06,right_edge,28,kinematic,smac_hybrid_reeds_shepp,forward,0.07667645811830548,corridor,IN_PLACE_ROTATION_FORBIDDEN_OR_HARD_RADIUS,[]
q06_right_edge_hard_l3_1_1787300438289134133,q06,right_edge,29,kinematic,smac_hybrid_reeds_shepp,forward,0.07667645811830548,corridor,IN_PLACE_ROTATION_FORBIDDEN_OR_HARD_RADIUS,[]
q06_right_edge_hard_l3_1_1787300438289134133,q06,right_edge,30,kinematic,smac_hybrid_reeds_shepp,forward,0.07667793932514731,corridor,IN_PLACE_ROTATION_FORBIDDEN_OR_HARD_RADIUS,[]
q06_right_edge_hard_l3_1_1787300438289134133,q06,right_edge,31,kinematic,smac_hybrid_reeds_shepp,forward,0.07667552033986211,corridor,IN_PLACE_ROTATION_FORBIDDEN_OR_HARD_RADIUS,[]
q06_right_edge_hard_l3_1_1787300438289134133,q06,right_edge,32,kinematic,smac_hybrid_reeds_shepp,forward,0.07667552033986211,corridor,IN_PLACE_ROTATION_FORBIDDEN_OR_HARD_RADIUS,[]
q06_right_edge_hard_l3_1_1787300438289134133,q06,right_edge,33,kinematic,smac_hybrid_reeds_shepp,forward,0.07667552033986211,corridor,IN_PLACE_ROTATION_FORBIDDEN_OR_HARD_RADIUS,[]
q06_right_edge_hard_l3_1_1787300438289134133,q06,right_edge,34,kinematic,smac_hybrid_reeds_shepp,forward,0.07667696051116354,corridor,IN_PLACE_ROTATION_FORBIDDEN_OR_HARD_RADIUS,[]
q06_right_edge_hard_l3_1_1787300438289134133,q06,right_edge,35,kinematic,smac_hybrid_reeds_shepp,forward,0.07667793900252183,corridor,IN_PLACE_ROTATION_FORBIDDEN_OR_HARD_RADIUS,[]
q06_right_edge_hard_l3_1_1787300438289134133,q06,right_edge,36,kinematic,smac_hybrid_reeds_shepp,forward,0.07667696051116354,corridor,IN_PLACE_ROTATION_FORBIDDEN_OR_HARD_RADIUS,[]
q06_right_edge_hard_l3_1_1787300438289134133,q06,right_edge,37,kinematic,smac_hybrid_reeds_shepp,forward,0.07667552033986211,corridor,IN_PLACE_ROTATION_FORBIDDEN_OR_HARD_RADIUS,[]
q06_right_edge_hard_l3_1_1787300438289134133,q06,right_edge,38,kinematic,smac_hybrid_reeds_shepp,forward,0.07667793932514731,corridor,IN_PLACE_ROTATION_FORBIDDEN_OR_HARD_RADIUS,[]
q06_right_edge_hard_l3_1_1787300438289134133,q06,right_edge,39,kinematic,smac_hybrid_reeds_shepp,forward,0.07667754555405014,corridor,IN_PLACE_ROTATION_FORBIDDEN_OR_HARD_RADIUS,[]
q06_right_edge_hard_l3_1_1787300438289134133,q06,right_edge,40,kinematic,smac_hybrid_reeds_shepp,forward,0.0766769815200407,corridor,IN_PLACE_ROTATION_FORBIDDEN_OR_HARD_RADIUS,[]
q06_right_edge_hard_l3_1_1787300438289134133,q06,right_edge,41,kinematic,smac_hybrid_reeds_shepp,forward,0.07667754555405014,corridor,IN_PLACE_ROTATION_FORBIDDEN_OR_HARD_RADIUS,[]
q06_right_edge_hard_l3_1_1787300438289134133,q06,right_edge,42,kinematic,smac_hybrid_reeds_shepp,forward,0.07667793932514731,corridor,IN_PLACE_ROTATION_FORBIDDEN_OR_HARD_RADIUS,[]
q06_right_edge_hard_l3_1_1787300438289134133,q06,right_edge,43,kinematic,smac_hybrid_reeds_shepp,forward,0.07667696051116354,corridor,IN_PLACE_ROTATION_FORBIDDEN_OR_HARD_RADIUS,[]
q06_right_edge_hard_l3_1_1787300438289134133,q06,right_edge,44,kinematic,smac_hybrid_reeds_shepp,forward,0.0708825667884743,corridor,IN_PLACE_ROTATION_FORBIDDEN_OR_HARD_RADIUS,[]
q06_right_edge_hard_l3_1_1787300438289134133,q06,right_edge,45,kinematic,smac_hybrid_reeds_shepp,forward,0.07088601908296364,corridor,IN_PLACE_ROTATION_FORBIDDEN_OR_HARD_RADIUS,[]
q06_right_edge_hard_l3_1_1787300438289134133,q06,right_edge,46,kinematic,smac_hybrid_reeds_shepp,forward,0.0708842350748822,corridor,IN_PLACE_ROTATION_FORBIDDEN_OR_HARD_RADIUS,[]
q06_right_edge_hard_l3_1_1787300438289134133,q06,right_edge,47,kinematic,smac_hybrid_reeds_shepp,forward,0.07088330081272502,corridor,IN_PLACE_ROTATION_FORBIDDEN_OR_HARD_RADIUS,[]
q06_right_edge_hard_l3_1_1787300438289134133,q06,right_edge,48,kinematic,smac_hybrid_reeds_shepp,forward,0.07088455138698745,corridor,IN_PLACE_ROTATION_FORBIDDEN_OR_HARD_RADIUS,[]
q06_right_edge_hard_l3_1_1787300438289134133,q06,right_edge,49,kinematic,smac_hybrid_reeds_shepp,forward,0.07088406625544635,corridor,IN_PLACE_ROTATION_FORBIDDEN_OR_HARD_RADIUS,[]
q06_right_edge_hard_l3_1_1787300438289134133,q06,right_edge,50,kinematic,smac_hybrid_reeds_shepp,forward,0.07088412181969594,corridor,IN_PLACE_ROTATION_FORBIDDEN_OR_HARD_RADIUS,[]
q06_right_edge_hard_l3_1_1787300438289134133,q06,right_edge,51,kinematic,smac_hybrid_reeds_shepp,forward,0.07088375243753532,corridor,IN_PLACE_ROTATION_FORBIDDEN_OR_HARD_RADIUS,[]
q06_right_edge_hard_l3_1_1787300438289134133,q06,right_edge,52,kinematic,smac_hybrid_reeds_shepp,forward,0.07097679605817954,corridor,IN_PLACE_ROTATION_FORBIDDEN_OR_HARD_RADIUS,[]
q06_right_edge_hard_l3_1_1787300438289134133,q06,right_edge,53,kinematic,smac_hybrid_reeds_shepp,forward,0.0709771589120554,corridor,IN_PLACE_ROTATION_FORBIDDEN_OR_HARD_RADIUS,[]
q06_right_edge_hard_l3_1_1787300438289134133,q06,right_edge,54,kinematic,smac_hybrid_reeds_shepp,forward,0.0709771589120554,corridor,IN_PLACE_ROTATION_FORBIDDEN_OR_HARD_RADIUS,[]
q06_right_edge_hard_l3_1_1787300438289134133,q06,right_edge,55,kinematic,smac_hybrid_reeds_shepp,forward,0.0709771589120554,corridor,IN_PLACE_ROTATION_FORBIDDEN_OR_HARD_RADIUS,[]
q06_right_edge_hard_l3_1_1787300438289134133,q06,right_edge,56,kinematic,smac_hybrid_reeds_shepp,forward,0.0709771589120554,corridor,IN_PLACE_ROTATION_FORBIDDEN_OR_HARD_RADIUS,[]
q06_right_edge_hard_l3_1_1787300438289134133,q06,right_edge,57,kinematic,smac_hybrid_reeds_shepp,forward,0.07097640234623788,corridor,IN_PLACE_ROTATION_FORBIDDEN_OR_HARD_RADIUS,[]
q06_right_edge_hard_l3_1_1787300438289134133,q06,right_edge,58,kinematic,smac_hybrid_reeds_shepp,forward,0.0709771589120554,corridor,IN_PLACE_ROTATION_FORBIDDEN_OR_HARD_RADIUS,[]
q06_right_edge_hard_l3_1_1787300438289134133,q06,right_edge,59,kinematic,smac_hybrid_reeds_shepp,forward,0.0709771589120554,corridor,IN_PLACE_ROTATION_FORBIDDEN_OR_HARD_RADIUS,[]
q06_right_edge_hard_l3_1_1787300438289134133,q06,right_edge,60,kinematic,smac_hybrid_reeds_shepp,forward,0.07097755261980039,corridor,IN_PLACE_ROTATION_FORBIDDEN_OR_HARD_RADIUS,[]
q06_right_edge_hard_l3_1_1787300438289134133,q06,right_edge,61,kinematic,smac_hybrid_reeds_shepp,forward,0.0709771589120554,corridor,IN_PLACE_ROTATION_FORBIDDEN_OR_HARD_RADIUS,[]
q06_right_edge_hard_l3_1_1787300438289134133,q06,right_edge,62,kinematic,smac_hybrid_reeds_shepp,forward,0.0709771589120554,corridor,IN_PLACE_ROTATION_FORBIDDEN_OR_HARD_RADIUS,[]
q06_right_edge_hard_l3_1_1787300438289134133,q06,right_edge,63,kinematic,smac_hybrid_reeds_shepp,forward,0.0709771589120554,corridor,IN_PLACE_ROTATION_FORBIDDEN_OR_HARD_RADIUS,[]
q06_right_edge_hard_l3_1_1787300438289134133,q06,right_edge,64,kinematic,smac_hybrid_reeds_shepp,forward,0.0709771589120554,corridor,IN_PLACE_ROTATION_FORBIDDEN_OR_HARD_RADIUS,[]
q06_right_edge_hard_l3_1_1787300438289134133,q06,right_edge,65,kinematic,smac_hybrid_reeds_shepp,forward,0.07097640234623788,corridor,IN_PLACE_ROTATION_FORBIDDEN_OR_HARD_RADIUS,[]
q06_right_edge_hard_l3_1_1787300438289134133,q06,right_edge,66,kinematic,smac_hybrid_reeds_shepp,forward,0.0709771589120554,corridor,IN_PLACE_ROTATION_FORBIDDEN_OR_HARD_RADIUS,[]
q06_right_edge_hard_l3_1_1787300438289134133,q06,right_edge,67,kinematic,smac_hybrid_reeds_shepp,forward,0.0709771589120554,corridor,IN_PLACE_ROTATION_FORBIDDEN_OR_HARD_RADIUS,[]
q06_right_edge_hard_l3_1_1787300438289134133,q06,right_edge,68,kinematic,smac_hybrid_reeds_shepp,forward,0.0709771589120554,corridor,IN_PLACE_ROTATION_FORBIDDEN_OR_HARD_RADIUS,[]
q06_right_edge_hard_l3_1_1787300438289134133,q06,right_edge,69,kinematic,smac_hybrid_reeds_shepp,forward,0.0709771589120554,corridor,IN_PLACE_ROTATION_FORBIDDEN_OR_HARD_RADIUS,[]
q06_right_edge_hard_l3_1_1787300438289134133,q06,right_edge,70,kinematic,smac_hybrid_reeds_shepp,forward,0.0709771589120554,corridor,IN_PLACE_ROTATION_FORBIDDEN_OR_HARD_RADIUS,[]
q06_right_edge_hard_l3_1_1787300438289134133,q06,right_edge,71,kinematic,smac_hybrid_reeds_shepp,forward,0.0709771589120554,corridor,IN_PLACE_ROTATION_FORBIDDEN_OR_HARD_RADIUS,[]
q06_right_edge_hard_l3_1_1787300438289134133,q06,right_edge,72,kinematic,smac_hybrid_reeds_shepp,forward,0.0709771589120554,corridor,IN_PLACE_ROTATION_FORBIDDEN_OR_HARD_RADIUS,[]
q06_right_edge_hard_l3_1_1787300438289134133,q06,right_edge,73,kinematic,smac_hybrid_reeds_shepp,forward,0.07097640234623788,corridor,IN_PLACE_ROTATION_FORBIDDEN_OR_HARD_RADIUS,[]
q06_right_edge_hard_l3_1_1787300438289134133,q06,right_edge,74,kinematic,smac_hybrid_reeds_shepp,forward,0.07091207268667898,corridor,IN_PLACE_ROTATION_FORBIDDEN_OR_HARD_RADIUS,[]
q06_right_edge_hard_l3_1_1787300438289134133,q06,right_edge,75,kinematic,smac_hybrid_reeds_shepp,reverse,0.07159516215823601,corridor,IN_PLACE_ROTATION_FORBIDDEN_OR_HARD_RADIUS,[]
q06_right_edge_hard_l3_1_1787300438289134133,q06,right_edge,76,kinematic,smac_hybrid_reeds_shepp,reverse,0.07159418335120304,corridor,IN_PLACE_ROTATION_FORBIDDEN_OR_HARD_RADIUS,[]
q06_right_edge_hard_l3_1_1787300438289134133,q06,right_edge,77,kinematic,smac_hybrid_reeds_shepp,reverse,0.0715953052439843,corridor,IN_PLACE_ROTATION_FORBIDDEN_OR_HARD_RADIUS,[]
q06_right_edge_hard_l3_1_1787300438289134133,q06,right_edge,78,kinematic,smac_hybrid_reeds_shepp,reverse,0.07159419747746291,corridor,IN_PLACE_ROTATION_FORBIDDEN_OR_HARD_RADIUS,[]
q06_right_edge_hard_l3_1_1787300438289134133,q06,right_edge,79,kinematic,smac_hybrid_reeds_shepp,reverse,0.0715965184389877,corridor,IN_PLACE_ROTATION_FORBIDDEN_OR_HARD_RADIUS,[]
q06_right_edge_hard_l3_1_1787300438289134133,q06,right_edge,80,kinematic,smac_hybrid_reeds_shepp,reverse,0.033063689394696075,corridor,IN_PLACE_ROTATION_FORBIDDEN_OR_HARD_RADIUS,[]
q06_right_edge_hard_l3_1_1787300438289134133,q06,right_edge,81,kinematic,smac_hybrid_reeds_shepp,forward,0.0715948653760433,corridor,IN_PLACE_ROTATION_FORBIDDEN_OR_HARD_RADIUS,[]
q06_right_edge_hard_l3_1_1787300438289134133,q06,right_edge,82,kinematic,smac_hybrid_reeds_shepp,forward,0.07159503181617534,corridor,IN_PLACE_ROTATION_FORBIDDEN_OR_HARD_RADIUS,[]
q06_right_edge_hard_l3_1_1787300438289134133,q06,right_edge,83,kinematic,smac_hybrid_reeds_shepp,forward,0.07159494020585745,corridor,IN_PLACE_ROTATION_FORBIDDEN_OR_HARD_RADIUS,[]
q06_right_edge_hard_l3_1_1787300438289134133,q06,right_edge,84,kinematic,smac_hybrid_reeds_shepp,forward,0.07159535298388568,corridor,IN_PLACE_ROTATION_FORBIDDEN_OR_HARD_RADIUS,[]
q06_right_edge_hard_l3_1_1787300438289134133,q06,right_edge,85,kinematic,smac_hybrid_reeds_shepp,forward,0.07159547532943276,corridor,IN_PLACE_ROTATION_FORBIDDEN_OR_HARD_RADIUS,[]
q06_right_edge_hard_l3_1_1787300438289134133,q06,right_edge,86,kinematic,smac_hybrid_reeds_shepp,forward,0.07159427532021871,corridor,IN_PLACE_ROTATION_FORBIDDEN_OR_HARD_RADIUS,[]
q06_right_edge_hard_l3_1_1787300438289134133,q06,right_edge,87,kinematic,smac_hybrid_reeds_shepp,forward,0.07159407310530369,corridor,IN_PLACE_ROTATION_FORBIDDEN_OR_HARD_RADIUS,[]
q06_right_edge_hard_l3_1_1787300438289134133,q06,right_edge,88,kinematic,smac_hybrid_reeds_shepp,forward,0.07159553809358882,corridor,IN_PLACE_ROTATION_FORBIDDEN_OR_HARD_RADIUS,[]
q06_right_edge_hard_l3_1_1787300438289134133,q06,right_edge,89,kinematic,smac_hybrid_reeds_shepp,forward,0.07166143134174302,corridor,IN_PLACE_ROTATION_FORBIDDEN_OR_HARD_RADIUS,[]
q06_right_edge_hard_l3_1_1787300438289134133,q06,right_edge,90,kinematic,smac_hybrid_reeds_shepp,forward,0.07169064454262887,corridor,IN_PLACE_ROTATION_FORBIDDEN_OR_HARD_RADIUS,[]
q06_right_edge_hard_l3_1_1787300438289134133,q06,right_edge,91,kinematic,smac_hybrid_reeds_shepp,forward,0.07169064454262887,corridor,IN_PLACE_ROTATION_FORBIDDEN_OR_HARD_RADIUS,[]
q06_right_edge_hard_l3_1_1787300438289134133,q06,right_edge,92,kinematic,smac_hybrid_reeds_shepp,forward,0.07169064454262887,corridor,IN_PLACE_ROTATION_FORBIDDEN_OR_HARD_RADIUS,[]
q06_right_edge_hard_l3_1_1787300438289134133,q06,right_edge,93,kinematic,smac_hybrid_reeds_shepp,forward,0.07169064454262887,corridor,IN_PLACE_ROTATION_FORBIDDEN_OR_HARD_RADIUS,[]
q06_right_edge_hard_l3_1_1787300438289134133,q06,right_edge,94,kinematic,smac_hybrid_reeds_shepp,forward,0.0716683509165844,corridor,IN_PLACE_ROTATION_FORBIDDEN_OR_HARD_RADIUS,[]
q06_right_edge_hard_l3_1_1787300438289134133,q06,right_edge,95,kinematic,smac_hybrid_reeds_shepp,forward,0.07159417785517255,corridor,IN_PLACE_ROTATION_FORBIDDEN_OR_HARD_RADIUS,[]
q06_right_edge_hard_l3_2_1787300438484296888,q06,right_edge,0,grid,grid_astar,mixed,20.37711165869937,corridor,,
q06_right_edge_hard_l3_2_1787300438484296888,q06,right_edge,1,kinematic,smac_hybrid_reeds_shepp,forward,0.07158429520825889,corridor,IN_PLACE_ROTATION_FORBIDDEN_OR_HARD_RADIUS,[]
q06_right_edge_hard_l3_2_1787300438484296888,q06,right_edge,2,kinematic,smac_hybrid_reeds_shepp,forward,0.07159384786085864,corridor,IN_PLACE_ROTATION_FORBIDDEN_OR_HARD_RADIUS,[]
q06_right_edge_hard_l3_2_1787300438484296888,q06,right_edge,3,kinematic,smac_hybrid_reeds_shepp,forward,0.07159180947799416,corridor,IN_PLACE_ROTATION_FORBIDDEN_OR_HARD_RADIUS,[]
q06_right_edge_hard_l3_2_1787300438484296888,q06,right_edge,4,kinematic,smac_hybrid_reeds_shepp,forward,0.07159180947799416,corridor,IN_PLACE_ROTATION_FORBIDDEN_OR_HARD_RADIUS,[]
q06_right_edge_hard_l3_2_1787300438484296888,q06,right_edge,5,kinematic,smac_hybrid_reeds_shepp,forward,0.07159384786085864,corridor,IN_PLACE_ROTATION_FORBIDDEN_OR_HARD_RADIUS,[]
q06_right_edge_hard_l3_2_1787300438484296888,q06,right_edge,6,kinematic,smac_hybrid_reeds_shepp,forward,0.07158953830288575,corridor,IN_PLACE_ROTATION_FORBIDDEN_OR_HARD_RADIUS,[]
q06_right_edge_hard_l3_2_1787300438484296888,q06,right_edge,7,kinematic,smac_hybrid_reeds_shepp,forward,0.07159384786085864,corridor,IN_PLACE_ROTATION_FORBIDDEN_OR_HARD_RADIUS,[]
q06_right_edge_hard_l3_2_1787300438484296888,q06,right_edge,8,kinematic,smac_hybrid_reeds_shepp,forward,0.07156986015947331,corridor,IN_PLACE_ROTATION_FORBIDDEN_OR_HARD_RADIUS,[]
q06_right_edge_hard_l3_2_1787300438484296888,q06,right_edge,9,kinematic,smac_hybrid_reeds_shepp,forward,0.07149786433367053,corridor,IN_PLACE_ROTATION_FORBIDDEN_OR_HARD_RADIUS,[]
q06_right_edge_hard_l3_2_1787300438484296888,q06,right_edge,10,kinematic,smac_hybrid_reeds_shepp,forward,0.07149708277659776,corridor,IN_PLACE_ROTATION_FORBIDDEN_OR_HARD_RADIUS,[]
q06_right_edge_hard_l3_2_1787300438484296888,q06,right_edge,11,kinematic,smac_hybrid_reeds_shepp,forward,0.07149660165884135,corridor,IN_PLACE_ROTATION_FORBIDDEN_OR_HARD_RADIUS,[]
q06_right_edge_hard_l3_2_1787300438484296888,q06,right_edge,12,kinematic,smac_hybrid_reeds_shepp,forward,0.07149625620556789,corridor,IN_PLACE_ROTATION_FORBIDDEN_OR_HARD_RADIUS,[]
q06_right_edge_hard_l3_2_1787300438484296888,q06,right_edge,13,kinematic,smac_hybrid_reeds_shepp,forward,0.07149878167538591,corridor,IN_PLACE_ROTATION_FORBIDDEN_OR_HARD_RADIUS,[]
q06_right_edge_hard_l3_2_1787300438484296888,q06,right_edge,14,kinematic,smac_hybrid_reeds_shepp,forward,0.07149743506450587,corridor,IN_PLACE_ROTATION_FORBIDDEN_OR_HARD_RADIUS,[]
q06_right_edge_hard_l3_2_1787300438484296888,q06,right_edge,15,kinematic,smac_hybrid_reeds_shepp,forward,0.07149617674586842,corridor,IN_PLACE_ROTATION_FORBIDDEN_OR_HARD_RADIUS,[]
q06_right_edge_hard_l3_2_1787300438484296888,q06,right_edge,16,kinematic,smac_hybrid_reeds_shepp,forward,0.07149717767110803,corridor,IN_PLACE_ROTATION_FORBIDDEN_OR_HARD_RADIUS,[]
q06_right_edge_hard_l3_2_1787300438484296888,q06,right_edge,17,kinematic,smac_hybrid_reeds_shepp,reverse,0.02376849338515675,corridor,IN_PLACE_ROTATION_FORBIDDEN_OR_HARD_RADIUS,[]
q06_right_edge_hard_l3_2_1787300438484296888,q06,right_edge,18,kinematic,smac_hybrid_reeds_shepp,reverse,0.07149556060454573,corridor,IN_PLACE_ROTATION_FORBIDDEN_OR_HARD_RADIUS,[]
q06_right_edge_hard_l3_2_1787300438484296888,q06,right_edge,19,kinematic,smac_hybrid_reeds_shepp,reverse,0.07149799283386143,corridor,IN_PLACE_ROTATION_FORBIDDEN_OR_HARD_RADIUS,[]
q06_right_edge_hard_l3_2_1787300438484296888,q06,right_edge,20,kinematic,smac_hybrid_reeds_shepp,reverse,0.07149702350817123,corridor,IN_PLACE_ROTATION_FORBIDDEN_OR_HARD_RADIUS,[]
q06_right_edge_hard_l3_2_1787300438484296888,q06,right_edge,21,kinematic,smac_hybrid_reeds_shepp,reverse,0.07149760205709531,corridor,IN_PLACE_ROTATION_FORBIDDEN_OR_HARD_RADIUS,[]
q06_right_edge_hard_l3_2_1787300438484296888,q06,right_edge,22,kinematic,smac_hybrid_reeds_shepp,reverse,0.07149557779925932,corridor,IN_PLACE_ROTATION_FORBIDDEN_OR_HARD_RADIUS,[]
q06_right_edge_hard_l3_2_1787300438484296888,q06,right_edge,23,kinematic,smac_hybrid_reeds_shepp,forward,0.07667570587411707,corridor,IN_PLACE_ROTATION_FORBIDDEN_OR_HARD_RADIUS,[]
q06_right_edge_hard_l3_2_1787300438484296888,q06,right_edge,24,kinematic,smac_hybrid_reeds_shepp,forward,0.07667570587411707,corridor,IN_PLACE_ROTATION_FORBIDDEN_OR_HARD_RADIUS,[]
q06_right_edge_hard_l3_2_1787300438484296888,q06,right_edge,25,kinematic,smac_hybrid_reeds_shepp,forward,0.07667570587411707,corridor,IN_PLACE_ROTATION_FORBIDDEN_OR_HARD_RADIUS,[]
q06_right_edge_hard_l3_2_1787300438484296888,q06,right_edge,26,kinematic,smac_hybrid_reeds_shepp,forward,0.07667580954232524,corridor,IN_PLACE_ROTATION_FORBIDDEN_OR_HARD_RADIUS,[]
q06_right_edge_hard_l3_2_1787300438484296888,q06,right_edge,27,kinematic,smac_hybrid_reeds_shepp,forward,0.07667754555405014,corridor,IN_PLACE_ROTATION_FORBIDDEN_OR_HARD_RADIUS,[]
q06_right_edge_hard_l3_2_1787300438484296888,q06,right_edge,28,kinematic,smac_hybrid_reeds_shepp,forward,0.07667645811830548,corridor,IN_PLACE_ROTATION_FORBIDDEN_OR_HARD_RADIUS,[]
q06_right_edge_hard_l3_2_1787300438484296888,q06,right_edge,29,kinematic,smac_hybrid_reeds_shepp,forward,0.07667645811830548,corridor,IN_PLACE_ROTATION_FORBIDDEN_OR_HARD_RADIUS,[]
q06_right_edge_hard_l3_2_1787300438484296888,q06,right_edge,30,kinematic,smac_hybrid_reeds_shepp,forward,0.07667793932514731,corridor,IN_PLACE_ROTATION_FORBIDDEN_OR_HARD_RADIUS,[]
q06_right_edge_hard_l3_2_1787300438484296888,q06,right_edge,31,kinematic,smac_hybrid_reeds_shepp,forward,0.07667552033986211,corridor,IN_PLACE_ROTATION_FORBIDDEN_OR_HARD_RADIUS,[]
q06_right_edge_hard_l3_2_1787300438484296888,q06,right_edge,32,kinematic,smac_hybrid_reeds_shepp,forward,0.07667552033986211,corridor,IN_PLACE_ROTATION_FORBIDDEN_OR_HARD_RADIUS,[]
q06_right_edge_hard_l3_2_1787300438484296888,q06,right_edge,33,kinematic,smac_hybrid_reeds_shepp,forward,0.07667552033986211,corridor,IN_PLACE_ROTATION_FORBIDDEN_OR_HARD_RADIUS,[]
q06_right_edge_hard_l3_2_1787300438484296888,q06,right_edge,34,kinematic,smac_hybrid_reeds_shepp,forward,0.07667696051116354,corridor,IN_PLACE_ROTATION_FORBIDDEN_OR_HARD_RADIUS,[]
q06_right_edge_hard_l3_2_1787300438484296888,q06,right_edge,35,kinematic,smac_hybrid_reeds_shepp,forward,0.07667793900252183,corridor,IN_PLACE_ROTATION_FORBIDDEN_OR_HARD_RADIUS,[]
q06_right_edge_hard_l3_2_1787300438484296888,q06,right_edge,36,kinematic,smac_hybrid_reeds_shepp,forward,0.07667696051116354,corridor,IN_PLACE_ROTATION_FORBIDDEN_OR_HARD_RADIUS,[]
q06_right_edge_hard_l3_2_1787300438484296888,q06,right_edge,37,kinematic,smac_hybrid_reeds_shepp,forward,0.07667552033986211,corridor,IN_PLACE_ROTATION_FORBIDDEN_OR_HARD_RADIUS,[]
q06_right_edge_hard_l3_2_1787300438484296888,q06,right_edge,38,kinematic,smac_hybrid_reeds_shepp,forward,0.07667793932514731,corridor,IN_PLACE_ROTATION_FORBIDDEN_OR_HARD_RADIUS,[]
q06_right_edge_hard_l3_2_1787300438484296888,q06,right_edge,39,kinematic,smac_hybrid_reeds_shepp,forward,0.07667754555405014,corridor,IN_PLACE_ROTATION_FORBIDDEN_OR_HARD_RADIUS,[]
q06_right_edge_hard_l3_2_1787300438484296888,q06,right_edge,40,kinematic,smac_hybrid_reeds_shepp,forward,0.0766769815200407,corridor,IN_PLACE_ROTATION_FORBIDDEN_OR_HARD_RADIUS,[]
q06_right_edge_hard_l3_2_1787300438484296888,q06,right_edge,41,kinematic,smac_hybrid_reeds_shepp,forward,0.07667754555405014,corridor,IN_PLACE_ROTATION_FORBIDDEN_OR_HARD_RADIUS,[]
q06_right_edge_hard_l3_2_1787300438484296888,q06,right_edge,42,kinematic,smac_hybrid_reeds_shepp,forward,0.07667793932514731,corridor,IN_PLACE_ROTATION_FORBIDDEN_OR_HARD_RADIUS,[]
q06_right_edge_hard_l3_2_1787300438484296888,q06,right_edge,43,kinematic,smac_hybrid_reeds_shepp,forward,0.07667696051116354,corridor,IN_PLACE_ROTATION_FORBIDDEN_OR_HARD_RADIUS,[]
q06_right_edge_hard_l3_2_1787300438484296888,q06,right_edge,44,kinematic,smac_hybrid_reeds_shepp,forward,0.0708825667884743,corridor,IN_PLACE_ROTATION_FORBIDDEN_OR_HARD_RADIUS,[]
q06_right_edge_hard_l3_2_1787300438484296888,q06,right_edge,45,kinematic,smac_hybrid_reeds_shepp,forward,0.07088601908296364,corridor,IN_PLACE_ROTATION_FORBIDDEN_OR_HARD_RADIUS,[]
q06_right_edge_hard_l3_2_1787300438484296888,q06,right_edge,46,kinematic,smac_hybrid_reeds_shepp,forward,0.0708842350748822,corridor,IN_PLACE_ROTATION_FORBIDDEN_OR_HARD_RADIUS,[]
q06_right_edge_hard_l3_2_1787300438484296888,q06,right_edge,47,kinematic,smac_hybrid_reeds_shepp,forward,0.07088330081272502,corridor,IN_PLACE_ROTATION_FORBIDDEN_OR_HARD_RADIUS,[]
q06_right_edge_hard_l3_2_1787300438484296888,q06,right_edge,48,kinematic,smac_hybrid_reeds_shepp,forward,0.07088455138698745,corridor,IN_PLACE_ROTATION_FORBIDDEN_OR_HARD_RADIUS,[]
q06_right_edge_hard_l3_2_1787300438484296888,q06,right_edge,49,kinematic,smac_hybrid_reeds_shepp,forward,0.07088406625544635,corridor,IN_PLACE_ROTATION_FORBIDDEN_OR_HARD_RADIUS,[]
q06_right_edge_hard_l3_2_1787300438484296888,q06,right_edge,50,kinematic,smac_hybrid_reeds_shepp,forward,0.07088412181969594,corridor,IN_PLACE_ROTATION_FORBIDDEN_OR_HARD_RADIUS,[]
q06_right_edge_hard_l3_2_1787300438484296888,q06,right_edge,51,kinematic,smac_hybrid_reeds_shepp,forward,0.07088375243753532,corridor,IN_PLACE_ROTATION_FORBIDDEN_OR_HARD_RADIUS,[]
q06_right_edge_hard_l3_2_1787300438484296888,q06,right_edge,52,kinematic,smac_hybrid_reeds_shepp,forward,0.07097679605817954,corridor,IN_PLACE_ROTATION_FORBIDDEN_OR_HARD_RADIUS,[]
q06_right_edge_hard_l3_2_1787300438484296888,q06,right_edge,53,kinematic,smac_hybrid_reeds_shepp,forward,0.0709771589120554,corridor,IN_PLACE_ROTATION_FORBIDDEN_OR_HARD_RADIUS,[]
q06_right_edge_hard_l3_2_1787300438484296888,q06,right_edge,54,kinematic,smac_hybrid_reeds_shepp,forward,0.0709771589120554,corridor,IN_PLACE_ROTATION_FORBIDDEN_OR_HARD_RADIUS,[]
q06_right_edge_hard_l3_2_1787300438484296888,q06,right_edge,55,kinematic,smac_hybrid_reeds_shepp,forward,0.0709771589120554,corridor,IN_PLACE_ROTATION_FORBIDDEN_OR_HARD_RADIUS,[]
q06_right_edge_hard_l3_2_1787300438484296888,q06,right_edge,56,kinematic,smac_hybrid_reeds_shepp,forward,0.0709771589120554,corridor,IN_PLACE_ROTATION_FORBIDDEN_OR_HARD_RADIUS,[]
q06_right_edge_hard_l3_2_1787300438484296888,q06,right_edge,57,kinematic,smac_hybrid_reeds_shepp,forward,0.07097640234623788,corridor,IN_PLACE_ROTATION_FORBIDDEN_OR_HARD_RADIUS,[]
q06_right_edge_hard_l3_2_1787300438484296888,q06,right_edge,58,kinematic,smac_hybrid_reeds_shepp,forward,0.0709771589120554,corridor,IN_PLACE_ROTATION_FORBIDDEN_OR_HARD_RADIUS,[]
q06_right_edge_hard_l3_2_1787300438484296888,q06,right_edge,59,kinematic,smac_hybrid_reeds_shepp,forward,0.0709771589120554,corridor,IN_PLACE_ROTATION_FORBIDDEN_OR_HARD_RADIUS,[]
q06_right_edge_hard_l3_2_1787300438484296888,q06,right_edge,60,kinematic,smac_hybrid_reeds_shepp,forward,0.07097755261980039,corridor,IN_PLACE_ROTATION_FORBIDDEN_OR_HARD_RADIUS,[]
q06_right_edge_hard_l3_2_1787300438484296888,q06,right_edge,61,kinematic,smac_hybrid_reeds_shepp,forward,0.0709771589120554,corridor,IN_PLACE_ROTATION_FORBIDDEN_OR_HARD_RADIUS,[]
q06_right_edge_hard_l3_2_1787300438484296888,q06,right_edge,62,kinematic,smac_hybrid_reeds_shepp,forward,0.0709771589120554,corridor,IN_PLACE_ROTATION_FORBIDDEN_OR_HARD_RADIUS,[]
q06_right_edge_hard_l3_2_1787300438484296888,q06,right_edge,63,kinematic,smac_hybrid_reeds_shepp,forward,0.0709771589120554,corridor,IN_PLACE_ROTATION_FORBIDDEN_OR_HARD_RADIUS,[]
q06_right_edge_hard_l3_2_1787300438484296888,q06,right_edge,64,kinematic,smac_hybrid_reeds_shepp,forward,0.0709771589120554,corridor,IN_PLACE_ROTATION_FORBIDDEN_OR_HARD_RADIUS,[]
q06_right_edge_hard_l3_2_1787300438484296888,q06,right_edge,65,kinematic,smac_hybrid_reeds_shepp,forward,0.07097640234623788,corridor,IN_PLACE_ROTATION_FORBIDDEN_OR_HARD_RADIUS,[]
q06_right_edge_hard_l3_2_1787300438484296888,q06,right_edge,66,kinematic,smac_hybrid_reeds_shepp,forward,0.0709771589120554,corridor,IN_PLACE_ROTATION_FORBIDDEN_OR_HARD_RADIUS,[]
q06_right_edge_hard_l3_2_1787300438484296888,q06,right_edge,67,kinematic,smac_hybrid_reeds_shepp,forward,0.0709771589120554,corridor,IN_PLACE_ROTATION_FORBIDDEN_OR_HARD_RADIUS,[]
q06_right_edge_hard_l3_2_1787300438484296888,q06,right_edge,68,kinematic,smac_hybrid_reeds_shepp,forward,0.0709771589120554,corridor,IN_PLACE_ROTATION_FORBIDDEN_OR_HARD_RADIUS,[]
q06_right_edge_hard_l3_2_1787300438484296888,q06,right_edge,69,kinematic,smac_hybrid_reeds_shepp,forward,0.0709771589120554,corridor,IN_PLACE_ROTATION_FORBIDDEN_OR_HARD_RADIUS,[]
q06_right_edge_hard_l3_2_1787300438484296888,q06,right_edge,70,kinematic,smac_hybrid_reeds_shepp,forward,0.0709771589120554,corridor,IN_PLACE_ROTATION_FORBIDDEN_OR_HARD_RADIUS,[]
q06_right_edge_hard_l3_2_1787300438484296888,q06,right_edge,71,kinematic,smac_hybrid_reeds_shepp,forward,0.0709771589120554,corridor,IN_PLACE_ROTATION_FORBIDDEN_OR_HARD_RADIUS,[]
q06_right_edge_hard_l3_2_1787300438484296888,q06,right_edge,72,kinematic,smac_hybrid_reeds_shepp,forward,0.0709771589120554,corridor,IN_PLACE_ROTATION_FORBIDDEN_OR_HARD_RADIUS,[]
q06_right_edge_hard_l3_2_1787300438484296888,q06,right_edge,73,kinematic,smac_hybrid_reeds_shepp,forward,0.07097640234623788,corridor,IN_PLACE_ROTATION_FORBIDDEN_OR_HARD_RADIUS,[]
q06_right_edge_hard_l3_2_1787300438484296888,q06,right_edge,74,kinematic,smac_hybrid_reeds_shepp,forward,0.07091207268667898,corridor,IN_PLACE_ROTATION_FORBIDDEN_OR_HARD_RADIUS,[]
q06_right_edge_hard_l3_2_1787300438484296888,q06,right_edge,75,kinematic,smac_hybrid_reeds_shepp,reverse,0.07159516215823601,corridor,IN_PLACE_ROTATION_FORBIDDEN_OR_HARD_RADIUS,[]
q06_right_edge_hard_l3_2_1787300438484296888,q06,right_edge,76,kinematic,smac_hybrid_reeds_shepp,reverse,0.07159418335120304,corridor,IN_PLACE_ROTATION_FORBIDDEN_OR_HARD_RADIUS,[]
q06_right_edge_hard_l3_2_1787300438484296888,q06,right_edge,77,kinematic,smac_hybrid_reeds_shepp,reverse,0.0715953052439843,corridor,IN_PLACE_ROTATION_FORBIDDEN_OR_HARD_RADIUS,[]
q06_right_edge_hard_l3_2_1787300438484296888,q06,right_edge,78,kinematic,smac_hybrid_reeds_shepp,reverse,0.07159419747746291,corridor,IN_PLACE_ROTATION_FORBIDDEN_OR_HARD_RADIUS,[]
q06_right_edge_hard_l3_2_1787300438484296888,q06,right_edge,79,kinematic,smac_hybrid_reeds_shepp,reverse,0.0715965184389877,corridor,IN_PLACE_ROTATION_FORBIDDEN_OR_HARD_RADIUS,[]
q06_right_edge_hard_l3_2_1787300438484296888,q06,right_edge,80,kinematic,smac_hybrid_reeds_shepp,reverse,0.033063689394696075,corridor,IN_PLACE_ROTATION_FORBIDDEN_OR_HARD_RADIUS,[]
q06_right_edge_hard_l3_2_1787300438484296888,q06,right_edge,81,kinematic,smac_hybrid_reeds_shepp,forward,0.0715948653760433,corridor,IN_PLACE_ROTATION_FORBIDDEN_OR_HARD_RADIUS,[]
q06_right_edge_hard_l3_2_1787300438484296888,q06,right_edge,82,kinematic,smac_hybrid_reeds_shepp,forward,0.07159503181617534,corridor,IN_PLACE_ROTATION_FORBIDDEN_OR_HARD_RADIUS,[]
q06_right_edge_hard_l3_2_1787300438484296888,q06,right_edge,83,kinematic,smac_hybrid_reeds_shepp,forward,0.07159494020585745,corridor,IN_PLACE_ROTATION_FORBIDDEN_OR_HARD_RADIUS,[]
q06_right_edge_hard_l3_2_1787300438484296888,q06,right_edge,84,kinematic,smac_hybrid_reeds_shepp,forward,0.07159535298388568,corridor,IN_PLACE_ROTATION_FORBIDDEN_OR_HARD_RADIUS,[]
q06_right_edge_hard_l3_2_1787300438484296888,q06,right_edge,85,kinematic,smac_hybrid_reeds_shepp,forward,0.07159547532943276,corridor,IN_PLACE_ROTATION_FORBIDDEN_OR_HARD_RADIUS,[]
q06_right_edge_hard_l3_2_1787300438484296888,q06,right_edge,86,kinematic,smac_hybrid_reeds_shepp,forward,0.07159427532021871,corridor,IN_PLACE_ROTATION_FORBIDDEN_OR_HARD_RADIUS,[]
q06_right_edge_hard_l3_2_1787300438484296888,q06,right_edge,87,kinematic,smac_hybrid_reeds_shepp,forward,0.07159407310530369,corridor,IN_PLACE_ROTATION_FORBIDDEN_OR_HARD_RADIUS,[]
q06_right_edge_hard_l3_2_1787300438484296888,q06,right_edge,88,kinematic,smac_hybrid_reeds_shepp,forward,0.07159553809358882,corridor,IN_PLACE_ROTATION_FORBIDDEN_OR_HARD_RADIUS,[]
q06_right_edge_hard_l3_2_1787300438484296888,q06,right_edge,89,kinematic,smac_hybrid_reeds_shepp,forward,0.07166143134174302,corridor,IN_PLACE_ROTATION_FORBIDDEN_OR_HARD_RADIUS,[]
q06_right_edge_hard_l3_2_1787300438484296888,q06,right_edge,90,kinematic,smac_hybrid_reeds_shepp,forward,0.07169064454262887,corridor,IN_PLACE_ROTATION_FORBIDDEN_OR_HARD_RADIUS,[]
q06_right_edge_hard_l3_2_1787300438484296888,q06,right_edge,91,kinematic,smac_hybrid_reeds_shepp,forward,0.07169064454262887,corridor,IN_PLACE_ROTATION_FORBIDDEN_OR_HARD_RADIUS,[]
q06_right_edge_hard_l3_2_1787300438484296888,q06,right_edge,92,kinematic,smac_hybrid_reeds_shepp,forward,0.07169064454262887,corridor,IN_PLACE_ROTATION_FORBIDDEN_OR_HARD_RADIUS,[]
q06_right_edge_hard_l3_2_1787300438484296888,q06,right_edge,93,kinematic,smac_hybrid_reeds_shepp,forward,0.07169064454262887,corridor,IN_PLACE_ROTATION_FORBIDDEN_OR_HARD_RADIUS,[]
q06_right_edge_hard_l3_2_1787300438484296888,q06,right_edge,94,kinematic,smac_hybrid_reeds_shepp,forward,0.0716683509165844,corridor,IN_PLACE_ROTATION_FORBIDDEN_OR_HARD_RADIUS,[]
q06_right_edge_hard_l3_2_1787300438484296888,q06,right_edge,95,kinematic,smac_hybrid_reeds_shepp,forward,0.07159417785517255,corridor,IN_PLACE_ROTATION_FORBIDDEN_OR_HARD_RADIUS,[]
q06_right_edge_hard_l3_3_1787300438678225205,q06,right_edge,0,grid,grid_astar,mixed,20.37711165869937,corridor,,
q06_right_edge_hard_l3_3_1787300438678225205,q06,right_edge,1,kinematic,smac_hybrid_reeds_shepp,forward,0.07158429520825889,corridor,IN_PLACE_ROTATION_FORBIDDEN_OR_HARD_RADIUS,[]
q06_right_edge_hard_l3_3_1787300438678225205,q06,right_edge,2,kinematic,smac_hybrid_reeds_shepp,forward,0.07159384786085864,corridor,IN_PLACE_ROTATION_FORBIDDEN_OR_HARD_RADIUS,[]
q06_right_edge_hard_l3_3_1787300438678225205,q06,right_edge,3,kinematic,smac_hybrid_reeds_shepp,forward,0.07159180947799416,corridor,IN_PLACE_ROTATION_FORBIDDEN_OR_HARD_RADIUS,[]
q06_right_edge_hard_l3_3_1787300438678225205,q06,right_edge,4,kinematic,smac_hybrid_reeds_shepp,forward,0.07159180947799416,corridor,IN_PLACE_ROTATION_FORBIDDEN_OR_HARD_RADIUS,[]
q06_right_edge_hard_l3_3_1787300438678225205,q06,right_edge,5,kinematic,smac_hybrid_reeds_shepp,forward,0.07159384786085864,corridor,IN_PLACE_ROTATION_FORBIDDEN_OR_HARD_RADIUS,[]
q06_right_edge_hard_l3_3_1787300438678225205,q06,right_edge,6,kinematic,smac_hybrid_reeds_shepp,forward,0.07158953830288575,corridor,IN_PLACE_ROTATION_FORBIDDEN_OR_HARD_RADIUS,[]
q06_right_edge_hard_l3_3_1787300438678225205,q06,right_edge,7,kinematic,smac_hybrid_reeds_shepp,forward,0.07159384786085864,corridor,IN_PLACE_ROTATION_FORBIDDEN_OR_HARD_RADIUS,[]
q06_right_edge_hard_l3_3_1787300438678225205,q06,right_edge,8,kinematic,smac_hybrid_reeds_shepp,forward,0.07156986015947331,corridor,IN_PLACE_ROTATION_FORBIDDEN_OR_HARD_RADIUS,[]
q06_right_edge_hard_l3_3_1787300438678225205,q06,right_edge,9,kinematic,smac_hybrid_reeds_shepp,forward,0.07149786433367053,corridor,IN_PLACE_ROTATION_FORBIDDEN_OR_HARD_RADIUS,[]
q06_right_edge_hard_l3_3_1787300438678225205,q06,right_edge,10,kinematic,smac_hybrid_reeds_shepp,forward,0.07149708277659776,corridor,IN_PLACE_ROTATION_FORBIDDEN_OR_HARD_RADIUS,[]
q06_right_edge_hard_l3_3_1787300438678225205,q06,right_edge,11,kinematic,smac_hybrid_reeds_shepp,forward,0.07149660165884135,corridor,IN_PLACE_ROTATION_FORBIDDEN_OR_HARD_RADIUS,[]
q06_right_edge_hard_l3_3_1787300438678225205,q06,right_edge,12,kinematic,smac_hybrid_reeds_shepp,forward,0.07149625620556789,corridor,IN_PLACE_ROTATION_FORBIDDEN_OR_HARD_RADIUS,[]
q06_right_edge_hard_l3_3_1787300438678225205,q06,right_edge,13,kinematic,smac_hybrid_reeds_shepp,forward,0.07149878167538591,corridor,IN_PLACE_ROTATION_FORBIDDEN_OR_HARD_RADIUS,[]
q06_right_edge_hard_l3_3_1787300438678225205,q06,right_edge,14,kinematic,smac_hybrid_reeds_shepp,forward,0.07149743506450587,corridor,IN_PLACE_ROTATION_FORBIDDEN_OR_HARD_RADIUS,[]
q06_right_edge_hard_l3_3_1787300438678225205,q06,right_edge,15,kinematic,smac_hybrid_reeds_shepp,forward,0.07149617674586842,corridor,IN_PLACE_ROTATION_FORBIDDEN_OR_HARD_RADIUS,[]
q06_right_edge_hard_l3_3_1787300438678225205,q06,right_edge,16,kinematic,smac_hybrid_reeds_shepp,forward,0.07149717767110803,corridor,IN_PLACE_ROTATION_FORBIDDEN_OR_HARD_RADIUS,[]
q06_right_edge_hard_l3_3_1787300438678225205,q06,right_edge,17,kinematic,smac_hybrid_reeds_shepp,reverse,0.02376849338515675,corridor,IN_PLACE_ROTATION_FORBIDDEN_OR_HARD_RADIUS,[]
q06_right_edge_hard_l3_3_1787300438678225205,q06,right_edge,18,kinematic,smac_hybrid_reeds_shepp,reverse,0.07149556060454573,corridor,IN_PLACE_ROTATION_FORBIDDEN_OR_HARD_RADIUS,[]
q06_right_edge_hard_l3_3_1787300438678225205,q06,right_edge,19,kinematic,smac_hybrid_reeds_shepp,reverse,0.07149799283386143,corridor,IN_PLACE_ROTATION_FORBIDDEN_OR_HARD_RADIUS,[]
q06_right_edge_hard_l3_3_1787300438678225205,q06,right_edge,20,kinematic,smac_hybrid_reeds_shepp,reverse,0.07149702350817123,corridor,IN_PLACE_ROTATION_FORBIDDEN_OR_HARD_RADIUS,[]
q06_right_edge_hard_l3_3_1787300438678225205,q06,right_edge,21,kinematic,smac_hybrid_reeds_shepp,reverse,0.07149760205709531,corridor,IN_PLACE_ROTATION_FORBIDDEN_OR_HARD_RADIUS,[]
q06_right_edge_hard_l3_3_1787300438678225205,q06,right_edge,22,kinematic,smac_hybrid_reeds_shepp,reverse,0.07149557779925932,corridor,IN_PLACE_ROTATION_FORBIDDEN_OR_HARD_RADIUS,[]
q06_right_edge_hard_l3_3_1787300438678225205,q06,right_edge,23,kinematic,smac_hybrid_reeds_shepp,forward,0.07667570587411707,corridor,IN_PLACE_ROTATION_FORBIDDEN_OR_HARD_RADIUS,[]
q06_right_edge_hard_l3_3_1787300438678225205,q06,right_edge,24,kinematic,smac_hybrid_reeds_shepp,forward,0.07667570587411707,corridor,IN_PLACE_ROTATION_FORBIDDEN_OR_HARD_RADIUS,[]
q06_right_edge_hard_l3_3_1787300438678225205,q06,right_edge,25,kinematic,smac_hybrid_reeds_shepp,forward,0.07667570587411707,corridor,IN_PLACE_ROTATION_FORBIDDEN_OR_HARD_RADIUS,[]
q06_right_edge_hard_l3_3_1787300438678225205,q06,right_edge,26,kinematic,smac_hybrid_reeds_shepp,forward,0.07667580954232524,corridor,IN_PLACE_ROTATION_FORBIDDEN_OR_HARD_RADIUS,[]
q06_right_edge_hard_l3_3_1787300438678225205,q06,right_edge,27,kinematic,smac_hybrid_reeds_shepp,forward,0.07667754555405014,corridor,IN_PLACE_ROTATION_FORBIDDEN_OR_HARD_RADIUS,[]
q06_right_edge_hard_l3_3_1787300438678225205,q06,right_edge,28,kinematic,smac_hybrid_reeds_shepp,forward,0.07667645811830548,corridor,IN_PLACE_ROTATION_FORBIDDEN_OR_HARD_RADIUS,[]
q06_right_edge_hard_l3_3_1787300438678225205,q06,right_edge,29,kinematic,smac_hybrid_reeds_shepp,forward,0.07667645811830548,corridor,IN_PLACE_ROTATION_FORBIDDEN_OR_HARD_RADIUS,[]
q06_right_edge_hard_l3_3_1787300438678225205,q06,right_edge,30,kinematic,smac_hybrid_reeds_shepp,forward,0.07667793932514731,corridor,IN_PLACE_ROTATION_FORBIDDEN_OR_HARD_RADIUS,[]
q06_right_edge_hard_l3_3_1787300438678225205,q06,right_edge,31,kinematic,smac_hybrid_reeds_shepp,forward,0.07667552033986211,corridor,IN_PLACE_ROTATION_FORBIDDEN_OR_HARD_RADIUS,[]
q06_right_edge_hard_l3_3_1787300438678225205,q06,right_edge,32,kinematic,smac_hybrid_reeds_shepp,forward,0.07667552033986211,corridor,IN_PLACE_ROTATION_FORBIDDEN_OR_HARD_RADIUS,[]
q06_right_edge_hard_l3_3_1787300438678225205,q06,right_edge,33,kinematic,smac_hybrid_reeds_shepp,forward,0.07667552033986211,corridor,IN_PLACE_ROTATION_FORBIDDEN_OR_HARD_RADIUS,[]
q06_right_edge_hard_l3_3_1787300438678225205,q06,right_edge,34,kinematic,smac_hybrid_reeds_shepp,forward,0.07667696051116354,corridor,IN_PLACE_ROTATION_FORBIDDEN_OR_HARD_RADIUS,[]
q06_right_edge_hard_l3_3_1787300438678225205,q06,right_edge,35,kinematic,smac_hybrid_reeds_shepp,forward,0.07667793900252183,corridor,IN_PLACE_ROTATION_FORBIDDEN_OR_HARD_RADIUS,[]
q06_right_edge_hard_l3_3_1787300438678225205,q06,right_edge,36,kinematic,smac_hybrid_reeds_shepp,forward,0.07667696051116354,corridor,IN_PLACE_ROTATION_FORBIDDEN_OR_HARD_RADIUS,[]
q06_right_edge_hard_l3_3_1787300438678225205,q06,right_edge,37,kinematic,smac_hybrid_reeds_shepp,forward,0.07667552033986211,corridor,IN_PLACE_ROTATION_FORBIDDEN_OR_HARD_RADIUS,[]
q06_right_edge_hard_l3_3_1787300438678225205,q06,right_edge,38,kinematic,smac_hybrid_reeds_shepp,forward,0.07667793932514731,corridor,IN_PLACE_ROTATION_FORBIDDEN_OR_HARD_RADIUS,[]
q06_right_edge_hard_l3_3_1787300438678225205,q06,right_edge,39,kinematic,smac_hybrid_reeds_shepp,forward,0.07667754555405014,corridor,IN_PLACE_ROTATION_FORBIDDEN_OR_HARD_RADIUS,[]
q06_right_edge_hard_l3_3_1787300438678225205,q06,right_edge,40,kinematic,smac_hybrid_reeds_shepp,forward,0.0766769815200407,corridor,IN_PLACE_ROTATION_FORBIDDEN_OR_HARD_RADIUS,[]
q06_right_edge_hard_l3_3_1787300438678225205,q06,right_edge,41,kinematic,smac_hybrid_reeds_shepp,forward,0.07667754555405014,corridor,IN_PLACE_ROTATION_FORBIDDEN_OR_HARD_RADIUS,[]
q06_right_edge_hard_l3_3_1787300438678225205,q06,right_edge,42,kinematic,smac_hybrid_reeds_shepp,forward,0.07667793932514731,corridor,IN_PLACE_ROTATION_FORBIDDEN_OR_HARD_RADIUS,[]
q06_right_edge_hard_l3_3_1787300438678225205,q06,right_edge,43,kinematic,smac_hybrid_reeds_shepp,forward,0.07667696051116354,corridor,IN_PLACE_ROTATION_FORBIDDEN_OR_HARD_RADIUS,[]
q06_right_edge_hard_l3_3_1787300438678225205,q06,right_edge,44,kinematic,smac_hybrid_reeds_shepp,forward,0.0708825667884743,corridor,IN_PLACE_ROTATION_FORBIDDEN_OR_HARD_RADIUS,[]
q06_right_edge_hard_l3_3_1787300438678225205,q06,right_edge,45,kinematic,smac_hybrid_reeds_shepp,forward,0.07088601908296364,corridor,IN_PLACE_ROTATION_FORBIDDEN_OR_HARD_RADIUS,[]
q06_right_edge_hard_l3_3_1787300438678225205,q06,right_edge,46,kinematic,smac_hybrid_reeds_shepp,forward,0.0708842350748822,corridor,IN_PLACE_ROTATION_FORBIDDEN_OR_HARD_RADIUS,[]
q06_right_edge_hard_l3_3_1787300438678225205,q06,right_edge,47,kinematic,smac_hybrid_reeds_shepp,forward,0.07088330081272502,corridor,IN_PLACE_ROTATION_FORBIDDEN_OR_HARD_RADIUS,[]
q06_right_edge_hard_l3_3_1787300438678225205,q06,right_edge,48,kinematic,smac_hybrid_reeds_shepp,forward,0.07088455138698745,corridor,IN_PLACE_ROTATION_FORBIDDEN_OR_HARD_RADIUS,[]
q06_right_edge_hard_l3_3_1787300438678225205,q06,right_edge,49,kinematic,smac_hybrid_reeds_shepp,forward,0.07088406625544635,corridor,IN_PLACE_ROTATION_FORBIDDEN_OR_HARD_RADIUS,[]
q06_right_edge_hard_l3_3_1787300438678225205,q06,right_edge,50,kinematic,smac_hybrid_reeds_shepp,forward,0.07088412181969594,corridor,IN_PLACE_ROTATION_FORBIDDEN_OR_HARD_RADIUS,[]
q06_right_edge_hard_l3_3_1787300438678225205,q06,right_edge,51,kinematic,smac_hybrid_reeds_shepp,forward,0.07088375243753532,corridor,IN_PLACE_ROTATION_FORBIDDEN_OR_HARD_RADIUS,[]
q06_right_edge_hard_l3_3_1787300438678225205,q06,right_edge,52,kinematic,smac_hybrid_reeds_shepp,forward,0.07097679605817954,corridor,IN_PLACE_ROTATION_FORBIDDEN_OR_HARD_RADIUS,[]
q06_right_edge_hard_l3_3_1787300438678225205,q06,right_edge,53,kinematic,smac_hybrid_reeds_shepp,forward,0.0709771589120554,corridor,IN_PLACE_ROTATION_FORBIDDEN_OR_HARD_RADIUS,[]
q06_right_edge_hard_l3_3_1787300438678225205,q06,right_edge,54,kinematic,smac_hybrid_reeds_shepp,forward,0.0709771589120554,corridor,IN_PLACE_ROTATION_FORBIDDEN_OR_HARD_RADIUS,[]
q06_right_edge_hard_l3_3_1787300438678225205,q06,right_edge,55,kinematic,smac_hybrid_reeds_shepp,forward,0.0709771589120554,corridor,IN_PLACE_ROTATION_FORBIDDEN_OR_HARD_RADIUS,[]
q06_right_edge_hard_l3_3_1787300438678225205,q06,right_edge,56,kinematic,smac_hybrid_reeds_shepp,forward,0.0709771589120554,corridor,IN_PLACE_ROTATION_FORBIDDEN_OR_HARD_RADIUS,[]
q06_right_edge_hard_l3_3_1787300438678225205,q06,right_edge,57,kinematic,smac_hybrid_reeds_shepp,forward,0.07097640234623788,corridor,IN_PLACE_ROTATION_FORBIDDEN_OR_HARD_RADIUS,[]
q06_right_edge_hard_l3_3_1787300438678225205,q06,right_edge,58,kinematic,smac_hybrid_reeds_shepp,forward,0.0709771589120554,corridor,IN_PLACE_ROTATION_FORBIDDEN_OR_HARD_RADIUS,[]
q06_right_edge_hard_l3_3_1787300438678225205,q06,right_edge,59,kinematic,smac_hybrid_reeds_shepp,forward,0.0709771589120554,corridor,IN_PLACE_ROTATION_FORBIDDEN_OR_HARD_RADIUS,[]
q06_right_edge_hard_l3_3_1787300438678225205,q06,right_edge,60,kinematic,smac_hybrid_reeds_shepp,forward,0.07097755261980039,corridor,IN_PLACE_ROTATION_FORBIDDEN_OR_HARD_RADIUS,[]
q06_right_edge_hard_l3_3_1787300438678225205,q06,right_edge,61,kinematic,smac_hybrid_reeds_shepp,forward,0.0709771589120554,corridor,IN_PLACE_ROTATION_FORBIDDEN_OR_HARD_RADIUS,[]
q06_right_edge_hard_l3_3_1787300438678225205,q06,right_edge,62,kinematic,smac_hybrid_reeds_shepp,forward,0.0709771589120554,corridor,IN_PLACE_ROTATION_FORBIDDEN_OR_HARD_RADIUS,[]
q06_right_edge_hard_l3_3_1787300438678225205,q06,right_edge,63,kinematic,smac_hybrid_reeds_shepp,forward,0.0709771589120554,corridor,IN_PLACE_ROTATION_FORBIDDEN_OR_HARD_RADIUS,[]
q06_right_edge_hard_l3_3_1787300438678225205,q06,right_edge,64,kinematic,smac_hybrid_reeds_shepp,forward,0.0709771589120554,corridor,IN_PLACE_ROTATION_FORBIDDEN_OR_HARD_RADIUS,[]
q06_right_edge_hard_l3_3_1787300438678225205,q06,right_edge,65,kinematic,smac_hybrid_reeds_shepp,forward,0.07097640234623788,corridor,IN_PLACE_ROTATION_FORBIDDEN_OR_HARD_RADIUS,[]
q06_right_edge_hard_l3_3_1787300438678225205,q06,right_edge,66,kinematic,smac_hybrid_reeds_shepp,forward,0.0709771589120554,corridor,IN_PLACE_ROTATION_FORBIDDEN_OR_HARD_RADIUS,[]
q06_right_edge_hard_l3_3_1787300438678225205,q06,right_edge,67,kinematic,smac_hybrid_reeds_shepp,forward,0.0709771589120554,corridor,IN_PLACE_ROTATION_FORBIDDEN_OR_HARD_RADIUS,[]
q06_right_edge_hard_l3_3_1787300438678225205,q06,right_edge,68,kinematic,smac_hybrid_reeds_shepp,forward,0.0709771589120554,corridor,IN_PLACE_ROTATION_FORBIDDEN_OR_HARD_RADIUS,[]
q06_right_edge_hard_l3_3_1787300438678225205,q06,right_edge,69,kinematic,smac_hybrid_reeds_shepp,forward,0.0709771589120554,corridor,IN_PLACE_ROTATION_FORBIDDEN_OR_HARD_RADIUS,[]
q06_right_edge_hard_l3_3_1787300438678225205,q06,right_edge,70,kinematic,smac_hybrid_reeds_shepp,forward,0.0709771589120554,corridor,IN_PLACE_ROTATION_FORBIDDEN_OR_HARD_RADIUS,[]
q06_right_edge_hard_l3_3_1787300438678225205,q06,right_edge,71,kinematic,smac_hybrid_reeds_shepp,forward,0.0709771589120554,corridor,IN_PLACE_ROTATION_FORBIDDEN_OR_HARD_RADIUS,[]
q06_right_edge_hard_l3_3_1787300438678225205,q06,right_edge,72,kinematic,smac_hybrid_reeds_shepp,forward,0.0709771589120554,corridor,IN_PLACE_ROTATION_FORBIDDEN_OR_HARD_RADIUS,[]
q06_right_edge_hard_l3_3_1787300438678225205,q06,right_edge,73,kinematic,smac_hybrid_reeds_shepp,forward,0.07097640234623788,corridor,IN_PLACE_ROTATION_FORBIDDEN_OR_HARD_RADIUS,[]
q06_right_edge_hard_l3_3_1787300438678225205,q06,right_edge,74,kinematic,smac_hybrid_reeds_shepp,forward,0.07091207268667898,corridor,IN_PLACE_ROTATION_FORBIDDEN_OR_HARD_RADIUS,[]
q06_right_edge_hard_l3_3_1787300438678225205,q06,right_edge,75,kinematic,smac_hybrid_reeds_shepp,reverse,0.07159516215823601,corridor,IN_PLACE_ROTATION_FORBIDDEN_OR_HARD_RADIUS,[]
q06_right_edge_hard_l3_3_1787300438678225205,q06,right_edge,76,kinematic,smac_hybrid_reeds_shepp,reverse,0.07159418335120304,corridor,IN_PLACE_ROTATION_FORBIDDEN_OR_HARD_RADIUS,[]
q06_right_edge_hard_l3_3_1787300438678225205,q06,right_edge,77,kinematic,smac_hybrid_reeds_shepp,reverse,0.0715953052439843,corridor,IN_PLACE_ROTATION_FORBIDDEN_OR_HARD_RADIUS,[]
q06_right_edge_hard_l3_3_1787300438678225205,q06,right_edge,78,kinematic,smac_hybrid_reeds_shepp,reverse,0.07159419747746291,corridor,IN_PLACE_ROTATION_FORBIDDEN_OR_HARD_RADIUS,[]
q06_right_edge_hard_l3_3_1787300438678225205,q06,right_edge,79,kinematic,smac_hybrid_reeds_shepp,reverse,0.0715965184389877,corridor,IN_PLACE_ROTATION_FORBIDDEN_OR_HARD_RADIUS,[]
q06_right_edge_hard_l3_3_1787300438678225205,q06,right_edge,80,kinematic,smac_hybrid_reeds_shepp,reverse,0.033063689394696075,corridor,IN_PLACE_ROTATION_FORBIDDEN_OR_HARD_RADIUS,[]
q06_right_edge_hard_l3_3_1787300438678225205,q06,right_edge,81,kinematic,smac_hybrid_reeds_shepp,forward,0.0715948653760433,corridor,IN_PLACE_ROTATION_FORBIDDEN_OR_HARD_RADIUS,[]
q06_right_edge_hard_l3_3_1787300438678225205,q06,right_edge,82,kinematic,smac_hybrid_reeds_shepp,forward,0.07159503181617534,corridor,IN_PLACE_ROTATION_FORBIDDEN_OR_HARD_RADIUS,[]
q06_right_edge_hard_l3_3_1787300438678225205,q06,right_edge,83,kinematic,smac_hybrid_reeds_shepp,forward,0.07159494020585745,corridor,IN_PLACE_ROTATION_FORBIDDEN_OR_HARD_RADIUS,[]
q06_right_edge_hard_l3_3_1787300438678225205,q06,right_edge,84,kinematic,smac_hybrid_reeds_shepp,forward,0.07159535298388568,corridor,IN_PLACE_ROTATION_FORBIDDEN_OR_HARD_RADIUS,[]
q06_right_edge_hard_l3_3_1787300438678225205,q06,right_edge,85,kinematic,smac_hybrid_reeds_shepp,forward,0.07159547532943276,corridor,IN_PLACE_ROTATION_FORBIDDEN_OR_HARD_RADIUS,[]
q06_right_edge_hard_l3_3_1787300438678225205,q06,right_edge,86,kinematic,smac_hybrid_reeds_shepp,forward,0.07159427532021871,corridor,IN_PLACE_ROTATION_FORBIDDEN_OR_HARD_RADIUS,[]
q06_right_edge_hard_l3_3_1787300438678225205,q06,right_edge,87,kinematic,smac_hybrid_reeds_shepp,forward,0.07159407310530369,corridor,IN_PLACE_ROTATION_FORBIDDEN_OR_HARD_RADIUS,[]
q06_right_edge_hard_l3_3_1787300438678225205,q06,right_edge,88,kinematic,smac_hybrid_reeds_shepp,forward,0.07159553809358882,corridor,IN_PLACE_ROTATION_FORBIDDEN_OR_HARD_RADIUS,[]
q06_right_edge_hard_l3_3_1787300438678225205,q06,right_edge,89,kinematic,smac_hybrid_reeds_shepp,forward,0.07166143134174302,corridor,IN_PLACE_ROTATION_FORBIDDEN_OR_HARD_RADIUS,[]
q06_right_edge_hard_l3_3_1787300438678225205,q06,right_edge,90,kinematic,smac_hybrid_reeds_shepp,forward,0.07169064454262887,corridor,IN_PLACE_ROTATION_FORBIDDEN_OR_HARD_RADIUS,[]
q06_right_edge_hard_l3_3_1787300438678225205,q06,right_edge,91,kinematic,smac_hybrid_reeds_shepp,forward,0.07169064454262887,corridor,IN_PLACE_ROTATION_FORBIDDEN_OR_HARD_RADIUS,[]
q06_right_edge_hard_l3_3_1787300438678225205,q06,right_edge,92,kinematic,smac_hybrid_reeds_shepp,forward,0.07169064454262887,corridor,IN_PLACE_ROTATION_FORBIDDEN_OR_HARD_RADIUS,[]
q06_right_edge_hard_l3_3_1787300438678225205,q06,right_edge,93,kinematic,smac_hybrid_reeds_shepp,forward,0.07169064454262887,corridor,IN_PLACE_ROTATION_FORBIDDEN_OR_HARD_RADIUS,[]
q06_right_edge_hard_l3_3_1787300438678225205,q06,right_edge,94,kinematic,smac_hybrid_reeds_shepp,forward,0.0716683509165844,corridor,IN_PLACE_ROTATION_FORBIDDEN_OR_HARD_RADIUS,[]
q06_right_edge_hard_l3_3_1787300438678225205,q06,right_edge,95,kinematic,smac_hybrid_reeds_shepp,forward,0.07159417785517255,corridor,IN_PLACE_ROTATION_FORBIDDEN_OR_HARD_RADIUS,[]
q06_right_edge_hard_l3_4_1787300438876680171,q06,right_edge,0,grid,grid_astar,mixed,20.37711165869937,corridor,,
q06_right_edge_hard_l3_4_1787300438876680171,q06,right_edge,1,kinematic,smac_hybrid_reeds_shepp,forward,0.07158429520825889,corridor,IN_PLACE_ROTATION_FORBIDDEN_OR_HARD_RADIUS,[]
q06_right_edge_hard_l3_4_1787300438876680171,q06,right_edge,2,kinematic,smac_hybrid_reeds_shepp,forward,0.07159384786085864,corridor,IN_PLACE_ROTATION_FORBIDDEN_OR_HARD_RADIUS,[]
q06_right_edge_hard_l3_4_1787300438876680171,q06,right_edge,3,kinematic,smac_hybrid_reeds_shepp,forward,0.07159180947799416,corridor,IN_PLACE_ROTATION_FORBIDDEN_OR_HARD_RADIUS,[]
q06_right_edge_hard_l3_4_1787300438876680171,q06,right_edge,4,kinematic,smac_hybrid_reeds_shepp,forward,0.07159180947799416,corridor,IN_PLACE_ROTATION_FORBIDDEN_OR_HARD_RADIUS,[]
q06_right_edge_hard_l3_4_1787300438876680171,q06,right_edge,5,kinematic,smac_hybrid_reeds_shepp,forward,0.07159384786085864,corridor,IN_PLACE_ROTATION_FORBIDDEN_OR_HARD_RADIUS,[]
q06_right_edge_hard_l3_4_1787300438876680171,q06,right_edge,6,kinematic,smac_hybrid_reeds_shepp,forward,0.07158953830288575,corridor,IN_PLACE_ROTATION_FORBIDDEN_OR_HARD_RADIUS,[]
q06_right_edge_hard_l3_4_1787300438876680171,q06,right_edge,7,kinematic,smac_hybrid_reeds_shepp,forward,0.07159384786085864,corridor,IN_PLACE_ROTATION_FORBIDDEN_OR_HARD_RADIUS,[]
q06_right_edge_hard_l3_4_1787300438876680171,q06,right_edge,8,kinematic,smac_hybrid_reeds_shepp,forward,0.07156986015947331,corridor,IN_PLACE_ROTATION_FORBIDDEN_OR_HARD_RADIUS,[]
q06_right_edge_hard_l3_4_1787300438876680171,q06,right_edge,9,kinematic,smac_hybrid_reeds_shepp,forward,0.07149786433367053,corridor,IN_PLACE_ROTATION_FORBIDDEN_OR_HARD_RADIUS,[]
q06_right_edge_hard_l3_4_1787300438876680171,q06,right_edge,10,kinematic,smac_hybrid_reeds_shepp,forward,0.07149708277659776,corridor,IN_PLACE_ROTATION_FORBIDDEN_OR_HARD_RADIUS,[]
q06_right_edge_hard_l3_4_1787300438876680171,q06,right_edge,11,kinematic,smac_hybrid_reeds_shepp,forward,0.07149660165884135,corridor,IN_PLACE_ROTATION_FORBIDDEN_OR_HARD_RADIUS,[]
q06_right_edge_hard_l3_4_1787300438876680171,q06,right_edge,12,kinematic,smac_hybrid_reeds_shepp,forward,0.07149625620556789,corridor,IN_PLACE_ROTATION_FORBIDDEN_OR_HARD_RADIUS,[]
q06_right_edge_hard_l3_4_1787300438876680171,q06,right_edge,13,kinematic,smac_hybrid_reeds_shepp,forward,0.07149878167538591,corridor,IN_PLACE_ROTATION_FORBIDDEN_OR_HARD_RADIUS,[]
q06_right_edge_hard_l3_4_1787300438876680171,q06,right_edge,14,kinematic,smac_hybrid_reeds_shepp,forward,0.07149743506450587,corridor,IN_PLACE_ROTATION_FORBIDDEN_OR_HARD_RADIUS,[]
q06_right_edge_hard_l3_4_1787300438876680171,q06,right_edge,15,kinematic,smac_hybrid_reeds_shepp,forward,0.07149617674586842,corridor,IN_PLACE_ROTATION_FORBIDDEN_OR_HARD_RADIUS,[]
q06_right_edge_hard_l3_4_1787300438876680171,q06,right_edge,16,kinematic,smac_hybrid_reeds_shepp,forward,0.07149717767110803,corridor,IN_PLACE_ROTATION_FORBIDDEN_OR_HARD_RADIUS,[]
q06_right_edge_hard_l3_4_1787300438876680171,q06,right_edge,17,kinematic,smac_hybrid_reeds_shepp,reverse,0.02376849338515675,corridor,IN_PLACE_ROTATION_FORBIDDEN_OR_HARD_RADIUS,[]
q06_right_edge_hard_l3_4_1787300438876680171,q06,right_edge,18,kinematic,smac_hybrid_reeds_shepp,reverse,0.07149556060454573,corridor,IN_PLACE_ROTATION_FORBIDDEN_OR_HARD_RADIUS,[]
q06_right_edge_hard_l3_4_1787300438876680171,q06,right_edge,19,kinematic,smac_hybrid_reeds_shepp,reverse,0.07149799283386143,corridor,IN_PLACE_ROTATION_FORBIDDEN_OR_HARD_RADIUS,[]
q06_right_edge_hard_l3_4_1787300438876680171,q06,right_edge,20,kinematic,smac_hybrid_reeds_shepp,reverse,0.07149702350817123,corridor,IN_PLACE_ROTATION_FORBIDDEN_OR_HARD_RADIUS,[]
q06_right_edge_hard_l3_4_1787300438876680171,q06,right_edge,21,kinematic,smac_hybrid_reeds_shepp,reverse,0.07149760205709531,corridor,IN_PLACE_ROTATION_FORBIDDEN_OR_HARD_RADIUS,[]
q06_right_edge_hard_l3_4_1787300438876680171,q06,right_edge,22,kinematic,smac_hybrid_reeds_shepp,reverse,0.07149557779925932,corridor,IN_PLACE_ROTATION_FORBIDDEN_OR_HARD_RADIUS,[]
q06_right_edge_hard_l3_4_1787300438876680171,q06,right_edge,23,kinematic,smac_hybrid_reeds_shepp,forward,0.07667570587411707,corridor,IN_PLACE_ROTATION_FORBIDDEN_OR_HARD_RADIUS,[]
q06_right_edge_hard_l3_4_1787300438876680171,q06,right_edge,24,kinematic,smac_hybrid_reeds_shepp,forward,0.07667570587411707,corridor,IN_PLACE_ROTATION_FORBIDDEN_OR_HARD_RADIUS,[]
q06_right_edge_hard_l3_4_1787300438876680171,q06,right_edge,25,kinematic,smac_hybrid_reeds_shepp,forward,0.07667570587411707,corridor,IN_PLACE_ROTATION_FORBIDDEN_OR_HARD_RADIUS,[]
q06_right_edge_hard_l3_4_1787300438876680171,q06,right_edge,26,kinematic,smac_hybrid_reeds_shepp,forward,0.07667580954232524,corridor,IN_PLACE_ROTATION_FORBIDDEN_OR_HARD_RADIUS,[]
q06_right_edge_hard_l3_4_1787300438876680171,q06,right_edge,27,kinematic,smac_hybrid_reeds_shepp,forward,0.07667754555405014,corridor,IN_PLACE_ROTATION_FORBIDDEN_OR_HARD_RADIUS,[]
q06_right_edge_hard_l3_4_1787300438876680171,q06,right_edge,28,kinematic,smac_hybrid_reeds_shepp,forward,0.07667645811830548,corridor,IN_PLACE_ROTATION_FORBIDDEN_OR_HARD_RADIUS,[]
q06_right_edge_hard_l3_4_1787300438876680171,q06,right_edge,29,kinematic,smac_hybrid_reeds_shepp,forward,0.07667645811830548,corridor,IN_PLACE_ROTATION_FORBIDDEN_OR_HARD_RADIUS,[]
q06_right_edge_hard_l3_4_1787300438876680171,q06,right_edge,30,kinematic,smac_hybrid_reeds_shepp,forward,0.07667793932514731,corridor,IN_PLACE_ROTATION_FORBIDDEN_OR_HARD_RADIUS,[]
q06_right_edge_hard_l3_4_1787300438876680171,q06,right_edge,31,kinematic,smac_hybrid_reeds_shepp,forward,0.07667552033986211,corridor,IN_PLACE_ROTATION_FORBIDDEN_OR_HARD_RADIUS,[]
q06_right_edge_hard_l3_4_1787300438876680171,q06,right_edge,32,kinematic,smac_hybrid_reeds_shepp,forward,0.07667552033986211,corridor,IN_PLACE_ROTATION_FORBIDDEN_OR_HARD_RADIUS,[]
q06_right_edge_hard_l3_4_1787300438876680171,q06,right_edge,33,kinematic,smac_hybrid_reeds_shepp,forward,0.07667552033986211,corridor,IN_PLACE_ROTATION_FORBIDDEN_OR_HARD_RADIUS,[]
q06_right_edge_hard_l3_4_1787300438876680171,q06,right_edge,34,kinematic,smac_hybrid_reeds_shepp,forward,0.07667696051116354,corridor,IN_PLACE_ROTATION_FORBIDDEN_OR_HARD_RADIUS,[]
q06_right_edge_hard_l3_4_1787300438876680171,q06,right_edge,35,kinematic,smac_hybrid_reeds_shepp,forward,0.07667793900252183,corridor,IN_PLACE_ROTATION_FORBIDDEN_OR_HARD_RADIUS,[]
q06_right_edge_hard_l3_4_1787300438876680171,q06,right_edge,36,kinematic,smac_hybrid_reeds_shepp,forward,0.07667696051116354,corridor,IN_PLACE_ROTATION_FORBIDDEN_OR_HARD_RADIUS,[]
q06_right_edge_hard_l3_4_1787300438876680171,q06,right_edge,37,kinematic,smac_hybrid_reeds_shepp,forward,0.07667552033986211,corridor,IN_PLACE_ROTATION_FORBIDDEN_OR_HARD_RADIUS,[]
q06_right_edge_hard_l3_4_1787300438876680171,q06,right_edge,38,kinematic,smac_hybrid_reeds_shepp,forward,0.07667793932514731,corridor,IN_PLACE_ROTATION_FORBIDDEN_OR_HARD_RADIUS,[]
q06_right_edge_hard_l3_4_1787300438876680171,q06,right_edge,39,kinematic,smac_hybrid_reeds_shepp,forward,0.07667754555405014,corridor,IN_PLACE_ROTATION_FORBIDDEN_OR_HARD_RADIUS,[]
q06_right_edge_hard_l3_4_1787300438876680171,q06,right_edge,40,kinematic,smac_hybrid_reeds_shepp,forward,0.0766769815200407,corridor,IN_PLACE_ROTATION_FORBIDDEN_OR_HARD_RADIUS,[]
q06_right_edge_hard_l3_4_1787300438876680171,q06,right_edge,41,kinematic,smac_hybrid_reeds_shepp,forward,0.07667754555405014,corridor,IN_PLACE_ROTATION_FORBIDDEN_OR_HARD_RADIUS,[]
q06_right_edge_hard_l3_4_1787300438876680171,q06,right_edge,42,kinematic,smac_hybrid_reeds_shepp,forward,0.07667793932514731,corridor,IN_PLACE_ROTATION_FORBIDDEN_OR_HARD_RADIUS,[]
q06_right_edge_hard_l3_4_1787300438876680171,q06,right_edge,43,kinematic,smac_hybrid_reeds_shepp,forward,0.07667696051116354,corridor,IN_PLACE_ROTATION_FORBIDDEN_OR_HARD_RADIUS,[]
q06_right_edge_hard_l3_4_1787300438876680171,q06,right_edge,44,kinematic,smac_hybrid_reeds_shepp,forward,0.0708825667884743,corridor,IN_PLACE_ROTATION_FORBIDDEN_OR_HARD_RADIUS,[]
q06_right_edge_hard_l3_4_1787300438876680171,q06,right_edge,45,kinematic,smac_hybrid_reeds_shepp,forward,0.07088601908296364,corridor,IN_PLACE_ROTATION_FORBIDDEN_OR_HARD_RADIUS,[]
q06_right_edge_hard_l3_4_1787300438876680171,q06,right_edge,46,kinematic,smac_hybrid_reeds_shepp,forward,0.0708842350748822,corridor,IN_PLACE_ROTATION_FORBIDDEN_OR_HARD_RADIUS,[]
q06_right_edge_hard_l3_4_1787300438876680171,q06,right_edge,47,kinematic,smac_hybrid_reeds_shepp,forward,0.07088330081272502,corridor,IN_PLACE_ROTATION_FORBIDDEN_OR_HARD_RADIUS,[]
q06_right_edge_hard_l3_4_1787300438876680171,q06,right_edge,48,kinematic,smac_hybrid_reeds_shepp,forward,0.07088455138698745,corridor,IN_PLACE_ROTATION_FORBIDDEN_OR_HARD_RADIUS,[]
q06_right_edge_hard_l3_4_1787300438876680171,q06,right_edge,49,kinematic,smac_hybrid_reeds_shepp,forward,0.07088406625544635,corridor,IN_PLACE_ROTATION_FORBIDDEN_OR_HARD_RADIUS,[]
q06_right_edge_hard_l3_4_1787300438876680171,q06,right_edge,50,kinematic,smac_hybrid_reeds_shepp,forward,0.07088412181969594,corridor,IN_PLACE_ROTATION_FORBIDDEN_OR_HARD_RADIUS,[]
q06_right_edge_hard_l3_4_1787300438876680171,q06,right_edge,51,kinematic,smac_hybrid_reeds_shepp,forward,0.07088375243753532,corridor,IN_PLACE_ROTATION_FORBIDDEN_OR_HARD_RADIUS,[]
q06_right_edge_hard_l3_4_1787300438876680171,q06,right_edge,52,kinematic,smac_hybrid_reeds_shepp,forward,0.07097679605817954,corridor,IN_PLACE_ROTATION_FORBIDDEN_OR_HARD_RADIUS,[]
q06_right_edge_hard_l3_4_1787300438876680171,q06,right_edge,53,kinematic,smac_hybrid_reeds_shepp,forward,0.0709771589120554,corridor,IN_PLACE_ROTATION_FORBIDDEN_OR_HARD_RADIUS,[]
q06_right_edge_hard_l3_4_1787300438876680171,q06,right_edge,54,kinematic,smac_hybrid_reeds_shepp,forward,0.0709771589120554,corridor,IN_PLACE_ROTATION_FORBIDDEN_OR_HARD_RADIUS,[]
q06_right_edge_hard_l3_4_1787300438876680171,q06,right_edge,55,kinematic,smac_hybrid_reeds_shepp,forward,0.0709771589120554,corridor,IN_PLACE_ROTATION_FORBIDDEN_OR_HARD_RADIUS,[]
q06_right_edge_hard_l3_4_1787300438876680171,q06,right_edge,56,kinematic,smac_hybrid_reeds_shepp,forward,0.0709771589120554,corridor,IN_PLACE_ROTATION_FORBIDDEN_OR_HARD_RADIUS,[]
q06_right_edge_hard_l3_4_1787300438876680171,q06,right_edge,57,kinematic,smac_hybrid_reeds_shepp,forward,0.07097640234623788,corridor,IN_PLACE_ROTATION_FORBIDDEN_OR_HARD_RADIUS,[]
q06_right_edge_hard_l3_4_1787300438876680171,q06,right_edge,58,kinematic,smac_hybrid_reeds_shepp,forward,0.0709771589120554,corridor,IN_PLACE_ROTATION_FORBIDDEN_OR_HARD_RADIUS,[]
q06_right_edge_hard_l3_4_1787300438876680171,q06,right_edge,59,kinematic,smac_hybrid_reeds_shepp,forward,0.0709771589120554,corridor,IN_PLACE_ROTATION_FORBIDDEN_OR_HARD_RADIUS,[]
q06_right_edge_hard_l3_4_1787300438876680171,q06,right_edge,60,kinematic,smac_hybrid_reeds_shepp,forward,0.07097755261980039,corridor,IN_PLACE_ROTATION_FORBIDDEN_OR_HARD_RADIUS,[]
q06_right_edge_hard_l3_4_1787300438876680171,q06,right_edge,61,kinematic,smac_hybrid_reeds_shepp,forward,0.0709771589120554,corridor,IN_PLACE_ROTATION_FORBIDDEN_OR_HARD_RADIUS,[]
q06_right_edge_hard_l3_4_1787300438876680171,q06,right_edge,62,kinematic,smac_hybrid_reeds_shepp,forward,0.0709771589120554,corridor,IN_PLACE_ROTATION_FORBIDDEN_OR_HARD_RADIUS,[]
q06_right_edge_hard_l3_4_1787300438876680171,q06,right_edge,63,kinematic,smac_hybrid_reeds_shepp,forward,0.0709771589120554,corridor,IN_PLACE_ROTATION_FORBIDDEN_OR_HARD_RADIUS,[]
q06_right_edge_hard_l3_4_1787300438876680171,q06,right_edge,64,kinematic,smac_hybrid_reeds_shepp,forward,0.0709771589120554,corridor,IN_PLACE_ROTATION_FORBIDDEN_OR_HARD_RADIUS,[]
q06_right_edge_hard_l3_4_1787300438876680171,q06,right_edge,65,kinematic,smac_hybrid_reeds_shepp,forward,0.07097640234623788,corridor,IN_PLACE_ROTATION_FORBIDDEN_OR_HARD_RADIUS,[]
q06_right_edge_hard_l3_4_1787300438876680171,q06,right_edge,66,kinematic,smac_hybrid_reeds_shepp,forward,0.0709771589120554,corridor,IN_PLACE_ROTATION_FORBIDDEN_OR_HARD_RADIUS,[]
q06_right_edge_hard_l3_4_1787300438876680171,q06,right_edge,67,kinematic,smac_hybrid_reeds_shepp,forward,0.0709771589120554,corridor,IN_PLACE_ROTATION_FORBIDDEN_OR_HARD_RADIUS,[]
q06_right_edge_hard_l3_4_1787300438876680171,q06,right_edge,68,kinematic,smac_hybrid_reeds_shepp,forward,0.0709771589120554,corridor,IN_PLACE_ROTATION_FORBIDDEN_OR_HARD_RADIUS,[]
q06_right_edge_hard_l3_4_1787300438876680171,q06,right_edge,69,kinematic,smac_hybrid_reeds_shepp,forward,0.0709771589120554,corridor,IN_PLACE_ROTATION_FORBIDDEN_OR_HARD_RADIUS,[]
q06_right_edge_hard_l3_4_1787300438876680171,q06,right_edge,70,kinematic,smac_hybrid_reeds_shepp,forward,0.0709771589120554,corridor,IN_PLACE_ROTATION_FORBIDDEN_OR_HARD_RADIUS,[]
q06_right_edge_hard_l3_4_1787300438876680171,q06,right_edge,71,kinematic,smac_hybrid_reeds_shepp,forward,0.0709771589120554,corridor,IN_PLACE_ROTATION_FORBIDDEN_OR_HARD_RADIUS,[]
q06_right_edge_hard_l3_4_1787300438876680171,q06,right_edge,72,kinematic,smac_hybrid_reeds_shepp,forward,0.0709771589120554,corridor,IN_PLACE_ROTATION_FORBIDDEN_OR_HARD_RADIUS,[]
q06_right_edge_hard_l3_4_1787300438876680171,q06,right_edge,73,kinematic,smac_hybrid_reeds_shepp,forward,0.07097640234623788,corridor,IN_PLACE_ROTATION_FORBIDDEN_OR_HARD_RADIUS,[]
q06_right_edge_hard_l3_4_1787300438876680171,q06,right_edge,74,kinematic,smac_hybrid_reeds_shepp,forward,0.07091207268667898,corridor,IN_PLACE_ROTATION_FORBIDDEN_OR_HARD_RADIUS,[]
q06_right_edge_hard_l3_4_1787300438876680171,q06,right_edge,75,kinematic,smac_hybrid_reeds_shepp,reverse,0.07159516215823601,corridor,IN_PLACE_ROTATION_FORBIDDEN_OR_HARD_RADIUS,[]
q06_right_edge_hard_l3_4_1787300438876680171,q06,right_edge,76,kinematic,smac_hybrid_reeds_shepp,reverse,0.07159418335120304,corridor,IN_PLACE_ROTATION_FORBIDDEN_OR_HARD_RADIUS,[]
q06_right_edge_hard_l3_4_1787300438876680171,q06,right_edge,77,kinematic,smac_hybrid_reeds_shepp,reverse,0.0715953052439843,corridor,IN_PLACE_ROTATION_FORBIDDEN_OR_HARD_RADIUS,[]
q06_right_edge_hard_l3_4_1787300438876680171,q06,right_edge,78,kinematic,smac_hybrid_reeds_shepp,reverse,0.07159419747746291,corridor,IN_PLACE_ROTATION_FORBIDDEN_OR_HARD_RADIUS,[]
q06_right_edge_hard_l3_4_1787300438876680171,q06,right_edge,79,kinematic,smac_hybrid_reeds_shepp,reverse,0.0715965184389877,corridor,IN_PLACE_ROTATION_FORBIDDEN_OR_HARD_RADIUS,[]
q06_right_edge_hard_l3_4_1787300438876680171,q06,right_edge,80,kinematic,smac_hybrid_reeds_shepp,reverse,0.033063689394696075,corridor,IN_PLACE_ROTATION_FORBIDDEN_OR_HARD_RADIUS,[]
q06_right_edge_hard_l3_4_1787300438876680171,q06,right_edge,81,kinematic,smac_hybrid_reeds_shepp,forward,0.0715948653760433,corridor,IN_PLACE_ROTATION_FORBIDDEN_OR_HARD_RADIUS,[]
q06_right_edge_hard_l3_4_1787300438876680171,q06,right_edge,82,kinematic,smac_hybrid_reeds_shepp,forward,0.07159503181617534,corridor,IN_PLACE_ROTATION_FORBIDDEN_OR_HARD_RADIUS,[]
q06_right_edge_hard_l3_4_1787300438876680171,q06,right_edge,83,kinematic,smac_hybrid_reeds_shepp,forward,0.07159494020585745,corridor,IN_PLACE_ROTATION_FORBIDDEN_OR_HARD_RADIUS,[]
q06_right_edge_hard_l3_4_1787300438876680171,q06,right_edge,84,kinematic,smac_hybrid_reeds_shepp,forward,0.07159535298388568,corridor,IN_PLACE_ROTATION_FORBIDDEN_OR_HARD_RADIUS,[]
q06_right_edge_hard_l3_4_1787300438876680171,q06,right_edge,85,kinematic,smac_hybrid_reeds_shepp,forward,0.07159547532943276,corridor,IN_PLACE_ROTATION_FORBIDDEN_OR_HARD_RADIUS,[]
q06_right_edge_hard_l3_4_1787300438876680171,q06,right_edge,86,kinematic,smac_hybrid_reeds_shepp,forward,0.07159427532021871,corridor,IN_PLACE_ROTATION_FORBIDDEN_OR_HARD_RADIUS,[]
q06_right_edge_hard_l3_4_1787300438876680171,q06,right_edge,87,kinematic,smac_hybrid_reeds_shepp,forward,0.07159407310530369,corridor,IN_PLACE_ROTATION_FORBIDDEN_OR_HARD_RADIUS,[]
q06_right_edge_hard_l3_4_1787300438876680171,q06,right_edge,88,kinematic,smac_hybrid_reeds_shepp,forward,0.07159553809358882,corridor,IN_PLACE_ROTATION_FORBIDDEN_OR_HARD_RADIUS,[]
q06_right_edge_hard_l3_4_1787300438876680171,q06,right_edge,89,kinematic,smac_hybrid_reeds_shepp,forward,0.07166143134174302,corridor,IN_PLACE_ROTATION_FORBIDDEN_OR_HARD_RADIUS,[]
q06_right_edge_hard_l3_4_1787300438876680171,q06,right_edge,90,kinematic,smac_hybrid_reeds_shepp,forward,0.07169064454262887,corridor,IN_PLACE_ROTATION_FORBIDDEN_OR_HARD_RADIUS,[]
q06_right_edge_hard_l3_4_1787300438876680171,q06,right_edge,91,kinematic,smac_hybrid_reeds_shepp,forward,0.07169064454262887,corridor,IN_PLACE_ROTATION_FORBIDDEN_OR_HARD_RADIUS,[]
q06_right_edge_hard_l3_4_1787300438876680171,q06,right_edge,92,kinematic,smac_hybrid_reeds_shepp,forward,0.07169064454262887,corridor,IN_PLACE_ROTATION_FORBIDDEN_OR_HARD_RADIUS,[]
q06_right_edge_hard_l3_4_1787300438876680171,q06,right_edge,93,kinematic,smac_hybrid_reeds_shepp,forward,0.07169064454262887,corridor,IN_PLACE_ROTATION_FORBIDDEN_OR_HARD_RADIUS,[]
q06_right_edge_hard_l3_4_1787300438876680171,q06,right_edge,94,kinematic,smac_hybrid_reeds_shepp,forward,0.0716683509165844,corridor,IN_PLACE_ROTATION_FORBIDDEN_OR_HARD_RADIUS,[]
q06_right_edge_hard_l3_4_1787300438876680171,q06,right_edge,95,kinematic,smac_hybrid_reeds_shepp,forward,0.07159417785517255,corridor,IN_PLACE_ROTATION_FORBIDDEN_OR_HARD_RADIUS,[]
q06_right_edge_hard_l3_5_1787300439072447876,q06,right_edge,0,grid,grid_astar,mixed,20.37711165869937,corridor,,
q06_right_edge_hard_l3_5_1787300439072447876,q06,right_edge,1,kinematic,smac_hybrid_reeds_shepp,forward,0.07158429520825889,corridor,IN_PLACE_ROTATION_FORBIDDEN_OR_HARD_RADIUS,[]
q06_right_edge_hard_l3_5_1787300439072447876,q06,right_edge,2,kinematic,smac_hybrid_reeds_shepp,forward,0.07159384786085864,corridor,IN_PLACE_ROTATION_FORBIDDEN_OR_HARD_RADIUS,[]
q06_right_edge_hard_l3_5_1787300439072447876,q06,right_edge,3,kinematic,smac_hybrid_reeds_shepp,forward,0.07159180947799416,corridor,IN_PLACE_ROTATION_FORBIDDEN_OR_HARD_RADIUS,[]
q06_right_edge_hard_l3_5_1787300439072447876,q06,right_edge,4,kinematic,smac_hybrid_reeds_shepp,forward,0.07159180947799416,corridor,IN_PLACE_ROTATION_FORBIDDEN_OR_HARD_RADIUS,[]
q06_right_edge_hard_l3_5_1787300439072447876,q06,right_edge,5,kinematic,smac_hybrid_reeds_shepp,forward,0.07159384786085864,corridor,IN_PLACE_ROTATION_FORBIDDEN_OR_HARD_RADIUS,[]
q06_right_edge_hard_l3_5_1787300439072447876,q06,right_edge,6,kinematic,smac_hybrid_reeds_shepp,forward,0.07158953830288575,corridor,IN_PLACE_ROTATION_FORBIDDEN_OR_HARD_RADIUS,[]
q06_right_edge_hard_l3_5_1787300439072447876,q06,right_edge,7,kinematic,smac_hybrid_reeds_shepp,forward,0.07159384786085864,corridor,IN_PLACE_ROTATION_FORBIDDEN_OR_HARD_RADIUS,[]
q06_right_edge_hard_l3_5_1787300439072447876,q06,right_edge,8,kinematic,smac_hybrid_reeds_shepp,forward,0.07156986015947331,corridor,IN_PLACE_ROTATION_FORBIDDEN_OR_HARD_RADIUS,[]
q06_right_edge_hard_l3_5_1787300439072447876,q06,right_edge,9,kinematic,smac_hybrid_reeds_shepp,forward,0.07149786433367053,corridor,IN_PLACE_ROTATION_FORBIDDEN_OR_HARD_RADIUS,[]
q06_right_edge_hard_l3_5_1787300439072447876,q06,right_edge,10,kinematic,smac_hybrid_reeds_shepp,forward,0.07149708277659776,corridor,IN_PLACE_ROTATION_FORBIDDEN_OR_HARD_RADIUS,[]
q06_right_edge_hard_l3_5_1787300439072447876,q06,right_edge,11,kinematic,smac_hybrid_reeds_shepp,forward,0.07149660165884135,corridor,IN_PLACE_ROTATION_FORBIDDEN_OR_HARD_RADIUS,[]
q06_right_edge_hard_l3_5_1787300439072447876,q06,right_edge,12,kinematic,smac_hybrid_reeds_shepp,forward,0.07149625620556789,corridor,IN_PLACE_ROTATION_FORBIDDEN_OR_HARD_RADIUS,[]
q06_right_edge_hard_l3_5_1787300439072447876,q06,right_edge,13,kinematic,smac_hybrid_reeds_shepp,forward,0.07149878167538591,corridor,IN_PLACE_ROTATION_FORBIDDEN_OR_HARD_RADIUS,[]
q06_right_edge_hard_l3_5_1787300439072447876,q06,right_edge,14,kinematic,smac_hybrid_reeds_shepp,forward,0.07149743506450587,corridor,IN_PLACE_ROTATION_FORBIDDEN_OR_HARD_RADIUS,[]
q06_right_edge_hard_l3_5_1787300439072447876,q06,right_edge,15,kinematic,smac_hybrid_reeds_shepp,forward,0.07149617674586842,corridor,IN_PLACE_ROTATION_FORBIDDEN_OR_HARD_RADIUS,[]
q06_right_edge_hard_l3_5_1787300439072447876,q06,right_edge,16,kinematic,smac_hybrid_reeds_shepp,forward,0.07149717767110803,corridor,IN_PLACE_ROTATION_FORBIDDEN_OR_HARD_RADIUS,[]
q06_right_edge_hard_l3_5_1787300439072447876,q06,right_edge,17,kinematic,smac_hybrid_reeds_shepp,reverse,0.02376849338515675,corridor,IN_PLACE_ROTATION_FORBIDDEN_OR_HARD_RADIUS,[]
q06_right_edge_hard_l3_5_1787300439072447876,q06,right_edge,18,kinematic,smac_hybrid_reeds_shepp,reverse,0.07149556060454573,corridor,IN_PLACE_ROTATION_FORBIDDEN_OR_HARD_RADIUS,[]
q06_right_edge_hard_l3_5_1787300439072447876,q06,right_edge,19,kinematic,smac_hybrid_reeds_shepp,reverse,0.07149799283386143,corridor,IN_PLACE_ROTATION_FORBIDDEN_OR_HARD_RADIUS,[]
q06_right_edge_hard_l3_5_1787300439072447876,q06,right_edge,20,kinematic,smac_hybrid_reeds_shepp,reverse,0.07149702350817123,corridor,IN_PLACE_ROTATION_FORBIDDEN_OR_HARD_RADIUS,[]
q06_right_edge_hard_l3_5_1787300439072447876,q06,right_edge,21,kinematic,smac_hybrid_reeds_shepp,reverse,0.07149760205709531,corridor,IN_PLACE_ROTATION_FORBIDDEN_OR_HARD_RADIUS,[]
q06_right_edge_hard_l3_5_1787300439072447876,q06,right_edge,22,kinematic,smac_hybrid_reeds_shepp,reverse,0.07149557779925932,corridor,IN_PLACE_ROTATION_FORBIDDEN_OR_HARD_RADIUS,[]
q06_right_edge_hard_l3_5_1787300439072447876,q06,right_edge,23,kinematic,smac_hybrid_reeds_shepp,forward,0.07667570587411707,corridor,IN_PLACE_ROTATION_FORBIDDEN_OR_HARD_RADIUS,[]
q06_right_edge_hard_l3_5_1787300439072447876,q06,right_edge,24,kinematic,smac_hybrid_reeds_shepp,forward,0.07667570587411707,corridor,IN_PLACE_ROTATION_FORBIDDEN_OR_HARD_RADIUS,[]
q06_right_edge_hard_l3_5_1787300439072447876,q06,right_edge,25,kinematic,smac_hybrid_reeds_shepp,forward,0.07667570587411707,corridor,IN_PLACE_ROTATION_FORBIDDEN_OR_HARD_RADIUS,[]
q06_right_edge_hard_l3_5_1787300439072447876,q06,right_edge,26,kinematic,smac_hybrid_reeds_shepp,forward,0.07667580954232524,corridor,IN_PLACE_ROTATION_FORBIDDEN_OR_HARD_RADIUS,[]
q06_right_edge_hard_l3_5_1787300439072447876,q06,right_edge,27,kinematic,smac_hybrid_reeds_shepp,forward,0.07667754555405014,corridor,IN_PLACE_ROTATION_FORBIDDEN_OR_HARD_RADIUS,[]
q06_right_edge_hard_l3_5_1787300439072447876,q06,right_edge,28,kinematic,smac_hybrid_reeds_shepp,forward,0.07667645811830548,corridor,IN_PLACE_ROTATION_FORBIDDEN_OR_HARD_RADIUS,[]
q06_right_edge_hard_l3_5_1787300439072447876,q06,right_edge,29,kinematic,smac_hybrid_reeds_shepp,forward,0.07667645811830548,corridor,IN_PLACE_ROTATION_FORBIDDEN_OR_HARD_RADIUS,[]
q06_right_edge_hard_l3_5_1787300439072447876,q06,right_edge,30,kinematic,smac_hybrid_reeds_shepp,forward,0.07667793932514731,corridor,IN_PLACE_ROTATION_FORBIDDEN_OR_HARD_RADIUS,[]
q06_right_edge_hard_l3_5_1787300439072447876,q06,right_edge,31,kinematic,smac_hybrid_reeds_shepp,forward,0.07667552033986211,corridor,IN_PLACE_ROTATION_FORBIDDEN_OR_HARD_RADIUS,[]
q06_right_edge_hard_l3_5_1787300439072447876,q06,right_edge,32,kinematic,smac_hybrid_reeds_shepp,forward,0.07667552033986211,corridor,IN_PLACE_ROTATION_FORBIDDEN_OR_HARD_RADIUS,[]
q06_right_edge_hard_l3_5_1787300439072447876,q06,right_edge,33,kinematic,smac_hybrid_reeds_shepp,forward,0.07667552033986211,corridor,IN_PLACE_ROTATION_FORBIDDEN_OR_HARD_RADIUS,[]
q06_right_edge_hard_l3_5_1787300439072447876,q06,right_edge,34,kinematic,smac_hybrid_reeds_shepp,forward,0.07667696051116354,corridor,IN_PLACE_ROTATION_FORBIDDEN_OR_HARD_RADIUS,[]
q06_right_edge_hard_l3_5_1787300439072447876,q06,right_edge,35,kinematic,smac_hybrid_reeds_shepp,forward,0.07667793900252183,corridor,IN_PLACE_ROTATION_FORBIDDEN_OR_HARD_RADIUS,[]
q06_right_edge_hard_l3_5_1787300439072447876,q06,right_edge,36,kinematic,smac_hybrid_reeds_shepp,forward,0.07667696051116354,corridor,IN_PLACE_ROTATION_FORBIDDEN_OR_HARD_RADIUS,[]
q06_right_edge_hard_l3_5_1787300439072447876,q06,right_edge,37,kinematic,smac_hybrid_reeds_shepp,forward,0.07667552033986211,corridor,IN_PLACE_ROTATION_FORBIDDEN_OR_HARD_RADIUS,[]
q06_right_edge_hard_l3_5_1787300439072447876,q06,right_edge,38,kinematic,smac_hybrid_reeds_shepp,forward,0.07667793932514731,corridor,IN_PLACE_ROTATION_FORBIDDEN_OR_HARD_RADIUS,[]
q06_right_edge_hard_l3_5_1787300439072447876,q06,right_edge,39,kinematic,smac_hybrid_reeds_shepp,forward,0.07667754555405014,corridor,IN_PLACE_ROTATION_FORBIDDEN_OR_HARD_RADIUS,[]
q06_right_edge_hard_l3_5_1787300439072447876,q06,right_edge,40,kinematic,smac_hybrid_reeds_shepp,forward,0.0766769815200407,corridor,IN_PLACE_ROTATION_FORBIDDEN_OR_HARD_RADIUS,[]
q06_right_edge_hard_l3_5_1787300439072447876,q06,right_edge,41,kinematic,smac_hybrid_reeds_shepp,forward,0.07667754555405014,corridor,IN_PLACE_ROTATION_FORBIDDEN_OR_HARD_RADIUS,[]
q06_right_edge_hard_l3_5_1787300439072447876,q06,right_edge,42,kinematic,smac_hybrid_reeds_shepp,forward,0.07667793932514731,corridor,IN_PLACE_ROTATION_FORBIDDEN_OR_HARD_RADIUS,[]
q06_right_edge_hard_l3_5_1787300439072447876,q06,right_edge,43,kinematic,smac_hybrid_reeds_shepp,forward,0.07667696051116354,corridor,IN_PLACE_ROTATION_FORBIDDEN_OR_HARD_RADIUS,[]
q06_right_edge_hard_l3_5_1787300439072447876,q06,right_edge,44,kinematic,smac_hybrid_reeds_shepp,forward,0.0708825667884743,corridor,IN_PLACE_ROTATION_FORBIDDEN_OR_HARD_RADIUS,[]
q06_right_edge_hard_l3_5_1787300439072447876,q06,right_edge,45,kinematic,smac_hybrid_reeds_shepp,forward,0.07088601908296364,corridor,IN_PLACE_ROTATION_FORBIDDEN_OR_HARD_RADIUS,[]
q06_right_edge_hard_l3_5_1787300439072447876,q06,right_edge,46,kinematic,smac_hybrid_reeds_shepp,forward,0.0708842350748822,corridor,IN_PLACE_ROTATION_FORBIDDEN_OR_HARD_RADIUS,[]
q06_right_edge_hard_l3_5_1787300439072447876,q06,right_edge,47,kinematic,smac_hybrid_reeds_shepp,forward,0.07088330081272502,corridor,IN_PLACE_ROTATION_FORBIDDEN_OR_HARD_RADIUS,[]
q06_right_edge_hard_l3_5_1787300439072447876,q06,right_edge,48,kinematic,smac_hybrid_reeds_shepp,forward,0.07088455138698745,corridor,IN_PLACE_ROTATION_FORBIDDEN_OR_HARD_RADIUS,[]
q06_right_edge_hard_l3_5_1787300439072447876,q06,right_edge,49,kinematic,smac_hybrid_reeds_shepp,forward,0.07088406625544635,corridor,IN_PLACE_ROTATION_FORBIDDEN_OR_HARD_RADIUS,[]
q06_right_edge_hard_l3_5_1787300439072447876,q06,right_edge,50,kinematic,smac_hybrid_reeds_shepp,forward,0.07088412181969594,corridor,IN_PLACE_ROTATION_FORBIDDEN_OR_HARD_RADIUS,[]
q06_right_edge_hard_l3_5_1787300439072447876,q06,right_edge,51,kinematic,smac_hybrid_reeds_shepp,forward,0.07088375243753532,corridor,IN_PLACE_ROTATION_FORBIDDEN_OR_HARD_RADIUS,[]
q06_right_edge_hard_l3_5_1787300439072447876,q06,right_edge,52,kinematic,smac_hybrid_reeds_shepp,forward,0.07097679605817954,corridor,IN_PLACE_ROTATION_FORBIDDEN_OR_HARD_RADIUS,[]
q06_right_edge_hard_l3_5_1787300439072447876,q06,right_edge,53,kinematic,smac_hybrid_reeds_shepp,forward,0.0709771589120554,corridor,IN_PLACE_ROTATION_FORBIDDEN_OR_HARD_RADIUS,[]
q06_right_edge_hard_l3_5_1787300439072447876,q06,right_edge,54,kinematic,smac_hybrid_reeds_shepp,forward,0.0709771589120554,corridor,IN_PLACE_ROTATION_FORBIDDEN_OR_HARD_RADIUS,[]
q06_right_edge_hard_l3_5_1787300439072447876,q06,right_edge,55,kinematic,smac_hybrid_reeds_shepp,forward,0.0709771589120554,corridor,IN_PLACE_ROTATION_FORBIDDEN_OR_HARD_RADIUS,[]
q06_right_edge_hard_l3_5_1787300439072447876,q06,right_edge,56,kinematic,smac_hybrid_reeds_shepp,forward,0.0709771589120554,corridor,IN_PLACE_ROTATION_FORBIDDEN_OR_HARD_RADIUS,[]
q06_right_edge_hard_l3_5_1787300439072447876,q06,right_edge,57,kinematic,smac_hybrid_reeds_shepp,forward,0.07097640234623788,corridor,IN_PLACE_ROTATION_FORBIDDEN_OR_HARD_RADIUS,[]
q06_right_edge_hard_l3_5_1787300439072447876,q06,right_edge,58,kinematic,smac_hybrid_reeds_shepp,forward,0.0709771589120554,corridor,IN_PLACE_ROTATION_FORBIDDEN_OR_HARD_RADIUS,[]
q06_right_edge_hard_l3_5_1787300439072447876,q06,right_edge,59,kinematic,smac_hybrid_reeds_shepp,forward,0.0709771589120554,corridor,IN_PLACE_ROTATION_FORBIDDEN_OR_HARD_RADIUS,[]
q06_right_edge_hard_l3_5_1787300439072447876,q06,right_edge,60,kinematic,smac_hybrid_reeds_shepp,forward,0.07097755261980039,corridor,IN_PLACE_ROTATION_FORBIDDEN_OR_HARD_RADIUS,[]
q06_right_edge_hard_l3_5_1787300439072447876,q06,right_edge,61,kinematic,smac_hybrid_reeds_shepp,forward,0.0709771589120554,corridor,IN_PLACE_ROTATION_FORBIDDEN_OR_HARD_RADIUS,[]
q06_right_edge_hard_l3_5_1787300439072447876,q06,right_edge,62,kinematic,smac_hybrid_reeds_shepp,forward,0.0709771589120554,corridor,IN_PLACE_ROTATION_FORBIDDEN_OR_HARD_RADIUS,[]
q06_right_edge_hard_l3_5_1787300439072447876,q06,right_edge,63,kinematic,smac_hybrid_reeds_shepp,forward,0.0709771589120554,corridor,IN_PLACE_ROTATION_FORBIDDEN_OR_HARD_RADIUS,[]
q06_right_edge_hard_l3_5_1787300439072447876,q06,right_edge,64,kinematic,smac_hybrid_reeds_shepp,forward,0.0709771589120554,corridor,IN_PLACE_ROTATION_FORBIDDEN_OR_HARD_RADIUS,[]
q06_right_edge_hard_l3_5_1787300439072447876,q06,right_edge,65,kinematic,smac_hybrid_reeds_shepp,forward,0.07097640234623788,corridor,IN_PLACE_ROTATION_FORBIDDEN_OR_HARD_RADIUS,[]
q06_right_edge_hard_l3_5_1787300439072447876,q06,right_edge,66,kinematic,smac_hybrid_reeds_shepp,forward,0.0709771589120554,corridor,IN_PLACE_ROTATION_FORBIDDEN_OR_HARD_RADIUS,[]
q06_right_edge_hard_l3_5_1787300439072447876,q06,right_edge,67,kinematic,smac_hybrid_reeds_shepp,forward,0.0709771589120554,corridor,IN_PLACE_ROTATION_FORBIDDEN_OR_HARD_RADIUS,[]
q06_right_edge_hard_l3_5_1787300439072447876,q06,right_edge,68,kinematic,smac_hybrid_reeds_shepp,forward,0.0709771589120554,corridor,IN_PLACE_ROTATION_FORBIDDEN_OR_HARD_RADIUS,[]
q06_right_edge_hard_l3_5_1787300439072447876,q06,right_edge,69,kinematic,smac_hybrid_reeds_shepp,forward,0.0709771589120554,corridor,IN_PLACE_ROTATION_FORBIDDEN_OR_HARD_RADIUS,[]
q06_right_edge_hard_l3_5_1787300439072447876,q06,right_edge,70,kinematic,smac_hybrid_reeds_shepp,forward,0.0709771589120554,corridor,IN_PLACE_ROTATION_FORBIDDEN_OR_HARD_RADIUS,[]
q06_right_edge_hard_l3_5_1787300439072447876,q06,right_edge,71,kinematic,smac_hybrid_reeds_shepp,forward,0.0709771589120554,corridor,IN_PLACE_ROTATION_FORBIDDEN_OR_HARD_RADIUS,[]
q06_right_edge_hard_l3_5_1787300439072447876,q06,right_edge,72,kinematic,smac_hybrid_reeds_shepp,forward,0.0709771589120554,corridor,IN_PLACE_ROTATION_FORBIDDEN_OR_HARD_RADIUS,[]
q06_right_edge_hard_l3_5_1787300439072447876,q06,right_edge,73,kinematic,smac_hybrid_reeds_shepp,forward,0.07097640234623788,corridor,IN_PLACE_ROTATION_FORBIDDEN_OR_HARD_RADIUS,[]
q06_right_edge_hard_l3_5_1787300439072447876,q06,right_edge,74,kinematic,smac_hybrid_reeds_shepp,forward,0.07091207268667898,corridor,IN_PLACE_ROTATION_FORBIDDEN_OR_HARD_RADIUS,[]
q06_right_edge_hard_l3_5_1787300439072447876,q06,right_edge,75,kinematic,smac_hybrid_reeds_shepp,reverse,0.07159516215823601,corridor,IN_PLACE_ROTATION_FORBIDDEN_OR_HARD_RADIUS,[]
q06_right_edge_hard_l3_5_1787300439072447876,q06,right_edge,76,kinematic,smac_hybrid_reeds_shepp,reverse,0.07159418335120304,corridor,IN_PLACE_ROTATION_FORBIDDEN_OR_HARD_RADIUS,[]
q06_right_edge_hard_l3_5_1787300439072447876,q06,right_edge,77,kinematic,smac_hybrid_reeds_shepp,reverse,0.0715953052439843,corridor,IN_PLACE_ROTATION_FORBIDDEN_OR_HARD_RADIUS,[]
q06_right_edge_hard_l3_5_1787300439072447876,q06,right_edge,78,kinematic,smac_hybrid_reeds_shepp,reverse,0.07159419747746291,corridor,IN_PLACE_ROTATION_FORBIDDEN_OR_HARD_RADIUS,[]
q06_right_edge_hard_l3_5_1787300439072447876,q06,right_edge,79,kinematic,smac_hybrid_reeds_shepp,reverse,0.0715965184389877,corridor,IN_PLACE_ROTATION_FORBIDDEN_OR_HARD_RADIUS,[]
q06_right_edge_hard_l3_5_1787300439072447876,q06,right_edge,80,kinematic,smac_hybrid_reeds_shepp,reverse,0.033063689394696075,corridor,IN_PLACE_ROTATION_FORBIDDEN_OR_HARD_RADIUS,[]
q06_right_edge_hard_l3_5_1787300439072447876,q06,right_edge,81,kinematic,smac_hybrid_reeds_shepp,forward,0.0715948653760433,corridor,IN_PLACE_ROTATION_FORBIDDEN_OR_HARD_RADIUS,[]
q06_right_edge_hard_l3_5_1787300439072447876,q06,right_edge,82,kinematic,smac_hybrid_reeds_shepp,forward,0.07159503181617534,corridor,IN_PLACE_ROTATION_FORBIDDEN_OR_HARD_RADIUS,[]
q06_right_edge_hard_l3_5_1787300439072447876,q06,right_edge,83,kinematic,smac_hybrid_reeds_shepp,forward,0.07159494020585745,corridor,IN_PLACE_ROTATION_FORBIDDEN_OR_HARD_RADIUS,[]
q06_right_edge_hard_l3_5_1787300439072447876,q06,right_edge,84,kinematic,smac_hybrid_reeds_shepp,forward,0.07159535298388568,corridor,IN_PLACE_ROTATION_FORBIDDEN_OR_HARD_RADIUS,[]
q06_right_edge_hard_l3_5_1787300439072447876,q06,right_edge,85,kinematic,smac_hybrid_reeds_shepp,forward,0.07159547532943276,corridor,IN_PLACE_ROTATION_FORBIDDEN_OR_HARD_RADIUS,[]
q06_right_edge_hard_l3_5_1787300439072447876,q06,right_edge,86,kinematic,smac_hybrid_reeds_shepp,forward,0.07159427532021871,corridor,IN_PLACE_ROTATION_FORBIDDEN_OR_HARD_RADIUS,[]
q06_right_edge_hard_l3_5_1787300439072447876,q06,right_edge,87,kinematic,smac_hybrid_reeds_shepp,forward,0.07159407310530369,corridor,IN_PLACE_ROTATION_FORBIDDEN_OR_HARD_RADIUS,[]
q06_right_edge_hard_l3_5_1787300439072447876,q06,right_edge,88,kinematic,smac_hybrid_reeds_shepp,forward,0.07159553809358882,corridor,IN_PLACE_ROTATION_FORBIDDEN_OR_HARD_RADIUS,[]
q06_right_edge_hard_l3_5_1787300439072447876,q06,right_edge,89,kinematic,smac_hybrid_reeds_shepp,forward,0.07166143134174302,corridor,IN_PLACE_ROTATION_FORBIDDEN_OR_HARD_RADIUS,[]
q06_right_edge_hard_l3_5_1787300439072447876,q06,right_edge,90,kinematic,smac_hybrid_reeds_shepp,forward,0.07169064454262887,corridor,IN_PLACE_ROTATION_FORBIDDEN_OR_HARD_RADIUS,[]
q06_right_edge_hard_l3_5_1787300439072447876,q06,right_edge,91,kinematic,smac_hybrid_reeds_shepp,forward,0.07169064454262887,corridor,IN_PLACE_ROTATION_FORBIDDEN_OR_HARD_RADIUS,[]
q06_right_edge_hard_l3_5_1787300439072447876,q06,right_edge,92,kinematic,smac_hybrid_reeds_shepp,forward,0.07169064454262887,corridor,IN_PLACE_ROTATION_FORBIDDEN_OR_HARD_RADIUS,[]
q06_right_edge_hard_l3_5_1787300439072447876,q06,right_edge,93,kinematic,smac_hybrid_reeds_shepp,forward,0.07169064454262887,corridor,IN_PLACE_ROTATION_FORBIDDEN_OR_HARD_RADIUS,[]
q06_right_edge_hard_l3_5_1787300439072447876,q06,right_edge,94,kinematic,smac_hybrid_reeds_shepp,forward,0.0716683509165844,corridor,IN_PLACE_ROTATION_FORBIDDEN_OR_HARD_RADIUS,[]
q06_right_edge_hard_l3_5_1787300439072447876,q06,right_edge,95,kinematic,smac_hybrid_reeds_shepp,forward,0.07159417785517255,corridor,IN_PLACE_ROTATION_FORBIDDEN_OR_HARD_RADIUS,[]
q07_right_edge_hard_l3_1_1787300439302036152,q07,right_edge,0,grid,grid_astar,mixed,29.329647059337226,corridor,,
q07_right_edge_hard_l3_1_1787300439302036152,q07,right_edge,1,kinematic,smac_hybrid_reeds_shepp,forward,0.07542069477835275,corridor,IN_PLACE_ROTATION_FORBIDDEN_OR_HARD_RADIUS,[]
q07_right_edge_hard_l3_1_1787300439302036152,q07,right_edge,2,kinematic,smac_hybrid_reeds_shepp,forward,0.07548644569666417,corridor,IN_PLACE_ROTATION_FORBIDDEN_OR_HARD_RADIUS,[]
q07_right_edge_hard_l3_1_1787300439302036152,q07,right_edge,3,kinematic,smac_hybrid_reeds_shepp,forward,0.07553049139016609,corridor,IN_PLACE_ROTATION_FORBIDDEN_OR_HARD_RADIUS,[]
q07_right_edge_hard_l3_1_1787300439302036152,q07,right_edge,4,kinematic,smac_hybrid_reeds_shepp,forward,0.07553327543956398,corridor,IN_PLACE_ROTATION_FORBIDDEN_OR_HARD_RADIUS,[]
q07_right_edge_hard_l3_1_1787300439302036152,q07,right_edge,5,kinematic,smac_hybrid_reeds_shepp,forward,0.07553183719716562,corridor,IN_PLACE_ROTATION_FORBIDDEN_OR_HARD_RADIUS,[]
q07_right_edge_hard_l3_1_1787300439302036152,q07,right_edge,6,kinematic,smac_hybrid_reeds_shepp,forward,0.07553192965819065,corridor,IN_PLACE_ROTATION_FORBIDDEN_OR_HARD_RADIUS,[]
q07_right_edge_hard_l3_1_1787300439302036152,q07,right_edge,7,kinematic,smac_hybrid_reeds_shepp,forward,0.07553183719716562,corridor,IN_PLACE_ROTATION_FORBIDDEN_OR_HARD_RADIUS,[]
q07_right_edge_hard_l3_1_1787300439302036152,q07,right_edge,8,kinematic,smac_hybrid_reeds_shepp,forward,0.07552993528622423,corridor,IN_PLACE_ROTATION_FORBIDDEN_OR_HARD_RADIUS,[]
q07_right_edge_hard_l3_1_1787300439302036152,q07,right_edge,9,kinematic,smac_hybrid_reeds_shepp,forward,0.07541920556573146,corridor,IN_PLACE_ROTATION_FORBIDDEN_OR_HARD_RADIUS,[]
q07_right_edge_hard_l3_1_1787300439302036152,q07,right_edge,10,kinematic,smac_hybrid_reeds_shepp,forward,0.07542051703880072,corridor,IN_PLACE_ROTATION_FORBIDDEN_OR_HARD_RADIUS,[]
q07_right_edge_hard_l3_1_1787300439302036152,q07,right_edge,11,kinematic,smac_hybrid_reeds_shepp,forward,0.07541912455878494,corridor,IN_PLACE_ROTATION_FORBIDDEN_OR_HARD_RADIUS,[]
q07_right_edge_hard_l3_1_1787300439302036152,q07,right_edge,12,kinematic,smac_hybrid_reeds_shepp,forward,0.07542039119307913,corridor,IN_PLACE_ROTATION_FORBIDDEN_OR_HARD_RADIUS,[]
q07_right_edge_hard_l3_1_1787300439302036152,q07,right_edge,13,kinematic,smac_hybrid_reeds_shepp,forward,0.07541835281198563,corridor,IN_PLACE_ROTATION_FORBIDDEN_OR_HARD_RADIUS,[]
q07_right_edge_hard_l3_1_1787300439302036152,q07,right_edge,14,kinematic,smac_hybrid_reeds_shepp,forward,0.07542075485314614,corridor,IN_PLACE_ROTATION_FORBIDDEN_OR_HARD_RADIUS,[]
q07_right_edge_hard_l3_1_1787300439302036152,q07,right_edge,15,kinematic,smac_hybrid_reeds_shepp,forward,0.07667741659038792,corridor,IN_PLACE_ROTATION_FORBIDDEN_OR_HARD_RADIUS,[]
q07_right_edge_hard_l3_1_1787300439302036152,q07,right_edge,16,kinematic,smac_hybrid_reeds_shepp,forward,0.07667742952585878,corridor,IN_PLACE_ROTATION_FORBIDDEN_OR_HARD_RADIUS,[]
q07_right_edge_hard_l3_1_1787300439302036152,q07,right_edge,17,kinematic,smac_hybrid_reeds_shepp,forward,0.07667685763021052,corridor,IN_PLACE_ROTATION_FORBIDDEN_OR_HARD_RADIUS,[]
q07_right_edge_hard_l3_1_1787300439302036152,q07,right_edge,18,kinematic,smac_hybrid_reeds_shepp,forward,0.07667685763021052,corridor,IN_PLACE_ROTATION_FORBIDDEN_OR_HARD_RADIUS,[]
q07_right_edge_hard_l3_1_1787300439302036152,q07,right_edge,19,kinematic,smac_hybrid_reeds_shepp,forward,0.07667685763021052,corridor,IN_PLACE_ROTATION_FORBIDDEN_OR_HARD_RADIUS,[]
q07_right_edge_hard_l3_1_1787300439302036152,q07,right_edge,20,kinematic,smac_hybrid_reeds_shepp,forward,0.07667685763021052,corridor,IN_PLACE_ROTATION_FORBIDDEN_OR_HARD_RADIUS,[]
q07_right_edge_hard_l3_1_1787300439302036152,q07,right_edge,21,kinematic,smac_hybrid_reeds_shepp,forward,0.07667742952585878,corridor,IN_PLACE_ROTATION_FORBIDDEN_OR_HARD_RADIUS,[]
q07_right_edge_hard_l3_1_1787300439302036152,q07,right_edge,22,kinematic,smac_hybrid_reeds_shepp,forward,0.07667741659038792,corridor,IN_PLACE_ROTATION_FORBIDDEN_OR_HARD_RADIUS,[]
q07_right_edge_hard_l3_1_1787300439302036152,q07,right_edge,23,kinematic,smac_hybrid_reeds_shepp,forward,0.07667541618161522,corridor,IN_PLACE_ROTATION_FORBIDDEN_OR_HARD_RADIUS,[]
q07_right_edge_hard_l3_1_1787300439302036152,q07,right_edge,24,kinematic,smac_hybrid_reeds_shepp,forward,0.07667541618161522,corridor,IN_PLACE_ROTATION_FORBIDDEN_OR_HARD_RADIUS,[]
q07_right_edge_hard_l3_1_1787300439302036152,q07,right_edge,25,kinematic,smac_hybrid_reeds_shepp,forward,0.07667541618161522,corridor,IN_PLACE_ROTATION_FORBIDDEN_OR_HARD_RADIUS,[]
q07_right_edge_hard_l3_1_1787300439302036152,q07,right_edge,26,kinematic,smac_hybrid_reeds_shepp,forward,0.07667541618161522,corridor,IN_PLACE_ROTATION_FORBIDDEN_OR_HARD_RADIUS,[]
q07_right_edge_hard_l3_1_1787300439302036152,q07,right_edge,27,kinematic,smac_hybrid_reeds_shepp,forward,0.07667541618161522,corridor,IN_PLACE_ROTATION_FORBIDDEN_OR_HARD_RADIUS,[]
q07_right_edge_hard_l3_1_1787300439302036152,q07,right_edge,28,kinematic,smac_hybrid_reeds_shepp,forward,0.07667541618161522,corridor,IN_PLACE_ROTATION_FORBIDDEN_OR_HARD_RADIUS,[]
q07_right_edge_hard_l3_1_1787300439302036152,q07,right_edge,29,kinematic,smac_hybrid_reeds_shepp,forward,0.07667541618161522,corridor,IN_PLACE_ROTATION_FORBIDDEN_OR_HARD_RADIUS,[]
q07_right_edge_hard_l3_1_1787300439302036152,q07,right_edge,30,kinematic,smac_hybrid_reeds_shepp,forward,0.07667541618161522,corridor,IN_PLACE_ROTATION_FORBIDDEN_OR_HARD_RADIUS,[]
q07_right_edge_hard_l3_1_1787300439302036152,q07,right_edge,31,kinematic,smac_hybrid_reeds_shepp,forward,0.07667541618161522,corridor,IN_PLACE_ROTATION_FORBIDDEN_OR_HARD_RADIUS,[]
q07_right_edge_hard_l3_1_1787300439302036152,q07,right_edge,32,kinematic,smac_hybrid_reeds_shepp,forward,0.07667541618161522,corridor,IN_PLACE_ROTATION_FORBIDDEN_OR_HARD_RADIUS,[]
q07_right_edge_hard_l3_1_1787300439302036152,q07,right_edge,33,kinematic,smac_hybrid_reeds_shepp,forward,0.07667541618161522,corridor,IN_PLACE_ROTATION_FORBIDDEN_OR_HARD_RADIUS,[]
q07_right_edge_hard_l3_1_1787300439302036152,q07,right_edge,34,kinematic,smac_hybrid_reeds_shepp,forward,0.07667541618161522,corridor,IN_PLACE_ROTATION_FORBIDDEN_OR_HARD_RADIUS,[]
q07_right_edge_hard_l3_1_1787300439302036152,q07,right_edge,35,kinematic,smac_hybrid_reeds_shepp,forward,0.07667741659038792,corridor,IN_PLACE_ROTATION_FORBIDDEN_OR_HARD_RADIUS,[]
q07_right_edge_hard_l3_1_1787300439302036152,q07,right_edge,36,kinematic,smac_hybrid_reeds_shepp,forward,0.07290284458684437,corridor,IN_PLACE_ROTATION_FORBIDDEN_OR_HARD_RADIUS,[]
q07_right_edge_hard_l3_1_1787300439302036152,q07,right_edge,37,kinematic,smac_hybrid_reeds_shepp,forward,0.07290302547843733,corridor,IN_PLACE_ROTATION_FORBIDDEN_OR_HARD_RADIUS,[]
q07_right_edge_hard_l3_1_1787300439302036152,q07,right_edge,38,kinematic,smac_hybrid_reeds_shepp,forward,0.07290365450757297,corridor,IN_PLACE_ROTATION_FORBIDDEN_OR_HARD_RADIUS,[]
q07_right_edge_hard_l3_1_1787300439302036152,q07,right_edge,39,kinematic,smac_hybrid_reeds_shepp,forward,0.07290043770227847,corridor,IN_PLACE_ROTATION_FORBIDDEN_OR_HARD_RADIUS,[]
q07_right_edge_hard_l3_1_1787300439302036152,q07,right_edge,40,kinematic,smac_hybrid_reeds_shepp,forward,0.07290433667357174,corridor,IN_PLACE_ROTATION_FORBIDDEN_OR_HARD_RADIUS,[]
q07_right_edge_hard_l3_1_1787300439302036152,q07,right_edge,41,kinematic,smac_hybrid_reeds_shepp,forward,0.07290102663973753,corridor,IN_PLACE_ROTATION_FORBIDDEN_OR_HARD_RADIUS,[]
q07_right_edge_hard_l3_1_1787300439302036152,q07,right_edge,42,kinematic,smac_hybrid_reeds_shepp,forward,0.07290851186305644,corridor,IN_PLACE_ROTATION_FORBIDDEN_OR_HARD_RADIUS,[]
q07_right_edge_hard_l3_1_1787300439302036152,q07,right_edge,43,kinematic,smac_hybrid_reeds_shepp,forward,0.0730055418635633,corridor,IN_PLACE_ROTATION_FORBIDDEN_OR_HARD_RADIUS,[]
q07_right_edge_hard_l3_1_1787300439302036152,q07,right_edge,44,kinematic,smac_hybrid_reeds_shepp,forward,0.07300517720736877,corridor,IN_PLACE_ROTATION_FORBIDDEN_OR_HARD_RADIUS,[]
q07_right_edge_hard_l3_1_1787300439302036152,q07,right_edge,45,kinematic,smac_hybrid_reeds_shepp,forward,0.07300251197899385,corridor,IN_PLACE_ROTATION_FORBIDDEN_OR_HARD_RADIUS,[]
q07_right_edge_hard_l3_1_1787300439302036152,q07,right_edge,46,kinematic,smac_hybrid_reeds_shepp,forward,0.0730055418635633,corridor,IN_PLACE_ROTATION_FORBIDDEN_OR_HARD_RADIUS,[]
q07_right_edge_hard_l3_1_1787300439302036152,q07,right_edge,47,kinematic,smac_hybrid_reeds_shepp,forward,0.07300251197899385,corridor,IN_PLACE_ROTATION_FORBIDDEN_OR_HARD_RADIUS,[]
q07_right_edge_hard_l3_1_1787300439302036152,q07,right_edge,48,kinematic,smac_hybrid_reeds_shepp,forward,0.0730055418635633,corridor,IN_PLACE_ROTATION_FORBIDDEN_OR_HARD_RADIUS,[]
q07_right_edge_hard_l3_1_1787300439302036152,q07,right_edge,49,kinematic,smac_hybrid_reeds_shepp,forward,0.07300251197899385,corridor,IN_PLACE_ROTATION_FORBIDDEN_OR_HARD_RADIUS,[]
q07_right_edge_hard_l3_1_1787300439302036152,q07,right_edge,50,kinematic,smac_hybrid_reeds_shepp,forward,0.0730055418635633,corridor,IN_PLACE_ROTATION_FORBIDDEN_OR_HARD_RADIUS,[]
q07_right_edge_hard_l3_1_1787300439302036152,q07,right_edge,51,kinematic,smac_hybrid_reeds_shepp,forward,0.07300251197899385,corridor,IN_PLACE_ROTATION_FORBIDDEN_OR_HARD_RADIUS,[]
q07_right_edge_hard_l3_1_1787300439302036152,q07,right_edge,52,kinematic,smac_hybrid_reeds_shepp,forward,0.0730055418635633,corridor,IN_PLACE_ROTATION_FORBIDDEN_OR_HARD_RADIUS,[]
q07_right_edge_hard_l3_1_1787300439302036152,q07,right_edge,53,kinematic,smac_hybrid_reeds_shepp,forward,0.07300251197899385,corridor,IN_PLACE_ROTATION_FORBIDDEN_OR_HARD_RADIUS,[]
q07_right_edge_hard_l3_1_1787300439302036152,q07,right_edge,54,kinematic,smac_hybrid_reeds_shepp,forward,0.0730055418635633,corridor,IN_PLACE_ROTATION_FORBIDDEN_OR_HARD_RADIUS,[]
q07_right_edge_hard_l3_1_1787300439302036152,q07,right_edge,55,kinematic,smac_hybrid_reeds_shepp,forward,0.0730055418635633,corridor,IN_PLACE_ROTATION_FORBIDDEN_OR_HARD_RADIUS,[]
q07_right_edge_hard_l3_1_1787300439302036152,q07,right_edge,56,kinematic,smac_hybrid_reeds_shepp,forward,0.07300251197899385,corridor,IN_PLACE_ROTATION_FORBIDDEN_OR_HARD_RADIUS,[]
q07_right_edge_hard_l3_1_1787300439302036152,q07,right_edge,57,kinematic,smac_hybrid_reeds_shepp,forward,0.0730055418635633,corridor,IN_PLACE_ROTATION_FORBIDDEN_OR_HARD_RADIUS,[]
q07_right_edge_hard_l3_1_1787300439302036152,q07,right_edge,58,kinematic,smac_hybrid_reeds_shepp,forward,0.07300251197899385,corridor,IN_PLACE_ROTATION_FORBIDDEN_OR_HARD_RADIUS,[]
q07_right_edge_hard_l3_1_1787300439302036152,q07,right_edge,59,kinematic,smac_hybrid_reeds_shepp,forward,0.0730055418635633,corridor,IN_PLACE_ROTATION_FORBIDDEN_OR_HARD_RADIUS,[]
q07_right_edge_hard_l3_1_1787300439302036152,q07,right_edge,60,kinematic,smac_hybrid_reeds_shepp,forward,0.07300214730766462,corridor,IN_PLACE_ROTATION_FORBIDDEN_OR_HARD_RADIUS,[]
q07_right_edge_hard_l3_1_1787300439302036152,q07,right_edge,61,kinematic,smac_hybrid_reeds_shepp,forward,0.0730055418635633,corridor,IN_PLACE_ROTATION_FORBIDDEN_OR_HARD_RADIUS,[]
q07_right_edge_hard_l3_1_1787300439302036152,q07,right_edge,62,kinematic,smac_hybrid_reeds_shepp,forward,0.07300251197899385,corridor,IN_PLACE_ROTATION_FORBIDDEN_OR_HARD_RADIUS,[]
q07_right_edge_hard_l3_1_1787300439302036152,q07,right_edge,63,kinematic,smac_hybrid_reeds_shepp,forward,0.0730055418635633,corridor,IN_PLACE_ROTATION_FORBIDDEN_OR_HARD_RADIUS,[]
q07_right_edge_hard_l3_1_1787300439302036152,q07,right_edge,64,kinematic,smac_hybrid_reeds_shepp,forward,0.07300251197899385,corridor,IN_PLACE_ROTATION_FORBIDDEN_OR_HARD_RADIUS,[]
q07_right_edge_hard_l3_1_1787300439302036152,q07,right_edge,65,kinematic,smac_hybrid_reeds_shepp,forward,0.07294737783074118,corridor,IN_PLACE_ROTATION_FORBIDDEN_OR_HARD_RADIUS,[]
q07_right_edge_hard_l3_1_1787300439302036152,q07,right_edge,66,kinematic,smac_hybrid_reeds_shepp,reverse,0.07667808449508702,corridor,IN_PLACE_ROTATION_FORBIDDEN_OR_HARD_RADIUS,[]
q07_right_edge_hard_l3_1_1787300439302036152,q07,right_edge,67,kinematic,smac_hybrid_reeds_shepp,reverse,0.07667565206239707,corridor,IN_PLACE_ROTATION_FORBIDDEN_OR_HARD_RADIUS,[]
q07_right_edge_hard_l3_1_1787300439302036152,q07,right_edge,68,kinematic,smac_hybrid_reeds_shepp,reverse,0.07667506223761826,corridor,IN_PLACE_ROTATION_FORBIDDEN_OR_HARD_RADIUS,[]
q07_right_edge_hard_l3_1_1787300439302036152,q07,right_edge,69,kinematic,smac_hybrid_reeds_shepp,reverse,0.07497110120415769,corridor,IN_PLACE_ROTATION_FORBIDDEN_OR_HARD_RADIUS,[]
q07_right_edge_hard_l3_1_1787300439302036152,q07,right_edge,70,kinematic,smac_hybrid_reeds_shepp,reverse,0.07496936465377631,corridor,IN_PLACE_ROTATION_FORBIDDEN_OR_HARD_RADIUS,[]
q07_right_edge_hard_l3_1_1787300439302036152,q07,right_edge,71,kinematic,smac_hybrid_reeds_shepp,reverse,0.07496860655412547,corridor,IN_PLACE_ROTATION_FORBIDDEN_OR_HARD_RADIUS,[]
q07_right_edge_hard_l3_1_1787300439302036152,q07,right_edge,72,kinematic,smac_hybrid_reeds_shepp,reverse,0.0749716380992826,corridor,IN_PLACE_ROTATION_FORBIDDEN_OR_HARD_RADIUS,[]
q07_right_edge_hard_l3_1_1787300439302036152,q07,right_edge,73,kinematic,smac_hybrid_reeds_shepp,reverse,0.0749698681444821,corridor,IN_PLACE_ROTATION_FORBIDDEN_OR_HARD_RADIUS,[]
q07_right_edge_hard_l3_1_1787300439302036152,q07,right_edge,74,kinematic,smac_hybrid_reeds_shepp,forward,0.007419531336820702,corridor,IN_PLACE_ROTATION_FORBIDDEN_OR_HARD_RADIUS,[]
q07_right_edge_hard_l3_1_1787300439302036152,q07,right_edge,75,kinematic,smac_hybrid_reeds_shepp,forward,0.07497207138898154,corridor,IN_PLACE_ROTATION_FORBIDDEN_OR_HARD_RADIUS,[]
q07_right_edge_hard_l3_1_1787300439302036152,q07,right_edge,76,kinematic,smac_hybrid_reeds_shepp,forward,0.07496914744239445,corridor,IN_PLACE_ROTATION_FORBIDDEN_OR_HARD_RADIUS,[]
q07_right_edge_hard_l3_1_1787300439302036152,q07,right_edge,77,kinematic,smac_hybrid_reeds_shepp,forward,0.07497018554189401,corridor,IN_PLACE_ROTATION_FORBIDDEN_OR_HARD_RADIUS,[]
q07_right_edge_hard_l3_1_1787300439302036152,q07,right_edge,78,kinematic,smac_hybrid_reeds_shepp,forward,0.07496835362478554,corridor,IN_PLACE_ROTATION_FORBIDDEN_OR_HARD_RADIUS,[]
q07_right_edge_hard_l3_1_1787300439302036152,q07,right_edge,79,kinematic,smac_hybrid_reeds_shepp,forward,0.07497276839877919,corridor,IN_PLACE_ROTATION_FORBIDDEN_OR_HARD_RADIUS,[]
q07_right_edge_hard_l3_1_1787300439302036152,q07,right_edge,80,kinematic,smac_hybrid_reeds_shepp,forward,0.0749688567495976,corridor,IN_PLACE_ROTATION_FORBIDDEN_OR_HARD_RADIUS,[]
q07_right_edge_hard_l3_1_1787300439302036152,q07,right_edge,81,kinematic,smac_hybrid_reeds_shepp,forward,0.0749707693384389,corridor,IN_PLACE_ROTATION_FORBIDDEN_OR_HARD_RADIUS,[]
q07_right_edge_hard_l3_1_1787300439302036152,q07,right_edge,82,kinematic,smac_hybrid_reeds_shepp,forward,0.07505021941088025,corridor,IN_PLACE_ROTATION_FORBIDDEN_OR_HARD_RADIUS,[]
q07_right_edge_hard_l3_1_1787300439302036152,q07,right_edge,83,kinematic,smac_hybrid_reeds_shepp,forward,0.07497064635582304,corridor,IN_PLACE_ROTATION_FORBIDDEN_OR_HARD_RADIUS,[]
q07_right_edge_hard_l3_1_1787300439302036152,q07,right_edge,84,kinematic,smac_hybrid_reeds_shepp,forward,0.07496977000567571,corridor,IN_PLACE_ROTATION_FORBIDDEN_OR_HARD_RADIUS,[]
q07_right_edge_hard_l3_2_1787300439540205073,q07,right_edge,0,grid,grid_astar,mixed,29.329647059337226,corridor,,
q07_right_edge_hard_l3_2_1787300439540205073,q07,right_edge,1,kinematic,smac_hybrid_reeds_shepp,forward,0.07542069477835275,corridor,IN_PLACE_ROTATION_FORBIDDEN_OR_HARD_RADIUS,[]
q07_right_edge_hard_l3_2_1787300439540205073,q07,right_edge,2,kinematic,smac_hybrid_reeds_shepp,forward,0.07548644569666417,corridor,IN_PLACE_ROTATION_FORBIDDEN_OR_HARD_RADIUS,[]
q07_right_edge_hard_l3_2_1787300439540205073,q07,right_edge,3,kinematic,smac_hybrid_reeds_shepp,forward,0.07553049139016609,corridor,IN_PLACE_ROTATION_FORBIDDEN_OR_HARD_RADIUS,[]
q07_right_edge_hard_l3_2_1787300439540205073,q07,right_edge,4,kinematic,smac_hybrid_reeds_shepp,forward,0.07553327543956398,corridor,IN_PLACE_ROTATION_FORBIDDEN_OR_HARD_RADIUS,[]
q07_right_edge_hard_l3_2_1787300439540205073,q07,right_edge,5,kinematic,smac_hybrid_reeds_shepp,forward,0.07553183719716562,corridor,IN_PLACE_ROTATION_FORBIDDEN_OR_HARD_RADIUS,[]
q07_right_edge_hard_l3_2_1787300439540205073,q07,right_edge,6,kinematic,smac_hybrid_reeds_shepp,forward,0.07553192965819065,corridor,IN_PLACE_ROTATION_FORBIDDEN_OR_HARD_RADIUS,[]
q07_right_edge_hard_l3_2_1787300439540205073,q07,right_edge,7,kinematic,smac_hybrid_reeds_shepp,forward,0.07553183719716562,corridor,IN_PLACE_ROTATION_FORBIDDEN_OR_HARD_RADIUS,[]
q07_right_edge_hard_l3_2_1787300439540205073,q07,right_edge,8,kinematic,smac_hybrid_reeds_shepp,forward,0.07552993528622423,corridor,IN_PLACE_ROTATION_FORBIDDEN_OR_HARD_RADIUS,[]
q07_right_edge_hard_l3_2_1787300439540205073,q07,right_edge,9,kinematic,smac_hybrid_reeds_shepp,forward,0.07541920556573146,corridor,IN_PLACE_ROTATION_FORBIDDEN_OR_HARD_RADIUS,[]
q07_right_edge_hard_l3_2_1787300439540205073,q07,right_edge,10,kinematic,smac_hybrid_reeds_shepp,forward,0.07542051703880072,corridor,IN_PLACE_ROTATION_FORBIDDEN_OR_HARD_RADIUS,[]
q07_right_edge_hard_l3_2_1787300439540205073,q07,right_edge,11,kinematic,smac_hybrid_reeds_shepp,forward,0.07541912455878494,corridor,IN_PLACE_ROTATION_FORBIDDEN_OR_HARD_RADIUS,[]
q07_right_edge_hard_l3_2_1787300439540205073,q07,right_edge,12,kinematic,smac_hybrid_reeds_shepp,forward,0.07542039119307913,corridor,IN_PLACE_ROTATION_FORBIDDEN_OR_HARD_RADIUS,[]
q07_right_edge_hard_l3_2_1787300439540205073,q07,right_edge,13,kinematic,smac_hybrid_reeds_shepp,forward,0.07541835281198563,corridor,IN_PLACE_ROTATION_FORBIDDEN_OR_HARD_RADIUS,[]
q07_right_edge_hard_l3_2_1787300439540205073,q07,right_edge,14,kinematic,smac_hybrid_reeds_shepp,forward,0.07542075485314614,corridor,IN_PLACE_ROTATION_FORBIDDEN_OR_HARD_RADIUS,[]
q07_right_edge_hard_l3_2_1787300439540205073,q07,right_edge,15,kinematic,smac_hybrid_reeds_shepp,forward,0.07667741659038792,corridor,IN_PLACE_ROTATION_FORBIDDEN_OR_HARD_RADIUS,[]
q07_right_edge_hard_l3_2_1787300439540205073,q07,right_edge,16,kinematic,smac_hybrid_reeds_shepp,forward,0.07667742952585878,corridor,IN_PLACE_ROTATION_FORBIDDEN_OR_HARD_RADIUS,[]
q07_right_edge_hard_l3_2_1787300439540205073,q07,right_edge,17,kinematic,smac_hybrid_reeds_shepp,forward,0.07667685763021052,corridor,IN_PLACE_ROTATION_FORBIDDEN_OR_HARD_RADIUS,[]
q07_right_edge_hard_l3_2_1787300439540205073,q07,right_edge,18,kinematic,smac_hybrid_reeds_shepp,forward,0.07667685763021052,corridor,IN_PLACE_ROTATION_FORBIDDEN_OR_HARD_RADIUS,[]
q07_right_edge_hard_l3_2_1787300439540205073,q07,right_edge,19,kinematic,smac_hybrid_reeds_shepp,forward,0.07667685763021052,corridor,IN_PLACE_ROTATION_FORBIDDEN_OR_HARD_RADIUS,[]
q07_right_edge_hard_l3_2_1787300439540205073,q07,right_edge,20,kinematic,smac_hybrid_reeds_shepp,forward,0.07667685763021052,corridor,IN_PLACE_ROTATION_FORBIDDEN_OR_HARD_RADIUS,[]
q07_right_edge_hard_l3_2_1787300439540205073,q07,right_edge,21,kinematic,smac_hybrid_reeds_shepp,forward,0.07667742952585878,corridor,IN_PLACE_ROTATION_FORBIDDEN_OR_HARD_RADIUS,[]
q07_right_edge_hard_l3_2_1787300439540205073,q07,right_edge,22,kinematic,smac_hybrid_reeds_shepp,forward,0.07667741659038792,corridor,IN_PLACE_ROTATION_FORBIDDEN_OR_HARD_RADIUS,[]
q07_right_edge_hard_l3_2_1787300439540205073,q07,right_edge,23,kinematic,smac_hybrid_reeds_shepp,forward,0.07667541618161522,corridor,IN_PLACE_ROTATION_FORBIDDEN_OR_HARD_RADIUS,[]
q07_right_edge_hard_l3_2_1787300439540205073,q07,right_edge,24,kinematic,smac_hybrid_reeds_shepp,forward,0.07667541618161522,corridor,IN_PLACE_ROTATION_FORBIDDEN_OR_HARD_RADIUS,[]
q07_right_edge_hard_l3_2_1787300439540205073,q07,right_edge,25,kinematic,smac_hybrid_reeds_shepp,forward,0.07667541618161522,corridor,IN_PLACE_ROTATION_FORBIDDEN_OR_HARD_RADIUS,[]
q07_right_edge_hard_l3_2_1787300439540205073,q07,right_edge,26,kinematic,smac_hybrid_reeds_shepp,forward,0.07667541618161522,corridor,IN_PLACE_ROTATION_FORBIDDEN_OR_HARD_RADIUS,[]
q07_right_edge_hard_l3_2_1787300439540205073,q07,right_edge,27,kinematic,smac_hybrid_reeds_shepp,forward,0.07667541618161522,corridor,IN_PLACE_ROTATION_FORBIDDEN_OR_HARD_RADIUS,[]
q07_right_edge_hard_l3_2_1787300439540205073,q07,right_edge,28,kinematic,smac_hybrid_reeds_shepp,forward,0.07667541618161522,corridor,IN_PLACE_ROTATION_FORBIDDEN_OR_HARD_RADIUS,[]
q07_right_edge_hard_l3_2_1787300439540205073,q07,right_edge,29,kinematic,smac_hybrid_reeds_shepp,forward,0.07667541618161522,corridor,IN_PLACE_ROTATION_FORBIDDEN_OR_HARD_RADIUS,[]
q07_right_edge_hard_l3_2_1787300439540205073,q07,right_edge,30,kinematic,smac_hybrid_reeds_shepp,forward,0.07667541618161522,corridor,IN_PLACE_ROTATION_FORBIDDEN_OR_HARD_RADIUS,[]
q07_right_edge_hard_l3_2_1787300439540205073,q07,right_edge,31,kinematic,smac_hybrid_reeds_shepp,forward,0.07667541618161522,corridor,IN_PLACE_ROTATION_FORBIDDEN_OR_HARD_RADIUS,[]
q07_right_edge_hard_l3_2_1787300439540205073,q07,right_edge,32,kinematic,smac_hybrid_reeds_shepp,forward,0.07667541618161522,corridor,IN_PLACE_ROTATION_FORBIDDEN_OR_HARD_RADIUS,[]
q07_right_edge_hard_l3_2_1787300439540205073,q07,right_edge,33,kinematic,smac_hybrid_reeds_shepp,forward,0.07667541618161522,corridor,IN_PLACE_ROTATION_FORBIDDEN_OR_HARD_RADIUS,[]
q07_right_edge_hard_l3_2_1787300439540205073,q07,right_edge,34,kinematic,smac_hybrid_reeds_shepp,forward,0.07667541618161522,corridor,IN_PLACE_ROTATION_FORBIDDEN_OR_HARD_RADIUS,[]
q07_right_edge_hard_l3_2_1787300439540205073,q07,right_edge,35,kinematic,smac_hybrid_reeds_shepp,forward,0.07667741659038792,corridor,IN_PLACE_ROTATION_FORBIDDEN_OR_HARD_RADIUS,[]
q07_right_edge_hard_l3_2_1787300439540205073,q07,right_edge,36,kinematic,smac_hybrid_reeds_shepp,forward,0.07290284458684437,corridor,IN_PLACE_ROTATION_FORBIDDEN_OR_HARD_RADIUS,[]
q07_right_edge_hard_l3_2_1787300439540205073,q07,right_edge,37,kinematic,smac_hybrid_reeds_shepp,forward,0.07290302547843733,corridor,IN_PLACE_ROTATION_FORBIDDEN_OR_HARD_RADIUS,[]
q07_right_edge_hard_l3_2_1787300439540205073,q07,right_edge,38,kinematic,smac_hybrid_reeds_shepp,forward,0.07290365450757297,corridor,IN_PLACE_ROTATION_FORBIDDEN_OR_HARD_RADIUS,[]
q07_right_edge_hard_l3_2_1787300439540205073,q07,right_edge,39,kinematic,smac_hybrid_reeds_shepp,forward,0.07290043770227847,corridor,IN_PLACE_ROTATION_FORBIDDEN_OR_HARD_RADIUS,[]
q07_right_edge_hard_l3_2_1787300439540205073,q07,right_edge,40,kinematic,smac_hybrid_reeds_shepp,forward,0.07290433667357174,corridor,IN_PLACE_ROTATION_FORBIDDEN_OR_HARD_RADIUS,[]
q07_right_edge_hard_l3_2_1787300439540205073,q07,right_edge,41,kinematic,smac_hybrid_reeds_shepp,forward,0.07290102663973753,corridor,IN_PLACE_ROTATION_FORBIDDEN_OR_HARD_RADIUS,[]
q07_right_edge_hard_l3_2_1787300439540205073,q07,right_edge,42,kinematic,smac_hybrid_reeds_shepp,forward,0.07290851186305644,corridor,IN_PLACE_ROTATION_FORBIDDEN_OR_HARD_RADIUS,[]
q07_right_edge_hard_l3_2_1787300439540205073,q07,right_edge,43,kinematic,smac_hybrid_reeds_shepp,forward,0.0730055418635633,corridor,IN_PLACE_ROTATION_FORBIDDEN_OR_HARD_RADIUS,[]
q07_right_edge_hard_l3_2_1787300439540205073,q07,right_edge,44,kinematic,smac_hybrid_reeds_shepp,forward,0.07300517720736877,corridor,IN_PLACE_ROTATION_FORBIDDEN_OR_HARD_RADIUS,[]
q07_right_edge_hard_l3_2_1787300439540205073,q07,right_edge,45,kinematic,smac_hybrid_reeds_shepp,forward,0.07300251197899385,corridor,IN_PLACE_ROTATION_FORBIDDEN_OR_HARD_RADIUS,[]
q07_right_edge_hard_l3_2_1787300439540205073,q07,right_edge,46,kinematic,smac_hybrid_reeds_shepp,forward,0.0730055418635633,corridor,IN_PLACE_ROTATION_FORBIDDEN_OR_HARD_RADIUS,[]
q07_right_edge_hard_l3_2_1787300439540205073,q07,right_edge,47,kinematic,smac_hybrid_reeds_shepp,forward,0.07300251197899385,corridor,IN_PLACE_ROTATION_FORBIDDEN_OR_HARD_RADIUS,[]
q07_right_edge_hard_l3_2_1787300439540205073,q07,right_edge,48,kinematic,smac_hybrid_reeds_shepp,forward,0.0730055418635633,corridor,IN_PLACE_ROTATION_FORBIDDEN_OR_HARD_RADIUS,[]
q07_right_edge_hard_l3_2_1787300439540205073,q07,right_edge,49,kinematic,smac_hybrid_reeds_shepp,forward,0.07300251197899385,corridor,IN_PLACE_ROTATION_FORBIDDEN_OR_HARD_RADIUS,[]
q07_right_edge_hard_l3_2_1787300439540205073,q07,right_edge,50,kinematic,smac_hybrid_reeds_shepp,forward,0.0730055418635633,corridor,IN_PLACE_ROTATION_FORBIDDEN_OR_HARD_RADIUS,[]
q07_right_edge_hard_l3_2_1787300439540205073,q07,right_edge,51,kinematic,smac_hybrid_reeds_shepp,forward,0.07300251197899385,corridor,IN_PLACE_ROTATION_FORBIDDEN_OR_HARD_RADIUS,[]
q07_right_edge_hard_l3_2_1787300439540205073,q07,right_edge,52,kinematic,smac_hybrid_reeds_shepp,forward,0.0730055418635633,corridor,IN_PLACE_ROTATION_FORBIDDEN_OR_HARD_RADIUS,[]
q07_right_edge_hard_l3_2_1787300439540205073,q07,right_edge,53,kinematic,smac_hybrid_reeds_shepp,forward,0.07300251197899385,corridor,IN_PLACE_ROTATION_FORBIDDEN_OR_HARD_RADIUS,[]
q07_right_edge_hard_l3_2_1787300439540205073,q07,right_edge,54,kinematic,smac_hybrid_reeds_shepp,forward,0.0730055418635633,corridor,IN_PLACE_ROTATION_FORBIDDEN_OR_HARD_RADIUS,[]
q07_right_edge_hard_l3_2_1787300439540205073,q07,right_edge,55,kinematic,smac_hybrid_reeds_shepp,forward,0.0730055418635633,corridor,IN_PLACE_ROTATION_FORBIDDEN_OR_HARD_RADIUS,[]
q07_right_edge_hard_l3_2_1787300439540205073,q07,right_edge,56,kinematic,smac_hybrid_reeds_shepp,forward,0.07300251197899385,corridor,IN_PLACE_ROTATION_FORBIDDEN_OR_HARD_RADIUS,[]
q07_right_edge_hard_l3_2_1787300439540205073,q07,right_edge,57,kinematic,smac_hybrid_reeds_shepp,forward,0.0730055418635633,corridor,IN_PLACE_ROTATION_FORBIDDEN_OR_HARD_RADIUS,[]
q07_right_edge_hard_l3_2_1787300439540205073,q07,right_edge,58,kinematic,smac_hybrid_reeds_shepp,forward,0.07300251197899385,corridor,IN_PLACE_ROTATION_FORBIDDEN_OR_HARD_RADIUS,[]
q07_right_edge_hard_l3_2_1787300439540205073,q07,right_edge,59,kinematic,smac_hybrid_reeds_shepp,forward,0.0730055418635633,corridor,IN_PLACE_ROTATION_FORBIDDEN_OR_HARD_RADIUS,[]
q07_right_edge_hard_l3_2_1787300439540205073,q07,right_edge,60,kinematic,smac_hybrid_reeds_shepp,forward,0.07300214730766462,corridor,IN_PLACE_ROTATION_FORBIDDEN_OR_HARD_RADIUS,[]
q07_right_edge_hard_l3_2_1787300439540205073,q07,right_edge,61,kinematic,smac_hybrid_reeds_shepp,forward,0.0730055418635633,corridor,IN_PLACE_ROTATION_FORBIDDEN_OR_HARD_RADIUS,[]
q07_right_edge_hard_l3_2_1787300439540205073,q07,right_edge,62,kinematic,smac_hybrid_reeds_shepp,forward,0.07300251197899385,corridor,IN_PLACE_ROTATION_FORBIDDEN_OR_HARD_RADIUS,[]
q07_right_edge_hard_l3_2_1787300439540205073,q07,right_edge,63,kinematic,smac_hybrid_reeds_shepp,forward,0.0730055418635633,corridor,IN_PLACE_ROTATION_FORBIDDEN_OR_HARD_RADIUS,[]
q07_right_edge_hard_l3_2_1787300439540205073,q07,right_edge,64,kinematic,smac_hybrid_reeds_shepp,forward,0.07300251197899385,corridor,IN_PLACE_ROTATION_FORBIDDEN_OR_HARD_RADIUS,[]
q07_right_edge_hard_l3_2_1787300439540205073,q07,right_edge,65,kinematic,smac_hybrid_reeds_shepp,forward,0.07294737783074118,corridor,IN_PLACE_ROTATION_FORBIDDEN_OR_HARD_RADIUS,[]
q07_right_edge_hard_l3_2_1787300439540205073,q07,right_edge,66,kinematic,smac_hybrid_reeds_shepp,reverse,0.07667808449508702,corridor,IN_PLACE_ROTATION_FORBIDDEN_OR_HARD_RADIUS,[]
q07_right_edge_hard_l3_2_1787300439540205073,q07,right_edge,67,kinematic,smac_hybrid_reeds_shepp,reverse,0.07667565206239707,corridor,IN_PLACE_ROTATION_FORBIDDEN_OR_HARD_RADIUS,[]
q07_right_edge_hard_l3_2_1787300439540205073,q07,right_edge,68,kinematic,smac_hybrid_reeds_shepp,reverse,0.07667506223761826,corridor,IN_PLACE_ROTATION_FORBIDDEN_OR_HARD_RADIUS,[]
q07_right_edge_hard_l3_2_1787300439540205073,q07,right_edge,69,kinematic,smac_hybrid_reeds_shepp,reverse,0.07497110120415769,corridor,IN_PLACE_ROTATION_FORBIDDEN_OR_HARD_RADIUS,[]
q07_right_edge_hard_l3_2_1787300439540205073,q07,right_edge,70,kinematic,smac_hybrid_reeds_shepp,reverse,0.07496936465377631,corridor,IN_PLACE_ROTATION_FORBIDDEN_OR_HARD_RADIUS,[]
q07_right_edge_hard_l3_2_1787300439540205073,q07,right_edge,71,kinematic,smac_hybrid_reeds_shepp,reverse,0.07496860655412547,corridor,IN_PLACE_ROTATION_FORBIDDEN_OR_HARD_RADIUS,[]
q07_right_edge_hard_l3_2_1787300439540205073,q07,right_edge,72,kinematic,smac_hybrid_reeds_shepp,reverse,0.0749716380992826,corridor,IN_PLACE_ROTATION_FORBIDDEN_OR_HARD_RADIUS,[]
q07_right_edge_hard_l3_2_1787300439540205073,q07,right_edge,73,kinematic,smac_hybrid_reeds_shepp,reverse,0.0749698681444821,corridor,IN_PLACE_ROTATION_FORBIDDEN_OR_HARD_RADIUS,[]
q07_right_edge_hard_l3_2_1787300439540205073,q07,right_edge,74,kinematic,smac_hybrid_reeds_shepp,forward,0.007419531336820702,corridor,IN_PLACE_ROTATION_FORBIDDEN_OR_HARD_RADIUS,[]
q07_right_edge_hard_l3_2_1787300439540205073,q07,right_edge,75,kinematic,smac_hybrid_reeds_shepp,forward,0.07497207138898154,corridor,IN_PLACE_ROTATION_FORBIDDEN_OR_HARD_RADIUS,[]
q07_right_edge_hard_l3_2_1787300439540205073,q07,right_edge,76,kinematic,smac_hybrid_reeds_shepp,forward,0.07496914744239445,corridor,IN_PLACE_ROTATION_FORBIDDEN_OR_HARD_RADIUS,[]
q07_right_edge_hard_l3_2_1787300439540205073,q07,right_edge,77,kinematic,smac_hybrid_reeds_shepp,forward,0.07497018554189401,corridor,IN_PLACE_ROTATION_FORBIDDEN_OR_HARD_RADIUS,[]
q07_right_edge_hard_l3_2_1787300439540205073,q07,right_edge,78,kinematic,smac_hybrid_reeds_shepp,forward,0.07496835362478554,corridor,IN_PLACE_ROTATION_FORBIDDEN_OR_HARD_RADIUS,[]
q07_right_edge_hard_l3_2_1787300439540205073,q07,right_edge,79,kinematic,smac_hybrid_reeds_shepp,forward,0.07497276839877919,corridor,IN_PLACE_ROTATION_FORBIDDEN_OR_HARD_RADIUS,[]
q07_right_edge_hard_l3_2_1787300439540205073,q07,right_edge,80,kinematic,smac_hybrid_reeds_shepp,forward,0.0749688567495976,corridor,IN_PLACE_ROTATION_FORBIDDEN_OR_HARD_RADIUS,[]
q07_right_edge_hard_l3_2_1787300439540205073,q07,right_edge,81,kinematic,smac_hybrid_reeds_shepp,forward,0.0749707693384389,corridor,IN_PLACE_ROTATION_FORBIDDEN_OR_HARD_RADIUS,[]
q07_right_edge_hard_l3_2_1787300439540205073,q07,right_edge,82,kinematic,smac_hybrid_reeds_shepp,forward,0.07505021941088025,corridor,IN_PLACE_ROTATION_FORBIDDEN_OR_HARD_RADIUS,[]
q07_right_edge_hard_l3_2_1787300439540205073,q07,right_edge,83,kinematic,smac_hybrid_reeds_shepp,forward,0.07497064635582304,corridor,IN_PLACE_ROTATION_FORBIDDEN_OR_HARD_RADIUS,[]
q07_right_edge_hard_l3_2_1787300439540205073,q07,right_edge,84,kinematic,smac_hybrid_reeds_shepp,forward,0.07496977000567571,corridor,IN_PLACE_ROTATION_FORBIDDEN_OR_HARD_RADIUS,[]
q07_right_edge_hard_l3_3_1787300439786273353,q07,right_edge,0,grid,grid_astar,mixed,29.329647059337226,corridor,,
q07_right_edge_hard_l3_3_1787300439786273353,q07,right_edge,1,kinematic,smac_hybrid_reeds_shepp,forward,0.07542069477835275,corridor,IN_PLACE_ROTATION_FORBIDDEN_OR_HARD_RADIUS,[]
q07_right_edge_hard_l3_3_1787300439786273353,q07,right_edge,2,kinematic,smac_hybrid_reeds_shepp,forward,0.07548644569666417,corridor,IN_PLACE_ROTATION_FORBIDDEN_OR_HARD_RADIUS,[]
q07_right_edge_hard_l3_3_1787300439786273353,q07,right_edge,3,kinematic,smac_hybrid_reeds_shepp,forward,0.07553049139016609,corridor,IN_PLACE_ROTATION_FORBIDDEN_OR_HARD_RADIUS,[]
q07_right_edge_hard_l3_3_1787300439786273353,q07,right_edge,4,kinematic,smac_hybrid_reeds_shepp,forward,0.07553327543956398,corridor,IN_PLACE_ROTATION_FORBIDDEN_OR_HARD_RADIUS,[]
q07_right_edge_hard_l3_3_1787300439786273353,q07,right_edge,5,kinematic,smac_hybrid_reeds_shepp,forward,0.07553183719716562,corridor,IN_PLACE_ROTATION_FORBIDDEN_OR_HARD_RADIUS,[]
q07_right_edge_hard_l3_3_1787300439786273353,q07,right_edge,6,kinematic,smac_hybrid_reeds_shepp,forward,0.07553192965819065,corridor,IN_PLACE_ROTATION_FORBIDDEN_OR_HARD_RADIUS,[]
q07_right_edge_hard_l3_3_1787300439786273353,q07,right_edge,7,kinematic,smac_hybrid_reeds_shepp,forward,0.07553183719716562,corridor,IN_PLACE_ROTATION_FORBIDDEN_OR_HARD_RADIUS,[]
q07_right_edge_hard_l3_3_1787300439786273353,q07,right_edge,8,kinematic,smac_hybrid_reeds_shepp,forward,0.07552993528622423,corridor,IN_PLACE_ROTATION_FORBIDDEN_OR_HARD_RADIUS,[]
q07_right_edge_hard_l3_3_1787300439786273353,q07,right_edge,9,kinematic,smac_hybrid_reeds_shepp,forward,0.07541920556573146,corridor,IN_PLACE_ROTATION_FORBIDDEN_OR_HARD_RADIUS,[]
q07_right_edge_hard_l3_3_1787300439786273353,q07,right_edge,10,kinematic,smac_hybrid_reeds_shepp,forward,0.07542051703880072,corridor,IN_PLACE_ROTATION_FORBIDDEN_OR_HARD_RADIUS,[]
q07_right_edge_hard_l3_3_1787300439786273353,q07,right_edge,11,kinematic,smac_hybrid_reeds_shepp,forward,0.07541912455878494,corridor,IN_PLACE_ROTATION_FORBIDDEN_OR_HARD_RADIUS,[]
q07_right_edge_hard_l3_3_1787300439786273353,q07,right_edge,12,kinematic,smac_hybrid_reeds_shepp,forward,0.07542039119307913,corridor,IN_PLACE_ROTATION_FORBIDDEN_OR_HARD_RADIUS,[]
q07_right_edge_hard_l3_3_1787300439786273353,q07,right_edge,13,kinematic,smac_hybrid_reeds_shepp,forward,0.07541835281198563,corridor,IN_PLACE_ROTATION_FORBIDDEN_OR_HARD_RADIUS,[]
q07_right_edge_hard_l3_3_1787300439786273353,q07,right_edge,14,kinematic,smac_hybrid_reeds_shepp,forward,0.07542075485314614,corridor,IN_PLACE_ROTATION_FORBIDDEN_OR_HARD_RADIUS,[]
q07_right_edge_hard_l3_3_1787300439786273353,q07,right_edge,15,kinematic,smac_hybrid_reeds_shepp,forward,0.07667741659038792,corridor,IN_PLACE_ROTATION_FORBIDDEN_OR_HARD_RADIUS,[]
q07_right_edge_hard_l3_3_1787300439786273353,q07,right_edge,16,kinematic,smac_hybrid_reeds_shepp,forward,0.07667742952585878,corridor,IN_PLACE_ROTATION_FORBIDDEN_OR_HARD_RADIUS,[]
q07_right_edge_hard_l3_3_1787300439786273353,q07,right_edge,17,kinematic,smac_hybrid_reeds_shepp,forward,0.07667685763021052,corridor,IN_PLACE_ROTATION_FORBIDDEN_OR_HARD_RADIUS,[]
q07_right_edge_hard_l3_3_1787300439786273353,q07,right_edge,18,kinematic,smac_hybrid_reeds_shepp,forward,0.07667685763021052,corridor,IN_PLACE_ROTATION_FORBIDDEN_OR_HARD_RADIUS,[]
q07_right_edge_hard_l3_3_1787300439786273353,q07,right_edge,19,kinematic,smac_hybrid_reeds_shepp,forward,0.07667685763021052,corridor,IN_PLACE_ROTATION_FORBIDDEN_OR_HARD_RADIUS,[]
q07_right_edge_hard_l3_3_1787300439786273353,q07,right_edge,20,kinematic,smac_hybrid_reeds_shepp,forward,0.07667685763021052,corridor,IN_PLACE_ROTATION_FORBIDDEN_OR_HARD_RADIUS,[]
q07_right_edge_hard_l3_3_1787300439786273353,q07,right_edge,21,kinematic,smac_hybrid_reeds_shepp,forward,0.07667742952585878,corridor,IN_PLACE_ROTATION_FORBIDDEN_OR_HARD_RADIUS,[]
q07_right_edge_hard_l3_3_1787300439786273353,q07,right_edge,22,kinematic,smac_hybrid_reeds_shepp,forward,0.07667741659038792,corridor,IN_PLACE_ROTATION_FORBIDDEN_OR_HARD_RADIUS,[]
q07_right_edge_hard_l3_3_1787300439786273353,q07,right_edge,23,kinematic,smac_hybrid_reeds_shepp,forward,0.07667541618161522,corridor,IN_PLACE_ROTATION_FORBIDDEN_OR_HARD_RADIUS,[]
q07_right_edge_hard_l3_3_1787300439786273353,q07,right_edge,24,kinematic,smac_hybrid_reeds_shepp,forward,0.07667541618161522,corridor,IN_PLACE_ROTATION_FORBIDDEN_OR_HARD_RADIUS,[]
q07_right_edge_hard_l3_3_1787300439786273353,q07,right_edge,25,kinematic,smac_hybrid_reeds_shepp,forward,0.07667541618161522,corridor,IN_PLACE_ROTATION_FORBIDDEN_OR_HARD_RADIUS,[]
q07_right_edge_hard_l3_3_1787300439786273353,q07,right_edge,26,kinematic,smac_hybrid_reeds_shepp,forward,0.07667541618161522,corridor,IN_PLACE_ROTATION_FORBIDDEN_OR_HARD_RADIUS,[]
q07_right_edge_hard_l3_3_1787300439786273353,q07,right_edge,27,kinematic,smac_hybrid_reeds_shepp,forward,0.07667541618161522,corridor,IN_PLACE_ROTATION_FORBIDDEN_OR_HARD_RADIUS,[]
q07_right_edge_hard_l3_3_1787300439786273353,q07,right_edge,28,kinematic,smac_hybrid_reeds_shepp,forward,0.07667541618161522,corridor,IN_PLACE_ROTATION_FORBIDDEN_OR_HARD_RADIUS,[]
q07_right_edge_hard_l3_3_1787300439786273353,q07,right_edge,29,kinematic,smac_hybrid_reeds_shepp,forward,0.07667541618161522,corridor,IN_PLACE_ROTATION_FORBIDDEN_OR_HARD_RADIUS,[]
q07_right_edge_hard_l3_3_1787300439786273353,q07,right_edge,30,kinematic,smac_hybrid_reeds_shepp,forward,0.07667541618161522,corridor,IN_PLACE_ROTATION_FORBIDDEN_OR_HARD_RADIUS,[]
q07_right_edge_hard_l3_3_1787300439786273353,q07,right_edge,31,kinematic,smac_hybrid_reeds_shepp,forward,0.07667541618161522,corridor,IN_PLACE_ROTATION_FORBIDDEN_OR_HARD_RADIUS,[]
q07_right_edge_hard_l3_3_1787300439786273353,q07,right_edge,32,kinematic,smac_hybrid_reeds_shepp,forward,0.07667541618161522,corridor,IN_PLACE_ROTATION_FORBIDDEN_OR_HARD_RADIUS,[]
q07_right_edge_hard_l3_3_1787300439786273353,q07,right_edge,33,kinematic,smac_hybrid_reeds_shepp,forward,0.07667541618161522,corridor,IN_PLACE_ROTATION_FORBIDDEN_OR_HARD_RADIUS,[]
q07_right_edge_hard_l3_3_1787300439786273353,q07,right_edge,34,kinematic,smac_hybrid_reeds_shepp,forward,0.07667541618161522,corridor,IN_PLACE_ROTATION_FORBIDDEN_OR_HARD_RADIUS,[]
q07_right_edge_hard_l3_3_1787300439786273353,q07,right_edge,35,kinematic,smac_hybrid_reeds_shepp,forward,0.07667741659038792,corridor,IN_PLACE_ROTATION_FORBIDDEN_OR_HARD_RADIUS,[]
q07_right_edge_hard_l3_3_1787300439786273353,q07,right_edge,36,kinematic,smac_hybrid_reeds_shepp,forward,0.07290284458684437,corridor,IN_PLACE_ROTATION_FORBIDDEN_OR_HARD_RADIUS,[]
q07_right_edge_hard_l3_3_1787300439786273353,q07,right_edge,37,kinematic,smac_hybrid_reeds_shepp,forward,0.07290302547843733,corridor,IN_PLACE_ROTATION_FORBIDDEN_OR_HARD_RADIUS,[]
q07_right_edge_hard_l3_3_1787300439786273353,q07,right_edge,38,kinematic,smac_hybrid_reeds_shepp,forward,0.07290365450757297,corridor,IN_PLACE_ROTATION_FORBIDDEN_OR_HARD_RADIUS,[]
q07_right_edge_hard_l3_3_1787300439786273353,q07,right_edge,39,kinematic,smac_hybrid_reeds_shepp,forward,0.07290043770227847,corridor,IN_PLACE_ROTATION_FORBIDDEN_OR_HARD_RADIUS,[]
q07_right_edge_hard_l3_3_1787300439786273353,q07,right_edge,40,kinematic,smac_hybrid_reeds_shepp,forward,0.07290433667357174,corridor,IN_PLACE_ROTATION_FORBIDDEN_OR_HARD_RADIUS,[]
q07_right_edge_hard_l3_3_1787300439786273353,q07,right_edge,41,kinematic,smac_hybrid_reeds_shepp,forward,0.07290102663973753,corridor,IN_PLACE_ROTATION_FORBIDDEN_OR_HARD_RADIUS,[]
q07_right_edge_hard_l3_3_1787300439786273353,q07,right_edge,42,kinematic,smac_hybrid_reeds_shepp,forward,0.07290851186305644,corridor,IN_PLACE_ROTATION_FORBIDDEN_OR_HARD_RADIUS,[]
q07_right_edge_hard_l3_3_1787300439786273353,q07,right_edge,43,kinematic,smac_hybrid_reeds_shepp,forward,0.0730055418635633,corridor,IN_PLACE_ROTATION_FORBIDDEN_OR_HARD_RADIUS,[]
q07_right_edge_hard_l3_3_1787300439786273353,q07,right_edge,44,kinematic,smac_hybrid_reeds_shepp,forward,0.07300517720736877,corridor,IN_PLACE_ROTATION_FORBIDDEN_OR_HARD_RADIUS,[]
q07_right_edge_hard_l3_3_1787300439786273353,q07,right_edge,45,kinematic,smac_hybrid_reeds_shepp,forward,0.07300251197899385,corridor,IN_PLACE_ROTATION_FORBIDDEN_OR_HARD_RADIUS,[]
q07_right_edge_hard_l3_3_1787300439786273353,q07,right_edge,46,kinematic,smac_hybrid_reeds_shepp,forward,0.0730055418635633,corridor,IN_PLACE_ROTATION_FORBIDDEN_OR_HARD_RADIUS,[]
q07_right_edge_hard_l3_3_1787300439786273353,q07,right_edge,47,kinematic,smac_hybrid_reeds_shepp,forward,0.07300251197899385,corridor,IN_PLACE_ROTATION_FORBIDDEN_OR_HARD_RADIUS,[]
q07_right_edge_hard_l3_3_1787300439786273353,q07,right_edge,48,kinematic,smac_hybrid_reeds_shepp,forward,0.0730055418635633,corridor,IN_PLACE_ROTATION_FORBIDDEN_OR_HARD_RADIUS,[]
q07_right_edge_hard_l3_3_1787300439786273353,q07,right_edge,49,kinematic,smac_hybrid_reeds_shepp,forward,0.07300251197899385,corridor,IN_PLACE_ROTATION_FORBIDDEN_OR_HARD_RADIUS,[]
q07_right_edge_hard_l3_3_1787300439786273353,q07,right_edge,50,kinematic,smac_hybrid_reeds_shepp,forward,0.0730055418635633,corridor,IN_PLACE_ROTATION_FORBIDDEN_OR_HARD_RADIUS,[]
q07_right_edge_hard_l3_3_1787300439786273353,q07,right_edge,51,kinematic,smac_hybrid_reeds_shepp,forward,0.07300251197899385,corridor,IN_PLACE_ROTATION_FORBIDDEN_OR_HARD_RADIUS,[]
q07_right_edge_hard_l3_3_1787300439786273353,q07,right_edge,52,kinematic,smac_hybrid_reeds_shepp,forward,0.0730055418635633,corridor,IN_PLACE_ROTATION_FORBIDDEN_OR_HARD_RADIUS,[]
q07_right_edge_hard_l3_3_1787300439786273353,q07,right_edge,53,kinematic,smac_hybrid_reeds_shepp,forward,0.07300251197899385,corridor,IN_PLACE_ROTATION_FORBIDDEN_OR_HARD_RADIUS,[]
q07_right_edge_hard_l3_3_1787300439786273353,q07,right_edge,54,kinematic,smac_hybrid_reeds_shepp,forward,0.0730055418635633,corridor,IN_PLACE_ROTATION_FORBIDDEN_OR_HARD_RADIUS,[]
q07_right_edge_hard_l3_3_1787300439786273353,q07,right_edge,55,kinematic,smac_hybrid_reeds_shepp,forward,0.0730055418635633,corridor,IN_PLACE_ROTATION_FORBIDDEN_OR_HARD_RADIUS,[]
q07_right_edge_hard_l3_3_1787300439786273353,q07,right_edge,56,kinematic,smac_hybrid_reeds_shepp,forward,0.07300251197899385,corridor,IN_PLACE_ROTATION_FORBIDDEN_OR_HARD_RADIUS,[]
q07_right_edge_hard_l3_3_1787300439786273353,q07,right_edge,57,kinematic,smac_hybrid_reeds_shepp,forward,0.0730055418635633,corridor,IN_PLACE_ROTATION_FORBIDDEN_OR_HARD_RADIUS,[]
q07_right_edge_hard_l3_3_1787300439786273353,q07,right_edge,58,kinematic,smac_hybrid_reeds_shepp,forward,0.07300251197899385,corridor,IN_PLACE_ROTATION_FORBIDDEN_OR_HARD_RADIUS,[]
q07_right_edge_hard_l3_3_1787300439786273353,q07,right_edge,59,kinematic,smac_hybrid_reeds_shepp,forward,0.0730055418635633,corridor,IN_PLACE_ROTATION_FORBIDDEN_OR_HARD_RADIUS,[]
q07_right_edge_hard_l3_3_1787300439786273353,q07,right_edge,60,kinematic,smac_hybrid_reeds_shepp,forward,0.07300214730766462,corridor,IN_PLACE_ROTATION_FORBIDDEN_OR_HARD_RADIUS,[]
q07_right_edge_hard_l3_3_1787300439786273353,q07,right_edge,61,kinematic,smac_hybrid_reeds_shepp,forward,0.0730055418635633,corridor,IN_PLACE_ROTATION_FORBIDDEN_OR_HARD_RADIUS,[]
q07_right_edge_hard_l3_3_1787300439786273353,q07,right_edge,62,kinematic,smac_hybrid_reeds_shepp,forward,0.07300251197899385,corridor,IN_PLACE_ROTATION_FORBIDDEN_OR_HARD_RADIUS,[]
q07_right_edge_hard_l3_3_1787300439786273353,q07,right_edge,63,kinematic,smac_hybrid_reeds_shepp,forward,0.0730055418635633,corridor,IN_PLACE_ROTATION_FORBIDDEN_OR_HARD_RADIUS,[]
q07_right_edge_hard_l3_3_1787300439786273353,q07,right_edge,64,kinematic,smac_hybrid_reeds_shepp,forward,0.07300251197899385,corridor,IN_PLACE_ROTATION_FORBIDDEN_OR_HARD_RADIUS,[]
q07_right_edge_hard_l3_3_1787300439786273353,q07,right_edge,65,kinematic,smac_hybrid_reeds_shepp,forward,0.07294737783074118,corridor,IN_PLACE_ROTATION_FORBIDDEN_OR_HARD_RADIUS,[]
q07_right_edge_hard_l3_3_1787300439786273353,q07,right_edge,66,kinematic,smac_hybrid_reeds_shepp,reverse,0.07667808449508702,corridor,IN_PLACE_ROTATION_FORBIDDEN_OR_HARD_RADIUS,[]
q07_right_edge_hard_l3_3_1787300439786273353,q07,right_edge,67,kinematic,smac_hybrid_reeds_shepp,reverse,0.07667565206239707,corridor,IN_PLACE_ROTATION_FORBIDDEN_OR_HARD_RADIUS,[]
q07_right_edge_hard_l3_3_1787300439786273353,q07,right_edge,68,kinematic,smac_hybrid_reeds_shepp,reverse,0.07667506223761826,corridor,IN_PLACE_ROTATION_FORBIDDEN_OR_HARD_RADIUS,[]
q07_right_edge_hard_l3_3_1787300439786273353,q07,right_edge,69,kinematic,smac_hybrid_reeds_shepp,reverse,0.07497110120415769,corridor,IN_PLACE_ROTATION_FORBIDDEN_OR_HARD_RADIUS,[]
q07_right_edge_hard_l3_3_1787300439786273353,q07,right_edge,70,kinematic,smac_hybrid_reeds_shepp,reverse,0.07496936465377631,corridor,IN_PLACE_ROTATION_FORBIDDEN_OR_HARD_RADIUS,[]
q07_right_edge_hard_l3_3_1787300439786273353,q07,right_edge,71,kinematic,smac_hybrid_reeds_shepp,reverse,0.07496860655412547,corridor,IN_PLACE_ROTATION_FORBIDDEN_OR_HARD_RADIUS,[]
q07_right_edge_hard_l3_3_1787300439786273353,q07,right_edge,72,kinematic,smac_hybrid_reeds_shepp,reverse,0.0749716380992826,corridor,IN_PLACE_ROTATION_FORBIDDEN_OR_HARD_RADIUS,[]
q07_right_edge_hard_l3_3_1787300439786273353,q07,right_edge,73,kinematic,smac_hybrid_reeds_shepp,reverse,0.0749698681444821,corridor,IN_PLACE_ROTATION_FORBIDDEN_OR_HARD_RADIUS,[]
q07_right_edge_hard_l3_3_1787300439786273353,q07,right_edge,74,kinematic,smac_hybrid_reeds_shepp,forward,0.007419531336820702,corridor,IN_PLACE_ROTATION_FORBIDDEN_OR_HARD_RADIUS,[]
q07_right_edge_hard_l3_3_1787300439786273353,q07,right_edge,75,kinematic,smac_hybrid_reeds_shepp,forward,0.07497207138898154,corridor,IN_PLACE_ROTATION_FORBIDDEN_OR_HARD_RADIUS,[]
q07_right_edge_hard_l3_3_1787300439786273353,q07,right_edge,76,kinematic,smac_hybrid_reeds_shepp,forward,0.07496914744239445,corridor,IN_PLACE_ROTATION_FORBIDDEN_OR_HARD_RADIUS,[]
q07_right_edge_hard_l3_3_1787300439786273353,q07,right_edge,77,kinematic,smac_hybrid_reeds_shepp,forward,0.07497018554189401,corridor,IN_PLACE_ROTATION_FORBIDDEN_OR_HARD_RADIUS,[]
q07_right_edge_hard_l3_3_1787300439786273353,q07,right_edge,78,kinematic,smac_hybrid_reeds_shepp,forward,0.07496835362478554,corridor,IN_PLACE_ROTATION_FORBIDDEN_OR_HARD_RADIUS,[]
q07_right_edge_hard_l3_3_1787300439786273353,q07,right_edge,79,kinematic,smac_hybrid_reeds_shepp,forward,0.07497276839877919,corridor,IN_PLACE_ROTATION_FORBIDDEN_OR_HARD_RADIUS,[]
q07_right_edge_hard_l3_3_1787300439786273353,q07,right_edge,80,kinematic,smac_hybrid_reeds_shepp,forward,0.0749688567495976,corridor,IN_PLACE_ROTATION_FORBIDDEN_OR_HARD_RADIUS,[]
q07_right_edge_hard_l3_3_1787300439786273353,q07,right_edge,81,kinematic,smac_hybrid_reeds_shepp,forward,0.0749707693384389,corridor,IN_PLACE_ROTATION_FORBIDDEN_OR_HARD_RADIUS,[]
q07_right_edge_hard_l3_3_1787300439786273353,q07,right_edge,82,kinematic,smac_hybrid_reeds_shepp,forward,0.07505021941088025,corridor,IN_PLACE_ROTATION_FORBIDDEN_OR_HARD_RADIUS,[]
q07_right_edge_hard_l3_3_1787300439786273353,q07,right_edge,83,kinematic,smac_hybrid_reeds_shepp,forward,0.07497064635582304,corridor,IN_PLACE_ROTATION_FORBIDDEN_OR_HARD_RADIUS,[]
q07_right_edge_hard_l3_3_1787300439786273353,q07,right_edge,84,kinematic,smac_hybrid_reeds_shepp,forward,0.07496977000567571,corridor,IN_PLACE_ROTATION_FORBIDDEN_OR_HARD_RADIUS,[]
q07_right_edge_hard_l3_4_1787300440028077830,q07,right_edge,0,grid,grid_astar,mixed,29.329647059337226,corridor,,
q07_right_edge_hard_l3_4_1787300440028077830,q07,right_edge,1,kinematic,smac_hybrid_reeds_shepp,forward,0.07542069477835275,corridor,IN_PLACE_ROTATION_FORBIDDEN_OR_HARD_RADIUS,[]
q07_right_edge_hard_l3_4_1787300440028077830,q07,right_edge,2,kinematic,smac_hybrid_reeds_shepp,forward,0.07548644569666417,corridor,IN_PLACE_ROTATION_FORBIDDEN_OR_HARD_RADIUS,[]
q07_right_edge_hard_l3_4_1787300440028077830,q07,right_edge,3,kinematic,smac_hybrid_reeds_shepp,forward,0.07553049139016609,corridor,IN_PLACE_ROTATION_FORBIDDEN_OR_HARD_RADIUS,[]
q07_right_edge_hard_l3_4_1787300440028077830,q07,right_edge,4,kinematic,smac_hybrid_reeds_shepp,forward,0.07553327543956398,corridor,IN_PLACE_ROTATION_FORBIDDEN_OR_HARD_RADIUS,[]
q07_right_edge_hard_l3_4_1787300440028077830,q07,right_edge,5,kinematic,smac_hybrid_reeds_shepp,forward,0.07553183719716562,corridor,IN_PLACE_ROTATION_FORBIDDEN_OR_HARD_RADIUS,[]
q07_right_edge_hard_l3_4_1787300440028077830,q07,right_edge,6,kinematic,smac_hybrid_reeds_shepp,forward,0.07553192965819065,corridor,IN_PLACE_ROTATION_FORBIDDEN_OR_HARD_RADIUS,[]
q07_right_edge_hard_l3_4_1787300440028077830,q07,right_edge,7,kinematic,smac_hybrid_reeds_shepp,forward,0.07553183719716562,corridor,IN_PLACE_ROTATION_FORBIDDEN_OR_HARD_RADIUS,[]
q07_right_edge_hard_l3_4_1787300440028077830,q07,right_edge,8,kinematic,smac_hybrid_reeds_shepp,forward,0.07552993528622423,corridor,IN_PLACE_ROTATION_FORBIDDEN_OR_HARD_RADIUS,[]
q07_right_edge_hard_l3_4_1787300440028077830,q07,right_edge,9,kinematic,smac_hybrid_reeds_shepp,forward,0.07541920556573146,corridor,IN_PLACE_ROTATION_FORBIDDEN_OR_HARD_RADIUS,[]
q07_right_edge_hard_l3_4_1787300440028077830,q07,right_edge,10,kinematic,smac_hybrid_reeds_shepp,forward,0.07542051703880072,corridor,IN_PLACE_ROTATION_FORBIDDEN_OR_HARD_RADIUS,[]
q07_right_edge_hard_l3_4_1787300440028077830,q07,right_edge,11,kinematic,smac_hybrid_reeds_shepp,forward,0.07541912455878494,corridor,IN_PLACE_ROTATION_FORBIDDEN_OR_HARD_RADIUS,[]
q07_right_edge_hard_l3_4_1787300440028077830,q07,right_edge,12,kinematic,smac_hybrid_reeds_shepp,forward,0.07542039119307913,corridor,IN_PLACE_ROTATION_FORBIDDEN_OR_HARD_RADIUS,[]
q07_right_edge_hard_l3_4_1787300440028077830,q07,right_edge,13,kinematic,smac_hybrid_reeds_shepp,forward,0.07541835281198563,corridor,IN_PLACE_ROTATION_FORBIDDEN_OR_HARD_RADIUS,[]
q07_right_edge_hard_l3_4_1787300440028077830,q07,right_edge,14,kinematic,smac_hybrid_reeds_shepp,forward,0.07542075485314614,corridor,IN_PLACE_ROTATION_FORBIDDEN_OR_HARD_RADIUS,[]
q07_right_edge_hard_l3_4_1787300440028077830,q07,right_edge,15,kinematic,smac_hybrid_reeds_shepp,forward,0.07667741659038792,corridor,IN_PLACE_ROTATION_FORBIDDEN_OR_HARD_RADIUS,[]
q07_right_edge_hard_l3_4_1787300440028077830,q07,right_edge,16,kinematic,smac_hybrid_reeds_shepp,forward,0.07667742952585878,corridor,IN_PLACE_ROTATION_FORBIDDEN_OR_HARD_RADIUS,[]
q07_right_edge_hard_l3_4_1787300440028077830,q07,right_edge,17,kinematic,smac_hybrid_reeds_shepp,forward,0.07667685763021052,corridor,IN_PLACE_ROTATION_FORBIDDEN_OR_HARD_RADIUS,[]
q07_right_edge_hard_l3_4_1787300440028077830,q07,right_edge,18,kinematic,smac_hybrid_reeds_shepp,forward,0.07667685763021052,corridor,IN_PLACE_ROTATION_FORBIDDEN_OR_HARD_RADIUS,[]
q07_right_edge_hard_l3_4_1787300440028077830,q07,right_edge,19,kinematic,smac_hybrid_reeds_shepp,forward,0.07667685763021052,corridor,IN_PLACE_ROTATION_FORBIDDEN_OR_HARD_RADIUS,[]
q07_right_edge_hard_l3_4_1787300440028077830,q07,right_edge,20,kinematic,smac_hybrid_reeds_shepp,forward,0.07667685763021052,corridor,IN_PLACE_ROTATION_FORBIDDEN_OR_HARD_RADIUS,[]
q07_right_edge_hard_l3_4_1787300440028077830,q07,right_edge,21,kinematic,smac_hybrid_reeds_shepp,forward,0.07667742952585878,corridor,IN_PLACE_ROTATION_FORBIDDEN_OR_HARD_RADIUS,[]
q07_right_edge_hard_l3_4_1787300440028077830,q07,right_edge,22,kinematic,smac_hybrid_reeds_shepp,forward,0.07667741659038792,corridor,IN_PLACE_ROTATION_FORBIDDEN_OR_HARD_RADIUS,[]
q07_right_edge_hard_l3_4_1787300440028077830,q07,right_edge,23,kinematic,smac_hybrid_reeds_shepp,forward,0.07667541618161522,corridor,IN_PLACE_ROTATION_FORBIDDEN_OR_HARD_RADIUS,[]
q07_right_edge_hard_l3_4_1787300440028077830,q07,right_edge,24,kinematic,smac_hybrid_reeds_shepp,forward,0.07667541618161522,corridor,IN_PLACE_ROTATION_FORBIDDEN_OR_HARD_RADIUS,[]
q07_right_edge_hard_l3_4_1787300440028077830,q07,right_edge,25,kinematic,smac_hybrid_reeds_shepp,forward,0.07667541618161522,corridor,IN_PLACE_ROTATION_FORBIDDEN_OR_HARD_RADIUS,[]
q07_right_edge_hard_l3_4_1787300440028077830,q07,right_edge,26,kinematic,smac_hybrid_reeds_shepp,forward,0.07667541618161522,corridor,IN_PLACE_ROTATION_FORBIDDEN_OR_HARD_RADIUS,[]
q07_right_edge_hard_l3_4_1787300440028077830,q07,right_edge,27,kinematic,smac_hybrid_reeds_shepp,forward,0.07667541618161522,corridor,IN_PLACE_ROTATION_FORBIDDEN_OR_HARD_RADIUS,[]
q07_right_edge_hard_l3_4_1787300440028077830,q07,right_edge,28,kinematic,smac_hybrid_reeds_shepp,forward,0.07667541618161522,corridor,IN_PLACE_ROTATION_FORBIDDEN_OR_HARD_RADIUS,[]
q07_right_edge_hard_l3_4_1787300440028077830,q07,right_edge,29,kinematic,smac_hybrid_reeds_shepp,forward,0.07667541618161522,corridor,IN_PLACE_ROTATION_FORBIDDEN_OR_HARD_RADIUS,[]
q07_right_edge_hard_l3_4_1787300440028077830,q07,right_edge,30,kinematic,smac_hybrid_reeds_shepp,forward,0.07667541618161522,corridor,IN_PLACE_ROTATION_FORBIDDEN_OR_HARD_RADIUS,[]
q07_right_edge_hard_l3_4_1787300440028077830,q07,right_edge,31,kinematic,smac_hybrid_reeds_shepp,forward,0.07667541618161522,corridor,IN_PLACE_ROTATION_FORBIDDEN_OR_HARD_RADIUS,[]
q07_right_edge_hard_l3_4_1787300440028077830,q07,right_edge,32,kinematic,smac_hybrid_reeds_shepp,forward,0.07667541618161522,corridor,IN_PLACE_ROTATION_FORBIDDEN_OR_HARD_RADIUS,[]
q07_right_edge_hard_l3_4_1787300440028077830,q07,right_edge,33,kinematic,smac_hybrid_reeds_shepp,forward,0.07667541618161522,corridor,IN_PLACE_ROTATION_FORBIDDEN_OR_HARD_RADIUS,[]
q07_right_edge_hard_l3_4_1787300440028077830,q07,right_edge,34,kinematic,smac_hybrid_reeds_shepp,forward,0.07667541618161522,corridor,IN_PLACE_ROTATION_FORBIDDEN_OR_HARD_RADIUS,[]
q07_right_edge_hard_l3_4_1787300440028077830,q07,right_edge,35,kinematic,smac_hybrid_reeds_shepp,forward,0.07667741659038792,corridor,IN_PLACE_ROTATION_FORBIDDEN_OR_HARD_RADIUS,[]
q07_right_edge_hard_l3_4_1787300440028077830,q07,right_edge,36,kinematic,smac_hybrid_reeds_shepp,forward,0.07290284458684437,corridor,IN_PLACE_ROTATION_FORBIDDEN_OR_HARD_RADIUS,[]
q07_right_edge_hard_l3_4_1787300440028077830,q07,right_edge,37,kinematic,smac_hybrid_reeds_shepp,forward,0.07290302547843733,corridor,IN_PLACE_ROTATION_FORBIDDEN_OR_HARD_RADIUS,[]
q07_right_edge_hard_l3_4_1787300440028077830,q07,right_edge,38,kinematic,smac_hybrid_reeds_shepp,forward,0.07290365450757297,corridor,IN_PLACE_ROTATION_FORBIDDEN_OR_HARD_RADIUS,[]
q07_right_edge_hard_l3_4_1787300440028077830,q07,right_edge,39,kinematic,smac_hybrid_reeds_shepp,forward,0.07290043770227847,corridor,IN_PLACE_ROTATION_FORBIDDEN_OR_HARD_RADIUS,[]
q07_right_edge_hard_l3_4_1787300440028077830,q07,right_edge,40,kinematic,smac_hybrid_reeds_shepp,forward,0.07290433667357174,corridor,IN_PLACE_ROTATION_FORBIDDEN_OR_HARD_RADIUS,[]
q07_right_edge_hard_l3_4_1787300440028077830,q07,right_edge,41,kinematic,smac_hybrid_reeds_shepp,forward,0.07290102663973753,corridor,IN_PLACE_ROTATION_FORBIDDEN_OR_HARD_RADIUS,[]
q07_right_edge_hard_l3_4_1787300440028077830,q07,right_edge,42,kinematic,smac_hybrid_reeds_shepp,forward,0.07290851186305644,corridor,IN_PLACE_ROTATION_FORBIDDEN_OR_HARD_RADIUS,[]
q07_right_edge_hard_l3_4_1787300440028077830,q07,right_edge,43,kinematic,smac_hybrid_reeds_shepp,forward,0.0730055418635633,corridor,IN_PLACE_ROTATION_FORBIDDEN_OR_HARD_RADIUS,[]
q07_right_edge_hard_l3_4_1787300440028077830,q07,right_edge,44,kinematic,smac_hybrid_reeds_shepp,forward,0.07300517720736877,corridor,IN_PLACE_ROTATION_FORBIDDEN_OR_HARD_RADIUS,[]
q07_right_edge_hard_l3_4_1787300440028077830,q07,right_edge,45,kinematic,smac_hybrid_reeds_shepp,forward,0.07300251197899385,corridor,IN_PLACE_ROTATION_FORBIDDEN_OR_HARD_RADIUS,[]
q07_right_edge_hard_l3_4_1787300440028077830,q07,right_edge,46,kinematic,smac_hybrid_reeds_shepp,forward,0.0730055418635633,corridor,IN_PLACE_ROTATION_FORBIDDEN_OR_HARD_RADIUS,[]
q07_right_edge_hard_l3_4_1787300440028077830,q07,right_edge,47,kinematic,smac_hybrid_reeds_shepp,forward,0.07300251197899385,corridor,IN_PLACE_ROTATION_FORBIDDEN_OR_HARD_RADIUS,[]
q07_right_edge_hard_l3_4_1787300440028077830,q07,right_edge,48,kinematic,smac_hybrid_reeds_shepp,forward,0.0730055418635633,corridor,IN_PLACE_ROTATION_FORBIDDEN_OR_HARD_RADIUS,[]
q07_right_edge_hard_l3_4_1787300440028077830,q07,right_edge,49,kinematic,smac_hybrid_reeds_shepp,forward,0.07300251197899385,corridor,IN_PLACE_ROTATION_FORBIDDEN_OR_HARD_RADIUS,[]
q07_right_edge_hard_l3_4_1787300440028077830,q07,right_edge,50,kinematic,smac_hybrid_reeds_shepp,forward,0.0730055418635633,corridor,IN_PLACE_ROTATION_FORBIDDEN_OR_HARD_RADIUS,[]
q07_right_edge_hard_l3_4_1787300440028077830,q07,right_edge,51,kinematic,smac_hybrid_reeds_shepp,forward,0.07300251197899385,corridor,IN_PLACE_ROTATION_FORBIDDEN_OR_HARD_RADIUS,[]
q07_right_edge_hard_l3_4_1787300440028077830,q07,right_edge,52,kinematic,smac_hybrid_reeds_shepp,forward,0.0730055418635633,corridor,IN_PLACE_ROTATION_FORBIDDEN_OR_HARD_RADIUS,[]
q07_right_edge_hard_l3_4_1787300440028077830,q07,right_edge,53,kinematic,smac_hybrid_reeds_shepp,forward,0.07300251197899385,corridor,IN_PLACE_ROTATION_FORBIDDEN_OR_HARD_RADIUS,[]
q07_right_edge_hard_l3_4_1787300440028077830,q07,right_edge,54,kinematic,smac_hybrid_reeds_shepp,forward,0.0730055418635633,corridor,IN_PLACE_ROTATION_FORBIDDEN_OR_HARD_RADIUS,[]
q07_right_edge_hard_l3_4_1787300440028077830,q07,right_edge,55,kinematic,smac_hybrid_reeds_shepp,forward,0.0730055418635633,corridor,IN_PLACE_ROTATION_FORBIDDEN_OR_HARD_RADIUS,[]
q07_right_edge_hard_l3_4_1787300440028077830,q07,right_edge,56,kinematic,smac_hybrid_reeds_shepp,forward,0.07300251197899385,corridor,IN_PLACE_ROTATION_FORBIDDEN_OR_HARD_RADIUS,[]
q07_right_edge_hard_l3_4_1787300440028077830,q07,right_edge,57,kinematic,smac_hybrid_reeds_shepp,forward,0.0730055418635633,corridor,IN_PLACE_ROTATION_FORBIDDEN_OR_HARD_RADIUS,[]
q07_right_edge_hard_l3_4_1787300440028077830,q07,right_edge,58,kinematic,smac_hybrid_reeds_shepp,forward,0.07300251197899385,corridor,IN_PLACE_ROTATION_FORBIDDEN_OR_HARD_RADIUS,[]
q07_right_edge_hard_l3_4_1787300440028077830,q07,right_edge,59,kinematic,smac_hybrid_reeds_shepp,forward,0.0730055418635633,corridor,IN_PLACE_ROTATION_FORBIDDEN_OR_HARD_RADIUS,[]
q07_right_edge_hard_l3_4_1787300440028077830,q07,right_edge,60,kinematic,smac_hybrid_reeds_shepp,forward,0.07300214730766462,corridor,IN_PLACE_ROTATION_FORBIDDEN_OR_HARD_RADIUS,[]
q07_right_edge_hard_l3_4_1787300440028077830,q07,right_edge,61,kinematic,smac_hybrid_reeds_shepp,forward,0.0730055418635633,corridor,IN_PLACE_ROTATION_FORBIDDEN_OR_HARD_RADIUS,[]
q07_right_edge_hard_l3_4_1787300440028077830,q07,right_edge,62,kinematic,smac_hybrid_reeds_shepp,forward,0.07300251197899385,corridor,IN_PLACE_ROTATION_FORBIDDEN_OR_HARD_RADIUS,[]
q07_right_edge_hard_l3_4_1787300440028077830,q07,right_edge,63,kinematic,smac_hybrid_reeds_shepp,forward,0.0730055418635633,corridor,IN_PLACE_ROTATION_FORBIDDEN_OR_HARD_RADIUS,[]
q07_right_edge_hard_l3_4_1787300440028077830,q07,right_edge,64,kinematic,smac_hybrid_reeds_shepp,forward,0.07300251197899385,corridor,IN_PLACE_ROTATION_FORBIDDEN_OR_HARD_RADIUS,[]
q07_right_edge_hard_l3_4_1787300440028077830,q07,right_edge,65,kinematic,smac_hybrid_reeds_shepp,forward,0.07294737783074118,corridor,IN_PLACE_ROTATION_FORBIDDEN_OR_HARD_RADIUS,[]
q07_right_edge_hard_l3_4_1787300440028077830,q07,right_edge,66,kinematic,smac_hybrid_reeds_shepp,reverse,0.07667808449508702,corridor,IN_PLACE_ROTATION_FORBIDDEN_OR_HARD_RADIUS,[]
q07_right_edge_hard_l3_4_1787300440028077830,q07,right_edge,67,kinematic,smac_hybrid_reeds_shepp,reverse,0.07667565206239707,corridor,IN_PLACE_ROTATION_FORBIDDEN_OR_HARD_RADIUS,[]
q07_right_edge_hard_l3_4_1787300440028077830,q07,right_edge,68,kinematic,smac_hybrid_reeds_shepp,reverse,0.07667506223761826,corridor,IN_PLACE_ROTATION_FORBIDDEN_OR_HARD_RADIUS,[]
q07_right_edge_hard_l3_4_1787300440028077830,q07,right_edge,69,kinematic,smac_hybrid_reeds_shepp,reverse,0.07497110120415769,corridor,IN_PLACE_ROTATION_FORBIDDEN_OR_HARD_RADIUS,[]
q07_right_edge_hard_l3_4_1787300440028077830,q07,right_edge,70,kinematic,smac_hybrid_reeds_shepp,reverse,0.07496936465377631,corridor,IN_PLACE_ROTATION_FORBIDDEN_OR_HARD_RADIUS,[]
q07_right_edge_hard_l3_4_1787300440028077830,q07,right_edge,71,kinematic,smac_hybrid_reeds_shepp,reverse,0.07496860655412547,corridor,IN_PLACE_ROTATION_FORBIDDEN_OR_HARD_RADIUS,[]
q07_right_edge_hard_l3_4_1787300440028077830,q07,right_edge,72,kinematic,smac_hybrid_reeds_shepp,reverse,0.0749716380992826,corridor,IN_PLACE_ROTATION_FORBIDDEN_OR_HARD_RADIUS,[]
q07_right_edge_hard_l3_4_1787300440028077830,q07,right_edge,73,kinematic,smac_hybrid_reeds_shepp,reverse,0.0749698681444821,corridor,IN_PLACE_ROTATION_FORBIDDEN_OR_HARD_RADIUS,[]
q07_right_edge_hard_l3_4_1787300440028077830,q07,right_edge,74,kinematic,smac_hybrid_reeds_shepp,forward,0.007419531336820702,corridor,IN_PLACE_ROTATION_FORBIDDEN_OR_HARD_RADIUS,[]
q07_right_edge_hard_l3_4_1787300440028077830,q07,right_edge,75,kinematic,smac_hybrid_reeds_shepp,forward,0.07497207138898154,corridor,IN_PLACE_ROTATION_FORBIDDEN_OR_HARD_RADIUS,[]
q07_right_edge_hard_l3_4_1787300440028077830,q07,right_edge,76,kinematic,smac_hybrid_reeds_shepp,forward,0.07496914744239445,corridor,IN_PLACE_ROTATION_FORBIDDEN_OR_HARD_RADIUS,[]
q07_right_edge_hard_l3_4_1787300440028077830,q07,right_edge,77,kinematic,smac_hybrid_reeds_shepp,forward,0.07497018554189401,corridor,IN_PLACE_ROTATION_FORBIDDEN_OR_HARD_RADIUS,[]
q07_right_edge_hard_l3_4_1787300440028077830,q07,right_edge,78,kinematic,smac_hybrid_reeds_shepp,forward,0.07496835362478554,corridor,IN_PLACE_ROTATION_FORBIDDEN_OR_HARD_RADIUS,[]
q07_right_edge_hard_l3_4_1787300440028077830,q07,right_edge,79,kinematic,smac_hybrid_reeds_shepp,forward,0.07497276839877919,corridor,IN_PLACE_ROTATION_FORBIDDEN_OR_HARD_RADIUS,[]
q07_right_edge_hard_l3_4_1787300440028077830,q07,right_edge,80,kinematic,smac_hybrid_reeds_shepp,forward,0.0749688567495976,corridor,IN_PLACE_ROTATION_FORBIDDEN_OR_HARD_RADIUS,[]
q07_right_edge_hard_l3_4_1787300440028077830,q07,right_edge,81,kinematic,smac_hybrid_reeds_shepp,forward,0.0749707693384389,corridor,IN_PLACE_ROTATION_FORBIDDEN_OR_HARD_RADIUS,[]
q07_right_edge_hard_l3_4_1787300440028077830,q07,right_edge,82,kinematic,smac_hybrid_reeds_shepp,forward,0.07505021941088025,corridor,IN_PLACE_ROTATION_FORBIDDEN_OR_HARD_RADIUS,[]
q07_right_edge_hard_l3_4_1787300440028077830,q07,right_edge,83,kinematic,smac_hybrid_reeds_shepp,forward,0.07497064635582304,corridor,IN_PLACE_ROTATION_FORBIDDEN_OR_HARD_RADIUS,[]
q07_right_edge_hard_l3_4_1787300440028077830,q07,right_edge,84,kinematic,smac_hybrid_reeds_shepp,forward,0.07496977000567571,corridor,IN_PLACE_ROTATION_FORBIDDEN_OR_HARD_RADIUS,[]
q07_right_edge_hard_l3_5_1787300440268526561,q07,right_edge,0,grid,grid_astar,mixed,29.329647059337226,corridor,,
q07_right_edge_hard_l3_5_1787300440268526561,q07,right_edge,1,kinematic,smac_hybrid_reeds_shepp,forward,0.07542069477835275,corridor,IN_PLACE_ROTATION_FORBIDDEN_OR_HARD_RADIUS,[]
q07_right_edge_hard_l3_5_1787300440268526561,q07,right_edge,2,kinematic,smac_hybrid_reeds_shepp,forward,0.07548644569666417,corridor,IN_PLACE_ROTATION_FORBIDDEN_OR_HARD_RADIUS,[]
q07_right_edge_hard_l3_5_1787300440268526561,q07,right_edge,3,kinematic,smac_hybrid_reeds_shepp,forward,0.07553049139016609,corridor,IN_PLACE_ROTATION_FORBIDDEN_OR_HARD_RADIUS,[]
q07_right_edge_hard_l3_5_1787300440268526561,q07,right_edge,4,kinematic,smac_hybrid_reeds_shepp,forward,0.07553327543956398,corridor,IN_PLACE_ROTATION_FORBIDDEN_OR_HARD_RADIUS,[]
q07_right_edge_hard_l3_5_1787300440268526561,q07,right_edge,5,kinematic,smac_hybrid_reeds_shepp,forward,0.07553183719716562,corridor,IN_PLACE_ROTATION_FORBIDDEN_OR_HARD_RADIUS,[]
q07_right_edge_hard_l3_5_1787300440268526561,q07,right_edge,6,kinematic,smac_hybrid_reeds_shepp,forward,0.07553192965819065,corridor,IN_PLACE_ROTATION_FORBIDDEN_OR_HARD_RADIUS,[]
q07_right_edge_hard_l3_5_1787300440268526561,q07,right_edge,7,kinematic,smac_hybrid_reeds_shepp,forward,0.07553183719716562,corridor,IN_PLACE_ROTATION_FORBIDDEN_OR_HARD_RADIUS,[]
q07_right_edge_hard_l3_5_1787300440268526561,q07,right_edge,8,kinematic,smac_hybrid_reeds_shepp,forward,0.07552993528622423,corridor,IN_PLACE_ROTATION_FORBIDDEN_OR_HARD_RADIUS,[]
q07_right_edge_hard_l3_5_1787300440268526561,q07,right_edge,9,kinematic,smac_hybrid_reeds_shepp,forward,0.07541920556573146,corridor,IN_PLACE_ROTATION_FORBIDDEN_OR_HARD_RADIUS,[]
q07_right_edge_hard_l3_5_1787300440268526561,q07,right_edge,10,kinematic,smac_hybrid_reeds_shepp,forward,0.07542051703880072,corridor,IN_PLACE_ROTATION_FORBIDDEN_OR_HARD_RADIUS,[]
q07_right_edge_hard_l3_5_1787300440268526561,q07,right_edge,11,kinematic,smac_hybrid_reeds_shepp,forward,0.07541912455878494,corridor,IN_PLACE_ROTATION_FORBIDDEN_OR_HARD_RADIUS,[]
q07_right_edge_hard_l3_5_1787300440268526561,q07,right_edge,12,kinematic,smac_hybrid_reeds_shepp,forward,0.07542039119307913,corridor,IN_PLACE_ROTATION_FORBIDDEN_OR_HARD_RADIUS,[]
q07_right_edge_hard_l3_5_1787300440268526561,q07,right_edge,13,kinematic,smac_hybrid_reeds_shepp,forward,0.07541835281198563,corridor,IN_PLACE_ROTATION_FORBIDDEN_OR_HARD_RADIUS,[]
q07_right_edge_hard_l3_5_1787300440268526561,q07,right_edge,14,kinematic,smac_hybrid_reeds_shepp,forward,0.07542075485314614,corridor,IN_PLACE_ROTATION_FORBIDDEN_OR_HARD_RADIUS,[]
q07_right_edge_hard_l3_5_1787300440268526561,q07,right_edge,15,kinematic,smac_hybrid_reeds_shepp,forward,0.07667741659038792,corridor,IN_PLACE_ROTATION_FORBIDDEN_OR_HARD_RADIUS,[]
q07_right_edge_hard_l3_5_1787300440268526561,q07,right_edge,16,kinematic,smac_hybrid_reeds_shepp,forward,0.07667742952585878,corridor,IN_PLACE_ROTATION_FORBIDDEN_OR_HARD_RADIUS,[]
q07_right_edge_hard_l3_5_1787300440268526561,q07,right_edge,17,kinematic,smac_hybrid_reeds_shepp,forward,0.07667685763021052,corridor,IN_PLACE_ROTATION_FORBIDDEN_OR_HARD_RADIUS,[]
q07_right_edge_hard_l3_5_1787300440268526561,q07,right_edge,18,kinematic,smac_hybrid_reeds_shepp,forward,0.07667685763021052,corridor,IN_PLACE_ROTATION_FORBIDDEN_OR_HARD_RADIUS,[]
q07_right_edge_hard_l3_5_1787300440268526561,q07,right_edge,19,kinematic,smac_hybrid_reeds_shepp,forward,0.07667685763021052,corridor,IN_PLACE_ROTATION_FORBIDDEN_OR_HARD_RADIUS,[]
q07_right_edge_hard_l3_5_1787300440268526561,q07,right_edge,20,kinematic,smac_hybrid_reeds_shepp,forward,0.07667685763021052,corridor,IN_PLACE_ROTATION_FORBIDDEN_OR_HARD_RADIUS,[]
q07_right_edge_hard_l3_5_1787300440268526561,q07,right_edge,21,kinematic,smac_hybrid_reeds_shepp,forward,0.07667742952585878,corridor,IN_PLACE_ROTATION_FORBIDDEN_OR_HARD_RADIUS,[]
q07_right_edge_hard_l3_5_1787300440268526561,q07,right_edge,22,kinematic,smac_hybrid_reeds_shepp,forward,0.07667741659038792,corridor,IN_PLACE_ROTATION_FORBIDDEN_OR_HARD_RADIUS,[]
q07_right_edge_hard_l3_5_1787300440268526561,q07,right_edge,23,kinematic,smac_hybrid_reeds_shepp,forward,0.07667541618161522,corridor,IN_PLACE_ROTATION_FORBIDDEN_OR_HARD_RADIUS,[]
q07_right_edge_hard_l3_5_1787300440268526561,q07,right_edge,24,kinematic,smac_hybrid_reeds_shepp,forward,0.07667541618161522,corridor,IN_PLACE_ROTATION_FORBIDDEN_OR_HARD_RADIUS,[]
q07_right_edge_hard_l3_5_1787300440268526561,q07,right_edge,25,kinematic,smac_hybrid_reeds_shepp,forward,0.07667541618161522,corridor,IN_PLACE_ROTATION_FORBIDDEN_OR_HARD_RADIUS,[]
q07_right_edge_hard_l3_5_1787300440268526561,q07,right_edge,26,kinematic,smac_hybrid_reeds_shepp,forward,0.07667541618161522,corridor,IN_PLACE_ROTATION_FORBIDDEN_OR_HARD_RADIUS,[]
q07_right_edge_hard_l3_5_1787300440268526561,q07,right_edge,27,kinematic,smac_hybrid_reeds_shepp,forward,0.07667541618161522,corridor,IN_PLACE_ROTATION_FORBIDDEN_OR_HARD_RADIUS,[]
q07_right_edge_hard_l3_5_1787300440268526561,q07,right_edge,28,kinematic,smac_hybrid_reeds_shepp,forward,0.07667541618161522,corridor,IN_PLACE_ROTATION_FORBIDDEN_OR_HARD_RADIUS,[]
q07_right_edge_hard_l3_5_1787300440268526561,q07,right_edge,29,kinematic,smac_hybrid_reeds_shepp,forward,0.07667541618161522,corridor,IN_PLACE_ROTATION_FORBIDDEN_OR_HARD_RADIUS,[]
q07_right_edge_hard_l3_5_1787300440268526561,q07,right_edge,30,kinematic,smac_hybrid_reeds_shepp,forward,0.07667541618161522,corridor,IN_PLACE_ROTATION_FORBIDDEN_OR_HARD_RADIUS,[]
q07_right_edge_hard_l3_5_1787300440268526561,q07,right_edge,31,kinematic,smac_hybrid_reeds_shepp,forward,0.07667541618161522,corridor,IN_PLACE_ROTATION_FORBIDDEN_OR_HARD_RADIUS,[]
q07_right_edge_hard_l3_5_1787300440268526561,q07,right_edge,32,kinematic,smac_hybrid_reeds_shepp,forward,0.07667541618161522,corridor,IN_PLACE_ROTATION_FORBIDDEN_OR_HARD_RADIUS,[]
q07_right_edge_hard_l3_5_1787300440268526561,q07,right_edge,33,kinematic,smac_hybrid_reeds_shepp,forward,0.07667541618161522,corridor,IN_PLACE_ROTATION_FORBIDDEN_OR_HARD_RADIUS,[]
q07_right_edge_hard_l3_5_1787300440268526561,q07,right_edge,34,kinematic,smac_hybrid_reeds_shepp,forward,0.07667541618161522,corridor,IN_PLACE_ROTATION_FORBIDDEN_OR_HARD_RADIUS,[]
q07_right_edge_hard_l3_5_1787300440268526561,q07,right_edge,35,kinematic,smac_hybrid_reeds_shepp,forward,0.07667741659038792,corridor,IN_PLACE_ROTATION_FORBIDDEN_OR_HARD_RADIUS,[]
q07_right_edge_hard_l3_5_1787300440268526561,q07,right_edge,36,kinematic,smac_hybrid_reeds_shepp,forward,0.07290284458684437,corridor,IN_PLACE_ROTATION_FORBIDDEN_OR_HARD_RADIUS,[]
q07_right_edge_hard_l3_5_1787300440268526561,q07,right_edge,37,kinematic,smac_hybrid_reeds_shepp,forward,0.07290302547843733,corridor,IN_PLACE_ROTATION_FORBIDDEN_OR_HARD_RADIUS,[]
q07_right_edge_hard_l3_5_1787300440268526561,q07,right_edge,38,kinematic,smac_hybrid_reeds_shepp,forward,0.07290365450757297,corridor,IN_PLACE_ROTATION_FORBIDDEN_OR_HARD_RADIUS,[]
q07_right_edge_hard_l3_5_1787300440268526561,q07,right_edge,39,kinematic,smac_hybrid_reeds_shepp,forward,0.07290043770227847,corridor,IN_PLACE_ROTATION_FORBIDDEN_OR_HARD_RADIUS,[]
q07_right_edge_hard_l3_5_1787300440268526561,q07,right_edge,40,kinematic,smac_hybrid_reeds_shepp,forward,0.07290433667357174,corridor,IN_PLACE_ROTATION_FORBIDDEN_OR_HARD_RADIUS,[]
q07_right_edge_hard_l3_5_1787300440268526561,q07,right_edge,41,kinematic,smac_hybrid_reeds_shepp,forward,0.07290102663973753,corridor,IN_PLACE_ROTATION_FORBIDDEN_OR_HARD_RADIUS,[]
q07_right_edge_hard_l3_5_1787300440268526561,q07,right_edge,42,kinematic,smac_hybrid_reeds_shepp,forward,0.07290851186305644,corridor,IN_PLACE_ROTATION_FORBIDDEN_OR_HARD_RADIUS,[]
q07_right_edge_hard_l3_5_1787300440268526561,q07,right_edge,43,kinematic,smac_hybrid_reeds_shepp,forward,0.0730055418635633,corridor,IN_PLACE_ROTATION_FORBIDDEN_OR_HARD_RADIUS,[]
q07_right_edge_hard_l3_5_1787300440268526561,q07,right_edge,44,kinematic,smac_hybrid_reeds_shepp,forward,0.07300517720736877,corridor,IN_PLACE_ROTATION_FORBIDDEN_OR_HARD_RADIUS,[]
q07_right_edge_hard_l3_5_1787300440268526561,q07,right_edge,45,kinematic,smac_hybrid_reeds_shepp,forward,0.07300251197899385,corridor,IN_PLACE_ROTATION_FORBIDDEN_OR_HARD_RADIUS,[]
q07_right_edge_hard_l3_5_1787300440268526561,q07,right_edge,46,kinematic,smac_hybrid_reeds_shepp,forward,0.0730055418635633,corridor,IN_PLACE_ROTATION_FORBIDDEN_OR_HARD_RADIUS,[]
q07_right_edge_hard_l3_5_1787300440268526561,q07,right_edge,47,kinematic,smac_hybrid_reeds_shepp,forward,0.07300251197899385,corridor,IN_PLACE_ROTATION_FORBIDDEN_OR_HARD_RADIUS,[]
q07_right_edge_hard_l3_5_1787300440268526561,q07,right_edge,48,kinematic,smac_hybrid_reeds_shepp,forward,0.0730055418635633,corridor,IN_PLACE_ROTATION_FORBIDDEN_OR_HARD_RADIUS,[]
q07_right_edge_hard_l3_5_1787300440268526561,q07,right_edge,49,kinematic,smac_hybrid_reeds_shepp,forward,0.07300251197899385,corridor,IN_PLACE_ROTATION_FORBIDDEN_OR_HARD_RADIUS,[]
q07_right_edge_hard_l3_5_1787300440268526561,q07,right_edge,50,kinematic,smac_hybrid_reeds_shepp,forward,0.0730055418635633,corridor,IN_PLACE_ROTATION_FORBIDDEN_OR_HARD_RADIUS,[]
q07_right_edge_hard_l3_5_1787300440268526561,q07,right_edge,51,kinematic,smac_hybrid_reeds_shepp,forward,0.07300251197899385,corridor,IN_PLACE_ROTATION_FORBIDDEN_OR_HARD_RADIUS,[]
q07_right_edge_hard_l3_5_1787300440268526561,q07,right_edge,52,kinematic,smac_hybrid_reeds_shepp,forward,0.0730055418635633,corridor,IN_PLACE_ROTATION_FORBIDDEN_OR_HARD_RADIUS,[]
q07_right_edge_hard_l3_5_1787300440268526561,q07,right_edge,53,kinematic,smac_hybrid_reeds_shepp,forward,0.07300251197899385,corridor,IN_PLACE_ROTATION_FORBIDDEN_OR_HARD_RADIUS,[]
q07_right_edge_hard_l3_5_1787300440268526561,q07,right_edge,54,kinematic,smac_hybrid_reeds_shepp,forward,0.0730055418635633,corridor,IN_PLACE_ROTATION_FORBIDDEN_OR_HARD_RADIUS,[]
q07_right_edge_hard_l3_5_1787300440268526561,q07,right_edge,55,kinematic,smac_hybrid_reeds_shepp,forward,0.0730055418635633,corridor,IN_PLACE_ROTATION_FORBIDDEN_OR_HARD_RADIUS,[]
q07_right_edge_hard_l3_5_1787300440268526561,q07,right_edge,56,kinematic,smac_hybrid_reeds_shepp,forward,0.07300251197899385,corridor,IN_PLACE_ROTATION_FORBIDDEN_OR_HARD_RADIUS,[]
q07_right_edge_hard_l3_5_1787300440268526561,q07,right_edge,57,kinematic,smac_hybrid_reeds_shepp,forward,0.0730055418635633,corridor,IN_PLACE_ROTATION_FORBIDDEN_OR_HARD_RADIUS,[]
q07_right_edge_hard_l3_5_1787300440268526561,q07,right_edge,58,kinematic,smac_hybrid_reeds_shepp,forward,0.07300251197899385,corridor,IN_PLACE_ROTATION_FORBIDDEN_OR_HARD_RADIUS,[]
q07_right_edge_hard_l3_5_1787300440268526561,q07,right_edge,59,kinematic,smac_hybrid_reeds_shepp,forward,0.0730055418635633,corridor,IN_PLACE_ROTATION_FORBIDDEN_OR_HARD_RADIUS,[]
q07_right_edge_hard_l3_5_1787300440268526561,q07,right_edge,60,kinematic,smac_hybrid_reeds_shepp,forward,0.07300214730766462,corridor,IN_PLACE_ROTATION_FORBIDDEN_OR_HARD_RADIUS,[]
q07_right_edge_hard_l3_5_1787300440268526561,q07,right_edge,61,kinematic,smac_hybrid_reeds_shepp,forward,0.0730055418635633,corridor,IN_PLACE_ROTATION_FORBIDDEN_OR_HARD_RADIUS,[]
q07_right_edge_hard_l3_5_1787300440268526561,q07,right_edge,62,kinematic,smac_hybrid_reeds_shepp,forward,0.07300251197899385,corridor,IN_PLACE_ROTATION_FORBIDDEN_OR_HARD_RADIUS,[]
q07_right_edge_hard_l3_5_1787300440268526561,q07,right_edge,63,kinematic,smac_hybrid_reeds_shepp,forward,0.0730055418635633,corridor,IN_PLACE_ROTATION_FORBIDDEN_OR_HARD_RADIUS,[]
q07_right_edge_hard_l3_5_1787300440268526561,q07,right_edge,64,kinematic,smac_hybrid_reeds_shepp,forward,0.07300251197899385,corridor,IN_PLACE_ROTATION_FORBIDDEN_OR_HARD_RADIUS,[]
q07_right_edge_hard_l3_5_1787300440268526561,q07,right_edge,65,kinematic,smac_hybrid_reeds_shepp,forward,0.07294737783074118,corridor,IN_PLACE_ROTATION_FORBIDDEN_OR_HARD_RADIUS,[]
q07_right_edge_hard_l3_5_1787300440268526561,q07,right_edge,66,kinematic,smac_hybrid_reeds_shepp,reverse,0.07667808449508702,corridor,IN_PLACE_ROTATION_FORBIDDEN_OR_HARD_RADIUS,[]
q07_right_edge_hard_l3_5_1787300440268526561,q07,right_edge,67,kinematic,smac_hybrid_reeds_shepp,reverse,0.07667565206239707,corridor,IN_PLACE_ROTATION_FORBIDDEN_OR_HARD_RADIUS,[]
q07_right_edge_hard_l3_5_1787300440268526561,q07,right_edge,68,kinematic,smac_hybrid_reeds_shepp,reverse,0.07667506223761826,corridor,IN_PLACE_ROTATION_FORBIDDEN_OR_HARD_RADIUS,[]
q07_right_edge_hard_l3_5_1787300440268526561,q07,right_edge,69,kinematic,smac_hybrid_reeds_shepp,reverse,0.07497110120415769,corridor,IN_PLACE_ROTATION_FORBIDDEN_OR_HARD_RADIUS,[]
q07_right_edge_hard_l3_5_1787300440268526561,q07,right_edge,70,kinematic,smac_hybrid_reeds_shepp,reverse,0.07496936465377631,corridor,IN_PLACE_ROTATION_FORBIDDEN_OR_HARD_RADIUS,[]
q07_right_edge_hard_l3_5_1787300440268526561,q07,right_edge,71,kinematic,smac_hybrid_reeds_shepp,reverse,0.07496860655412547,corridor,IN_PLACE_ROTATION_FORBIDDEN_OR_HARD_RADIUS,[]
q07_right_edge_hard_l3_5_1787300440268526561,q07,right_edge,72,kinematic,smac_hybrid_reeds_shepp,reverse,0.0749716380992826,corridor,IN_PLACE_ROTATION_FORBIDDEN_OR_HARD_RADIUS,[]
q07_right_edge_hard_l3_5_1787300440268526561,q07,right_edge,73,kinematic,smac_hybrid_reeds_shepp,reverse,0.0749698681444821,corridor,IN_PLACE_ROTATION_FORBIDDEN_OR_HARD_RADIUS,[]
q07_right_edge_hard_l3_5_1787300440268526561,q07,right_edge,74,kinematic,smac_hybrid_reeds_shepp,forward,0.007419531336820702,corridor,IN_PLACE_ROTATION_FORBIDDEN_OR_HARD_RADIUS,[]
q07_right_edge_hard_l3_5_1787300440268526561,q07,right_edge,75,kinematic,smac_hybrid_reeds_shepp,forward,0.07497207138898154,corridor,IN_PLACE_ROTATION_FORBIDDEN_OR_HARD_RADIUS,[]
q07_right_edge_hard_l3_5_1787300440268526561,q07,right_edge,76,kinematic,smac_hybrid_reeds_shepp,forward,0.07496914744239445,corridor,IN_PLACE_ROTATION_FORBIDDEN_OR_HARD_RADIUS,[]
q07_right_edge_hard_l3_5_1787300440268526561,q07,right_edge,77,kinematic,smac_hybrid_reeds_shepp,forward,0.07497018554189401,corridor,IN_PLACE_ROTATION_FORBIDDEN_OR_HARD_RADIUS,[]
q07_right_edge_hard_l3_5_1787300440268526561,q07,right_edge,78,kinematic,smac_hybrid_reeds_shepp,forward,0.07496835362478554,corridor,IN_PLACE_ROTATION_FORBIDDEN_OR_HARD_RADIUS,[]
q07_right_edge_hard_l3_5_1787300440268526561,q07,right_edge,79,kinematic,smac_hybrid_reeds_shepp,forward,0.07497276839877919,corridor,IN_PLACE_ROTATION_FORBIDDEN_OR_HARD_RADIUS,[]
q07_right_edge_hard_l3_5_1787300440268526561,q07,right_edge,80,kinematic,smac_hybrid_reeds_shepp,forward,0.0749688567495976,corridor,IN_PLACE_ROTATION_FORBIDDEN_OR_HARD_RADIUS,[]
q07_right_edge_hard_l3_5_1787300440268526561,q07,right_edge,81,kinematic,smac_hybrid_reeds_shepp,forward,0.0749707693384389,corridor,IN_PLACE_ROTATION_FORBIDDEN_OR_HARD_RADIUS,[]
q07_right_edge_hard_l3_5_1787300440268526561,q07,right_edge,82,kinematic,smac_hybrid_reeds_shepp,forward,0.07505021941088025,corridor,IN_PLACE_ROTATION_FORBIDDEN_OR_HARD_RADIUS,[]
q07_right_edge_hard_l3_5_1787300440268526561,q07,right_edge,83,kinematic,smac_hybrid_reeds_shepp,forward,0.07497064635582304,corridor,IN_PLACE_ROTATION_FORBIDDEN_OR_HARD_RADIUS,[]
q07_right_edge_hard_l3_5_1787300440268526561,q07,right_edge,84,kinematic,smac_hybrid_reeds_shepp,forward,0.07496977000567571,corridor,IN_PLACE_ROTATION_FORBIDDEN_OR_HARD_RADIUS,[]
q09_right_edge_hard_l3_1_1787300440947015606,q09,right_edge,0,grid,grid_astar,mixed,14.05771650400437,expanded_corridor,,
q09_right_edge_hard_l3_1_1787300440947015606,q09,right_edge,1,kinematic,smac_hybrid_reeds_shepp,forward,0.07237941783159925,expanded_corridor,IN_PLACE_ROTATION_FORBIDDEN_OR_HARD_RADIUS,[]
q09_right_edge_hard_l3_1_1787300440947015606,q09,right_edge,2,kinematic,smac_hybrid_reeds_shepp,forward,0.07247769078621381,expanded_corridor,IN_PLACE_ROTATION_FORBIDDEN_OR_HARD_RADIUS,[]
q09_right_edge_hard_l3_1_1787300440947015606,q09,right_edge,3,kinematic,smac_hybrid_reeds_shepp,forward,0.0724790117318736,expanded_corridor,IN_PLACE_ROTATION_FORBIDDEN_OR_HARD_RADIUS,[]
q09_right_edge_hard_l3_1_1787300440947015606,q09,right_edge,4,kinematic,smac_hybrid_reeds_shepp,forward,0.0724784064513473,expanded_corridor,IN_PLACE_ROTATION_FORBIDDEN_OR_HARD_RADIUS,[]
q09_right_edge_hard_l3_1_1787300440947015606,q09,right_edge,5,kinematic,smac_hybrid_reeds_shepp,forward,0.0724790117318736,expanded_corridor,IN_PLACE_ROTATION_FORBIDDEN_OR_HARD_RADIUS,[]
q09_right_edge_hard_l3_1_1787300440947015606,q09,right_edge,6,kinematic,smac_hybrid_reeds_shepp,forward,0.0724775161735141,expanded_corridor,IN_PLACE_ROTATION_FORBIDDEN_OR_HARD_RADIUS,[]
q09_right_edge_hard_l3_1_1787300440947015606,q09,right_edge,7,kinematic,smac_hybrid_reeds_shepp,forward,0.0724790117318736,expanded_corridor,IN_PLACE_ROTATION_FORBIDDEN_OR_HARD_RADIUS,[]
q09_right_edge_hard_l3_1_1787300440947015606,q09,right_edge,8,kinematic,smac_hybrid_reeds_shepp,forward,0.0724643713565132,expanded_corridor,IN_PLACE_ROTATION_FORBIDDEN_OR_HARD_RADIUS,[]
q09_right_edge_hard_l3_1_1787300440947015606,q09,right_edge,9,kinematic,smac_hybrid_reeds_shepp,forward,0.07237906374065292,expanded_corridor,IN_PLACE_ROTATION_FORBIDDEN_OR_HARD_RADIUS,[]
q09_right_edge_hard_l3_1_1787300440947015606,q09,right_edge,10,kinematic,smac_hybrid_reeds_shepp,forward,0.07237982038176426,expanded_corridor,IN_PLACE_ROTATION_FORBIDDEN_OR_HARD_RADIUS,[]
q09_right_edge_hard_l3_1_1787300440947015606,q09,right_edge,11,kinematic,smac_hybrid_reeds_shepp,forward,0.07237787201043945,expanded_corridor,IN_PLACE_ROTATION_FORBIDDEN_OR_HARD_RADIUS,[]
q09_right_edge_hard_l3_1_1787300440947015606,q09,right_edge,12,kinematic,smac_hybrid_reeds_shepp,forward,0.07238116987674026,expanded_corridor,IN_PLACE_ROTATION_FORBIDDEN_OR_HARD_RADIUS,[]
q09_right_edge_hard_l3_1_1787300440947015606,q09,right_edge,13,kinematic,smac_hybrid_reeds_shepp,forward,0.07237967517573785,expanded_corridor,IN_PLACE_ROTATION_FORBIDDEN_OR_HARD_RADIUS,[]
q09_right_edge_hard_l3_1_1787300440947015606,q09,right_edge,14,kinematic,smac_hybrid_reeds_shepp,forward,0.07237805461618402,expanded_corridor,IN_PLACE_ROTATION_FORBIDDEN_OR_HARD_RADIUS,[]
q09_right_edge_hard_l3_1_1787300440947015606,q09,right_edge,15,kinematic,smac_hybrid_reeds_shepp,forward,0.072378573800739,expanded_corridor,IN_PLACE_ROTATION_FORBIDDEN_OR_HARD_RADIUS,[]
q09_right_edge_hard_l3_1_1787300440947015606,q09,right_edge,16,kinematic,smac_hybrid_reeds_shepp,forward,0.07238052549860133,expanded_corridor,IN_PLACE_ROTATION_FORBIDDEN_OR_HARD_RADIUS,[]
q09_right_edge_hard_l3_1_1787300440947015606,q09,right_edge,17,kinematic,smac_hybrid_reeds_shepp,reverse,0.029506198255949558,expanded_corridor,IN_PLACE_ROTATION_FORBIDDEN_OR_HARD_RADIUS,[]
q09_right_edge_hard_l3_1_1787300440947015606,q09,right_edge,18,kinematic,smac_hybrid_reeds_shepp,reverse,0.07237836973989108,expanded_corridor,IN_PLACE_ROTATION_FORBIDDEN_OR_HARD_RADIUS,[]
q09_right_edge_hard_l3_1_1787300440947015606,q09,right_edge,19,kinematic,smac_hybrid_reeds_shepp,reverse,0.07237902499400725,expanded_corridor,IN_PLACE_ROTATION_FORBIDDEN_OR_HARD_RADIUS,[]
q09_right_edge_hard_l3_1_1787300440947015606,q09,right_edge,20,kinematic,smac_hybrid_reeds_shepp,reverse,0.07238026810923445,expanded_corridor,IN_PLACE_ROTATION_FORBIDDEN_OR_HARD_RADIUS,[]
q09_right_edge_hard_l3_1_1787300440947015606,q09,right_edge,21,kinematic,smac_hybrid_reeds_shepp,reverse,0.07282739807545568,expanded_corridor,IN_PLACE_ROTATION_FORBIDDEN_OR_HARD_RADIUS,[]
q09_right_edge_hard_l3_1_1787300440947015606,q09,right_edge,22,kinematic,smac_hybrid_reeds_shepp,reverse,0.07282745242477597,expanded_corridor,IN_PLACE_ROTATION_FORBIDDEN_OR_HARD_RADIUS,[]
q09_right_edge_hard_l3_1_1787300440947015606,q09,right_edge,23,kinematic,smac_hybrid_reeds_shepp,reverse,0.07282971708093688,expanded_corridor,IN_PLACE_ROTATION_FORBIDDEN_OR_HARD_RADIUS,[]
q09_right_edge_hard_l3_1_1787300440947015606,q09,right_edge,24,kinematic,smac_hybrid_reeds_shepp,reverse,0.07282886765480831,expanded_corridor,IN_PLACE_ROTATION_FORBIDDEN_OR_HARD_RADIUS,[]
q09_right_edge_hard_l3_1_1787300440947015606,q09,right_edge,25,kinematic,smac_hybrid_reeds_shepp,reverse,0.07282821013399801,expanded_corridor,IN_PLACE_ROTATION_FORBIDDEN_OR_HARD_RADIUS,[]
q09_right_edge_hard_l3_1_1787300440947015606,q09,right_edge,26,kinematic,smac_hybrid_reeds_shepp,forward,0.06520476112841522,expanded_corridor,IN_PLACE_ROTATION_FORBIDDEN_OR_HARD_RADIUS,[]
q09_right_edge_hard_l3_1_1787300440947015606,q09,right_edge,27,kinematic,smac_hybrid_reeds_shepp,forward,0.0728270934627499,expanded_corridor,IN_PLACE_ROTATION_FORBIDDEN_OR_HARD_RADIUS,[]
q09_right_edge_hard_l3_1_1787300440947015606,q09,right_edge,28,kinematic,smac_hybrid_reeds_shepp,forward,0.07282886250770974,expanded_corridor,IN_PLACE_ROTATION_FORBIDDEN_OR_HARD_RADIUS,[]
q09_right_edge_hard_l3_1_1787300440947015606,q09,right_edge,29,kinematic,smac_hybrid_reeds_shepp,forward,0.07282761470521092,expanded_corridor,IN_PLACE_ROTATION_FORBIDDEN_OR_HARD_RADIUS,[]
q09_right_edge_hard_l3_1_1787300440947015606,q09,right_edge,30,kinematic,smac_hybrid_reeds_shepp,forward,0.07282871176709405,expanded_corridor,IN_PLACE_ROTATION_FORBIDDEN_OR_HARD_RADIUS,[]
q09_right_edge_hard_l3_1_1787300440947015606,q09,right_edge,31,kinematic,smac_hybrid_reeds_shepp,forward,0.07282801962544933,expanded_corridor,IN_PLACE_ROTATION_FORBIDDEN_OR_HARD_RADIUS,[]
q09_right_edge_hard_l3_1_1787300440947015606,q09,right_edge,32,kinematic,smac_hybrid_reeds_shepp,forward,0.07282761834980282,expanded_corridor,IN_PLACE_ROTATION_FORBIDDEN_OR_HARD_RADIUS,[]
q09_right_edge_hard_l3_1_1787300440947015606,q09,right_edge,33,kinematic,smac_hybrid_reeds_shepp,forward,0.07282888352369456,expanded_corridor,IN_PLACE_ROTATION_FORBIDDEN_OR_HARD_RADIUS,[]
q09_right_edge_hard_l3_1_1787300440947015606,q09,right_edge,34,kinematic,smac_hybrid_reeds_shepp,forward,0.07286859927010876,expanded_corridor,IN_PLACE_ROTATION_FORBIDDEN_OR_HARD_RADIUS,[]
q09_right_edge_hard_l3_1_1787300440947015606,q09,right_edge,35,kinematic,smac_hybrid_reeds_shepp,forward,0.07292882814470365,expanded_corridor,IN_PLACE_ROTATION_FORBIDDEN_OR_HARD_RADIUS,[]
q09_right_edge_hard_l3_1_1787300440947015606,q09,right_edge,36,kinematic,smac_hybrid_reeds_shepp,forward,0.07292946841651698,expanded_corridor,IN_PLACE_ROTATION_FORBIDDEN_OR_HARD_RADIUS,[]
q09_right_edge_hard_l3_1_1787300440947015606,q09,right_edge,37,kinematic,smac_hybrid_reeds_shepp,forward,0.07290186187520321,expanded_corridor,IN_PLACE_ROTATION_FORBIDDEN_OR_HARD_RADIUS,[]
q09_right_edge_hard_l3_1_1787300440947015606,q09,right_edge,38,kinematic,smac_hybrid_reeds_shepp,forward,0.07282880724431248,expanded_corridor,IN_PLACE_ROTATION_FORBIDDEN_OR_HARD_RADIUS,[]
q09_right_edge_hard_l3_1_1787300440947015606,q09,right_edge,39,kinematic,smac_hybrid_reeds_shepp,forward,0.07282805719010443,expanded_corridor,IN_PLACE_ROTATION_FORBIDDEN_OR_HARD_RADIUS,[]
q09_right_edge_hard_l3_2_1787300441050328510,q09,right_edge,0,grid,grid_astar,mixed,14.05771650400437,expanded_corridor,,
q09_right_edge_hard_l3_2_1787300441050328510,q09,right_edge,1,kinematic,smac_hybrid_reeds_shepp,forward,0.07237941783159925,expanded_corridor,IN_PLACE_ROTATION_FORBIDDEN_OR_HARD_RADIUS,[]
q09_right_edge_hard_l3_2_1787300441050328510,q09,right_edge,2,kinematic,smac_hybrid_reeds_shepp,forward,0.07247769078621381,expanded_corridor,IN_PLACE_ROTATION_FORBIDDEN_OR_HARD_RADIUS,[]
q09_right_edge_hard_l3_2_1787300441050328510,q09,right_edge,3,kinematic,smac_hybrid_reeds_shepp,forward,0.0724790117318736,expanded_corridor,IN_PLACE_ROTATION_FORBIDDEN_OR_HARD_RADIUS,[]
q09_right_edge_hard_l3_2_1787300441050328510,q09,right_edge,4,kinematic,smac_hybrid_reeds_shepp,forward,0.0724784064513473,expanded_corridor,IN_PLACE_ROTATION_FORBIDDEN_OR_HARD_RADIUS,[]
q09_right_edge_hard_l3_2_1787300441050328510,q09,right_edge,5,kinematic,smac_hybrid_reeds_shepp,forward,0.0724790117318736,expanded_corridor,IN_PLACE_ROTATION_FORBIDDEN_OR_HARD_RADIUS,[]
q09_right_edge_hard_l3_2_1787300441050328510,q09,right_edge,6,kinematic,smac_hybrid_reeds_shepp,forward,0.0724775161735141,expanded_corridor,IN_PLACE_ROTATION_FORBIDDEN_OR_HARD_RADIUS,[]
q09_right_edge_hard_l3_2_1787300441050328510,q09,right_edge,7,kinematic,smac_hybrid_reeds_shepp,forward,0.0724790117318736,expanded_corridor,IN_PLACE_ROTATION_FORBIDDEN_OR_HARD_RADIUS,[]
q09_right_edge_hard_l3_2_1787300441050328510,q09,right_edge,8,kinematic,smac_hybrid_reeds_shepp,forward,0.0724643713565132,expanded_corridor,IN_PLACE_ROTATION_FORBIDDEN_OR_HARD_RADIUS,[]
q09_right_edge_hard_l3_2_1787300441050328510,q09,right_edge,9,kinematic,smac_hybrid_reeds_shepp,forward,0.07237906374065292,expanded_corridor,IN_PLACE_ROTATION_FORBIDDEN_OR_HARD_RADIUS,[]
q09_right_edge_hard_l3_2_1787300441050328510,q09,right_edge,10,kinematic,smac_hybrid_reeds_shepp,forward,0.07237982038176426,expanded_corridor,IN_PLACE_ROTATION_FORBIDDEN_OR_HARD_RADIUS,[]
q09_right_edge_hard_l3_2_1787300441050328510,q09,right_edge,11,kinematic,smac_hybrid_reeds_shepp,forward,0.07237787201043945,expanded_corridor,IN_PLACE_ROTATION_FORBIDDEN_OR_HARD_RADIUS,[]
q09_right_edge_hard_l3_2_1787300441050328510,q09,right_edge,12,kinematic,smac_hybrid_reeds_shepp,forward,0.07238116987674026,expanded_corridor,IN_PLACE_ROTATION_FORBIDDEN_OR_HARD_RADIUS,[]
q09_right_edge_hard_l3_2_1787300441050328510,q09,right_edge,13,kinematic,smac_hybrid_reeds_shepp,forward,0.07237967517573785,expanded_corridor,IN_PLACE_ROTATION_FORBIDDEN_OR_HARD_RADIUS,[]
q09_right_edge_hard_l3_2_1787300441050328510,q09,right_edge,14,kinematic,smac_hybrid_reeds_shepp,forward,0.07237805461618402,expanded_corridor,IN_PLACE_ROTATION_FORBIDDEN_OR_HARD_RADIUS,[]
q09_right_edge_hard_l3_2_1787300441050328510,q09,right_edge,15,kinematic,smac_hybrid_reeds_shepp,forward,0.072378573800739,expanded_corridor,IN_PLACE_ROTATION_FORBIDDEN_OR_HARD_RADIUS,[]
q09_right_edge_hard_l3_2_1787300441050328510,q09,right_edge,16,kinematic,smac_hybrid_reeds_shepp,forward,0.07238052549860133,expanded_corridor,IN_PLACE_ROTATION_FORBIDDEN_OR_HARD_RADIUS,[]
q09_right_edge_hard_l3_2_1787300441050328510,q09,right_edge,17,kinematic,smac_hybrid_reeds_shepp,reverse,0.029506198255949558,expanded_corridor,IN_PLACE_ROTATION_FORBIDDEN_OR_HARD_RADIUS,[]
q09_right_edge_hard_l3_2_1787300441050328510,q09,right_edge,18,kinematic,smac_hybrid_reeds_shepp,reverse,0.07237836973989108,expanded_corridor,IN_PLACE_ROTATION_FORBIDDEN_OR_HARD_RADIUS,[]
q09_right_edge_hard_l3_2_1787300441050328510,q09,right_edge,19,kinematic,smac_hybrid_reeds_shepp,reverse,0.07237902499400725,expanded_corridor,IN_PLACE_ROTATION_FORBIDDEN_OR_HARD_RADIUS,[]
q09_right_edge_hard_l3_2_1787300441050328510,q09,right_edge,20,kinematic,smac_hybrid_reeds_shepp,reverse,0.07238026810923445,expanded_corridor,IN_PLACE_ROTATION_FORBIDDEN_OR_HARD_RADIUS,[]
q09_right_edge_hard_l3_2_1787300441050328510,q09,right_edge,21,kinematic,smac_hybrid_reeds_shepp,reverse,0.07282739807545568,expanded_corridor,IN_PLACE_ROTATION_FORBIDDEN_OR_HARD_RADIUS,[]
q09_right_edge_hard_l3_2_1787300441050328510,q09,right_edge,22,kinematic,smac_hybrid_reeds_shepp,reverse,0.07282745242477597,expanded_corridor,IN_PLACE_ROTATION_FORBIDDEN_OR_HARD_RADIUS,[]
q09_right_edge_hard_l3_2_1787300441050328510,q09,right_edge,23,kinematic,smac_hybrid_reeds_shepp,reverse,0.07282971708093688,expanded_corridor,IN_PLACE_ROTATION_FORBIDDEN_OR_HARD_RADIUS,[]
q09_right_edge_hard_l3_2_1787300441050328510,q09,right_edge,24,kinematic,smac_hybrid_reeds_shepp,reverse,0.07282886765480831,expanded_corridor,IN_PLACE_ROTATION_FORBIDDEN_OR_HARD_RADIUS,[]
q09_right_edge_hard_l3_2_1787300441050328510,q09,right_edge,25,kinematic,smac_hybrid_reeds_shepp,reverse,0.07282821013399801,expanded_corridor,IN_PLACE_ROTATION_FORBIDDEN_OR_HARD_RADIUS,[]
q09_right_edge_hard_l3_2_1787300441050328510,q09,right_edge,26,kinematic,smac_hybrid_reeds_shepp,forward,0.06520476112841522,expanded_corridor,IN_PLACE_ROTATION_FORBIDDEN_OR_HARD_RADIUS,[]
q09_right_edge_hard_l3_2_1787300441050328510,q09,right_edge,27,kinematic,smac_hybrid_reeds_shepp,forward,0.0728270934627499,expanded_corridor,IN_PLACE_ROTATION_FORBIDDEN_OR_HARD_RADIUS,[]
q09_right_edge_hard_l3_2_1787300441050328510,q09,right_edge,28,kinematic,smac_hybrid_reeds_shepp,forward,0.07282886250770974,expanded_corridor,IN_PLACE_ROTATION_FORBIDDEN_OR_HARD_RADIUS,[]
q09_right_edge_hard_l3_2_1787300441050328510,q09,right_edge,29,kinematic,smac_hybrid_reeds_shepp,forward,0.07282761470521092,expanded_corridor,IN_PLACE_ROTATION_FORBIDDEN_OR_HARD_RADIUS,[]
q09_right_edge_hard_l3_2_1787300441050328510,q09,right_edge,30,kinematic,smac_hybrid_reeds_shepp,forward,0.07282871176709405,expanded_corridor,IN_PLACE_ROTATION_FORBIDDEN_OR_HARD_RADIUS,[]
q09_right_edge_hard_l3_2_1787300441050328510,q09,right_edge,31,kinematic,smac_hybrid_reeds_shepp,forward,0.07282801962544933,expanded_corridor,IN_PLACE_ROTATION_FORBIDDEN_OR_HARD_RADIUS,[]
q09_right_edge_hard_l3_2_1787300441050328510,q09,right_edge,32,kinematic,smac_hybrid_reeds_shepp,forward,0.07282761834980282,expanded_corridor,IN_PLACE_ROTATION_FORBIDDEN_OR_HARD_RADIUS,[]
q09_right_edge_hard_l3_2_1787300441050328510,q09,right_edge,33,kinematic,smac_hybrid_reeds_shepp,forward,0.07282888352369456,expanded_corridor,IN_PLACE_ROTATION_FORBIDDEN_OR_HARD_RADIUS,[]
q09_right_edge_hard_l3_2_1787300441050328510,q09,right_edge,34,kinematic,smac_hybrid_reeds_shepp,forward,0.07286859927010876,expanded_corridor,IN_PLACE_ROTATION_FORBIDDEN_OR_HARD_RADIUS,[]
q09_right_edge_hard_l3_2_1787300441050328510,q09,right_edge,35,kinematic,smac_hybrid_reeds_shepp,forward,0.07292882814470365,expanded_corridor,IN_PLACE_ROTATION_FORBIDDEN_OR_HARD_RADIUS,[]
q09_right_edge_hard_l3_2_1787300441050328510,q09,right_edge,36,kinematic,smac_hybrid_reeds_shepp,forward,0.07292946841651698,expanded_corridor,IN_PLACE_ROTATION_FORBIDDEN_OR_HARD_RADIUS,[]
q09_right_edge_hard_l3_2_1787300441050328510,q09,right_edge,37,kinematic,smac_hybrid_reeds_shepp,forward,0.07290186187520321,expanded_corridor,IN_PLACE_ROTATION_FORBIDDEN_OR_HARD_RADIUS,[]
q09_right_edge_hard_l3_2_1787300441050328510,q09,right_edge,38,kinematic,smac_hybrid_reeds_shepp,forward,0.07282880724431248,expanded_corridor,IN_PLACE_ROTATION_FORBIDDEN_OR_HARD_RADIUS,[]
q09_right_edge_hard_l3_2_1787300441050328510,q09,right_edge,39,kinematic,smac_hybrid_reeds_shepp,forward,0.07282805719010443,expanded_corridor,IN_PLACE_ROTATION_FORBIDDEN_OR_HARD_RADIUS,[]
q09_right_edge_hard_l3_3_1787300441150975890,q09,right_edge,0,grid,grid_astar,mixed,14.05771650400437,expanded_corridor,,
q09_right_edge_hard_l3_3_1787300441150975890,q09,right_edge,1,kinematic,smac_hybrid_reeds_shepp,forward,0.07237941783159925,expanded_corridor,IN_PLACE_ROTATION_FORBIDDEN_OR_HARD_RADIUS,[]
q09_right_edge_hard_l3_3_1787300441150975890,q09,right_edge,2,kinematic,smac_hybrid_reeds_shepp,forward,0.07247769078621381,expanded_corridor,IN_PLACE_ROTATION_FORBIDDEN_OR_HARD_RADIUS,[]
q09_right_edge_hard_l3_3_1787300441150975890,q09,right_edge,3,kinematic,smac_hybrid_reeds_shepp,forward,0.0724790117318736,expanded_corridor,IN_PLACE_ROTATION_FORBIDDEN_OR_HARD_RADIUS,[]
q09_right_edge_hard_l3_3_1787300441150975890,q09,right_edge,4,kinematic,smac_hybrid_reeds_shepp,forward,0.0724784064513473,expanded_corridor,IN_PLACE_ROTATION_FORBIDDEN_OR_HARD_RADIUS,[]
q09_right_edge_hard_l3_3_1787300441150975890,q09,right_edge,5,kinematic,smac_hybrid_reeds_shepp,forward,0.0724790117318736,expanded_corridor,IN_PLACE_ROTATION_FORBIDDEN_OR_HARD_RADIUS,[]
q09_right_edge_hard_l3_3_1787300441150975890,q09,right_edge,6,kinematic,smac_hybrid_reeds_shepp,forward,0.0724775161735141,expanded_corridor,IN_PLACE_ROTATION_FORBIDDEN_OR_HARD_RADIUS,[]
q09_right_edge_hard_l3_3_1787300441150975890,q09,right_edge,7,kinematic,smac_hybrid_reeds_shepp,forward,0.0724790117318736,expanded_corridor,IN_PLACE_ROTATION_FORBIDDEN_OR_HARD_RADIUS,[]
q09_right_edge_hard_l3_3_1787300441150975890,q09,right_edge,8,kinematic,smac_hybrid_reeds_shepp,forward,0.0724643713565132,expanded_corridor,IN_PLACE_ROTATION_FORBIDDEN_OR_HARD_RADIUS,[]
q09_right_edge_hard_l3_3_1787300441150975890,q09,right_edge,9,kinematic,smac_hybrid_reeds_shepp,forward,0.07237906374065292,expanded_corridor,IN_PLACE_ROTATION_FORBIDDEN_OR_HARD_RADIUS,[]
q09_right_edge_hard_l3_3_1787300441150975890,q09,right_edge,10,kinematic,smac_hybrid_reeds_shepp,forward,0.07237982038176426,expanded_corridor,IN_PLACE_ROTATION_FORBIDDEN_OR_HARD_RADIUS,[]
q09_right_edge_hard_l3_3_1787300441150975890,q09,right_edge,11,kinematic,smac_hybrid_reeds_shepp,forward,0.07237787201043945,expanded_corridor,IN_PLACE_ROTATION_FORBIDDEN_OR_HARD_RADIUS,[]
q09_right_edge_hard_l3_3_1787300441150975890,q09,right_edge,12,kinematic,smac_hybrid_reeds_shepp,forward,0.07238116987674026,expanded_corridor,IN_PLACE_ROTATION_FORBIDDEN_OR_HARD_RADIUS,[]
q09_right_edge_hard_l3_3_1787300441150975890,q09,right_edge,13,kinematic,smac_hybrid_reeds_shepp,forward,0.07237967517573785,expanded_corridor,IN_PLACE_ROTATION_FORBIDDEN_OR_HARD_RADIUS,[]
q09_right_edge_hard_l3_3_1787300441150975890,q09,right_edge,14,kinematic,smac_hybrid_reeds_shepp,forward,0.07237805461618402,expanded_corridor,IN_PLACE_ROTATION_FORBIDDEN_OR_HARD_RADIUS,[]
q09_right_edge_hard_l3_3_1787300441150975890,q09,right_edge,15,kinematic,smac_hybrid_reeds_shepp,forward,0.072378573800739,expanded_corridor,IN_PLACE_ROTATION_FORBIDDEN_OR_HARD_RADIUS,[]
q09_right_edge_hard_l3_3_1787300441150975890,q09,right_edge,16,kinematic,smac_hybrid_reeds_shepp,forward,0.07238052549860133,expanded_corridor,IN_PLACE_ROTATION_FORBIDDEN_OR_HARD_RADIUS,[]
q09_right_edge_hard_l3_3_1787300441150975890,q09,right_edge,17,kinematic,smac_hybrid_reeds_shepp,reverse,0.029506198255949558,expanded_corridor,IN_PLACE_ROTATION_FORBIDDEN_OR_HARD_RADIUS,[]
q09_right_edge_hard_l3_3_1787300441150975890,q09,right_edge,18,kinematic,smac_hybrid_reeds_shepp,reverse,0.07237836973989108,expanded_corridor,IN_PLACE_ROTATION_FORBIDDEN_OR_HARD_RADIUS,[]
q09_right_edge_hard_l3_3_1787300441150975890,q09,right_edge,19,kinematic,smac_hybrid_reeds_shepp,reverse,0.07237902499400725,expanded_corridor,IN_PLACE_ROTATION_FORBIDDEN_OR_HARD_RADIUS,[]
q09_right_edge_hard_l3_3_1787300441150975890,q09,right_edge,20,kinematic,smac_hybrid_reeds_shepp,reverse,0.07238026810923445,expanded_corridor,IN_PLACE_ROTATION_FORBIDDEN_OR_HARD_RADIUS,[]
q09_right_edge_hard_l3_3_1787300441150975890,q09,right_edge,21,kinematic,smac_hybrid_reeds_shepp,reverse,0.07282739807545568,expanded_corridor,IN_PLACE_ROTATION_FORBIDDEN_OR_HARD_RADIUS,[]
q09_right_edge_hard_l3_3_1787300441150975890,q09,right_edge,22,kinematic,smac_hybrid_reeds_shepp,reverse,0.07282745242477597,expanded_corridor,IN_PLACE_ROTATION_FORBIDDEN_OR_HARD_RADIUS,[]
q09_right_edge_hard_l3_3_1787300441150975890,q09,right_edge,23,kinematic,smac_hybrid_reeds_shepp,reverse,0.07282971708093688,expanded_corridor,IN_PLACE_ROTATION_FORBIDDEN_OR_HARD_RADIUS,[]
q09_right_edge_hard_l3_3_1787300441150975890,q09,right_edge,24,kinematic,smac_hybrid_reeds_shepp,reverse,0.07282886765480831,expanded_corridor,IN_PLACE_ROTATION_FORBIDDEN_OR_HARD_RADIUS,[]
q09_right_edge_hard_l3_3_1787300441150975890,q09,right_edge,25,kinematic,smac_hybrid_reeds_shepp,reverse,0.07282821013399801,expanded_corridor,IN_PLACE_ROTATION_FORBIDDEN_OR_HARD_RADIUS,[]
q09_right_edge_hard_l3_3_1787300441150975890,q09,right_edge,26,kinematic,smac_hybrid_reeds_shepp,forward,0.06520476112841522,expanded_corridor,IN_PLACE_ROTATION_FORBIDDEN_OR_HARD_RADIUS,[]
q09_right_edge_hard_l3_3_1787300441150975890,q09,right_edge,27,kinematic,smac_hybrid_reeds_shepp,forward,0.0728270934627499,expanded_corridor,IN_PLACE_ROTATION_FORBIDDEN_OR_HARD_RADIUS,[]
q09_right_edge_hard_l3_3_1787300441150975890,q09,right_edge,28,kinematic,smac_hybrid_reeds_shepp,forward,0.07282886250770974,expanded_corridor,IN_PLACE_ROTATION_FORBIDDEN_OR_HARD_RADIUS,[]
q09_right_edge_hard_l3_3_1787300441150975890,q09,right_edge,29,kinematic,smac_hybrid_reeds_shepp,forward,0.07282761470521092,expanded_corridor,IN_PLACE_ROTATION_FORBIDDEN_OR_HARD_RADIUS,[]
q09_right_edge_hard_l3_3_1787300441150975890,q09,right_edge,30,kinematic,smac_hybrid_reeds_shepp,forward,0.07282871176709405,expanded_corridor,IN_PLACE_ROTATION_FORBIDDEN_OR_HARD_RADIUS,[]
q09_right_edge_hard_l3_3_1787300441150975890,q09,right_edge,31,kinematic,smac_hybrid_reeds_shepp,forward,0.07282801962544933,expanded_corridor,IN_PLACE_ROTATION_FORBIDDEN_OR_HARD_RADIUS,[]
q09_right_edge_hard_l3_3_1787300441150975890,q09,right_edge,32,kinematic,smac_hybrid_reeds_shepp,forward,0.07282761834980282,expanded_corridor,IN_PLACE_ROTATION_FORBIDDEN_OR_HARD_RADIUS,[]
q09_right_edge_hard_l3_3_1787300441150975890,q09,right_edge,33,kinematic,smac_hybrid_reeds_shepp,forward,0.07282888352369456,expanded_corridor,IN_PLACE_ROTATION_FORBIDDEN_OR_HARD_RADIUS,[]
q09_right_edge_hard_l3_3_1787300441150975890,q09,right_edge,34,kinematic,smac_hybrid_reeds_shepp,forward,0.07286859927010876,expanded_corridor,IN_PLACE_ROTATION_FORBIDDEN_OR_HARD_RADIUS,[]
q09_right_edge_hard_l3_3_1787300441150975890,q09,right_edge,35,kinematic,smac_hybrid_reeds_shepp,forward,0.07292882814470365,expanded_corridor,IN_PLACE_ROTATION_FORBIDDEN_OR_HARD_RADIUS,[]
q09_right_edge_hard_l3_3_1787300441150975890,q09,right_edge,36,kinematic,smac_hybrid_reeds_shepp,forward,0.07292946841651698,expanded_corridor,IN_PLACE_ROTATION_FORBIDDEN_OR_HARD_RADIUS,[]
q09_right_edge_hard_l3_3_1787300441150975890,q09,right_edge,37,kinematic,smac_hybrid_reeds_shepp,forward,0.07290186187520321,expanded_corridor,IN_PLACE_ROTATION_FORBIDDEN_OR_HARD_RADIUS,[]
q09_right_edge_hard_l3_3_1787300441150975890,q09,right_edge,38,kinematic,smac_hybrid_reeds_shepp,forward,0.07282880724431248,expanded_corridor,IN_PLACE_ROTATION_FORBIDDEN_OR_HARD_RADIUS,[]
q09_right_edge_hard_l3_3_1787300441150975890,q09,right_edge,39,kinematic,smac_hybrid_reeds_shepp,forward,0.07282805719010443,expanded_corridor,IN_PLACE_ROTATION_FORBIDDEN_OR_HARD_RADIUS,[]
q09_right_edge_hard_l3_4_1787300441252784969,q09,right_edge,0,grid,grid_astar,mixed,14.05771650400437,expanded_corridor,,
q09_right_edge_hard_l3_4_1787300441252784969,q09,right_edge,1,kinematic,smac_hybrid_reeds_shepp,forward,0.07237941783159925,expanded_corridor,IN_PLACE_ROTATION_FORBIDDEN_OR_HARD_RADIUS,[]
q09_right_edge_hard_l3_4_1787300441252784969,q09,right_edge,2,kinematic,smac_hybrid_reeds_shepp,forward,0.07247769078621381,expanded_corridor,IN_PLACE_ROTATION_FORBIDDEN_OR_HARD_RADIUS,[]
q09_right_edge_hard_l3_4_1787300441252784969,q09,right_edge,3,kinematic,smac_hybrid_reeds_shepp,forward,0.0724790117318736,expanded_corridor,IN_PLACE_ROTATION_FORBIDDEN_OR_HARD_RADIUS,[]
q09_right_edge_hard_l3_4_1787300441252784969,q09,right_edge,4,kinematic,smac_hybrid_reeds_shepp,forward,0.0724784064513473,expanded_corridor,IN_PLACE_ROTATION_FORBIDDEN_OR_HARD_RADIUS,[]
q09_right_edge_hard_l3_4_1787300441252784969,q09,right_edge,5,kinematic,smac_hybrid_reeds_shepp,forward,0.0724790117318736,expanded_corridor,IN_PLACE_ROTATION_FORBIDDEN_OR_HARD_RADIUS,[]
q09_right_edge_hard_l3_4_1787300441252784969,q09,right_edge,6,kinematic,smac_hybrid_reeds_shepp,forward,0.0724775161735141,expanded_corridor,IN_PLACE_ROTATION_FORBIDDEN_OR_HARD_RADIUS,[]
q09_right_edge_hard_l3_4_1787300441252784969,q09,right_edge,7,kinematic,smac_hybrid_reeds_shepp,forward,0.0724790117318736,expanded_corridor,IN_PLACE_ROTATION_FORBIDDEN_OR_HARD_RADIUS,[]
q09_right_edge_hard_l3_4_1787300441252784969,q09,right_edge,8,kinematic,smac_hybrid_reeds_shepp,forward,0.0724643713565132,expanded_corridor,IN_PLACE_ROTATION_FORBIDDEN_OR_HARD_RADIUS,[]
q09_right_edge_hard_l3_4_1787300441252784969,q09,right_edge,9,kinematic,smac_hybrid_reeds_shepp,forward,0.07237906374065292,expanded_corridor,IN_PLACE_ROTATION_FORBIDDEN_OR_HARD_RADIUS,[]
q09_right_edge_hard_l3_4_1787300441252784969,q09,right_edge,10,kinematic,smac_hybrid_reeds_shepp,forward,0.07237982038176426,expanded_corridor,IN_PLACE_ROTATION_FORBIDDEN_OR_HARD_RADIUS,[]
q09_right_edge_hard_l3_4_1787300441252784969,q09,right_edge,11,kinematic,smac_hybrid_reeds_shepp,forward,0.07237787201043945,expanded_corridor,IN_PLACE_ROTATION_FORBIDDEN_OR_HARD_RADIUS,[]
q09_right_edge_hard_l3_4_1787300441252784969,q09,right_edge,12,kinematic,smac_hybrid_reeds_shepp,forward,0.07238116987674026,expanded_corridor,IN_PLACE_ROTATION_FORBIDDEN_OR_HARD_RADIUS,[]
q09_right_edge_hard_l3_4_1787300441252784969,q09,right_edge,13,kinematic,smac_hybrid_reeds_shepp,forward,0.07237967517573785,expanded_corridor,IN_PLACE_ROTATION_FORBIDDEN_OR_HARD_RADIUS,[]
q09_right_edge_hard_l3_4_1787300441252784969,q09,right_edge,14,kinematic,smac_hybrid_reeds_shepp,forward,0.07237805461618402,expanded_corridor,IN_PLACE_ROTATION_FORBIDDEN_OR_HARD_RADIUS,[]
q09_right_edge_hard_l3_4_1787300441252784969,q09,right_edge,15,kinematic,smac_hybrid_reeds_shepp,forward,0.072378573800739,expanded_corridor,IN_PLACE_ROTATION_FORBIDDEN_OR_HARD_RADIUS,[]
q09_right_edge_hard_l3_4_1787300441252784969,q09,right_edge,16,kinematic,smac_hybrid_reeds_shepp,forward,0.07238052549860133,expanded_corridor,IN_PLACE_ROTATION_FORBIDDEN_OR_HARD_RADIUS,[]
q09_right_edge_hard_l3_4_1787300441252784969,q09,right_edge,17,kinematic,smac_hybrid_reeds_shepp,reverse,0.029506198255949558,expanded_corridor,IN_PLACE_ROTATION_FORBIDDEN_OR_HARD_RADIUS,[]
q09_right_edge_hard_l3_4_1787300441252784969,q09,right_edge,18,kinematic,smac_hybrid_reeds_shepp,reverse,0.07237836973989108,expanded_corridor,IN_PLACE_ROTATION_FORBIDDEN_OR_HARD_RADIUS,[]
q09_right_edge_hard_l3_4_1787300441252784969,q09,right_edge,19,kinematic,smac_hybrid_reeds_shepp,reverse,0.07237902499400725,expanded_corridor,IN_PLACE_ROTATION_FORBIDDEN_OR_HARD_RADIUS,[]
q09_right_edge_hard_l3_4_1787300441252784969,q09,right_edge,20,kinematic,smac_hybrid_reeds_shepp,reverse,0.07238026810923445,expanded_corridor,IN_PLACE_ROTATION_FORBIDDEN_OR_HARD_RADIUS,[]
q09_right_edge_hard_l3_4_1787300441252784969,q09,right_edge,21,kinematic,smac_hybrid_reeds_shepp,reverse,0.07282739807545568,expanded_corridor,IN_PLACE_ROTATION_FORBIDDEN_OR_HARD_RADIUS,[]
q09_right_edge_hard_l3_4_1787300441252784969,q09,right_edge,22,kinematic,smac_hybrid_reeds_shepp,reverse,0.07282745242477597,expanded_corridor,IN_PLACE_ROTATION_FORBIDDEN_OR_HARD_RADIUS,[]
q09_right_edge_hard_l3_4_1787300441252784969,q09,right_edge,23,kinematic,smac_hybrid_reeds_shepp,reverse,0.07282971708093688,expanded_corridor,IN_PLACE_ROTATION_FORBIDDEN_OR_HARD_RADIUS,[]
q09_right_edge_hard_l3_4_1787300441252784969,q09,right_edge,24,kinematic,smac_hybrid_reeds_shepp,reverse,0.07282886765480831,expanded_corridor,IN_PLACE_ROTATION_FORBIDDEN_OR_HARD_RADIUS,[]
q09_right_edge_hard_l3_4_1787300441252784969,q09,right_edge,25,kinematic,smac_hybrid_reeds_shepp,reverse,0.07282821013399801,expanded_corridor,IN_PLACE_ROTATION_FORBIDDEN_OR_HARD_RADIUS,[]
q09_right_edge_hard_l3_4_1787300441252784969,q09,right_edge,26,kinematic,smac_hybrid_reeds_shepp,forward,0.06520476112841522,expanded_corridor,IN_PLACE_ROTATION_FORBIDDEN_OR_HARD_RADIUS,[]
q09_right_edge_hard_l3_4_1787300441252784969,q09,right_edge,27,kinematic,smac_hybrid_reeds_shepp,forward,0.0728270934627499,expanded_corridor,IN_PLACE_ROTATION_FORBIDDEN_OR_HARD_RADIUS,[]
q09_right_edge_hard_l3_4_1787300441252784969,q09,right_edge,28,kinematic,smac_hybrid_reeds_shepp,forward,0.07282886250770974,expanded_corridor,IN_PLACE_ROTATION_FORBIDDEN_OR_HARD_RADIUS,[]
q09_right_edge_hard_l3_4_1787300441252784969,q09,right_edge,29,kinematic,smac_hybrid_reeds_shepp,forward,0.07282761470521092,expanded_corridor,IN_PLACE_ROTATION_FORBIDDEN_OR_HARD_RADIUS,[]
q09_right_edge_hard_l3_4_1787300441252784969,q09,right_edge,30,kinematic,smac_hybrid_reeds_shepp,forward,0.07282871176709405,expanded_corridor,IN_PLACE_ROTATION_FORBIDDEN_OR_HARD_RADIUS,[]
q09_right_edge_hard_l3_4_1787300441252784969,q09,right_edge,31,kinematic,smac_hybrid_reeds_shepp,forward,0.07282801962544933,expanded_corridor,IN_PLACE_ROTATION_FORBIDDEN_OR_HARD_RADIUS,[]
q09_right_edge_hard_l3_4_1787300441252784969,q09,right_edge,32,kinematic,smac_hybrid_reeds_shepp,forward,0.07282761834980282,expanded_corridor,IN_PLACE_ROTATION_FORBIDDEN_OR_HARD_RADIUS,[]
q09_right_edge_hard_l3_4_1787300441252784969,q09,right_edge,33,kinematic,smac_hybrid_reeds_shepp,forward,0.07282888352369456,expanded_corridor,IN_PLACE_ROTATION_FORBIDDEN_OR_HARD_RADIUS,[]
q09_right_edge_hard_l3_4_1787300441252784969,q09,right_edge,34,kinematic,smac_hybrid_reeds_shepp,forward,0.07286859927010876,expanded_corridor,IN_PLACE_ROTATION_FORBIDDEN_OR_HARD_RADIUS,[]
q09_right_edge_hard_l3_4_1787300441252784969,q09,right_edge,35,kinematic,smac_hybrid_reeds_shepp,forward,0.07292882814470365,expanded_corridor,IN_PLACE_ROTATION_FORBIDDEN_OR_HARD_RADIUS,[]
q09_right_edge_hard_l3_4_1787300441252784969,q09,right_edge,36,kinematic,smac_hybrid_reeds_shepp,forward,0.07292946841651698,expanded_corridor,IN_PLACE_ROTATION_FORBIDDEN_OR_HARD_RADIUS,[]
q09_right_edge_hard_l3_4_1787300441252784969,q09,right_edge,37,kinematic,smac_hybrid_reeds_shepp,forward,0.07290186187520321,expanded_corridor,IN_PLACE_ROTATION_FORBIDDEN_OR_HARD_RADIUS,[]
q09_right_edge_hard_l3_4_1787300441252784969,q09,right_edge,38,kinematic,smac_hybrid_reeds_shepp,forward,0.07282880724431248,expanded_corridor,IN_PLACE_ROTATION_FORBIDDEN_OR_HARD_RADIUS,[]
q09_right_edge_hard_l3_4_1787300441252784969,q09,right_edge,39,kinematic,smac_hybrid_reeds_shepp,forward,0.07282805719010443,expanded_corridor,IN_PLACE_ROTATION_FORBIDDEN_OR_HARD_RADIUS,[]
q09_right_edge_hard_l3_5_1787300441350224960,q09,right_edge,0,grid,grid_astar,mixed,14.05771650400437,expanded_corridor,,
q09_right_edge_hard_l3_5_1787300441350224960,q09,right_edge,1,kinematic,smac_hybrid_reeds_shepp,forward,0.07237941783159925,expanded_corridor,IN_PLACE_ROTATION_FORBIDDEN_OR_HARD_RADIUS,[]
q09_right_edge_hard_l3_5_1787300441350224960,q09,right_edge,2,kinematic,smac_hybrid_reeds_shepp,forward,0.07247769078621381,expanded_corridor,IN_PLACE_ROTATION_FORBIDDEN_OR_HARD_RADIUS,[]
q09_right_edge_hard_l3_5_1787300441350224960,q09,right_edge,3,kinematic,smac_hybrid_reeds_shepp,forward,0.0724790117318736,expanded_corridor,IN_PLACE_ROTATION_FORBIDDEN_OR_HARD_RADIUS,[]
q09_right_edge_hard_l3_5_1787300441350224960,q09,right_edge,4,kinematic,smac_hybrid_reeds_shepp,forward,0.0724784064513473,expanded_corridor,IN_PLACE_ROTATION_FORBIDDEN_OR_HARD_RADIUS,[]
q09_right_edge_hard_l3_5_1787300441350224960,q09,right_edge,5,kinematic,smac_hybrid_reeds_shepp,forward,0.0724790117318736,expanded_corridor,IN_PLACE_ROTATION_FORBIDDEN_OR_HARD_RADIUS,[]
q09_right_edge_hard_l3_5_1787300441350224960,q09,right_edge,6,kinematic,smac_hybrid_reeds_shepp,forward,0.0724775161735141,expanded_corridor,IN_PLACE_ROTATION_FORBIDDEN_OR_HARD_RADIUS,[]
q09_right_edge_hard_l3_5_1787300441350224960,q09,right_edge,7,kinematic,smac_hybrid_reeds_shepp,forward,0.0724790117318736,expanded_corridor,IN_PLACE_ROTATION_FORBIDDEN_OR_HARD_RADIUS,[]
q09_right_edge_hard_l3_5_1787300441350224960,q09,right_edge,8,kinematic,smac_hybrid_reeds_shepp,forward,0.0724643713565132,expanded_corridor,IN_PLACE_ROTATION_FORBIDDEN_OR_HARD_RADIUS,[]
q09_right_edge_hard_l3_5_1787300441350224960,q09,right_edge,9,kinematic,smac_hybrid_reeds_shepp,forward,0.07237906374065292,expanded_corridor,IN_PLACE_ROTATION_FORBIDDEN_OR_HARD_RADIUS,[]
q09_right_edge_hard_l3_5_1787300441350224960,q09,right_edge,10,kinematic,smac_hybrid_reeds_shepp,forward,0.07237982038176426,expanded_corridor,IN_PLACE_ROTATION_FORBIDDEN_OR_HARD_RADIUS,[]
q09_right_edge_hard_l3_5_1787300441350224960,q09,right_edge,11,kinematic,smac_hybrid_reeds_shepp,forward,0.07237787201043945,expanded_corridor,IN_PLACE_ROTATION_FORBIDDEN_OR_HARD_RADIUS,[]
q09_right_edge_hard_l3_5_1787300441350224960,q09,right_edge,12,kinematic,smac_hybrid_reeds_shepp,forward,0.07238116987674026,expanded_corridor,IN_PLACE_ROTATION_FORBIDDEN_OR_HARD_RADIUS,[]
q09_right_edge_hard_l3_5_1787300441350224960,q09,right_edge,13,kinematic,smac_hybrid_reeds_shepp,forward,0.07237967517573785,expanded_corridor,IN_PLACE_ROTATION_FORBIDDEN_OR_HARD_RADIUS,[]
q09_right_edge_hard_l3_5_1787300441350224960,q09,right_edge,14,kinematic,smac_hybrid_reeds_shepp,forward,0.07237805461618402,expanded_corridor,IN_PLACE_ROTATION_FORBIDDEN_OR_HARD_RADIUS,[]
q09_right_edge_hard_l3_5_1787300441350224960,q09,right_edge,15,kinematic,smac_hybrid_reeds_shepp,forward,0.072378573800739,expanded_corridor,IN_PLACE_ROTATION_FORBIDDEN_OR_HARD_RADIUS,[]
q09_right_edge_hard_l3_5_1787300441350224960,q09,right_edge,16,kinematic,smac_hybrid_reeds_shepp,forward,0.07238052549860133,expanded_corridor,IN_PLACE_ROTATION_FORBIDDEN_OR_HARD_RADIUS,[]
q09_right_edge_hard_l3_5_1787300441350224960,q09,right_edge,17,kinematic,smac_hybrid_reeds_shepp,reverse,0.029506198255949558,expanded_corridor,IN_PLACE_ROTATION_FORBIDDEN_OR_HARD_RADIUS,[]
q09_right_edge_hard_l3_5_1787300441350224960,q09,right_edge,18,kinematic,smac_hybrid_reeds_shepp,reverse,0.07237836973989108,expanded_corridor,IN_PLACE_ROTATION_FORBIDDEN_OR_HARD_RADIUS,[]
q09_right_edge_hard_l3_5_1787300441350224960,q09,right_edge,19,kinematic,smac_hybrid_reeds_shepp,reverse,0.07237902499400725,expanded_corridor,IN_PLACE_ROTATION_FORBIDDEN_OR_HARD_RADIUS,[]
q09_right_edge_hard_l3_5_1787300441350224960,q09,right_edge,20,kinematic,smac_hybrid_reeds_shepp,reverse,0.07238026810923445,expanded_corridor,IN_PLACE_ROTATION_FORBIDDEN_OR_HARD_RADIUS,[]
q09_right_edge_hard_l3_5_1787300441350224960,q09,right_edge,21,kinematic,smac_hybrid_reeds_shepp,reverse,0.07282739807545568,expanded_corridor,IN_PLACE_ROTATION_FORBIDDEN_OR_HARD_RADIUS,[]
q09_right_edge_hard_l3_5_1787300441350224960,q09,right_edge,22,kinematic,smac_hybrid_reeds_shepp,reverse,0.07282745242477597,expanded_corridor,IN_PLACE_ROTATION_FORBIDDEN_OR_HARD_RADIUS,[]
q09_right_edge_hard_l3_5_1787300441350224960,q09,right_edge,23,kinematic,smac_hybrid_reeds_shepp,reverse,0.07282971708093688,expanded_corridor,IN_PLACE_ROTATION_FORBIDDEN_OR_HARD_RADIUS,[]
q09_right_edge_hard_l3_5_1787300441350224960,q09,right_edge,24,kinematic,smac_hybrid_reeds_shepp,reverse,0.07282886765480831,expanded_corridor,IN_PLACE_ROTATION_FORBIDDEN_OR_HARD_RADIUS,[]
q09_right_edge_hard_l3_5_1787300441350224960,q09,right_edge,25,kinematic,smac_hybrid_reeds_shepp,reverse,0.07282821013399801,expanded_corridor,IN_PLACE_ROTATION_FORBIDDEN_OR_HARD_RADIUS,[]
q09_right_edge_hard_l3_5_1787300441350224960,q09,right_edge,26,kinematic,smac_hybrid_reeds_shepp,forward,0.06520476112841522,expanded_corridor,IN_PLACE_ROTATION_FORBIDDEN_OR_HARD_RADIUS,[]
q09_right_edge_hard_l3_5_1787300441350224960,q09,right_edge,27,kinematic,smac_hybrid_reeds_shepp,forward,0.0728270934627499,expanded_corridor,IN_PLACE_ROTATION_FORBIDDEN_OR_HARD_RADIUS,[]
q09_right_edge_hard_l3_5_1787300441350224960,q09,right_edge,28,kinematic,smac_hybrid_reeds_shepp,forward,0.07282886250770974,expanded_corridor,IN_PLACE_ROTATION_FORBIDDEN_OR_HARD_RADIUS,[]
q09_right_edge_hard_l3_5_1787300441350224960,q09,right_edge,29,kinematic,smac_hybrid_reeds_shepp,forward,0.07282761470521092,expanded_corridor,IN_PLACE_ROTATION_FORBIDDEN_OR_HARD_RADIUS,[]
q09_right_edge_hard_l3_5_1787300441350224960,q09,right_edge,30,kinematic,smac_hybrid_reeds_shepp,forward,0.07282871176709405,expanded_corridor,IN_PLACE_ROTATION_FORBIDDEN_OR_HARD_RADIUS,[]
q09_right_edge_hard_l3_5_1787300441350224960,q09,right_edge,31,kinematic,smac_hybrid_reeds_shepp,forward,0.07282801962544933,expanded_corridor,IN_PLACE_ROTATION_FORBIDDEN_OR_HARD_RADIUS,[]
q09_right_edge_hard_l3_5_1787300441350224960,q09,right_edge,32,kinematic,smac_hybrid_reeds_shepp,forward,0.07282761834980282,expanded_corridor,IN_PLACE_ROTATION_FORBIDDEN_OR_HARD_RADIUS,[]
q09_right_edge_hard_l3_5_1787300441350224960,q09,right_edge,33,kinematic,smac_hybrid_reeds_shepp,forward,0.07282888352369456,expanded_corridor,IN_PLACE_ROTATION_FORBIDDEN_OR_HARD_RADIUS,[]
q09_right_edge_hard_l3_5_1787300441350224960,q09,right_edge,34,kinematic,smac_hybrid_reeds_shepp,forward,0.07286859927010876,expanded_corridor,IN_PLACE_ROTATION_FORBIDDEN_OR_HARD_RADIUS,[]
q09_right_edge_hard_l3_5_1787300441350224960,q09,right_edge,35,kinematic,smac_hybrid_reeds_shepp,forward,0.07292882814470365,expanded_corridor,IN_PLACE_ROTATION_FORBIDDEN_OR_HARD_RADIUS,[]
q09_right_edge_hard_l3_5_1787300441350224960,q09,right_edge,36,kinematic,smac_hybrid_reeds_shepp,forward,0.07292946841651698,expanded_corridor,IN_PLACE_ROTATION_FORBIDDEN_OR_HARD_RADIUS,[]
q09_right_edge_hard_l3_5_1787300441350224960,q09,right_edge,37,kinematic,smac_hybrid_reeds_shepp,forward,0.07290186187520321,expanded_corridor,IN_PLACE_ROTATION_FORBIDDEN_OR_HARD_RADIUS,[]
q09_right_edge_hard_l3_5_1787300441350224960,q09,right_edge,38,kinematic,smac_hybrid_reeds_shepp,forward,0.07282880724431248,expanded_corridor,IN_PLACE_ROTATION_FORBIDDEN_OR_HARD_RADIUS,[]
q09_right_edge_hard_l3_5_1787300441350224960,q09,right_edge,39,kinematic,smac_hybrid_reeds_shepp,forward,0.07282805719010443,expanded_corridor,IN_PLACE_ROTATION_FORBIDDEN_OR_HARD_RADIUS,[]
