planner,config_variant,query_id,metric,count,total_runs,action_success_count,action_success_rate,static_footprint_valid_count,static_footprint_valid_rate,final_valid_success_count,final_valid_success_rate,collision_path_count,mean,std,P50,P95,P99,min,max
navfn,normalized,q00,planning_time_ms,5,5,5,1.0,5,1.0,5,1.0,0,8.905033,0.9391208079592319,9.106009,9.885103,10.0313814,7.477061,10.067951
navfn,normalized,q00,wall_time_ms,5,5,5,1.0,5,1.0,5,1.0,0,39.019884000000005,2.787209555873849,37.276775,42.6717676,43.08524312,36.78437,43.188612
navfn,normalized,q00,cpu_total_ms,5,5,5,1.0,5,1.0,5,1.0,0,10.0,0.0,10.0,10.0,10.0,10.0,10.0
navfn,normalized,q00,cpu_percent,5,5,5,1.0,5,1.0,5,1.0,0,25.728597994981378,1.7622256662818367,26.826355015958324,27.118176523051446,27.17200288573238,23.154251866209545,27.185459476402613
navfn,normalized,q00,planner_rss_peak_bytes,5,5,5,1.0,5,1.0,5,1.0,0,127597772.8,134714.19578945643,127598592.0,127750144.0,127763251.2,127426560.0,127766528.0
navfn,normalized,q00,planner_pss_peak_bytes,5,5,5,1.0,5,1.0,5,1.0,0,92165324.8,134714.19578945643,92166144.0,92317696.0,92330803.2,91994112.0,92334080.0
navfn,normalized,q00,stack_rss_peak_bytes,5,5,5,1.0,5,1.0,5,1.0,0,237964492.8,134714.19578945643,237965312.0,238116864.0,238129971.2,237793280.0,238133248.0
navfn,normalized,q00,stack_pss_peak_bytes,5,5,5,1.0,5,1.0,5,1.0,0,136792268.8,134714.19578945643,136793088.0,136944640.0,136957747.2,136621056.0,136961024.0
navfn,normalized,q00,path_length_m,5,5,5,1.0,5,1.0,5,1.0,0,22.18028813570485,0.0,22.18028813570485,22.18028813570485,22.18028813570485,22.18028813570485,22.18028813570485
navfn,normalized,q00,euclidean_distance_m,5,5,5,1.0,5,1.0,5,1.0,0,13.823530663329104,0.0,13.823530663329104,13.823530663329104,13.823530663329104,13.823530663329104,13.823530663329104
navfn,normalized,q00,length_over_euclidean,5,5,5,1.0,5,1.0,5,1.0,0,1.6045313368851886,2.482534153247273e-16,1.6045313368851888,1.6045313368851888,1.6045313368851888,1.6045313368851888,1.6045313368851888
navfn,normalized,q00,length_over_navfn,5,5,5,1.0,5,1.0,5,1.0,0,1.0,0.0,1.0,1.0,1.0,1.0,1.0
navfn,normalized,q00,length_over_shortest_observed_valid,5,5,5,1.0,5,1.0,5,1.0,0,1.0,0.0,1.0,1.0,1.0,1.0,1.0
navfn,normalized,q00,minimum_clearance_m,5,5,5,1.0,5,1.0,5,1.0,0,0.5,0.0,0.5,0.5,0.5,0.5,0.5
navfn,normalized,q00,clearance_p05_m,5,5,5,1.0,5,1.0,5,1.0,0,0.550000011920929,0.0,0.550000011920929,0.550000011920929,0.550000011920929,0.550000011920929,0.550000011920929
navfn,normalized,q00,clearance_p50_m,5,5,5,1.0,5,1.0,5,1.0,0,0.8389148712158203,0.0,0.8389148712158203,0.8389148712158203,0.8389148712158203,0.8389148712158203,0.8389148712158203
navfn,normalized,q00,footprint_collision_count,5,5,5,1.0,5,1.0,5,1.0,0,0.0,0.0,0.0,0.0,0.0,0.0,0.0
navfn,normalized,q00,heading_change_p95_rad,5,5,5,1.0,5,1.0,5,1.0,0,0.0,0.0,0.0,0.0,0.0,0.0,0.0
navfn,normalized,q00,curvature_p95_per_m,5,5,5,1.0,5,1.0,5,1.0,0,3.6581167297590853,4.965068306494546e-16,3.658116729759085,3.658116729759085,3.658116729759085,3.658116729759085,3.658116729759085
navfn,normalized,q00,preferred_radius_violation_count,5,5,5,1.0,5,1.0,5,1.0,0,96.0,0.0,96.0,96.0,96.0,96.0,96.0
navfn,normalized,q00,in_place_rotation_count,5,5,5,1.0,5,1.0,5,1.0,0,0.0,0.0,0.0,0.0,0.0,0.0,0.0
navfn,normalized,q00,reverse_distance_m,5,5,5,1.0,5,1.0,5,1.0,0,20.23028263413236,0.0,20.23028263413236,20.23028263413236,20.23028263413236,20.23028263413236,20.23028263413236
navfn,normalized,q00,reverse_ratio,5,5,5,1.0,5,1.0,5,1.0,0,0.9120838516775868,0.0,0.9120838516775868,0.9120838516775868,0.9120838516775868,0.9120838516775868,0.9120838516775868
navfn,normalized,q01,planning_time_ms,5,5,5,1.0,5,1.0,5,1.0,0,9.474165200000002,1.7300222562662884,9.818898,11.5059116,11.778744719999999,7.626977,11.846953
navfn,normalized,q01,wall_time_ms,5,5,5,1.0,5,1.0,5,1.0,0,51.834095000000005,2.4104165193563554,52.35671,54.3311172,54.47784664,48.938328,54.514529
navfn,normalized,q01,cpu_total_ms,5,5,5,1.0,5,1.0,5,1.0,0,14.0,5.477225575051661,10.0,20.0,20.0,10.0,20.0
navfn,normalized,q01,cpu_percent,5,5,5,1.0,5,1.0,5,1.0,0,26.814703571871668,9.7402730889288,20.43388159889729,37.89709126490435,38.13901605811415,18.65759708433999,38.199497256416606
navfn,normalized,q01,planner_rss_peak_bytes,5,5,5,1.0,5,1.0,5,1.0,0,128176128.0,217609.03510654147,128176128.0,128423526.4,128445153.28,127901696.0,128450560.0
navfn,normalized,q01,planner_pss_peak_bytes,5,5,5,1.0,5,1.0,5,1.0,0,92718080.0,217609.03510654147,92718080.0,92965478.4,92987105.28,92443648.0,92992512.0
navfn,normalized,q01,stack_rss_peak_bytes,5,5,5,1.0,5,1.0,5,1.0,0,238469120.0,217609.03510654147,238469120.0,238716518.4,238738145.28,238194688.0,238743552.0
navfn,normalized,q01,stack_pss_peak_bytes,5,5,5,1.0,5,1.0,5,1.0,0,137355264.0,217609.03510654147,137355264.0,137602662.4,137624289.28,137080832.0,137629696.0
navfn,normalized,q01,path_length_m,5,5,5,1.0,5,1.0,5,1.0,0,36.166092131684536,0.0,36.166092131684536,36.166092131684536,36.166092131684536,36.166092131684536,36.166092131684536
navfn,normalized,q01,euclidean_distance_m,5,5,5,1.0,5,1.0,5,1.0,0,24.42478249647272,0.0,24.42478249647272,24.42478249647272,24.42478249647272,24.42478249647272,24.42478249647272
navfn,normalized,q01,length_over_euclidean,5,5,5,1.0,5,1.0,5,1.0,0,1.480712965894678,0.0,1.480712965894678,1.480712965894678,1.480712965894678,1.480712965894678,1.480712965894678
navfn,normalized,q01,length_over_navfn,5,5,5,1.0,5,1.0,5,1.0,0,1.0,0.0,1.0,1.0,1.0,1.0,1.0
navfn,normalized,q01,length_over_shortest_observed_valid,5,5,5,1.0,5,1.0,5,1.0,0,1.0,0.0,1.0,1.0,1.0,1.0,1.0
navfn,normalized,q01,minimum_clearance_m,5,5,5,1.0,5,1.0,5,1.0,0,0.5295349955558777,0.0,0.5295349955558777,0.5295349955558777,0.5295349955558777,0.5295349955558777,0.5295349955558777
navfn,normalized,q01,clearance_p05_m,5,5,5,1.0,5,1.0,5,1.0,0,0.6192249655723572,0.0,0.6192249655723572,0.6192249655723572,0.6192249655723572,0.6192249655723572,0.6192249655723572
navfn,normalized,q01,clearance_p50_m,5,5,5,1.0,5,1.0,5,1.0,0,1.0,0.0,1.0,1.0,1.0,1.0,1.0
navfn,normalized,q01,footprint_collision_count,5,5,5,1.0,5,1.0,5,1.0,0,0.0,0.0,0.0,0.0,0.0,0.0,0.0
navfn,normalized,q01,heading_change_p95_rad,5,5,5,1.0,5,1.0,5,1.0,0,0.0,0.0,0.0,0.0,0.0,0.0,0.0
navfn,normalized,q01,curvature_p95_per_m,5,5,5,1.0,5,1.0,5,1.0,0,5.812350661790414,0.0,5.812350661790414,5.812350661790414,5.812350661790414,5.812350661790414,5.812350661790414
navfn,normalized,q01,preferred_radius_violation_count,5,5,5,1.0,5,1.0,5,1.0,0,200.0,0.0,200.0,200.0,200.0,200.0,200.0
navfn,normalized,q01,in_place_rotation_count,5,5,5,1.0,5,1.0,5,1.0,0,0.0,0.0,0.0,0.0,0.0,0.0,0.0
navfn,normalized,q01,reverse_distance_m,5,5,5,1.0,5,1.0,5,1.0,0,35.41609361795899,0.0,35.41609361795899,35.41609361795899,35.41609361795899,35.41609361795899,35.41609361795899
navfn,normalized,q01,reverse_ratio,5,5,5,1.0,5,1.0,5,1.0,0,0.9792623844734256,0.0,0.9792623844734256,0.9792623844734256,0.9792623844734256,0.9792623844734256,0.9792623844734256
navfn,normalized,q02,planning_time_ms,5,5,5,1.0,5,1.0,5,1.0,0,10.6088606,1.1389568045043676,10.211618,12.1597536,12.51021792,9.729278,12.597834
navfn,normalized,q02,wall_time_ms,5,5,5,1.0,5,1.0,5,1.0,0,47.6912612,1.7256843390891918,47.50838,49.9540142,50.39111484,45.935236,50.50039
navfn,normalized,q02,cpu_total_ms,5,5,5,1.0,5,1.0,5,1.0,0,10.0,0.0,10.0,10.0,10.0,10.0,10.0
navfn,normalized,q02,cpu_percent,5,5,5,1.0,5,1.0,5,1.0,0,20.989607039734516,0.7397582919502347,21.048918106658235,21.694467622138855,21.754717838468515,19.801827273017096,21.76978039255093
navfn,normalized,q02,planner_rss_peak_bytes,5,5,5,1.0,5,1.0,5,1.0,0,127949209.6,179398.25376184686,127950848.0,128153190.4,128171540.48,127721472.0,128176128.0
navfn,normalized,q02,planner_pss_peak_bytes,5,5,5,1.0,5,1.0,5,1.0,0,92358041.6,179398.25376184686,92359680.0,92562022.4,92580372.48,92130304.0,92584960.0
navfn,normalized,q02,stack_rss_peak_bytes,5,5,5,1.0,5,1.0,5,1.0,0,238332313.6,179398.25376184686,238333952.0,238536294.4,238554644.48,238104576.0,238559232.0
navfn,normalized,q02,stack_pss_peak_bytes,5,5,5,1.0,5,1.0,5,1.0,0,136960409.6,179398.25376184686,136962048.0,137164390.4,137182740.48,136732672.0,137187328.0
navfn,normalized,q02,path_length_m,5,5,5,1.0,5,1.0,5,1.0,0,29.772290651547813,3.972054645195637e-15,29.772290651547817,29.772290651547817,29.772290651547817,29.772290651547817,29.772290651547817
navfn,normalized,q02,euclidean_distance_m,5,5,5,1.0,5,1.0,5,1.0,0,15.380832227158578,0.0,15.380832227158578,15.380832227158578,15.380832227158578,15.380832227158578,15.380832227158578
navfn,normalized,q02,length_over_euclidean,5,5,5,1.0,5,1.0,5,1.0,0,1.9356748849374772,2.482534153247273e-16,1.935674884937477,1.935674884937477,1.935674884937477,1.935674884937477,1.935674884937477
navfn,normalized,q02,length_over_navfn,5,5,5,1.0,5,1.0,5,1.0,0,1.0,0.0,1.0,1.0,1.0,1.0,1.0
navfn,normalized,q02,length_over_shortest_observed_valid,5,5,5,1.0,5,1.0,5,1.0,0,1.0299422556336226,0.0,1.0299422556336226,1.0299422556336226,1.0299422556336226,1.0299422556336226,1.0299422556336226
navfn,normalized,q02,minimum_clearance_m,5,5,5,1.0,5,1.0,5,1.0,0,0.5295349955558777,0.0,0.5295349955558777,0.5295349955558777,0.5295349955558777,0.5295349955558777,0.5295349955558777
navfn,normalized,q02,clearance_p05_m,5,5,5,1.0,5,1.0,5,1.0,0,0.6000000238418579,0.0,0.6000000238418579,0.6000000238418579,0.6000000238418579,0.6000000238418579,0.6000000238418579
navfn,normalized,q02,clearance_p50_m,5,5,5,1.0,5,1.0,5,1.0,0,0.7196899652481079,0.0,0.7196899652481079,0.7196899652481079,0.7196899652481079,0.7196899652481079,0.7196899652481079
navfn,normalized,q02,footprint_collision_count,5,5,5,1.0,5,1.0,5,1.0,0,0.0,0.0,0.0,0.0,0.0,0.0,0.0
navfn,normalized,q02,heading_change_p95_rad,5,5,5,1.0,5,1.0,5,1.0,0,0.0,0.0,0.0,0.0,0.0,0.0,0.0
navfn,normalized,q02,curvature_p95_per_m,5,5,5,1.0,5,1.0,5,1.0,0,10.322216782075898,0.0,10.322216782075898,10.322216782075898,10.322216782075898,10.322216782075898,10.322216782075898
navfn,normalized,q02,preferred_radius_violation_count,5,5,5,1.0,5,1.0,5,1.0,0,259.0,0.0,259.0,259.0,259.0,259.0,259.0
navfn,normalized,q02,in_place_rotation_count,5,5,5,1.0,5,1.0,5,1.0,0,0.0,0.0,0.0,0.0,0.0,0.0,0.0
navfn,normalized,q02,reverse_distance_m,5,5,5,1.0,5,1.0,5,1.0,0,3.1445592225488466,0.0,3.1445592225488466,3.1445592225488466,3.1445592225488466,3.1445592225488466,3.1445592225488466
navfn,normalized,q02,reverse_ratio,5,5,5,1.0,5,1.0,5,1.0,0,0.1056203319842763,0.0,0.1056203319842763,0.1056203319842763,0.1056203319842763,0.1056203319842763,0.1056203319842763
navfn,normalized,q03,planning_time_ms,5,5,5,1.0,5,1.0,5,1.0,0,10.952701199999998,0.6695153179810004,10.699755,11.8583506,12.013554919999999,10.349727,12.052356
navfn,normalized,q03,wall_time_ms,5,5,5,1.0,5,1.0,5,1.0,0,69.95217199999999,0.9306913393937336,70.399677,70.76262840000001,70.78079288,68.791008,70.785334
navfn,normalized,q03,cpu_total_ms,5,5,5,1.0,5,1.0,5,1.0,0,12.0,4.47213595499958,10.0,18.0,19.6,10.0,20.0
navfn,normalized,q03,cpu_percent,5,5,5,1.0,5,1.0,5,1.0,0,17.191325994860783,6.568727434671628,14.204610626267506,26.057837676573648,28.362048482939155,14.127220195076,28.93810118453053
navfn,normalized,q03,planner_rss_peak_bytes,5,5,5,1.0,5,1.0,5,1.0,0,128747110.4,319285.7616318022,128745472.0,129110835.2,129142947.84,128344064.0,129150976.0
navfn,normalized,q03,planner_pss_peak_bytes,5,5,5,1.0,5,1.0,5,1.0,0,93309542.4,319285.7616318022,93307904.0,93673267.2,93705379.84,92906496.0,93713408.0
navfn,normalized,q03,stack_rss_peak_bytes,5,5,5,1.0,5,1.0,5,1.0,0,239117926.4,319285.7616318022,239116288.0,239481651.2,239513763.84,238714880.0,239521792.0
navfn,normalized,q03,stack_pss_peak_bytes,5,5,5,1.0,5,1.0,5,1.0,0,137967206.4,319285.7616318022,137965568.0,138330931.2,138363043.84,137564160.0,138371072.0
navfn,normalized,q03,path_length_m,5,5,5,1.0,5,1.0,5,1.0,0,52.647231305593415,0.0,52.647231305593415,52.647231305593415,52.647231305593415,52.647231305593415,52.647231305593415
navfn,normalized,q03,euclidean_distance_m,5,5,5,1.0,5,1.0,5,1.0,0,35.05567001213926,0.0,35.05567001213926,35.05567001213926,35.05567001213926,35.05567001213926,35.05567001213926
navfn,normalized,q03,length_over_euclidean,5,5,5,1.0,5,1.0,5,1.0,0,1.5018178596319072,0.0,1.5018178596319072,1.5018178596319072,1.5018178596319072,1.5018178596319072,1.5018178596319072
navfn,normalized,q03,length_over_navfn,5,5,5,1.0,5,1.0,5,1.0,0,1.0,0.0,1.0,1.0,1.0,1.0,1.0
navfn,normalized,q03,length_over_shortest_observed_valid,5,5,5,1.0,5,1.0,5,1.0,0,1.0229995313081663,0.0,1.0229995313081663,1.0229995313081663,1.0229995313081663,1.0229995313081663,1.0229995313081663
navfn,normalized,q03,minimum_clearance_m,5,5,5,1.0,5,1.0,5,1.0,0,0.5196899771690369,0.0,0.5196899771690369,0.5196899771690369,0.5196899771690369,0.5196899771690369,0.5196899771690369
navfn,normalized,q03,clearance_p05_m,5,5,5,1.0,5,1.0,5,1.0,0,0.5998449325561523,0.0,0.5998449325561523,0.5998449325561523,0.5998449325561523,0.5998449325561523,0.5998449325561523
navfn,normalized,q03,clearance_p50_m,5,5,5,1.0,5,1.0,5,1.0,0,0.6500000357627869,0.0,0.6500000357627869,0.6500000357627869,0.6500000357627869,0.6500000357627869,0.6500000357627869
navfn,normalized,q03,footprint_collision_count,5,5,5,1.0,5,1.0,5,1.0,0,0.0,0.0,0.0,0.0,0.0,0.0,0.0
navfn,normalized,q03,heading_change_p95_rad,5,5,5,1.0,5,1.0,5,1.0,0,0.0,0.0,0.0,0.0,0.0,0.0,0.0
navfn,normalized,q03,curvature_p95_per_m,5,5,5,1.0,5,1.0,5,1.0,0,18.879245122893213,0.0,18.879245122893213,18.879245122893213,18.879245122893213,18.879245122893213,18.879245122893213
navfn,normalized,q03,preferred_radius_violation_count,5,5,5,1.0,5,1.0,5,1.0,0,636.0,0.0,636.0,636.0,636.0,636.0,636.0
navfn,normalized,q03,in_place_rotation_count,5,5,5,1.0,5,1.0,5,1.0,0,0.0,0.0,0.0,0.0,0.0,0.0,0.0
navfn,normalized,q03,reverse_distance_m,5,5,5,1.0,5,1.0,5,1.0,0,18.879377424961145,0.0,18.879377424961145,18.879377424961145,18.879377424961145,18.879377424961145,18.879377424961145
navfn,normalized,q03,reverse_ratio,5,5,5,1.0,5,1.0,5,1.0,0,0.3586015248432511,0.0,0.3586015248432511,0.3586015248432511,0.3586015248432511,0.3586015248432511,0.3586015248432511
navfn,normalized,q04,planning_time_ms,5,5,5,1.0,5,1.0,5,1.0,0,9.411209,0.9053883902339923,9.799496,10.2349222,10.27530204,8.151247,10.285397
navfn,normalized,q04,wall_time_ms,5,5,5,1.0,5,1.0,5,1.0,0,109.2933088,134.17838238753106,49.967924,289.52827019999995,337.35332043999995,47.32512,349.309583
navfn,normalized,q04,cpu_total_ms,5,5,5,1.0,5,1.0,5,1.0,0,10.0,0.0,10.0,10.0,10.0,10.0,10.0
navfn,normalized,q04,cpu_percent,5,5,5,1.0,5,1.0,5,1.0,0,16.812825684716493,7.814164840437674,20.012838636241923,20.947939949070545,21.093929700939196,2.862790054059296,21.13042713890636
navfn,normalized,q04,planner_rss_peak_bytes,5,5,5,1.0,5,1.0,5,1.0,0,128022937.6,192350.70689966285,128024576.0,128241664.0,128261324.8,127778816.0,128266240.0
navfn,normalized,q04,planner_pss_peak_bytes,5,5,5,1.0,5,1.0,5,1.0,0,92471296.0,190408.93827759242,92471296.0,92688384.0,92708044.8,92229632.0,92712960.0
navfn,normalized,q04,stack_rss_peak_bytes,5,5,5,1.0,5,1.0,5,1.0,0,238310195.2,224186.31976817854,238338048.0,238555136.0,238574796.8,238026752.0,238579712.0
navfn,normalized,q04,stack_pss_peak_bytes,5,5,5,1.0,5,1.0,5,1.0,0,137082880.0,192837.1721842031,137084928.0,137302016.0,137321676.8,136838144.0,137326592.0
navfn,normalized,q04,path_length_m,5,5,5,1.0,5,1.0,5,1.0,0,31.5993601735672,3.972054645195637e-15,31.599360173567195,31.599360173567195,31.599360173567195,31.599360173567195,31.599360173567195
navfn,normalized,q04,euclidean_distance_m,5,5,5,1.0,5,1.0,5,1.0,0,26.602443496791796,0.0,26.602443496791796,26.602443496791796,26.602443496791796,26.602443496791796,26.602443496791796
navfn,normalized,q04,length_over_euclidean,5,5,5,1.0,5,1.0,5,1.0,0,1.1878367555739011,0.0,1.1878367555739011,1.1878367555739011,1.1878367555739011,1.1878367555739011,1.1878367555739011
navfn,normalized,q04,length_over_navfn,5,5,5,1.0,5,1.0,5,1.0,0,1.0,0.0,1.0,1.0,1.0,1.0,1.0
navfn,normalized,q04,length_over_shortest_observed_valid,5,5,5,1.0,5,1.0,5,1.0,0,1.0,0.0,1.0,1.0,1.0,1.0,1.0
navfn,normalized,q04,minimum_clearance_m,5,5,5,1.0,5,1.0,5,1.0,0,0.4000000059604645,0.0,0.4000000059604645,0.4000000059604645,0.4000000059604645,0.4000000059604645,0.4000000059604645
navfn,normalized,q04,clearance_p05_m,5,5,5,1.0,5,1.0,5,1.0,0,0.6295350193977356,0.0,0.6295350193977356,0.6295350193977356,0.6295350193977356,0.6295350193977356,0.6295350193977356
navfn,normalized,q04,clearance_p50_m,5,5,5,1.0,5,1.0,5,1.0,0,0.8500000238418579,0.0,0.8500000238418579,0.8500000238418579,0.8500000238418579,0.8500000238418579,0.8500000238418579
navfn,normalized,q04,footprint_collision_count,5,5,5,1.0,5,1.0,5,1.0,0,0.0,0.0,0.0,0.0,0.0,0.0,0.0
navfn,normalized,q04,heading_change_p95_rad,5,5,5,1.0,5,1.0,5,1.0,0,0.0,0.0,0.0,0.0,0.0,0.0,0.0
navfn,normalized,q04,curvature_p95_per_m,5,5,5,1.0,5,1.0,5,1.0,0,6.406188787775067,0.0,6.406188787775067,6.406188787775067,6.406188787775067,6.406188787775067,6.406188787775067
navfn,normalized,q04,preferred_radius_violation_count,5,5,5,1.0,5,1.0,5,1.0,0,216.0,0.0,216.0,216.0,216.0,216.0,216.0
navfn,normalized,q04,in_place_rotation_count,5,5,5,1.0,5,1.0,5,1.0,0,0.0,0.0,0.0,0.0,0.0,0.0,0.0
navfn,normalized,q04,reverse_distance_m,5,5,5,1.0,5,1.0,5,1.0,0,22.202233861464787,0.0,22.202233861464787,22.202233861464787,22.202233861464787,22.202233861464787,22.202233861464787
navfn,normalized,q04,reverse_ratio,5,5,5,1.0,5,1.0,5,1.0,0,0.7026165637377972,0.0,0.7026165637377972,0.7026165637377972,0.7026165637377972,0.7026165637377972,0.7026165637377972
navfn,normalized,q05,planning_time_ms,5,5,5,1.0,5,1.0,5,1.0,0,7.753778,1.1101417335342816,8.183567,8.6552296,8.68101472,5.980394,8.687461
navfn,normalized,q05,wall_time_ms,5,5,5,1.0,5,1.0,5,1.0,0,29.121039200000002,1.3095154243603622,29.276465,30.6306526,30.78665052,27.677976,30.82565
navfn,normalized,q05,cpu_total_ms,5,5,5,1.0,5,1.0,5,1.0,0,12.0,4.47213595499958,10.0,18.0,19.6,10.0,20.0
navfn,normalized,q05,cpu_percent,5,5,5,1.0,5,1.0,5,1.0,0,41.226318551095964,15.220378105401075,35.746914987616194,61.8773687536717,67.02688060603603,32.44051625837574,68.3142585691271
navfn,normalized,q05,planner_rss_peak_bytes,5,5,5,1.0,5,1.0,5,1.0,0,127423283.2,95858.65220834268,127422464.0,127533056.0,127542886.4,127303680.0,127545344.0
navfn,normalized,q05,planner_pss_peak_bytes,5,5,5,1.0,5,1.0,5,1.0,0,91983667.2,95858.65220834268,91982848.0,92093440.0,92103270.4,91864064.0,92105728.0
navfn,normalized,q05,stack_rss_peak_bytes,5,5,5,1.0,5,1.0,5,1.0,0,237716275.2,95858.65220834268,237715456.0,237826048.0,237835878.4,237596672.0,237838336.0
navfn,normalized,q05,stack_pss_peak_bytes,5,5,5,1.0,5,1.0,5,1.0,0,136562483.2,95858.65220834268,136561664.0,136672256.0,136682086.4,136442880.0,136684544.0
navfn,normalized,q05,path_length_m,5,5,5,1.0,5,1.0,5,1.0,0,15.743498865712052,0.0,15.743498865712052,15.743498865712052,15.743498865712052,15.743498865712052,15.743498865712052
navfn,normalized,q05,euclidean_distance_m,5,5,5,1.0,5,1.0,5,1.0,0,14.38367129769031,0.0,14.38367129769031,14.38367129769031,14.38367129769031,14.38367129769031,14.38367129769031
navfn,normalized,q05,length_over_euclidean,5,5,5,1.0,5,1.0,5,1.0,0,1.0945396720961011,0.0,1.0945396720961011,1.0945396720961011,1.0945396720961011,1.0945396720961011,1.0945396720961011
navfn,normalized,q05,length_over_navfn,5,5,5,1.0,5,1.0,5,1.0,0,1.0,0.0,1.0,1.0,1.0,1.0,1.0
navfn,normalized,q05,length_over_shortest_observed_valid,5,5,5,1.0,5,1.0,5,1.0,0,1.0,0.0,1.0,1.0,1.0,1.0,1.0
navfn,normalized,q05,minimum_clearance_m,5,5,5,1.0,5,1.0,5,1.0,0,0.5196899771690369,0.0,0.5196899771690369,0.5196899771690369,0.5196899771690369,0.5196899771690369,0.5196899771690369
navfn,normalized,q05,clearance_p05_m,5,5,5,1.0,5,1.0,5,1.0,0,0.569689929485321,0.0,0.569689929485321,0.569689929485321,0.569689929485321,0.569689929485321,0.569689929485321
navfn,normalized,q05,clearance_p50_m,5,5,5,1.0,5,1.0,5,1.0,0,1.0887597799301147,0.0,1.0887597799301147,1.0887597799301147,1.0887597799301147,1.0887597799301147,1.0887597799301147
navfn,normalized,q05,footprint_collision_count,5,5,5,1.0,5,1.0,5,1.0,0,0.0,0.0,0.0,0.0,0.0,0.0,0.0
navfn,normalized,q05,heading_change_p95_rad,5,5,5,1.0,5,1.0,5,1.0,0,0.0,0.0,0.0,0.0,0.0,0.0,0.0
navfn,normalized,q05,curvature_p95_per_m,5,5,5,1.0,5,1.0,5,1.0,0,6.258057224503991,0.0,6.258057224503991,6.258057224503991,6.258057224503991,6.258057224503991,6.258057224503991
navfn,normalized,q05,preferred_radius_violation_count,5,5,5,1.0,5,1.0,5,1.0,0,74.0,0.0,74.0,74.0,74.0,74.0,74.0
navfn,normalized,q05,in_place_rotation_count,5,5,5,1.0,5,1.0,5,1.0,0,0.0,0.0,0.0,0.0,0.0,0.0,0.0
navfn,normalized,q05,reverse_distance_m,5,5,5,1.0,5,1.0,5,1.0,0,0.8197050983778228,0.0,0.8197050983778228,0.8197050983778228,0.8197050983778228,0.8197050983778228,0.8197050983778228
navfn,normalized,q05,reverse_ratio,5,5,5,1.0,5,1.0,5,1.0,0,0.052066259563372394,7.757919228897728e-18,0.0520662595633724,0.0520662595633724,0.0520662595633724,0.0520662595633724,0.0520662595633724
navfn,normalized,q06,planning_time_ms,5,5,5,1.0,5,1.0,5,1.0,0,8.127936,0.477622857426757,8.414134,8.525944,8.5431768,7.478479,8.547485
navfn,normalized,q06,wall_time_ms,5,5,5,1.0,5,1.0,5,1.0,0,43.814483800000005,5.19441060549623,41.703179,50.9072856,52.61784672,40.749163,53.045487
navfn,normalized,q06,cpu_total_ms,5,5,5,1.0,5,1.0,5,1.0,0,12.0,4.47213595499958,10.0,18.0,19.6,10.0,20.0
navfn,normalized,q06,cpu_percent,5,5,5,1.0,5,1.0,5,1.0,0,27.770324700988322,11.124070366128919,24.26000318776442,42.684481506461324,46.3133015363465,18.851745106987146,47.22050654381779
navfn,normalized,q06,planner_rss_peak_bytes,5,5,5,1.0,5,1.0,5,1.0,0,127883673.6,159969.645760688,127885312.0,128065536.0,128081920.0,127680512.0,128086016.0
navfn,normalized,q06,planner_pss_peak_bytes,5,5,5,1.0,5,1.0,5,1.0,0,92366233.6,159969.645760688,92367872.0,92548096.0,92564480.0,92163072.0,92568576.0
navfn,normalized,q06,stack_rss_peak_bytes,5,5,5,1.0,5,1.0,5,1.0,0,238053785.6,159969.645760688,238055424.0,238235648.0,238252032.0,237850624.0,238256128.0
navfn,normalized,q06,stack_pss_peak_bytes,5,5,5,1.0,5,1.0,5,1.0,0,136925593.6,159969.645760688,136927232.0,137107456.0,137123840.0,136722432.0,137127936.0
navfn,normalized,q06,path_length_m,5,5,5,1.0,5,1.0,5,1.0,0,26.41683432899315,3.972054645195637e-15,26.416834328993147,26.416834328993147,26.416834328993147,26.416834328993147,26.416834328993147
navfn,normalized,q06,euclidean_distance_m,5,5,5,1.0,5,1.0,5,1.0,0,24.36472860509634,0.0,24.36472860509634,24.36472860509634,24.36472860509634,24.36472860509634,24.36472860509634
navfn,normalized,q06,length_over_euclidean,5,5,5,1.0,5,1.0,5,1.0,0,1.084224444160957,0.0,1.084224444160957,1.084224444160957,1.084224444160957,1.084224444160957,1.084224444160957
navfn,normalized,q06,length_over_navfn,5,5,5,1.0,5,1.0,5,1.0,0,1.0,0.0,1.0,1.0,1.0,1.0,1.0
navfn,normalized,q06,length_over_shortest_observed_valid,5,5,5,1.0,5,1.0,5,1.0,0,1.0,0.0,1.0,1.0,1.0,1.0,1.0
navfn,normalized,q06,minimum_clearance_m,5,5,5,1.0,5,1.0,5,1.0,0,0.6000000238418579,0.0,0.6000000238418579,0.6000000238418579,0.6000000238418579,0.6000000238418579,0.6000000238418579
navfn,normalized,q06,clearance_p05_m,5,5,5,1.0,5,1.0,5,1.0,0,0.6500000357627869,0.0,0.6500000357627869,0.6500000357627869,0.6500000357627869,0.6500000357627869,0.6500000357627869
navfn,normalized,q06,clearance_p50_m,5,5,5,1.0,5,1.0,5,1.0,0,0.9000000357627869,0.0,0.9000000357627869,0.9000000357627869,0.9000000357627869,0.9000000357627869,0.9000000357627869
navfn,normalized,q06,footprint_collision_count,5,5,5,1.0,5,1.0,5,1.0,0,0.0,0.0,0.0,0.0,0.0,0.0,0.0
navfn,normalized,q06,heading_change_p95_rad,5,5,5,1.0,5,1.0,5,1.0,0,0.0,0.0,0.0,0.0,0.0,0.0,0.0
navfn,normalized,q06,curvature_p95_per_m,5,5,5,1.0,5,1.0,5,1.0,0,27.33184763360861,0.0,27.33184763360861,27.33184763360861,27.33184763360861,27.33184763360861,27.33184763360861
navfn,normalized,q06,preferred_radius_violation_count,5,5,5,1.0,5,1.0,5,1.0,0,454.0,0.0,454.0,454.0,454.0,454.0,454.0
navfn,normalized,q06,in_place_rotation_count,5,5,5,1.0,5,1.0,5,1.0,0,0.0,0.0,0.0,0.0,0.0,0.0,0.0
navfn,normalized,q06,reverse_distance_m,5,5,5,1.0,5,1.0,5,1.0,0,20.68275647518475,0.0,20.68275647518475,20.68275647518475,20.68275647518475,20.68275647518475,20.68275647518475
navfn,normalized,q06,reverse_ratio,5,5,5,1.0,5,1.0,5,1.0,0,0.7829384935985648,0.0,0.7829384935985648,0.7829384935985648,0.7829384935985648,0.7829384935985648,0.7829384935985648
navfn,normalized,q07,planning_time_ms,5,5,5,1.0,5,1.0,5,1.0,0,9.489709399999999,1.1756118869122154,9.298898,10.878065,11.056745,7.893808,11.101415
navfn,normalized,q07,wall_time_ms,5,5,5,1.0,5,1.0,5,1.0,0,46.797812799999996,1.109301045444248,46.226904,48.0814254,48.13288108,45.67261,48.145745
navfn,normalized,q07,cpu_total_ms,5,5,5,1.0,5,1.0,5,1.0,0,10.0,0.0,10.0,10.0,10.0,10.0,10.0
navfn,normalized,q07,cpu_percent,5,5,5,1.0,5,1.0,5,1.0,0,21.378063893750088,0.5033038535326532,21.632424269641767,21.852514142772954,21.886471370750886,20.77026744523322,21.89496067774537
navfn,normalized,q07,planner_rss_peak_bytes,5,5,5,1.0,5,1.0,5,1.0,0,128042598.4,196236.44892017386,128040960.0,128266240.0,128285900.8,127795200.0,128290816.0
navfn,normalized,q07,planner_pss_peak_bytes,5,5,5,1.0,5,1.0,5,1.0,0,92555878.4,196236.44892017386,92554240.0,92779520.0,92799180.8,92308480.0,92804096.0
navfn,normalized,q07,stack_rss_peak_bytes,5,5,5,1.0,5,1.0,5,1.0,0,238286438.4,196236.44892017386,238284800.0,238510080.0,238529740.8,238039040.0,238534656.0
navfn,normalized,q07,stack_pss_peak_bytes,5,5,5,1.0,5,1.0,5,1.0,0,137159270.4,196236.44892017386,137157632.0,137382912.0,137402572.8,136911872.0,137407488.0
navfn,normalized,q07,path_length_m,5,5,5,1.0,5,1.0,5,1.0,0,32.17947367923902,0.0,32.17947367923902,32.17947367923902,32.17947367923902,32.17947367923902,32.17947367923902
navfn,normalized,q07,euclidean_distance_m,5,5,5,1.0,5,1.0,5,1.0,0,24.675696545386515,0.0,24.675696545386515,24.675696545386515,24.675696545386515,24.675696545386515,24.675696545386515
navfn,normalized,q07,length_over_euclidean,5,5,5,1.0,5,1.0,5,1.0,0,1.3040958588565332,0.0,1.3040958588565332,1.3040958588565332,1.3040958588565332,1.3040958588565332,1.3040958588565332
navfn,normalized,q07,length_over_navfn,5,5,5,1.0,5,1.0,5,1.0,0,1.0,0.0,1.0,1.0,1.0,1.0,1.0
navfn,normalized,q07,length_over_shortest_observed_valid,5,5,5,1.0,5,1.0,5,1.0,0,1.0050194199213942,0.0,1.0050194199213942,1.0050194199213942,1.0050194199213942,1.0050194199213942,1.0050194199213942
navfn,normalized,q07,minimum_clearance_m,5,5,5,1.0,5,1.0,5,1.0,0,0.5793799757957458,0.0,0.5793799757957458,0.5793799757957458,0.5793799757957458,0.5793799757957458,0.5793799757957458
navfn,normalized,q07,clearance_p05_m,5,5,5,1.0,5,1.0,5,1.0,0,0.6192249655723572,0.0,0.6192249655723572,0.6192249655723572,0.6192249655723572,0.6192249655723572,0.6192249655723572
navfn,normalized,q07,clearance_p50_m,5,5,5,1.0,5,1.0,5,1.0,0,0.9000000357627869,0.0,0.9000000357627869,0.9000000357627869,0.9000000357627869,0.9000000357627869,0.9000000357627869
navfn,normalized,q07,footprint_collision_count,5,5,5,1.0,5,1.0,5,1.0,0,0.0,0.0,0.0,0.0,0.0,0.0,0.0
navfn,normalized,q07,heading_change_p95_rad,5,5,5,1.0,5,1.0,5,1.0,0,0.0,0.0,0.0,0.0,0.0,0.0,0.0
navfn,normalized,q07,curvature_p95_per_m,5,5,5,1.0,5,1.0,5,1.0,0,4.367450752203772,0.0,4.367450752203772,4.367450752203772,4.367450752203772,4.367450752203772,4.367450752203772
navfn,normalized,q07,preferred_radius_violation_count,5,5,5,1.0,5,1.0,5,1.0,0,164.0,0.0,164.0,164.0,164.0,164.0,164.0
navfn,normalized,q07,in_place_rotation_count,5,5,5,1.0,5,1.0,5,1.0,0,0.0,0.0,0.0,0.0,0.0,0.0,0.0
navfn,normalized,q07,reverse_distance_m,5,5,5,1.0,5,1.0,5,1.0,0,29.629474852211324,3.972054645195637e-15,29.629474852211327,29.629474852211327,29.629474852211327,29.629474852211327,29.629474852211327
navfn,normalized,q07,reverse_ratio,5,5,5,1.0,5,1.0,5,1.0,0,0.9207569753176896,0.0,0.9207569753176896,0.9207569753176896,0.9207569753176896,0.9207569753176896,0.9207569753176896
navfn,normalized,q08,planning_time_ms,5,5,5,1.0,5,1.0,5,1.0,0,8.727298399999999,1.46532376508702,9.474875,9.738748999999999,9.757428999999998,6.26577,9.762099
navfn,normalized,q08,wall_time_ms,5,5,5,1.0,5,1.0,5,1.0,0,37.9345674,1.6579659274811098,38.913025,38.992191999999996,38.998928,35.146265,39.000612
navfn,normalized,q08,cpu_total_ms,5,5,5,1.0,5,1.0,5,1.0,0,8.0,4.47213595499958,10.0,10.0,10.0,0.0,10.0
navfn,normalized,q08,cpu_percent,5,5,5,1.0,5,1.0,5,1.0,0,20.71291921740329,11.585277614638501,25.668331480422047,26.38551132561481,26.52294634564439,0.0,26.557305100651785
navfn,normalized,q08,planner_rss_peak_bytes,5,5,5,1.0,5,1.0,5,1.0,0,127698534.4,137950.70173362657,127696896.0,127855820.8,127869583.36,127524864.0,127873024.0
navfn,normalized,q08,planner_pss_peak_bytes,5,5,5,1.0,5,1.0,5,1.0,0,92183347.2,136661.61440287466,92182528.0,92338176.0,92351283.2,92010496.0,92354560.0
navfn,normalized,q08,stack_rss_peak_bytes,5,5,5,1.0,5,1.0,5,1.0,0,237775257.6,160022.0759170434,237760512.0,237971865.6,237996113.92,237588480.0,238002176.0
navfn,normalized,q08,stack_pss_peak_bytes,5,5,5,1.0,5,1.0,5,1.0,0,136795955.2,138274.88744960164,136794112.0,136953856.0,136967782.4,136622080.0,136971264.0
navfn,normalized,q08,path_length_m,5,5,5,1.0,5,1.0,5,1.0,0,22.609892941573342,0.0,22.609892941573342,22.609892941573342,22.609892941573342,22.609892941573342,22.609892941573342
navfn,normalized,q08,euclidean_distance_m,5,5,5,1.0,5,1.0,5,1.0,0,18.886238376129853,0.0,18.886238376129853,18.886238376129853,18.886238376129853,18.886238376129853,18.886238376129853
navfn,normalized,q08,length_over_euclidean,5,5,5,1.0,5,1.0,5,1.0,0,1.1971623195304888,0.0,1.1971623195304888,1.1971623195304888,1.1971623195304888,1.1971623195304888,1.1971623195304888
navfn,normalized,q08,length_over_navfn,5,5,5,1.0,5,1.0,5,1.0,0,1.0,0.0,1.0,1.0,1.0,1.0,1.0
navfn,normalized,q08,length_over_shortest_observed_valid,5,5,5,1.0,5,1.0,5,1.0,0,1.0,0.0,1.0,1.0,1.0,1.0,1.0
navfn,normalized,q08,minimum_clearance_m,5,5,5,1.0,5,1.0,5,1.0,0,0.5,0.0,0.5,0.5,0.5,0.5,0.5
navfn,normalized,q08,clearance_p05_m,5,5,5,1.0,5,1.0,5,1.0,0,0.5998449325561523,0.0,0.5998449325561523,0.5998449325561523,0.5998449325561523,0.5998449325561523,0.5998449325561523
navfn,normalized,q08,clearance_p50_m,5,5,5,1.0,5,1.0,5,1.0,0,0.699999988079071,0.0,0.699999988079071,0.699999988079071,0.699999988079071,0.699999988079071,0.699999988079071
navfn,normalized,q08,footprint_collision_count,5,5,5,1.0,5,1.0,5,1.0,0,0.0,0.0,0.0,0.0,0.0,0.0,0.0
navfn,normalized,q08,heading_change_p95_rad,5,5,5,1.0,5,1.0,5,1.0,0,0.0,0.0,0.0,0.0,0.0,0.0,0.0
navfn,normalized,q08,curvature_p95_per_m,5,5,5,1.0,5,1.0,5,1.0,0,9.596948875249382,0.0,9.596948875249382,9.596948875249382,9.596948875249382,9.596948875249382,9.596948875249382
navfn,normalized,q08,preferred_radius_violation_count,5,5,5,1.0,5,1.0,5,1.0,0,125.0,0.0,125.0,125.0,125.0,125.0,125.0
navfn,normalized,q08,in_place_rotation_count,5,5,5,1.0,5,1.0,5,1.0,0,0.0,0.0,0.0,0.0,0.0,0.0,0.0
navfn,normalized,q08,reverse_distance_m,5,5,5,1.0,5,1.0,5,1.0,0,1.96419140436944,0.0,1.96419140436944,1.96419140436944,1.96419140436944,1.96419140436944,1.96419140436944
navfn,normalized,q08,reverse_ratio,5,5,5,1.0,5,1.0,5,1.0,0,0.086873096190466,0.0,0.086873096190466,0.086873096190466,0.086873096190466,0.086873096190466,0.086873096190466
navfn,normalized,q09,planning_time_ms,5,5,5,1.0,5,1.0,5,1.0,0,7.803411399999999,1.06546872507587,8.178241,8.4736746,8.52049412,5.916927,8.532199
navfn,normalized,q09,wall_time_ms,5,5,5,1.0,5,1.0,5,1.0,0,28.088406599999995,1.2328500498222803,28.751824,28.9351016,28.93717392,26.059538,28.937692
navfn,normalized,q09,cpu_total_ms,5,5,5,1.0,5,1.0,5,1.0,0,6.0,5.477225575051661,10.0,10.0,10.0,0.0,10.0
navfn,normalized,q09,cpu_percent,5,5,5,1.0,5,1.0,5,1.0,0,21.788607671454805,19.936764491688667,34.55700613580379,37.901405875611665,38.2792137502125,0.0,38.3736657188627
navfn,normalized,q09,planner_rss_peak_bytes,5,5,5,1.0,5,1.0,5,1.0,0,127440486.4,86142.68765716566,127438848.0,127538790.4,127547310.08,127332352.0,127549440.0
navfn,normalized,q09,planner_pss_peak_bytes,5,5,5,1.0,5,1.0,5,1.0,0,91868774.4,86142.68765716566,91867136.0,91967078.4,91975598.08,91760640.0,91977728.0
navfn,normalized,q09,stack_rss_peak_bytes,5,5,5,1.0,5,1.0,5,1.0,0,237729382.4,86142.68765716566,237727744.0,237827686.4,237836206.08,237621248.0,237838336.0
navfn,normalized,q09,stack_pss_peak_bytes,5,5,5,1.0,5,1.0,5,1.0,0,136452710.4,86142.68765716566,136451072.0,136551014.4,136559534.08,136344576.0,136561664.0
navfn,normalized,q09,path_length_m,5,5,5,1.0,5,1.0,5,1.0,0,14.238579162212016,1.9860273225978185e-15,14.238579162212018,14.238579162212018,14.238579162212018,14.238579162212018,14.238579162212018
navfn,normalized,q09,euclidean_distance_m,5,5,5,1.0,5,1.0,5,1.0,0,12.969194269498782,0.0,12.969194269498782,12.969194269498782,12.969194269498782,12.969194269498782,12.969194269498782
navfn,normalized,q09,length_over_euclidean,5,5,5,1.0,5,1.0,5,1.0,0,1.0978769279213128,0.0,1.0978769279213128,1.0978769279213128,1.0978769279213128,1.0978769279213128,1.0978769279213128
navfn,normalized,q09,length_over_navfn,5,5,5,1.0,5,1.0,5,1.0,0,1.0,0.0,1.0,1.0,1.0,1.0,1.0
navfn,normalized,q09,length_over_shortest_observed_valid,5,5,5,1.0,5,1.0,5,1.0,0,1.0,0.0,1.0,1.0,1.0,1.0,1.0
navfn,normalized,q09,minimum_clearance_m,5,5,5,1.0,5,1.0,5,1.0,0,0.550000011920929,0.0,0.550000011920929,0.550000011920929,0.550000011920929,0.550000011920929,0.550000011920929
navfn,normalized,q09,clearance_p05_m,5,5,5,1.0,5,1.0,5,1.0,0,0.6192249655723572,0.0,0.6192249655723572,0.6192249655723572,0.6192249655723572,0.6192249655723572,0.6192249655723572
navfn,normalized,q09,clearance_p50_m,5,5,5,1.0,5,1.0,5,1.0,0,0.9596124291419985,1.2412670766236366e-16,0.9596124291419984,0.9596124291419984,0.9596124291419984,0.9596124291419984,0.9596124291419984
navfn,normalized,q09,footprint_collision_count,5,5,5,1.0,5,1.0,5,1.0,0,0.0,0.0,0.0,0.0,0.0,0.0,0.0
navfn,normalized,q09,heading_change_p95_rad,5,5,5,1.0,5,1.0,5,1.0,0,0.0,0.0,0.0,0.0,0.0,0.0,0.0
navfn,normalized,q09,curvature_p95_per_m,5,5,5,1.0,5,1.0,5,1.0,0,8.4701296241562,0.0,8.4701296241562,8.4701296241562,8.4701296241562,8.4701296241562,8.4701296241562
navfn,normalized,q09,preferred_radius_violation_count,5,5,5,1.0,5,1.0,5,1.0,0,92.0,0.0,92.0,92.0,92.0,92.0,92.0
navfn,normalized,q09,in_place_rotation_count,5,5,5,1.0,5,1.0,5,1.0,0,0.0,0.0,0.0,0.0,0.0,0.0,0.0
navfn,normalized,q09,reverse_distance_m,5,5,5,1.0,5,1.0,5,1.0,0,0.090009133909686,0.0,0.090009133909686,0.090009133909686,0.090009133909686,0.090009133909686,0.090009133909686
navfn,normalized,q09,reverse_ratio,5,5,5,1.0,5,1.0,5,1.0,0,0.006321496891246099,9.69739903612216e-19,0.0063214968912461,0.0063214968912461,0.0063214968912461,0.0063214968912461,0.0063214968912461
navfn,product,q00,planning_time_ms,5,5,5,1.0,5,1.0,5,1.0,0,10.9752826,0.7252292869419298,11.204822,11.5848738,11.65768356,9.751481,11.675886
navfn,product,q00,wall_time_ms,5,5,5,1.0,5,1.0,5,1.0,0,39.403581800000005,0.8099444928331193,39.430518,40.2088574,40.21024268,38.552058,40.210589
navfn,product,q00,cpu_total_ms,5,5,5,1.0,5,1.0,5,1.0,0,16.0,8.94427190999916,10.0,28.0,29.6,10.0,30.0
navfn,product,q00,cpu_percent,5,5,5,1.0,5,1.0,5,1.0,0,40.73745662155948,23.263333092913868,25.891433645705717,72.20325674356275,76.69413727156522,24.8690711792359,77.81685740356585
navfn,product,q00,planner_rss_peak_bytes,5,5,5,1.0,5,1.0,5,1.0,0,127605964.8,134714.19578945643,127606784.0,127758336.0,127771443.2,127434752.0,127774720.0
navfn,product,q00,planner_pss_peak_bytes,5,5,5,1.0,5,1.0,5,1.0,0,92153036.8,134714.19578945643,92153856.0,92305408.0,92318515.2,91981824.0,92321792.0
navfn,product,q00,stack_rss_peak_bytes,5,5,5,1.0,5,1.0,5,1.0,0,237956300.8,134714.19578945643,237957120.0,238108672.0,238121779.2,237785088.0,238125056.0
navfn,product,q00,stack_pss_peak_bytes,5,5,5,1.0,5,1.0,5,1.0,0,136754380.8,134714.19578945643,136755200.0,136906752.0,136919859.2,136583168.0,136923136.0
navfn,product,q00,path_length_m,5,5,5,1.0,5,1.0,5,1.0,0,22.18028813570485,0.0,22.18028813570485,22.18028813570485,22.18028813570485,22.18028813570485,22.18028813570485
navfn,product,q00,euclidean_distance_m,5,5,5,1.0,5,1.0,5,1.0,0,13.823530663329104,0.0,13.823530663329104,13.823530663329104,13.823530663329104,13.823530663329104,13.823530663329104
navfn,product,q00,length_over_euclidean,5,5,5,1.0,5,1.0,5,1.0,0,1.6045313368851886,2.482534153247273e-16,1.6045313368851888,1.6045313368851888,1.6045313368851888,1.6045313368851888,1.6045313368851888
navfn,product,q00,length_over_navfn,5,5,5,1.0,5,1.0,5,1.0,0,1.0,0.0,1.0,1.0,1.0,1.0,1.0
navfn,product,q00,length_over_shortest_observed_valid,5,5,5,1.0,5,1.0,5,1.0,0,1.0,0.0,1.0,1.0,1.0,1.0,1.0
navfn,product,q00,minimum_clearance_m,5,5,5,1.0,5,1.0,5,1.0,0,0.5,0.0,0.5,0.5,0.5,0.5,0.5
navfn,product,q00,clearance_p05_m,5,5,5,1.0,5,1.0,5,1.0,0,0.550000011920929,0.0,0.550000011920929,0.550000011920929,0.550000011920929,0.550000011920929,0.550000011920929
navfn,product,q00,clearance_p50_m,5,5,5,1.0,5,1.0,5,1.0,0,0.8389148712158203,0.0,0.8389148712158203,0.8389148712158203,0.8389148712158203,0.8389148712158203,0.8389148712158203
navfn,product,q00,footprint_collision_count,5,5,5,1.0,5,1.0,5,1.0,0,0.0,0.0,0.0,0.0,0.0,0.0,0.0
navfn,product,q00,heading_change_p95_rad,5,5,5,1.0,5,1.0,5,1.0,0,0.0,0.0,0.0,0.0,0.0,0.0,0.0
navfn,product,q00,curvature_p95_per_m,5,5,5,1.0,5,1.0,5,1.0,0,3.6581167297590853,4.965068306494546e-16,3.658116729759085,3.658116729759085,3.658116729759085,3.658116729759085,3.658116729759085
navfn,product,q00,preferred_radius_violation_count,5,5,5,1.0,5,1.0,5,1.0,0,96.0,0.0,96.0,96.0,96.0,96.0,96.0
navfn,product,q00,in_place_rotation_count,5,5,5,1.0,5,1.0,5,1.0,0,0.0,0.0,0.0,0.0,0.0,0.0,0.0
navfn,product,q00,reverse_distance_m,5,5,5,1.0,5,1.0,5,1.0,0,20.23028263413236,0.0,20.23028263413236,20.23028263413236,20.23028263413236,20.23028263413236,20.23028263413236
navfn,product,q00,reverse_ratio,5,5,5,1.0,5,1.0,5,1.0,0,0.9120838516775868,0.0,0.9120838516775868,0.9120838516775868,0.9120838516775868,0.9120838516775868,0.9120838516775868
navfn,product,q01,planning_time_ms,5,5,5,1.0,5,1.0,5,1.0,0,10.2296086,1.542235717315385,10.417909,11.536515,11.5846062,7.686732,11.596629
navfn,product,q01,wall_time_ms,5,5,5,1.0,5,1.0,5,1.0,0,50.58747219999999,1.3367432448001013,50.686796,52.1237584,52.31884368,48.785675,52.367615
navfn,product,q01,cpu_total_ms,5,5,5,1.0,5,1.0,5,1.0,0,12.0,4.47213595499958,10.0,18.0,19.6,10.0,20.0
navfn,product,q01,cpu_percent,5,5,5,1.0,5,1.0,5,1.0,0,23.597958054592585,8.165920233640415,20.02044367585516,34.65279815585286,37.48379372441694,19.55097968786157,38.19154261655796
navfn,product,q01,planner_rss_peak_bytes,5,5,5,1.0,5,1.0,5,1.0,0,128135168.0,217609.03510654147,128135168.0,128382566.4,128404193.28,127860736.0,128409600.0
navfn,product,q01,planner_pss_peak_bytes,5,5,5,1.0,5,1.0,5,1.0,0,92613632.0,217609.03510654147,92613632.0,92861030.4,92882657.28,92339200.0,92888064.0
navfn,product,q01,stack_rss_peak_bytes,5,5,5,1.0,5,1.0,5,1.0,0,238616576.0,217609.03510654147,238616576.0,238863974.4,238885601.28,238342144.0,238891008.0
navfn,product,q01,stack_pss_peak_bytes,5,5,5,1.0,5,1.0,5,1.0,0,137346048.0,217609.03510654147,137346048.0,137593446.4,137615073.28,137071616.0,137620480.0
navfn,product,q01,path_length_m,5,5,5,1.0,5,1.0,5,1.0,0,36.166092131684536,0.0,36.166092131684536,36.166092131684536,36.166092131684536,36.166092131684536,36.166092131684536
navfn,product,q01,euclidean_distance_m,5,5,5,1.0,5,1.0,5,1.0,0,24.42478249647272,0.0,24.42478249647272,24.42478249647272,24.42478249647272,24.42478249647272,24.42478249647272
navfn,product,q01,length_over_euclidean,5,5,5,1.0,5,1.0,5,1.0,0,1.480712965894678,0.0,1.480712965894678,1.480712965894678,1.480712965894678,1.480712965894678,1.480712965894678
navfn,product,q01,length_over_navfn,5,5,5,1.0,5,1.0,5,1.0,0,1.0,0.0,1.0,1.0,1.0,1.0,1.0
navfn,product,q01,length_over_shortest_observed_valid,5,5,5,1.0,5,1.0,5,1.0,0,1.0,0.0,1.0,1.0,1.0,1.0,1.0
navfn,product,q01,minimum_clearance_m,5,5,5,1.0,5,1.0,5,1.0,0,0.5295349955558777,0.0,0.5295349955558777,0.5295349955558777,0.5295349955558777,0.5295349955558777,0.5295349955558777
navfn,product,q01,clearance_p05_m,5,5,5,1.0,5,1.0,5,1.0,0,0.6192249655723572,0.0,0.6192249655723572,0.6192249655723572,0.6192249655723572,0.6192249655723572,0.6192249655723572
navfn,product,q01,clearance_p50_m,5,5,5,1.0,5,1.0,5,1.0,0,1.0,0.0,1.0,1.0,1.0,1.0,1.0
navfn,product,q01,footprint_collision_count,5,5,5,1.0,5,1.0,5,1.0,0,0.0,0.0,0.0,0.0,0.0,0.0,0.0
navfn,product,q01,heading_change_p95_rad,5,5,5,1.0,5,1.0,5,1.0,0,0.0,0.0,0.0,0.0,0.0,0.0,0.0
navfn,product,q01,curvature_p95_per_m,5,5,5,1.0,5,1.0,5,1.0,0,5.812350661790414,0.0,5.812350661790414,5.812350661790414,5.812350661790414,5.812350661790414,5.812350661790414
navfn,product,q01,preferred_radius_violation_count,5,5,5,1.0,5,1.0,5,1.0,0,200.0,0.0,200.0,200.0,200.0,200.0,200.0
navfn,product,q01,in_place_rotation_count,5,5,5,1.0,5,1.0,5,1.0,0,0.0,0.0,0.0,0.0,0.0,0.0,0.0
navfn,product,q01,reverse_distance_m,5,5,5,1.0,5,1.0,5,1.0,0,35.41609361795899,0.0,35.41609361795899,35.41609361795899,35.41609361795899,35.41609361795899,35.41609361795899
navfn,product,q01,reverse_ratio,5,5,5,1.0,5,1.0,5,1.0,0,0.9792623844734256,0.0,0.9792623844734256,0.9792623844734256,0.9792623844734256,0.9792623844734256,0.9792623844734256
navfn,product,q02,planning_time_ms,5,5,5,1.0,5,1.0,5,1.0,0,11.447168200000002,1.356871479427842,10.89403,13.2709284,13.57119128,10.161985,13.646257
navfn,product,q02,wall_time_ms,5,5,5,1.0,5,1.0,5,1.0,0,50.5152394,6.29911421886441,48.104505,59.148880399999996,60.98420008,45.691774,61.44303
navfn,product,q02,cpu_total_ms,5,5,5,1.0,5,1.0,5,1.0,0,14.0,5.477225575051661,10.0,20.0,20.0,10.0,20.0
navfn,product,q02,cpu_percent,5,5,5,1.0,5,1.0,5,1.0,0,28.239380023390037,11.973725681962211,21.88577751435083,41.784935799007414,42.137485618925155,16.275239030366826,42.22562307390459
navfn,product,q02,planner_rss_peak_bytes,5,5,5,1.0,5,1.0,5,1.0,0,127887769.6,179398.25376184686,127889408.0,128091750.4,128110100.48,127660032.0,128114688.0
navfn,product,q02,planner_pss_peak_bytes,5,5,5,1.0,5,1.0,5,1.0,0,92417433.6,179398.25376184686,92419072.0,92621414.4,92639764.48,92189696.0,92644352.0
navfn,product,q02,stack_rss_peak_bytes,5,5,5,1.0,5,1.0,5,1.0,0,238217625.6,179398.25376184686,238219264.0,238421606.4,238439956.48,237989888.0,238444544.0
navfn,product,q02,stack_pss_peak_bytes,5,5,5,1.0,5,1.0,5,1.0,0,137042329.6,179398.25376184686,137043968.0,137246310.4,137264660.48,136814592.0,137269248.0
navfn,product,q02,path_length_m,5,5,5,1.0,5,1.0,5,1.0,0,29.772290651547813,3.972054645195637e-15,29.772290651547817,29.772290651547817,29.772290651547817,29.772290651547817,29.772290651547817
navfn,product,q02,euclidean_distance_m,5,5,5,1.0,5,1.0,5,1.0,0,15.380832227158578,0.0,15.380832227158578,15.380832227158578,15.380832227158578,15.380832227158578,15.380832227158578
navfn,product,q02,length_over_euclidean,5,5,5,1.0,5,1.0,5,1.0,0,1.9356748849374772,2.482534153247273e-16,1.935674884937477,1.935674884937477,1.935674884937477,1.935674884937477,1.935674884937477
navfn,product,q02,length_over_navfn,5,5,5,1.0,5,1.0,5,1.0,0,1.0,0.0,1.0,1.0,1.0,1.0,1.0
navfn,product,q02,length_over_shortest_observed_valid,5,5,5,1.0,5,1.0,5,1.0,0,1.029942289880104,0.0,1.029942289880104,1.029942289880104,1.029942289880104,1.029942289880104,1.029942289880104
navfn,product,q02,minimum_clearance_m,5,5,5,1.0,5,1.0,5,1.0,0,0.5295349955558777,0.0,0.5295349955558777,0.5295349955558777,0.5295349955558777,0.5295349955558777,0.5295349955558777
navfn,product,q02,clearance_p05_m,5,5,5,1.0,5,1.0,5,1.0,0,0.6000000238418579,0.0,0.6000000238418579,0.6000000238418579,0.6000000238418579,0.6000000238418579,0.6000000238418579
navfn,product,q02,clearance_p50_m,5,5,5,1.0,5,1.0,5,1.0,0,0.7196899652481079,0.0,0.7196899652481079,0.7196899652481079,0.7196899652481079,0.7196899652481079,0.7196899652481079
navfn,product,q02,footprint_collision_count,5,5,5,1.0,5,1.0,5,1.0,0,0.0,0.0,0.0,0.0,0.0,0.0,0.0
navfn,product,q02,heading_change_p95_rad,5,5,5,1.0,5,1.0,5,1.0,0,0.0,0.0,0.0,0.0,0.0,0.0,0.0
navfn,product,q02,curvature_p95_per_m,5,5,5,1.0,5,1.0,5,1.0,0,10.322216782075898,0.0,10.322216782075898,10.322216782075898,10.322216782075898,10.322216782075898,10.322216782075898
navfn,product,q02,preferred_radius_violation_count,5,5,5,1.0,5,1.0,5,1.0,0,259.0,0.0,259.0,259.0,259.0,259.0,259.0
navfn,product,q02,in_place_rotation_count,5,5,5,1.0,5,1.0,5,1.0,0,0.0,0.0,0.0,0.0,0.0,0.0,0.0
navfn,product,q02,reverse_distance_m,5,5,5,1.0,5,1.0,5,1.0,0,3.1445592225488466,0.0,3.1445592225488466,3.1445592225488466,3.1445592225488466,3.1445592225488466,3.1445592225488466
navfn,product,q02,reverse_ratio,5,5,5,1.0,5,1.0,5,1.0,0,0.1056203319842763,0.0,0.1056203319842763,0.1056203319842763,0.1056203319842763,0.1056203319842763,0.1056203319842763
navfn,product,q03,planning_time_ms,5,5,5,1.0,5,1.0,5,1.0,0,10.6887142,2.1893340886287094,10.035877,13.5819388,14.08524856,8.384177,14.211076
navfn,product,q03,wall_time_ms,5,5,5,1.0,5,1.0,5,1.0,0,75.52574340000001,12.992884227479449,70.396844,93.11617499999998,97.5445982,67.570661,98.651704
navfn,product,q03,cpu_total_ms,5,5,5,1.0,5,1.0,5,1.0,0,12.0,4.47213595499958,10.0,18.0,19.6,10.0,20.0
navfn,product,q03,cpu_percent,5,5,5,1.0,5,1.0,5,1.0,0,16.357559780221543,7.066279075274931,14.205182266409556,25.80543802145681,28.006661136632108,10.136672347798472,28.55696691542593
navfn,product,q03,planner_rss_peak_bytes,5,5,5,1.0,5,1.0,5,1.0,0,128697958.4,319285.7616318022,128696320.0,129061683.2,129093795.84,128294912.0,129101824.0
navfn,product,q03,planner_pss_peak_bytes,5,5,5,1.0,5,1.0,5,1.0,0,93274726.4,319285.7616318022,93273088.0,93638451.2,93670563.84,92871680.0,93678592.0
navfn,product,q03,stack_rss_peak_bytes,5,5,5,1.0,5,1.0,5,1.0,0,239044198.4,319285.7616318022,239042560.0,239407923.2,239440035.84,238641152.0,239448064.0
navfn,product,q03,stack_pss_peak_bytes,5,5,5,1.0,5,1.0,5,1.0,0,137881190.4,319285.7616318022,137879552.0,138244915.2,138277027.84,137478144.0,138285056.0
navfn,product,q03,path_length_m,5,5,5,1.0,5,1.0,5,1.0,0,52.647231305593415,0.0,52.647231305593415,52.647231305593415,52.647231305593415,52.647231305593415,52.647231305593415
navfn,product,q03,euclidean_distance_m,5,5,5,1.0,5,1.0,5,1.0,0,35.05567001213926,0.0,35.05567001213926,35.05567001213926,35.05567001213926,35.05567001213926,35.05567001213926
navfn,product,q03,length_over_euclidean,5,5,5,1.0,5,1.0,5,1.0,0,1.5018178596319072,0.0,1.5018178596319072,1.5018178596319072,1.5018178596319072,1.5018178596319072,1.5018178596319072
navfn,product,q03,length_over_navfn,5,5,5,1.0,5,1.0,5,1.0,0,1.0,0.0,1.0,1.0,1.0,1.0,1.0
navfn,product,q03,length_over_shortest_observed_valid,5,5,5,1.0,5,1.0,5,1.0,0,1.0,0.0,1.0,1.0,1.0,1.0,1.0
navfn,product,q03,minimum_clearance_m,5,5,5,1.0,5,1.0,5,1.0,0,0.5196899771690369,0.0,0.5196899771690369,0.5196899771690369,0.5196899771690369,0.5196899771690369,0.5196899771690369
navfn,product,q03,clearance_p05_m,5,5,5,1.0,5,1.0,5,1.0,0,0.5998449325561523,0.0,0.5998449325561523,0.5998449325561523,0.5998449325561523,0.5998449325561523,0.5998449325561523
navfn,product,q03,clearance_p50_m,5,5,5,1.0,5,1.0,5,1.0,0,0.6500000357627869,0.0,0.6500000357627869,0.6500000357627869,0.6500000357627869,0.6500000357627869,0.6500000357627869
navfn,product,q03,footprint_collision_count,5,5,5,1.0,5,1.0,5,1.0,0,0.0,0.0,0.0,0.0,0.0,0.0,0.0
navfn,product,q03,heading_change_p95_rad,5,5,5,1.0,5,1.0,5,1.0,0,0.0,0.0,0.0,0.0,0.0,0.0,0.0
navfn,product,q03,curvature_p95_per_m,5,5,5,1.0,5,1.0,5,1.0,0,18.879245122893213,0.0,18.879245122893213,18.879245122893213,18.879245122893213,18.879245122893213,18.879245122893213
navfn,product,q03,preferred_radius_violation_count,5,5,5,1.0,5,1.0,5,1.0,0,636.0,0.0,636.0,636.0,636.0,636.0,636.0
navfn,product,q03,in_place_rotation_count,5,5,5,1.0,5,1.0,5,1.0,0,0.0,0.0,0.0,0.0,0.0,0.0,0.0
navfn,product,q03,reverse_distance_m,5,5,5,1.0,5,1.0,5,1.0,0,18.879377424961145,0.0,18.879377424961145,18.879377424961145,18.879377424961145,18.879377424961145,18.879377424961145
navfn,product,q03,reverse_ratio,5,5,5,1.0,5,1.0,5,1.0,0,0.3586015248432511,0.0,0.3586015248432511,0.3586015248432511,0.3586015248432511,0.3586015248432511,0.3586015248432511
navfn,product,q04,planning_time_ms,5,5,5,1.0,5,1.0,5,1.0,0,10.4448732,1.6792079005299496,11.013714,11.660475400000001,11.66633588,7.610835,11.667801
navfn,product,q04,wall_time_ms,5,5,5,1.0,5,1.0,5,1.0,0,52.7822314,1.6740812976117077,52.595731,54.388234600000004,54.443973320000005,50.225191,54.457908
navfn,product,q04,cpu_total_ms,5,5,5,1.0,5,1.0,5,1.0,0,12.0,4.47213595499958,10.0,18.0,19.6,10.0,20.0
navfn,product,q04,cpu_percent,5,5,5,1.0,5,1.0,5,1.0,0,22.657499428057093,8.01538288075917,19.039355604632245,33.55171200030683,36.27998890658043,18.362806004226236,36.96205813314883
navfn,product,q04,planner_rss_peak_bytes,5,5,5,1.0,5,1.0,5,1.0,0,127994265.6,192350.70689966285,127995904.0,128212992.0,128232652.8,127750144.0,128237568.0
navfn,product,q04,planner_pss_peak_bytes,5,5,5,1.0,5,1.0,5,1.0,0,92478873.6,192350.70689966285,92480512.0,92697600.0,92717260.8,92234752.0,92722176.0
navfn,product,q04,stack_rss_peak_bytes,5,5,5,1.0,5,1.0,5,1.0,0,237971865.6,192350.70689966285,237973504.0,238190592.0,238210252.8,237727744.0,238215168.0
navfn,product,q04,stack_pss_peak_bytes,5,5,5,1.0,5,1.0,5,1.0,0,136994201.6,192350.70689966285,136995840.0,137212928.0,137232588.8,136750080.0,137237504.0
navfn,product,q04,path_length_m,5,5,5,1.0,5,1.0,5,1.0,0,31.5993601735672,3.972054645195637e-15,31.599360173567195,31.599360173567195,31.599360173567195,31.599360173567195,31.599360173567195
navfn,product,q04,euclidean_distance_m,5,5,5,1.0,5,1.0,5,1.0,0,26.602443496791796,0.0,26.602443496791796,26.602443496791796,26.602443496791796,26.602443496791796,26.602443496791796
navfn,product,q04,length_over_euclidean,5,5,5,1.0,5,1.0,5,1.0,0,1.1878367555739011,0.0,1.1878367555739011,1.1878367555739011,1.1878367555739011,1.1878367555739011,1.1878367555739011
navfn,product,q04,length_over_navfn,5,5,5,1.0,5,1.0,5,1.0,0,1.0,0.0,1.0,1.0,1.0,1.0,1.0
navfn,product,q04,length_over_shortest_observed_valid,5,5,5,1.0,5,1.0,5,1.0,0,1.0,0.0,1.0,1.0,1.0,1.0,1.0
navfn,product,q04,minimum_clearance_m,5,5,5,1.0,5,1.0,5,1.0,0,0.4000000059604645,0.0,0.4000000059604645,0.4000000059604645,0.4000000059604645,0.4000000059604645,0.4000000059604645
navfn,product,q04,clearance_p05_m,5,5,5,1.0,5,1.0,5,1.0,0,0.6295350193977356,0.0,0.6295350193977356,0.6295350193977356,0.6295350193977356,0.6295350193977356,0.6295350193977356
navfn,product,q04,clearance_p50_m,5,5,5,1.0,5,1.0,5,1.0,0,0.8500000238418579,0.0,0.8500000238418579,0.8500000238418579,0.8500000238418579,0.8500000238418579,0.8500000238418579
navfn,product,q04,footprint_collision_count,5,5,5,1.0,5,1.0,5,1.0,0,0.0,0.0,0.0,0.0,0.0,0.0,0.0
navfn,product,q04,heading_change_p95_rad,5,5,5,1.0,5,1.0,5,1.0,0,0.0,0.0,0.0,0.0,0.0,0.0,0.0
navfn,product,q04,curvature_p95_per_m,5,5,5,1.0,5,1.0,5,1.0,0,6.406188787775067,0.0,6.406188787775067,6.406188787775067,6.406188787775067,6.406188787775067,6.406188787775067
navfn,product,q04,preferred_radius_violation_count,5,5,5,1.0,5,1.0,5,1.0,0,216.0,0.0,216.0,216.0,216.0,216.0,216.0
navfn,product,q04,in_place_rotation_count,5,5,5,1.0,5,1.0,5,1.0,0,0.0,0.0,0.0,0.0,0.0,0.0,0.0
navfn,product,q04,reverse_distance_m,5,5,5,1.0,5,1.0,5,1.0,0,22.202233861464787,0.0,22.202233861464787,22.202233861464787,22.202233861464787,22.202233861464787,22.202233861464787
navfn,product,q04,reverse_ratio,5,5,5,1.0,5,1.0,5,1.0,0,0.7026165637377972,0.0,0.7026165637377972,0.7026165637377972,0.7026165637377972,0.7026165637377972,0.7026165637377972
navfn,product,q05,planning_time_ms,5,5,5,1.0,5,1.0,5,1.0,0,8.1494196,1.4702526542454535,8.709699,9.5037686,9.54540412,6.279862,9.555813
navfn,product,q05,wall_time_ms,5,5,5,1.0,5,1.0,5,1.0,0,31.789138199999996,2.2522098150259438,31.924685,33.9343692,33.96633944,28.567602,33.974332
navfn,product,q05,cpu_total_ms,5,5,5,1.0,5,1.0,5,1.0,0,10.0,7.0710678118654755,10.0,18.0,19.6,0.0,20.0
navfn,product,q05,cpu_percent,5,5,5,1.0,5,1.0,5,1.0,0,30.851602309245607,22.188401033167487,29.60812053631676,56.631649058574894,61.44428712280512,0.0,62.64744663886268
navfn,product,q05,planner_rss_peak_bytes,5,5,5,1.0,5,1.0,5,1.0,0,127431475.2,95858.65220834268,127430656.0,127541248.0,127551078.4,127311872.0,127553536.0
navfn,product,q05,planner_pss_peak_bytes,5,5,5,1.0,5,1.0,5,1.0,0,91953971.2,95858.65220834268,91953152.0,92063744.0,92073574.4,91834368.0,92076032.0
navfn,product,q05,stack_rss_peak_bytes,5,5,5,1.0,5,1.0,5,1.0,0,237724467.2,95858.65220834268,237723648.0,237834240.0,237844070.4,237604864.0,237846528.0
navfn,product,q05,stack_pss_peak_bytes,5,5,5,1.0,5,1.0,5,1.0,0,136534835.2,95858.65220834268,136534016.0,136644608.0,136654438.4,136415232.0,136656896.0
navfn,product,q05,path_length_m,5,5,5,1.0,5,1.0,5,1.0,0,15.743498865712052,0.0,15.743498865712052,15.743498865712052,15.743498865712052,15.743498865712052,15.743498865712052
navfn,product,q05,euclidean_distance_m,5,5,5,1.0,5,1.0,5,1.0,0,14.38367129769031,0.0,14.38367129769031,14.38367129769031,14.38367129769031,14.38367129769031,14.38367129769031
navfn,product,q05,length_over_euclidean,5,5,5,1.0,5,1.0,5,1.0,0,1.0945396720961011,0.0,1.0945396720961011,1.0945396720961011,1.0945396720961011,1.0945396720961011,1.0945396720961011
navfn,product,q05,length_over_navfn,5,5,5,1.0,5,1.0,5,1.0,0,1.0,0.0,1.0,1.0,1.0,1.0,1.0
navfn,product,q05,length_over_shortest_observed_valid,5,5,5,1.0,5,1.0,5,1.0,0,1.0,0.0,1.0,1.0,1.0,1.0,1.0
navfn,product,q05,minimum_clearance_m,5,5,5,1.0,5,1.0,5,1.0,0,0.5196899771690369,0.0,0.5196899771690369,0.5196899771690369,0.5196899771690369,0.5196899771690369,0.5196899771690369
navfn,product,q05,clearance_p05_m,5,5,5,1.0,5,1.0,5,1.0,0,0.569689929485321,0.0,0.569689929485321,0.569689929485321,0.569689929485321,0.569689929485321,0.569689929485321
navfn,product,q05,clearance_p50_m,5,5,5,1.0,5,1.0,5,1.0,0,1.0887597799301147,0.0,1.0887597799301147,1.0887597799301147,1.0887597799301147,1.0887597799301147,1.0887597799301147
navfn,product,q05,footprint_collision_count,5,5,5,1.0,5,1.0,5,1.0,0,0.0,0.0,0.0,0.0,0.0,0.0,0.0
navfn,product,q05,heading_change_p95_rad,5,5,5,1.0,5,1.0,5,1.0,0,0.0,0.0,0.0,0.0,0.0,0.0,0.0
navfn,product,q05,curvature_p95_per_m,5,5,5,1.0,5,1.0,5,1.0,0,6.258057224503991,0.0,6.258057224503991,6.258057224503991,6.258057224503991,6.258057224503991,6.258057224503991
navfn,product,q05,preferred_radius_violation_count,5,5,5,1.0,5,1.0,5,1.0,0,74.0,0.0,74.0,74.0,74.0,74.0,74.0
navfn,product,q05,in_place_rotation_count,5,5,5,1.0,5,1.0,5,1.0,0,0.0,0.0,0.0,0.0,0.0,0.0,0.0
navfn,product,q05,reverse_distance_m,5,5,5,1.0,5,1.0,5,1.0,0,0.8197050983778228,0.0,0.8197050983778228,0.8197050983778228,0.8197050983778228,0.8197050983778228,0.8197050983778228
navfn,product,q05,reverse_ratio,5,5,5,1.0,5,1.0,5,1.0,0,0.052066259563372394,7.757919228897728e-18,0.0520662595633724,0.0520662595633724,0.0520662595633724,0.0520662595633724,0.0520662595633724
navfn,product,q06,planning_time_ms,5,5,5,1.0,5,1.0,5,1.0,0,8.7493644,1.4617188801761098,9.199921,9.6013848,9.60514976,6.158522,9.606091
navfn,product,q06,wall_time_ms,5,5,5,1.0,5,1.0,5,1.0,0,43.5581618,1.4991409801133466,44.390728,44.5164028,44.53014696,41.002022,44.533583
navfn,product,q06,cpu_total_ms,5,5,5,1.0,5,1.0,5,1.0,0,12.0,8.366600265340756,10.0,20.0,20.0,0.0,20.0
navfn,product,q06,cpu_percent,5,5,5,1.0,5,1.0,5,1.0,0,27.107740373428715,18.80947358705858,23.032562008148275,45.04290741383217,45.052144453844534,0.0,45.05445371384763
navfn,product,q06,planner_rss_peak_bytes,5,5,5,1.0,5,1.0,5,1.0,0,127842713.6,159969.645760688,127844352.0,128024576.0,128040960.0,127639552.0,128045056.0
navfn,product,q06,planner_pss_peak_bytes,5,5,5,1.0,5,1.0,5,1.0,0,92320153.6,159969.645760688,92321792.0,92502016.0,92518400.0,92116992.0,92522496.0
navfn,product,q06,stack_rss_peak_bytes,5,5,5,1.0,5,1.0,5,1.0,0,238254489.6,159969.645760688,238256128.0,238436352.0,238452736.0,238051328.0,238456832.0
navfn,product,q06,stack_pss_peak_bytes,5,5,5,1.0,5,1.0,5,1.0,0,136968601.6,159969.645760688,136970240.0,137150464.0,137166848.0,136765440.0,137170944.0
navfn,product,q06,path_length_m,5,5,5,1.0,5,1.0,5,1.0,0,26.41683432899315,3.972054645195637e-15,26.416834328993147,26.416834328993147,26.416834328993147,26.416834328993147,26.416834328993147
navfn,product,q06,euclidean_distance_m,5,5,5,1.0,5,1.0,5,1.0,0,24.36472860509634,0.0,24.36472860509634,24.36472860509634,24.36472860509634,24.36472860509634,24.36472860509634
navfn,product,q06,length_over_euclidean,5,5,5,1.0,5,1.0,5,1.0,0,1.084224444160957,0.0,1.084224444160957,1.084224444160957,1.084224444160957,1.084224444160957,1.084224444160957
navfn,product,q06,length_over_navfn,5,5,5,1.0,5,1.0,5,1.0,0,1.0,0.0,1.0,1.0,1.0,1.0,1.0
navfn,product,q06,length_over_shortest_observed_valid,5,5,5,1.0,5,1.0,5,1.0,0,1.0,0.0,1.0,1.0,1.0,1.0,1.0
navfn,product,q06,minimum_clearance_m,5,5,5,1.0,5,1.0,5,1.0,0,0.6000000238418579,0.0,0.6000000238418579,0.6000000238418579,0.6000000238418579,0.6000000238418579,0.6000000238418579
navfn,product,q06,clearance_p05_m,5,5,5,1.0,5,1.0,5,1.0,0,0.6500000357627869,0.0,0.6500000357627869,0.6500000357627869,0.6500000357627869,0.6500000357627869,0.6500000357627869
navfn,product,q06,clearance_p50_m,5,5,5,1.0,5,1.0,5,1.0,0,0.9000000357627869,0.0,0.9000000357627869,0.9000000357627869,0.9000000357627869,0.9000000357627869,0.9000000357627869
navfn,product,q06,footprint_collision_count,5,5,5,1.0,5,1.0,5,1.0,0,0.0,0.0,0.0,0.0,0.0,0.0,0.0
navfn,product,q06,heading_change_p95_rad,5,5,5,1.0,5,1.0,5,1.0,0,0.0,0.0,0.0,0.0,0.0,0.0,0.0
navfn,product,q06,curvature_p95_per_m,5,5,5,1.0,5,1.0,5,1.0,0,27.33184763360861,0.0,27.33184763360861,27.33184763360861,27.33184763360861,27.33184763360861,27.33184763360861
navfn,product,q06,preferred_radius_violation_count,5,5,5,1.0,5,1.0,5,1.0,0,454.0,0.0,454.0,454.0,454.0,454.0,454.0
navfn,product,q06,in_place_rotation_count,5,5,5,1.0,5,1.0,5,1.0,0,0.0,0.0,0.0,0.0,0.0,0.0,0.0
navfn,product,q06,reverse_distance_m,5,5,5,1.0,5,1.0,5,1.0,0,20.68275647518475,0.0,20.68275647518475,20.68275647518475,20.68275647518475,20.68275647518475,20.68275647518475
navfn,product,q06,reverse_ratio,5,5,5,1.0,5,1.0,5,1.0,0,0.7829384935985648,0.0,0.7829384935985648,0.7829384935985648,0.7829384935985648,0.7829384935985648,0.7829384935985648
navfn,product,q07,planning_time_ms,5,5,5,1.0,5,1.0,5,1.0,0,11.264108400000001,0.977445273101415,11.568418,12.1192264,12.153542080000001,9.739326,12.162121
navfn,product,q07,wall_time_ms,5,5,5,1.0,5,1.0,5,1.0,0,49.5988098,1.0987749530796551,49.790939,50.7686158,50.92967756,47.956211,50.969943
navfn,product,q07,cpu_total_ms,5,5,5,1.0,5,1.0,5,1.0,0,14.0,5.477225575051661,10.0,20.0,20.0,10.0,20.0
navfn,product,q07,cpu_percent,5,5,5,1.0,5,1.0,5,1.0,0,28.24222483756754,11.073903275748718,20.8523563298193,40.47896856567235,40.54117207075713,19.61940589182138,40.55672294702832
navfn,product,q07,planner_rss_peak_bytes,5,5,5,1.0,5,1.0,5,1.0,0,128046694.4,196236.44892017386,128045056.0,128270336.0,128289996.8,127799296.0,128294912.0
navfn,product,q07,planner_pss_peak_bytes,5,5,5,1.0,5,1.0,5,1.0,0,92457574.4,196236.44892017386,92455936.0,92681216.0,92700876.8,92210176.0,92705792.0
navfn,product,q07,stack_rss_peak_bytes,5,5,5,1.0,5,1.0,5,1.0,0,238503526.4,196236.44892017386,238501888.0,238727168.0,238746828.8,238256128.0,238751744.0
navfn,product,q07,stack_pss_peak_bytes,5,5,5,1.0,5,1.0,5,1.0,0,137064038.4,196236.44892017386,137062400.0,137287680.0,137307340.8,136816640.0,137312256.0
navfn,product,q07,path_length_m,5,5,5,1.0,5,1.0,5,1.0,0,32.17947367923902,0.0,32.17947367923902,32.17947367923902,32.17947367923902,32.17947367923902,32.17947367923902
navfn,product,q07,euclidean_distance_m,5,5,5,1.0,5,1.0,5,1.0,0,24.675696545386515,0.0,24.675696545386515,24.675696545386515,24.675696545386515,24.675696545386515,24.675696545386515
navfn,product,q07,length_over_euclidean,5,5,5,1.0,5,1.0,5,1.0,0,1.3040958588565332,0.0,1.3040958588565332,1.3040958588565332,1.3040958588565332,1.3040958588565332,1.3040958588565332
navfn,product,q07,length_over_navfn,5,5,5,1.0,5,1.0,5,1.0,0,1.0,0.0,1.0,1.0,1.0,1.0,1.0
navfn,product,q07,length_over_shortest_observed_valid,5,5,5,1.0,5,1.0,5,1.0,0,1.0019033551728913,0.0,1.0019033551728913,1.0019033551728913,1.0019033551728913,1.0019033551728913,1.0019033551728913
navfn,product,q07,minimum_clearance_m,5,5,5,1.0,5,1.0,5,1.0,0,0.5793799757957458,0.0,0.5793799757957458,0.5793799757957458,0.5793799757957458,0.5793799757957458,0.5793799757957458
navfn,product,q07,clearance_p05_m,5,5,5,1.0,5,1.0,5,1.0,0,0.6192249655723572,0.0,0.6192249655723572,0.6192249655723572,0.6192249655723572,0.6192249655723572,0.6192249655723572
navfn,product,q07,clearance_p50_m,5,5,5,1.0,5,1.0,5,1.0,0,0.9000000357627869,0.0,0.9000000357627869,0.9000000357627869,0.9000000357627869,0.9000000357627869,0.9000000357627869
navfn,product,q07,footprint_collision_count,5,5,5,1.0,5,1.0,5,1.0,0,0.0,0.0,0.0,0.0,0.0,0.0,0.0
navfn,product,q07,heading_change_p95_rad,5,5,5,1.0,5,1.0,5,1.0,0,0.0,0.0,0.0,0.0,0.0,0.0,0.0
navfn,product,q07,curvature_p95_per_m,5,5,5,1.0,5,1.0,5,1.0,0,4.367450752203772,0.0,4.367450752203772,4.367450752203772,4.367450752203772,4.367450752203772,4.367450752203772
navfn,product,q07,preferred_radius_violation_count,5,5,5,1.0,5,1.0,5,1.0,0,164.0,0.0,164.0,164.0,164.0,164.0,164.0
navfn,product,q07,in_place_rotation_count,5,5,5,1.0,5,1.0,5,1.0,0,0.0,0.0,0.0,0.0,0.0,0.0,0.0
navfn,product,q07,reverse_distance_m,5,5,5,1.0,5,1.0,5,1.0,0,29.629474852211324,3.972054645195637e-15,29.629474852211327,29.629474852211327,29.629474852211327,29.629474852211327,29.629474852211327
navfn,product,q07,reverse_ratio,5,5,5,1.0,5,1.0,5,1.0,0,0.9207569753176896,0.0,0.9207569753176896,0.9207569753176896,0.9207569753176896,0.9207569753176896,0.9207569753176896
navfn,product,q08,planning_time_ms,5,5,5,1.0,5,1.0,5,1.0,0,9.527592000000002,1.654320287942755,10.376605,11.1063618,11.23994516,7.455161,11.273341
navfn,product,q08,wall_time_ms,5,5,5,1.0,5,1.0,5,1.0,0,45.6524228,6.239592572506896,42.915257,53.6825022,54.534210040000005,40.573293,54.747137
navfn,product,q08,cpu_total_ms,5,5,5,1.0,5,1.0,5,1.0,0,10.0,0.0,10.0,10.0,10.0,10.0,10.0
navfn,product,q08,cpu_percent,5,5,5,1.0,5,1.0,5,1.0,0,22.215286746274764,2.848078023853422,23.301736256641785,24.6432131898477,24.646046399108677,18.265795341955503,24.64675470142392
navfn,product,q08,planner_rss_peak_bytes,5,5,5,1.0,5,1.0,5,1.0,0,127698534.4,137950.70173362657,127696896.0,127855820.8,127869583.36,127524864.0,127873024.0
navfn,product,q08,planner_pss_peak_bytes,5,5,5,1.0,5,1.0,5,1.0,0,92263628.8,136015.57294368907,92260352.0,92419276.8,92433039.36,92092416.0,92436480.0
navfn,product,q08,stack_rss_peak_bytes,5,5,5,1.0,5,1.0,5,1.0,0,237909606.4,137950.70173362657,237907968.0,238066892.8,238080655.36,237735936.0,238084096.0
navfn,product,q08,stack_pss_peak_bytes,5,5,5,1.0,5,1.0,5,1.0,0,136871321.6,132174.56268435315,136864768.0,137023692.8,137037455.36,136705024.0,137040896.0
navfn,product,q08,path_length_m,5,5,5,1.0,5,1.0,5,1.0,0,22.609892941573342,0.0,22.609892941573342,22.609892941573342,22.609892941573342,22.609892941573342,22.609892941573342
navfn,product,q08,euclidean_distance_m,5,5,5,1.0,5,1.0,5,1.0,0,18.886238376129853,0.0,18.886238376129853,18.886238376129853,18.886238376129853,18.886238376129853,18.886238376129853
navfn,product,q08,length_over_euclidean,5,5,5,1.0,5,1.0,5,1.0,0,1.1971623195304888,0.0,1.1971623195304888,1.1971623195304888,1.1971623195304888,1.1971623195304888,1.1971623195304888
navfn,product,q08,length_over_navfn,5,5,5,1.0,5,1.0,5,1.0,0,1.0,0.0,1.0,1.0,1.0,1.0,1.0
navfn,product,q08,length_over_shortest_observed_valid,5,5,5,1.0,5,1.0,5,1.0,0,1.0,0.0,1.0,1.0,1.0,1.0,1.0
navfn,product,q08,minimum_clearance_m,5,5,5,1.0,5,1.0,5,1.0,0,0.5,0.0,0.5,0.5,0.5,0.5,0.5
navfn,product,q08,clearance_p05_m,5,5,5,1.0,5,1.0,5,1.0,0,0.5998449325561523,0.0,0.5998449325561523,0.5998449325561523,0.5998449325561523,0.5998449325561523,0.5998449325561523
navfn,product,q08,clearance_p50_m,5,5,5,1.0,5,1.0,5,1.0,0,0.699999988079071,0.0,0.699999988079071,0.699999988079071,0.699999988079071,0.699999988079071,0.699999988079071
navfn,product,q08,footprint_collision_count,5,5,5,1.0,5,1.0,5,1.0,0,0.0,0.0,0.0,0.0,0.0,0.0,0.0
navfn,product,q08,heading_change_p95_rad,5,5,5,1.0,5,1.0,5,1.0,0,0.0,0.0,0.0,0.0,0.0,0.0,0.0
navfn,product,q08,curvature_p95_per_m,5,5,5,1.0,5,1.0,5,1.0,0,9.596948875249382,0.0,9.596948875249382,9.596948875249382,9.596948875249382,9.596948875249382,9.596948875249382
navfn,product,q08,preferred_radius_violation_count,5,5,5,1.0,5,1.0,5,1.0,0,125.0,0.0,125.0,125.0,125.0,125.0,125.0
navfn,product,q08,in_place_rotation_count,5,5,5,1.0,5,1.0,5,1.0,0,0.0,0.0,0.0,0.0,0.0,0.0,0.0
navfn,product,q08,reverse_distance_m,5,5,5,1.0,5,1.0,5,1.0,0,1.96419140436944,0.0,1.96419140436944,1.96419140436944,1.96419140436944,1.96419140436944,1.96419140436944
navfn,product,q08,reverse_ratio,5,5,5,1.0,5,1.0,5,1.0,0,0.086873096190466,0.0,0.086873096190466,0.086873096190466,0.086873096190466,0.086873096190466,0.086873096190466
navfn,product,q09,planning_time_ms,5,5,5,1.0,5,1.0,5,1.0,0,7.9673810000000005,1.0375651613612031,8.334975,8.6309838,8.642521559999999,6.146524,8.645406
navfn,product,q09,wall_time_ms,5,5,5,1.0,5,1.0,5,1.0,0,28.126511799999996,2.516789655907245,27.620468,31.4861766,32.12399292,25.731111,32.283447
navfn,product,q09,cpu_total_ms,5,5,5,1.0,5,1.0,5,1.0,0,10.0,0.0,10.0,10.0,10.0,10.0,10.0
navfn,product,q09,cpu_percent,5,5,5,1.0,5,1.0,5,1.0,0,35.76720137361883,2.9900356690642216,36.205034614185394,38.58128172952027,38.80702424939645,30.975626611371453,38.86345987936549
navfn,product,q09,planner_rss_peak_bytes,5,5,5,1.0,5,1.0,5,1.0,0,127489638.4,86142.68765716566,127488000.0,127587942.4,127596462.08,127381504.0,127598592.0
navfn,product,q09,planner_pss_peak_bytes,5,5,5,1.0,5,1.0,5,1.0,0,91976294.4,86142.68765716566,91974656.0,92074598.4,92083118.08,91868160.0,92085248.0
navfn,product,q09,stack_rss_peak_bytes,5,5,5,1.0,5,1.0,5,1.0,0,237880934.4,86142.68765716566,237879296.0,237979238.4,237987758.08,237772800.0,237989888.0
navfn,product,q09,stack_pss_peak_bytes,5,5,5,1.0,5,1.0,5,1.0,0,136612454.4,86142.68765716566,136610816.0,136710758.4,136719278.08,136504320.0,136721408.0
navfn,product,q09,path_length_m,5,5,5,1.0,5,1.0,5,1.0,0,14.238579162212016,1.9860273225978185e-15,14.238579162212018,14.238579162212018,14.238579162212018,14.238579162212018,14.238579162212018
navfn,product,q09,euclidean_distance_m,5,5,5,1.0,5,1.0,5,1.0,0,12.969194269498782,0.0,12.969194269498782,12.969194269498782,12.969194269498782,12.969194269498782,12.969194269498782
navfn,product,q09,length_over_euclidean,5,5,5,1.0,5,1.0,5,1.0,0,1.0978769279213128,0.0,1.0978769279213128,1.0978769279213128,1.0978769279213128,1.0978769279213128,1.0978769279213128
navfn,product,q09,length_over_navfn,5,5,5,1.0,5,1.0,5,1.0,0,1.0,0.0,1.0,1.0,1.0,1.0,1.0
navfn,product,q09,length_over_shortest_observed_valid,5,5,5,1.0,5,1.0,5,1.0,0,1.0,0.0,1.0,1.0,1.0,1.0,1.0
navfn,product,q09,minimum_clearance_m,5,5,5,1.0,5,1.0,5,1.0,0,0.550000011920929,0.0,0.550000011920929,0.550000011920929,0.550000011920929,0.550000011920929,0.550000011920929
navfn,product,q09,clearance_p05_m,5,5,5,1.0,5,1.0,5,1.0,0,0.6192249655723572,0.0,0.6192249655723572,0.6192249655723572,0.6192249655723572,0.6192249655723572,0.6192249655723572
navfn,product,q09,clearance_p50_m,5,5,5,1.0,5,1.0,5,1.0,0,0.9596124291419985,1.2412670766236366e-16,0.9596124291419984,0.9596124291419984,0.9596124291419984,0.9596124291419984,0.9596124291419984
navfn,product,q09,footprint_collision_count,5,5,5,1.0,5,1.0,5,1.0,0,0.0,0.0,0.0,0.0,0.0,0.0,0.0
navfn,product,q09,heading_change_p95_rad,5,5,5,1.0,5,1.0,5,1.0,0,0.0,0.0,0.0,0.0,0.0,0.0,0.0
navfn,product,q09,curvature_p95_per_m,5,5,5,1.0,5,1.0,5,1.0,0,8.4701296241562,0.0,8.4701296241562,8.4701296241562,8.4701296241562,8.4701296241562,8.4701296241562
navfn,product,q09,preferred_radius_violation_count,5,5,5,1.0,5,1.0,5,1.0,0,92.0,0.0,92.0,92.0,92.0,92.0,92.0
navfn,product,q09,in_place_rotation_count,5,5,5,1.0,5,1.0,5,1.0,0,0.0,0.0,0.0,0.0,0.0,0.0,0.0
navfn,product,q09,reverse_distance_m,5,5,5,1.0,5,1.0,5,1.0,0,0.090009133909686,0.0,0.090009133909686,0.090009133909686,0.090009133909686,0.090009133909686,0.090009133909686
navfn,product,q09,reverse_ratio,5,5,5,1.0,5,1.0,5,1.0,0,0.006321496891246099,9.69739903612216e-19,0.0063214968912461,0.0063214968912461,0.0063214968912461,0.0063214968912461,0.0063214968912461
smac_hybrid,normalized,q00,planning_time_ms,5,5,5,1.0,0,0.0,0,0.0,5,14.441571999999999,2.0980927852465197,14.062234,17.220238199999997,17.84350524,12.447807,17.999322
smac_hybrid,normalized,q00,wall_time_ms,5,5,5,1.0,0,0.0,0,0.0,5,25.6293064,1.891032451339161,25.231887,28.160016,28.7332024,23.967089,28.876499
smac_hybrid,normalized,q00,cpu_total_ms,5,5,5,1.0,0,0.0,0,0.0,5,16.0,5.477225575051661,20.0,20.0,20.0,10.0,20.0
smac_hybrid,normalized,q00,cpu_percent,5,5,5,1.0,0,0.0,0,0.0,5,62.37360219503572,21.113160295939245,69.26047371601385,82.6111678676038,83.28044521949911,39.534936311589696,83.44776455747295
smac_hybrid,normalized,q00,planner_rss_peak_bytes,5,5,5,1.0,0,0.0,0,0.0,5,126039654.4,16281.277984236986,126050304.0,126050304.0,126050304.0,126013440.0,126050304.0
smac_hybrid,normalized,q00,planner_pss_peak_bytes,5,5,5,1.0,0,0.0,0,0.0,5,90419814.4,16281.277984236986,90430464.0,90430464.0,90430464.0,90393600.0,90430464.0
smac_hybrid,normalized,q00,stack_rss_peak_bytes,5,5,5,1.0,0,0.0,0,0.0,5,236332646.4,16281.277984236986,236343296.0,236343296.0,236343296.0,236306432.0,236343296.0
smac_hybrid,normalized,q00,stack_pss_peak_bytes,5,5,5,1.0,0,0.0,0,0.0,5,134958694.4,16281.277984236986,134969344.0,134969344.0,134969344.0,134932480.0,134969344.0
smac_hybrid,normalized,q00,path_length_m,5,5,5,1.0,0,0.0,0,0.0,5,21.94391564530993,0.0,21.94391564530993,21.94391564530993,21.94391564530993,21.94391564530993,21.94391564530993
smac_hybrid,normalized,q00,euclidean_distance_m,5,5,5,1.0,0,0.0,0,0.0,5,13.823530663329104,0.0,13.823530663329104,13.823530663329104,13.823530663329104,13.823530663329104,13.823530663329104
smac_hybrid,normalized,q00,length_over_euclidean,5,5,5,1.0,0,0.0,0,0.0,5,1.5874320518941287,0.0,1.5874320518941287,1.5874320518941287,1.5874320518941287,1.5874320518941287,1.5874320518941287
smac_hybrid,normalized,q00,length_over_navfn,0,5,5,1.0,0,0.0,0,0.0,5,,,,,,,
smac_hybrid,normalized,q00,length_over_shortest_observed_valid,0,5,5,1.0,0,0.0,0,0.0,5,,,,,,,
smac_hybrid,normalized,q00,minimum_clearance_m,5,5,5,1.0,0,0.0,0,0.0,5,0.3000000119209289,0.0,0.3000000119209289,0.3000000119209289,0.3000000119209289,0.3000000119209289,0.3000000119209289
smac_hybrid,normalized,q00,clearance_p05_m,5,5,5,1.0,0,0.0,0,0.0,5,0.4500000178813933,6.206335383118183e-17,0.4500000178813934,0.4500000178813934,0.4500000178813934,0.4500000178813934,0.4500000178813934
smac_hybrid,normalized,q00,clearance_p50_m,5,5,5,1.0,0,0.0,0,0.0,5,0.6500000357627869,0.0,0.6500000357627869,0.6500000357627869,0.6500000357627869,0.6500000357627869,0.6500000357627869
smac_hybrid,normalized,q00,footprint_collision_count,5,5,5,1.0,0,0.0,0,0.0,5,1.0,0.0,1.0,1.0,1.0,1.0,1.0
smac_hybrid,normalized,q00,heading_change_p95_rad,5,5,5,1.0,0,0.0,0,0.0,5,0.0389376400945357,0.0,0.0389376400945357,0.0389376400945357,0.0389376400945357,0.0389376400945357,0.0389376400945357
smac_hybrid,normalized,q00,curvature_p95_per_m,5,5,5,1.0,0,0.0,0,0.0,5,2.6037009545731924,0.0,2.6037009545731924,2.6037009545731924,2.6037009545731924,2.6037009545731924,2.6037009545731924
smac_hybrid,normalized,q00,preferred_radius_violation_count,5,5,5,1.0,0,0.0,0,0.0,5,56.0,0.0,56.0,56.0,56.0,56.0,56.0
smac_hybrid,normalized,q00,in_place_rotation_count,5,5,5,1.0,0,0.0,0,0.0,5,0.0,0.0,0.0,0.0,0.0,0.0,0.0
smac_hybrid,normalized,q00,reverse_distance_m,5,5,5,1.0,0,0.0,0,0.0,5,0.3729652706910713,0.0,0.3729652706910713,0.3729652706910713,0.3729652706910713,0.3729652706910713,0.3729652706910713
smac_hybrid,normalized,q00,reverse_ratio,5,5,5,1.0,0,0.0,0,0.0,5,0.0169962953157261,0.0,0.0169962953157261,0.0169962953157261,0.0169962953157261,0.0169962953157261,0.0169962953157261
smac_hybrid,normalized,q01,planning_time_ms,5,5,5,1.0,0,0.0,0,0.0,5,18.0929866,2.774000884736034,17.215194,21.8516676,22.49997592,15.915869,22.662053
smac_hybrid,normalized,q01,wall_time_ms,5,5,5,1.0,0,0.0,0,0.0,5,32.1239932,2.8354753118869147,31.335118,35.9218074,36.534866279999996,29.801667,36.688131
smac_hybrid,normalized,q01,cpu_total_ms,5,5,5,1.0,0,0.0,0,0.0,5,16.0,8.94427190999916,10.0,28.0,29.6,10.0,30.0
smac_hybrid,normalized,q01,cpu_percent,5,5,5,1.0,0,0.0,0,0.0,5,48.597753559045046,23.018430570936832,33.555169917172755,78.18148174756193,81.05254772519571,30.4353660414299,81.77031421960416
smac_hybrid,normalized,q01,planner_rss_peak_bytes,5,5,5,1.0,0,0.0,0,0.0,5,126971904.0,0.0,126971904.0,126971904.0,126971904.0,126971904.0,126971904.0
smac_hybrid,normalized,q01,planner_pss_peak_bytes,5,5,5,1.0,0,0.0,0,0.0,5,91371520.0,0.0,91371520.0,91371520.0,91371520.0,91371520.0,91371520.0
smac_hybrid,normalized,q01,stack_rss_peak_bytes,5,5,5,1.0,0,0.0,0,0.0,5,237273907.2,1831.7868871678277,237273088.0,237276364.8,237277020.16,237273088.0,237277184.0
smac_hybrid,normalized,q01,stack_pss_peak_bytes,5,5,5,1.0,0,0.0,0,0.0,5,135960371.2,1831.7868871678277,135959552.0,135962828.8,135963484.16,135959552.0,135963648.0
smac_hybrid,normalized,q01,path_length_m,5,5,5,1.0,0,0.0,0,0.0,5,35.42352111759229,0.0,35.42352111759229,35.42352111759229,35.42352111759229,35.42352111759229,35.42352111759229
smac_hybrid,normalized,q01,euclidean_distance_m,5,5,5,1.0,0,0.0,0,0.0,5,24.42478249647272,0.0,24.42478249647272,24.42478249647272,24.42478249647272,24.42478249647272,24.42478249647272
smac_hybrid,normalized,q01,length_over_euclidean,5,5,5,1.0,0,0.0,0,0.0,5,1.4503106065615097,0.0,1.4503106065615097,1.4503106065615097,1.4503106065615097,1.4503106065615097,1.4503106065615097
smac_hybrid,normalized,q01,length_over_navfn,0,5,5,1.0,0,0.0,0,0.0,5,,,,,,,
smac_hybrid,normalized,q01,length_over_shortest_observed_valid,0,5,5,1.0,0,0.0,0,0.0,5,,,,,,,
smac_hybrid,normalized,q01,minimum_clearance_m,5,5,5,1.0,0,0.0,0,0.0,5,0.2598449885845184,0.0,0.2598449885845184,0.2598449885845184,0.2598449885845184,0.2598449885845184,0.2598449885845184
smac_hybrid,normalized,q01,clearance_p05_m,5,5,5,1.0,0,0.0,0,0.0,5,0.4695349633693695,0.0,0.4695349633693695,0.4695349633693695,0.4695349633693695,0.4695349633693695,0.4695349633693695
smac_hybrid,normalized,q01,clearance_p50_m,5,5,5,1.0,0,0.0,0,0.0,5,0.9287598729133606,0.0,0.9287598729133606,0.9287598729133606,0.9287598729133606,0.9287598729133606,0.9287598729133606
smac_hybrid,normalized,q01,footprint_collision_count,5,5,5,1.0,0,0.0,0,0.0,5,1.0,0.0,1.0,1.0,1.0,1.0,1.0
smac_hybrid,normalized,q01,heading_change_p95_rad,5,5,5,1.0,0,0.0,0,0.0,5,0.0519380603080357,0.0,0.0519380603080357,0.0519380603080357,0.0519380603080357,0.0519380603080357,0.0519380603080357
smac_hybrid,normalized,q01,curvature_p95_per_m,5,5,5,1.0,0,0.0,0,0.0,5,1.973117159477845,2.482534153247273e-16,1.9731171594778447,1.9731171594778447,1.9731171594778447,1.9731171594778447,1.9731171594778447
smac_hybrid,normalized,q01,preferred_radius_violation_count,5,5,5,1.0,0,0.0,0,0.0,5,73.0,0.0,73.0,73.0,73.0,73.0,73.0
smac_hybrid,normalized,q01,in_place_rotation_count,5,5,5,1.0,0,0.0,0,0.0,5,0.0,0.0,0.0,0.0,0.0,0.0,0.0
smac_hybrid,normalized,q01,reverse_distance_m,5,5,5,1.0,0,0.0,0,0.0,5,1.490180788425769,0.0,1.490180788425769,1.490180788425769,1.490180788425769,1.490180788425769,1.490180788425769
smac_hybrid,normalized,q01,reverse_ratio,5,5,5,1.0,0,0.0,0,0.0,5,0.0420675512035901,0.0,0.0420675512035901,0.0420675512035901,0.0420675512035901,0.0420675512035901,0.0420675512035901
smac_hybrid,normalized,q02,planning_time_ms,5,5,5,1.0,5,1.0,5,1.0,0,21.6715152,2.0283518601982498,22.385988,23.6368794,23.78956068,18.752248,23.827731
smac_hybrid,normalized,q02,wall_time_ms,5,5,5,1.0,5,1.0,5,1.0,0,34.990703800000006,1.8375460875720104,35.387024,36.7118868,36.84574776,32.075452,36.879213
smac_hybrid,normalized,q02,cpu_total_ms,5,5,5,1.0,5,1.0,5,1.0,0,24.0,5.477225575051661,20.0,30.0,30.0,20.0,30.0
smac_hybrid,normalized,q02,cpu_percent,5,5,5,1.0,5,1.0,5,1.0,0,68.2614557809414,13.005224554764807,62.35297946853563,82.85723193010037,83.15935065991476,56.517891982100565,83.23488034236837
smac_hybrid,normalized,q02,planner_rss_peak_bytes,5,5,5,1.0,5,1.0,5,1.0,0,126963712.0,0.0,126963712.0,126963712.0,126963712.0,126963712.0,126963712.0
smac_hybrid,normalized,q02,planner_pss_peak_bytes,5,5,5,1.0,5,1.0,5,1.0,0,91385856.0,0.0,91385856.0,91385856.0,91385856.0,91385856.0,91385856.0
smac_hybrid,normalized,q02,stack_rss_peak_bytes,5,5,5,1.0,5,1.0,5,1.0,0,237371392.0,0.0,237371392.0,237371392.0,237371392.0,237371392.0,237371392.0
smac_hybrid,normalized,q02,stack_pss_peak_bytes,5,5,5,1.0,5,1.0,5,1.0,0,136003584.0,0.0,136003584.0,136003584.0,136003584.0,136003584.0,136003584.0
smac_hybrid,normalized,q02,path_length_m,5,5,5,1.0,5,1.0,5,1.0,0,28.90675713973095,0.0,28.90675713973095,28.90675713973095,28.90675713973095,28.90675713973095,28.90675713973095
smac_hybrid,normalized,q02,euclidean_distance_m,5,5,5,1.0,5,1.0,5,1.0,0,15.380832227158578,0.0,15.380832227158578,15.380832227158578,15.380832227158578,15.380832227158578,15.380832227158578
smac_hybrid,normalized,q02,length_over_euclidean,5,5,5,1.0,5,1.0,5,1.0,0,1.8794013687171678,2.482534153247273e-16,1.8794013687171676,1.8794013687171676,1.8794013687171676,1.8794013687171676,1.8794013687171676
smac_hybrid,normalized,q02,length_over_navfn,5,5,5,1.0,5,1.0,5,1.0,0,0.9709282190629202,0.0,0.9709282190629202,0.9709282190629202,0.9709282190629202,0.9709282190629202,0.9709282190629202
smac_hybrid,normalized,q02,length_over_shortest_observed_valid,5,5,5,1.0,5,1.0,5,1.0,0,1.0,0.0,1.0,1.0,1.0,1.0,1.0
smac_hybrid,normalized,q02,minimum_clearance_m,5,5,5,1.0,5,1.0,5,1.0,0,0.41999998688697804,6.206335383118183e-17,0.4199999868869781,0.4199999868869781,0.4199999868869781,0.4199999868869781,0.4199999868869781
smac_hybrid,normalized,q02,clearance_p05_m,5,5,5,1.0,5,1.0,5,1.0,0,0.5,0.0,0.5,0.5,0.5,0.5,0.5
smac_hybrid,normalized,q02,clearance_p50_m,5,5,5,1.0,5,1.0,5,1.0,0,0.949999988079071,0.0,0.949999988079071,0.949999988079071,0.949999988079071,0.949999988079071,0.949999988079071
smac_hybrid,normalized,q02,footprint_collision_count,5,5,5,1.0,5,1.0,5,1.0,0,0.0,0.0,0.0,0.0,0.0,0.0,0.0
smac_hybrid,normalized,q02,heading_change_p95_rad,5,5,5,1.0,5,1.0,5,1.0,0,0.0335213648185832,0.0,0.0335213648185832,0.0335213648185832,0.0335213648185832,0.0335213648185832,0.0335213648185832
smac_hybrid,normalized,q02,curvature_p95_per_m,5,5,5,1.0,5,1.0,5,1.0,0,1.3967437060754149,0.0,1.3967437060754149,1.3967437060754149,1.3967437060754149,1.3967437060754149,1.3967437060754149
smac_hybrid,normalized,q02,preferred_radius_violation_count,5,5,5,1.0,5,1.0,5,1.0,0,50.0,0.0,50.0,50.0,50.0,50.0,50.0
smac_hybrid,normalized,q02,in_place_rotation_count,5,5,5,1.0,5,1.0,5,1.0,0,0.0,0.0,0.0,0.0,0.0,0.0,0.0
smac_hybrid,normalized,q02,reverse_distance_m,5,5,5,1.0,5,1.0,5,1.0,0,0.0,0.0,0.0,0.0,0.0,0.0,0.0
smac_hybrid,normalized,q02,reverse_ratio,5,5,5,1.0,5,1.0,5,1.0,0,0.0,0.0,0.0,0.0,0.0,0.0,0.0
smac_hybrid,normalized,q03,planning_time_ms,5,5,5,1.0,5,1.0,5,1.0,0,29.174523000000004,1.0350103394181625,28.90782,30.433196600000002,30.56231212,27.929918,30.594591
smac_hybrid,normalized,q03,wall_time_ms,5,5,5,1.0,5,1.0,5,1.0,0,49.7534732,2.013198031966602,49.108022,52.4106898,52.77874996,48.074173,52.870765
smac_hybrid,normalized,q03,cpu_total_ms,5,5,5,1.0,5,1.0,5,1.0,0,36.0,5.477225575051661,40.0,40.0,40.0,30.0,40.0
smac_hybrid,normalized,q03,cpu_percent,5,5,5,1.0,5,1.0,5,1.0,0,72.56213801086123,12.148499324794379,79.09767116879407,82.85442500368407,83.13469255703112,56.74213338883976,83.20475944536788
smac_hybrid,normalized,q03,planner_rss_peak_bytes,5,5,5,1.0,5,1.0,5,1.0,0,130591948.8,894736.4878595262,130273280.0,131547136.0,131547136.0,129728512.0,131547136.0
smac_hybrid,normalized,q03,planner_pss_peak_bytes,5,5,5,1.0,5,1.0,5,1.0,0,95062016.0,894373.5821500991,94746624.0,96016384.0,96016384.0,94197760.0,96016384.0
smac_hybrid,normalized,q03,stack_rss_peak_bytes,5,5,5,1.0,5,1.0,5,1.0,0,240947200.0,893904.4935830673,240627712.0,241901568.0,241901568.0,240082944.0,241901568.0
smac_hybrid,normalized,q03,stack_pss_peak_bytes,5,5,5,1.0,5,1.0,5,1.0,0,139634688.0,893904.4935830673,139315200.0,140589056.0,140589056.0,138770432.0,140589056.0
smac_hybrid,normalized,q03,path_length_m,5,5,5,1.0,5,1.0,5,1.0,0,51.46359279194437,7.944109290391274e-15,51.463592791944365,51.463592791944365,51.463592791944365,51.463592791944365,51.463592791944365
smac_hybrid,normalized,q03,euclidean_distance_m,5,5,5,1.0,5,1.0,5,1.0,0,35.05567001213926,0.0,35.05567001213926,35.05567001213926,35.05567001213926,35.05567001213926,35.05567001213926
smac_hybrid,normalized,q03,length_over_euclidean,5,5,5,1.0,5,1.0,5,1.0,0,1.4680533213064615,0.0,1.4680533213064615,1.4680533213064615,1.4680533213064615,1.4680533213064615,1.4680533213064615
smac_hybrid,normalized,q03,length_over_navfn,5,5,5,1.0,5,1.0,5,1.0,0,0.9775175544032209,0.0,0.9775175544032209,0.9775175544032209,0.9775175544032209,0.9775175544032209,0.9775175544032209
smac_hybrid,normalized,q03,length_over_shortest_observed_valid,5,5,5,1.0,5,1.0,5,1.0,0,1.0,0.0,1.0,1.0,1.0,1.0,1.0
smac_hybrid,normalized,q03,minimum_clearance_m,5,5,5,1.0,5,1.0,5,1.0,0,0.3995350003242492,0.0,0.3995350003242492,0.3995350003242492,0.3995350003242492,0.3995350003242492,0.3995350003242492
smac_hybrid,normalized,q03,clearance_p05_m,5,5,5,1.0,5,1.0,5,1.0,0,0.509844958782196,0.0,0.509844958782196,0.509844958782196,0.509844958782196,0.509844958782196,0.509844958782196
smac_hybrid,normalized,q03,clearance_p50_m,5,5,5,1.0,5,1.0,5,1.0,0,0.699999988079071,0.0,0.699999988079071,0.699999988079071,0.699999988079071,0.699999988079071,0.699999988079071
smac_hybrid,normalized,q03,footprint_collision_count,5,5,5,1.0,5,1.0,5,1.0,0,0.0,0.0,0.0,0.0,0.0,0.0,0.0
smac_hybrid,normalized,q03,heading_change_p95_rad,5,5,5,1.0,5,1.0,5,1.0,0,0.0205165022286383,0.0,0.0205165022286383,0.0205165022286383,0.0205165022286383,0.0205165022286383,0.0205165022286383
smac_hybrid,normalized,q03,curvature_p95_per_m,5,5,5,1.0,5,1.0,5,1.0,0,1.459613767659632,0.0,1.459613767659632,1.459613767659632,1.459613767659632,1.459613767659632,1.459613767659632
smac_hybrid,normalized,q03,preferred_radius_violation_count,5,5,5,1.0,5,1.0,5,1.0,0,61.0,0.0,61.0,61.0,61.0,61.0,61.0
smac_hybrid,normalized,q03,in_place_rotation_count,5,5,5,1.0,5,1.0,5,1.0,0,0.0,0.0,0.0,0.0,0.0,0.0,0.0
smac_hybrid,normalized,q03,reverse_distance_m,5,5,5,1.0,5,1.0,5,1.0,0,0.49643742797662094,6.206335383118183e-17,0.496437427976621,0.496437427976621,0.496437427976621,0.496437427976621,0.496437427976621
smac_hybrid,normalized,q03,reverse_ratio,5,5,5,1.0,5,1.0,5,1.0,0,0.0096463810831009,0.0,0.0096463810831009,0.0096463810831009,0.0096463810831009,0.0096463810831009,0.0096463810831009
smac_hybrid,normalized,q04,planning_time_ms,5,5,5,1.0,5,1.0,5,1.0,0,105.73600180000001,14.94485627416464,99.867377,126.21946559999999,130.86455232,95.481562,132.025824
smac_hybrid,normalized,q04,wall_time_ms,5,5,5,1.0,5,1.0,5,1.0,0,120.9132114,15.117372297697399,114.947592,141.63030239999998,146.31142848,110.378699,147.48171
smac_hybrid,normalized,q04,cpu_total_ms,5,5,5,1.0,5,1.0,5,1.0,0,109.99999999999982,12.247448713916079,110.0,126.0,129.2,99.99999999999908,130.0
smac_hybrid,normalized,q04,cpu_percent,5,5,5,1.0,5,1.0,5,1.0,0,91.134173597699,3.9713365935510727,90.5971903147726,96.11887834481716,96.73401706192676,86.99616778400986,96.88780174120416
smac_hybrid,normalized,q04,planner_rss_peak_bytes,5,5,5,1.0,5,1.0,5,1.0,0,146527846.4,3663.5737743356553,146530304.0,146530304.0,146530304.0,146522112.0,146530304.0
smac_hybrid,normalized,q04,planner_pss_peak_bytes,5,5,5,1.0,5,1.0,5,1.0,0,110869094.4,3663.5737743356553,110871552.0,110871552.0,110871552.0,110863360.0,110871552.0
smac_hybrid,normalized,q04,stack_rss_peak_bytes,5,5,5,1.0,5,1.0,5,1.0,0,256939622.4,3663.5737743356553,256942080.0,256942080.0,256942080.0,256933888.0,256942080.0
smac_hybrid,normalized,q04,stack_pss_peak_bytes,5,5,5,1.0,5,1.0,5,1.0,0,155448934.4,3663.5737743356553,155451392.0,155451392.0,155451392.0,155443200.0,155451392.0
smac_hybrid,normalized,q04,path_length_m,5,5,5,1.0,5,1.0,5,1.0,0,31.827476164194316,3.972054645195637e-15,31.827476164194312,31.827476164194312,31.827476164194312,31.827476164194312,31.827476164194312
smac_hybrid,normalized,q04,euclidean_distance_m,5,5,5,1.0,5,1.0,5,1.0,0,26.602443496791796,0.0,26.602443496791796,26.602443496791796,26.602443496791796,26.602443496791796,26.602443496791796
smac_hybrid,normalized,q04,length_over_euclidean,5,5,5,1.0,5,1.0,5,1.0,0,1.196411756988889,0.0,1.196411756988889,1.196411756988889,1.196411756988889,1.196411756988889,1.196411756988889
smac_hybrid,normalized,q04,length_over_navfn,5,5,5,1.0,5,1.0,5,1.0,0,1.0072190066309614,0.0,1.0072190066309614,1.0072190066309614,1.0072190066309614,1.0072190066309614,1.0072190066309614
smac_hybrid,normalized,q04,length_over_shortest_observed_valid,5,5,5,1.0,5,1.0,5,1.0,0,1.0072190066309614,0.0,1.0072190066309614,1.0072190066309614,1.0072190066309614,1.0072190066309614,1.0072190066309614
smac_hybrid,normalized,q04,minimum_clearance_m,5,5,5,1.0,5,1.0,5,1.0,0,0.4000000059604645,0.0,0.4000000059604645,0.4000000059604645,0.4000000059604645,0.4000000059604645,0.4000000059604645
smac_hybrid,normalized,q04,clearance_p05_m,5,5,5,1.0,5,1.0,5,1.0,0,0.5298449397087097,0.0,0.5298449397087097,0.5298449397087097,0.5298449397087097,0.5298449397087097,0.5298449397087097
smac_hybrid,normalized,q04,clearance_p50_m,5,5,5,1.0,5,1.0,5,1.0,0,0.9098449945449827,1.2412670766236366e-16,0.9098449945449828,0.9098449945449828,0.9098449945449828,0.9098449945449828,0.9098449945449828
smac_hybrid,normalized,q04,footprint_collision_count,5,5,5,1.0,5,1.0,5,1.0,0,0.0,0.0,0.0,0.0,0.0,0.0,0.0
smac_hybrid,normalized,q04,heading_change_p95_rad,5,5,5,1.0,5,1.0,5,1.0,0,0.0521762563675078,0.0,0.0521762563675078,0.0521762563675078,0.0521762563675078,0.0521762563675078,0.0521762563675078
smac_hybrid,normalized,q04,curvature_p95_per_m,5,5,5,1.0,5,1.0,5,1.0,0,1.3269420542882064,0.0,1.3269420542882064,1.3269420542882064,1.3269420542882064,1.3269420542882064,1.3269420542882064
smac_hybrid,normalized,q04,preferred_radius_violation_count,5,5,5,1.0,5,1.0,5,1.0,0,42.0,0.0,42.0,42.0,42.0,42.0,42.0
smac_hybrid,normalized,q04,in_place_rotation_count,5,5,5,1.0,5,1.0,5,1.0,0,0.0,0.0,0.0,0.0,0.0,0.0,0.0
smac_hybrid,normalized,q04,reverse_distance_m,5,5,5,1.0,5,1.0,5,1.0,0,2.426961584956201,0.0,2.426961584956201,2.426961584956201,2.426961584956201,2.426961584956201,2.426961584956201
smac_hybrid,normalized,q04,reverse_ratio,5,5,5,1.0,5,1.0,5,1.0,0,0.0762536612213856,0.0,0.0762536612213856,0.0762536612213856,0.0762536612213856,0.0762536612213856,0.0762536612213856
smac_hybrid,normalized,q05,planning_time_ms,5,5,5,1.0,5,1.0,5,1.0,0,20.190593999999997,2.814917482008487,18.902007,23.9449926,24.45403932,18.017514,24.581301
smac_hybrid,normalized,q05,wall_time_ms,5,5,5,1.0,5,1.0,5,1.0,0,31.8529952,2.4476799121251953,31.710945,34.4164502,34.66901084,28.129506,34.732151
smac_hybrid,normalized,q05,cpu_total_ms,5,5,5,1.0,5,1.0,5,1.0,0,20.0,0.0,20.0,20.0,20.0,20.0,20.0
smac_hybrid,normalized,q05,cpu_percent,5,5,5,1.0,5,1.0,5,1.0,0,63.098449895486496,5.055345209686498,63.06970668959882,69.56259606742191,70.79229520386261,57.58353405753649,71.09971998797278
smac_hybrid,normalized,q05,planner_rss_peak_bytes,5,5,5,1.0,5,1.0,5,1.0,0,128757760.0,742088.4974071488,128692224.0,129662156.8,129856143.36,127823872.0,129904640.0
smac_hybrid,normalized,q05,planner_pss_peak_bytes,5,5,5,1.0,5,1.0,5,1.0,0,93129728.0,742088.4974071488,93064192.0,94034124.8,94228111.36,92195840.0,94276608.0
smac_hybrid,normalized,q05,stack_rss_peak_bytes,5,5,5,1.0,5,1.0,5,1.0,0,239099904.0,742088.4974071488,239034368.0,240004300.8,240198287.36,238166016.0,240246784.0
smac_hybrid,normalized,q05,stack_pss_peak_bytes,5,5,5,1.0,5,1.0,5,1.0,0,137798656.0,742088.4974071488,137733120.0,138703052.8,138897039.36,136864768.0,138945536.0
smac_hybrid,normalized,q05,path_length_m,5,5,5,1.0,5,1.0,5,1.0,0,16.823690214585355,0.0,16.823690214585355,16.823690214585355,16.823690214585355,16.823690214585355,16.823690214585355
smac_hybrid,normalized,q05,euclidean_distance_m,5,5,5,1.0,5,1.0,5,1.0,0,14.38367129769031,0.0,14.38367129769031,14.38367129769031,14.38367129769031,14.38367129769031,14.38367129769031
smac_hybrid,normalized,q05,length_over_euclidean,5,5,5,1.0,5,1.0,5,1.0,0,1.1696381171674062,0.0,1.1696381171674062,1.1696381171674062,1.1696381171674062,1.1696381171674062,1.1696381171674062
smac_hybrid,normalized,q05,length_over_navfn,5,5,5,1.0,5,1.0,5,1.0,0,1.0686118986692255,0.0,1.0686118986692255,1.0686118986692255,1.0686118986692255,1.0686118986692255,1.0686118986692255
smac_hybrid,normalized,q05,length_over_shortest_observed_valid,5,5,5,1.0,5,1.0,5,1.0,0,1.0686118986692255,0.0,1.0686118986692255,1.0686118986692255,1.0686118986692255,1.0686118986692255,1.0686118986692255
smac_hybrid,normalized,q05,minimum_clearance_m,5,5,5,1.0,5,1.0,5,1.0,0,0.3598450124263763,0.0,0.3598450124263763,0.3598450124263763,0.3598450124263763,0.3598450124263763,0.3598450124263763
smac_hybrid,normalized,q05,clearance_p05_m,5,5,5,1.0,5,1.0,5,1.0,0,0.4696899950504303,0.0,0.4696899950504303,0.4696899950504303,0.4696899950504303,0.4696899950504303,0.4696899950504303
smac_hybrid,normalized,q05,clearance_p50_m,5,5,5,1.0,5,1.0,5,1.0,0,0.7193799018859863,0.0,0.7193799018859863,0.7193799018859863,0.7193799018859863,0.7193799018859863,0.7193799018859863
smac_hybrid,normalized,q05,footprint_collision_count,5,5,5,1.0,5,1.0,5,1.0,0,0.0,0.0,0.0,0.0,0.0,0.0,0.0
smac_hybrid,normalized,q05,heading_change_p95_rad,5,5,5,1.0,5,1.0,5,1.0,0,0.0523696221290039,0.0,0.0523696221290039,0.0523696221290039,0.0523696221290039,0.0523696221290039,0.0523696221290039
smac_hybrid,normalized,q05,curvature_p95_per_m,5,5,5,1.0,5,1.0,5,1.0,0,1.5130858494477268,0.0,1.5130858494477268,1.5130858494477268,1.5130858494477268,1.5130858494477268,1.5130858494477268
smac_hybrid,normalized,q05,preferred_radius_violation_count,5,5,5,1.0,5,1.0,5,1.0,0,35.0,0.0,35.0,35.0,35.0,35.0,35.0
smac_hybrid,normalized,q05,in_place_rotation_count,5,5,5,1.0,5,1.0,5,1.0,0,0.0,0.0,0.0,0.0,0.0,0.0,0.0
smac_hybrid,normalized,q05,reverse_distance_m,5,5,5,1.0,5,1.0,5,1.0,0,0.5258592222541281,0.0,0.5258592222541281,0.5258592222541281,0.5258592222541281,0.5258592222541281,0.5258592222541281
smac_hybrid,normalized,q05,reverse_ratio,5,5,5,1.0,5,1.0,5,1.0,0,0.0312570675961587,0.0,0.0312570675961587,0.0312570675961587,0.0312570675961587,0.0312570675961587,0.0312570675961587
smac_hybrid,normalized,q06,planning_time_ms,5,5,5,1.0,5,1.0,5,1.0,0,33.3618656,1.869305115543287,33.056505,35.8542924,36.34030168,31.625696,36.461804
smac_hybrid,normalized,q06,wall_time_ms,5,5,5,1.0,5,1.0,5,1.0,0,46.3056462,2.0798324530494505,45.800854,49.114635799999995,49.64157436,44.547296,49.773309
smac_hybrid,normalized,q06,cpu_total_ms,5,5,5,1.0,5,1.0,5,1.0,0,36.0,5.477225575051661,40.0,40.0,40.0,30.0,40.0
smac_hybrid,normalized,q06,cpu_percent,5,5,5,1.0,5,1.0,5,1.0,0,78.13174432007328,14.107758579282153,86.05862533006979,89.64049709356914,89.7618645926988,60.27326814859748,89.79220646748121
smac_hybrid,normalized,q06,planner_rss_peak_bytes,5,5,5,1.0,5,1.0,5,1.0,0,133437849.6,215548.4731302915,133595136.0,133595136.0,133595136.0,133189632.0,133595136.0
smac_hybrid,normalized,q06,planner_pss_peak_bytes,5,5,5,1.0,5,1.0,5,1.0,0,97818009.6,215548.4731302915,97975296.0,97975296.0,97975296.0,97569792.0,97975296.0
smac_hybrid,normalized,q06,stack_rss_peak_bytes,5,5,5,1.0,5,1.0,5,1.0,0,243853721.6,215548.4731302915,244011008.0,244011008.0,244011008.0,243605504.0,244011008.0
smac_hybrid,normalized,q06,stack_pss_peak_bytes,5,5,5,1.0,5,1.0,5,1.0,0,142402969.6,215548.4731302915,142560256.0,142560256.0,142560256.0,142154752.0,142560256.0
smac_hybrid,normalized,q06,path_length_m,5,5,5,1.0,5,1.0,5,1.0,0,26.8222904813882,0.0,26.8222904813882,26.8222904813882,26.8222904813882,26.8222904813882,26.8222904813882
smac_hybrid,normalized,q06,euclidean_distance_m,5,5,5,1.0,5,1.0,5,1.0,0,24.36472860509634,0.0,24.36472860509634,24.36472860509634,24.36472860509634,24.36472860509634,24.36472860509634
smac_hybrid,normalized,q06,length_over_euclidean,5,5,5,1.0,5,1.0,5,1.0,0,1.100865555127826,0.0,1.100865555127826,1.100865555127826,1.100865555127826,1.100865555127826,1.100865555127826
smac_hybrid,normalized,q06,length_over_navfn,5,5,5,1.0,5,1.0,5,1.0,0,1.0153484004686382,0.0,1.0153484004686382,1.0153484004686382,1.0153484004686382,1.0153484004686382,1.0153484004686382
smac_hybrid,normalized,q06,length_over_shortest_observed_valid,5,5,5,1.0,5,1.0,5,1.0,0,1.0153484004686382,0.0,1.0153484004686382,1.0153484004686382,1.0153484004686382,1.0153484004686382,1.0153484004686382
smac_hybrid,normalized,q06,minimum_clearance_m,5,5,5,1.0,5,1.0,5,1.0,0,0.4899999797344208,0.0,0.4899999797344208,0.4899999797344208,0.4899999797344208,0.4899999797344208,0.4899999797344208
smac_hybrid,normalized,q06,clearance_p05_m,5,5,5,1.0,5,1.0,5,1.0,0,0.75,0.0,0.75,0.75,0.75,0.75,0.75
smac_hybrid,normalized,q06,clearance_p50_m,5,5,5,1.0,5,1.0,5,1.0,0,1.2000000476837158,0.0,1.2000000476837158,1.2000000476837158,1.2000000476837158,1.2000000476837158,1.2000000476837158
smac_hybrid,normalized,q06,footprint_collision_count,5,5,5,1.0,5,1.0,5,1.0,0,0.0,0.0,0.0,0.0,0.0,0.0,0.0
smac_hybrid,normalized,q06,heading_change_p95_rad,5,5,5,1.0,5,1.0,5,1.0,0,0.051436297181505795,7.757919228897728e-18,0.0514362971815058,0.0514362971815058,0.0514362971815058,0.0514362971815058,0.0514362971815058
smac_hybrid,normalized,q06,curvature_p95_per_m,5,5,5,1.0,5,1.0,5,1.0,0,1.268767772464414,0.0,1.268767772464414,1.268767772464414,1.268767772464414,1.268767772464414,1.268767772464414
smac_hybrid,normalized,q06,preferred_radius_violation_count,5,5,5,1.0,5,1.0,5,1.0,0,34.0,0.0,34.0,34.0,34.0,34.0,34.0
smac_hybrid,normalized,q06,in_place_rotation_count,5,5,5,1.0,5,1.0,5,1.0,0,0.0,0.0,0.0,0.0,0.0,0.0,0.0
smac_hybrid,normalized,q06,reverse_distance_m,5,5,5,1.0,5,1.0,5,1.0,0,2.466265959091617,0.0,2.466265959091617,2.466265959091617,2.466265959091617,2.466265959091617,2.466265959091617
smac_hybrid,normalized,q06,reverse_ratio,5,5,5,1.0,5,1.0,5,1.0,0,0.0919483725971479,0.0,0.0919483725971479,0.0919483725971479,0.0919483725971479,0.0919483725971479,0.0919483725971479
smac_hybrid,normalized,q07,planning_time_ms,5,5,5,1.0,5,1.0,5,1.0,0,18.9667466,2.446034066831919,18.15166,22.0487954,22.36566628,16.517907,22.444884
smac_hybrid,normalized,q07,wall_time_ms,5,5,5,1.0,5,1.0,5,1.0,0,33.201383,2.333127123846985,32.758695,36.1101618,36.43458116,30.74008,36.515686
smac_hybrid,normalized,q07,cpu_total_ms,5,5,5,1.0,5,1.0,5,1.0,0,22.0,4.47213595499958,20.0,28.0,29.6,20.0,30.0
smac_hybrid,normalized,q07,cpu_percent,5,5,5,1.0,5,1.0,5,1.0,0,66.27098944850862,12.225528239355347,63.48321816366602,82.60161913134867,86.10961507818543,54.77098253063081,86.98661406489462
smac_hybrid,normalized,q07,planner_rss_peak_bytes,5,5,5,1.0,5,1.0,5,1.0,0,126294425.6,177683.32805527927,126373888.0,126373888.0,126373888.0,125976576.0,126373888.0
smac_hybrid,normalized,q07,planner_pss_peak_bytes,5,5,5,1.0,5,1.0,5,1.0,0,90754457.6,177683.32805527927,90833920.0,90833920.0,90833920.0,90436608.0,90833920.0
smac_hybrid,normalized,q07,stack_rss_peak_bytes,5,5,5,1.0,5,1.0,5,1.0,0,236480921.6,177683.32805527927,236560384.0,236560384.0,236560384.0,236163072.0,236560384.0
smac_hybrid,normalized,q07,stack_pss_peak_bytes,5,5,5,1.0,5,1.0,5,1.0,0,135336140.8,178150.1038652518,135414784.0,135418060.8,135418716.16,135017472.0,135418880.0
smac_hybrid,normalized,q07,path_length_m,5,5,5,1.0,5,1.0,5,1.0,0,32.018758087038634,0.0,32.018758087038634,32.018758087038634,32.018758087038634,32.018758087038634,32.018758087038634
smac_hybrid,normalized,q07,euclidean_distance_m,5,5,5,1.0,5,1.0,5,1.0,0,24.675696545386515,0.0,24.675696545386515,24.675696545386515,24.675696545386515,24.675696545386515,24.675696545386515
smac_hybrid,normalized,q07,length_over_euclidean,5,5,5,1.0,5,1.0,5,1.0,0,1.2975827461707463,0.0,1.2975827461707463,1.2975827461707463,1.2975827461707463,1.2975827461707463,1.2975827461707463
smac_hybrid,normalized,q07,length_over_navfn,5,5,5,1.0,5,1.0,5,1.0,0,0.9950056488243911,0.0,0.9950056488243911,0.9950056488243911,0.9950056488243911,0.9950056488243911,0.9950056488243911
smac_hybrid,normalized,q07,length_over_shortest_observed_valid,5,5,5,1.0,5,1.0,5,1.0,0,1.0,0.0,1.0,1.0,1.0,1.0,1.0
smac_hybrid,normalized,q07,minimum_clearance_m,5,5,5,1.0,5,1.0,5,1.0,0,0.41999998688697804,6.206335383118183e-17,0.4199999868869781,0.4199999868869781,0.4199999868869781,0.4199999868869781,0.4199999868869781
smac_hybrid,normalized,q07,clearance_p05_m,5,5,5,1.0,5,1.0,5,1.0,0,0.5295349955558777,0.0,0.5295349955558777,0.5295349955558777,0.5295349955558777,0.5295349955558777,0.5295349955558777
smac_hybrid,normalized,q07,clearance_p50_m,5,5,5,1.0,5,1.0,5,1.0,0,0.8500000238418579,0.0,0.8500000238418579,0.8500000238418579,0.8500000238418579,0.8500000238418579,0.8500000238418579
smac_hybrid,normalized,q07,footprint_collision_count,5,5,5,1.0,5,1.0,5,1.0,0,0.0,0.0,0.0,0.0,0.0,0.0,0.0
smac_hybrid,normalized,q07,heading_change_p95_rad,5,5,5,1.0,5,1.0,5,1.0,0,0.05219183414469429,7.757919228897728e-18,0.0521918341446943,0.0521918341446943,0.0521918341446943,0.0521918341446943,0.0521918341446943
smac_hybrid,normalized,q07,curvature_p95_per_m,5,5,5,1.0,5,1.0,5,1.0,0,2.023073739324972,0.0,2.023073739324972,2.023073739324972,2.023073739324972,2.023073739324972,2.023073739324972
smac_hybrid,normalized,q07,preferred_radius_violation_count,5,5,5,1.0,5,1.0,5,1.0,0,66.0,0.0,66.0,66.0,66.0,66.0,66.0
smac_hybrid,normalized,q07,in_place_rotation_count,5,5,5,1.0,5,1.0,5,1.0,0,0.0,0.0,0.0,0.0,0.0,0.0,0.0
smac_hybrid,normalized,q07,reverse_distance_m,5,5,5,1.0,5,1.0,5,1.0,0,0.3132634536266439,0.0,0.3132634536266439,0.3132634536266439,0.3132634536266439,0.3132634536266439,0.3132634536266439
smac_hybrid,normalized,q07,reverse_ratio,5,5,5,1.0,5,1.0,5,1.0,0,0.0097837477885644,0.0,0.0097837477885644,0.0097837477885644,0.0097837477885644,0.0097837477885644,0.0097837477885644
smac_hybrid,normalized,q08,planning_time_ms,5,5,5,1.0,5,1.0,5,1.0,0,98.54236800000001,2.5688330792965095,99.148257,101.5295878,101.99367916,95.365627,102.109702
smac_hybrid,normalized,q08,wall_time_ms,5,5,5,1.0,5,1.0,5,1.0,0,112.58599800000002,5.155411466017577,111.304589,119.14025120000001,120.13923824000001,106.45958,120.388985
smac_hybrid,normalized,q08,cpu_total_ms,5,5,5,1.0,5,1.0,5,1.0,0,100.00000000000018,7.0710678118654755,100.0,108.00000000000018,109.60000000000004,90.0,110.0
smac_hybrid,normalized,q08,cpu_percent,5,5,5,1.0,5,1.0,5,1.0,0,88.84106007330965,5.2902147339107835,89.84355532726507,95.17274025932682,96.12925774630433,83.06407766458112,96.36838711804872
smac_hybrid,normalized,q08,planner_rss_peak_bytes,5,5,5,1.0,5,1.0,5,1.0,0,132505600.0,155917.2408170437,132444160.0,132716134.4,132770529.28,132427776.0,132784128.0
smac_hybrid,normalized,q08,planner_pss_peak_bytes,5,5,5,1.0,5,1.0,5,1.0,0,96945152.0,155917.2408170437,96883712.0,97155686.4,97210081.28,96867328.0,97223680.0
smac_hybrid,normalized,q08,stack_rss_peak_bytes,5,5,5,1.0,5,1.0,5,1.0,0,242659328.0,155917.2408170437,242597888.0,242869862.4,242924257.28,242581504.0,242937856.0
smac_hybrid,normalized,q08,stack_pss_peak_bytes,5,5,5,1.0,5,1.0,5,1.0,0,141457408.0,155917.2408170437,141395968.0,141667942.4,141722337.28,141379584.0,141735936.0
smac_hybrid,normalized,q08,path_length_m,5,5,5,1.0,5,1.0,5,1.0,0,22.8433199235097,0.0,22.8433199235097,22.8433199235097,22.8433199235097,22.8433199235097,22.8433199235097
smac_hybrid,normalized,q08,euclidean_distance_m,5,5,5,1.0,5,1.0,5,1.0,0,18.886238376129853,0.0,18.886238376129853,18.886238376129853,18.886238376129853,18.886238376129853,18.886238376129853
smac_hybrid,normalized,q08,length_over_euclidean,5,5,5,1.0,5,1.0,5,1.0,0,1.2095219528935506,0.0,1.2095219528935506,1.2095219528935506,1.2095219528935506,1.2095219528935506,1.2095219528935506
smac_hybrid,normalized,q08,length_over_navfn,5,5,5,1.0,5,1.0,5,1.0,0,1.0103241082361407,0.0,1.0103241082361407,1.0103241082361407,1.0103241082361407,1.0103241082361407,1.0103241082361407
smac_hybrid,normalized,q08,length_over_shortest_observed_valid,5,5,5,1.0,5,1.0,5,1.0,0,1.0103241082361407,0.0,1.0103241082361407,1.0103241082361407,1.0103241082361407,1.0103241082361407,1.0103241082361407
smac_hybrid,normalized,q08,minimum_clearance_m,5,5,5,1.0,5,1.0,5,1.0,0,0.4000000059604645,0.0,0.4000000059604645,0.4000000059604645,0.4000000059604645,0.4000000059604645,0.4000000059604645
smac_hybrid,normalized,q08,clearance_p05_m,5,5,5,1.0,5,1.0,5,1.0,0,0.509844958782196,0.0,0.509844958782196,0.509844958782196,0.509844958782196,0.509844958782196,0.509844958782196
smac_hybrid,normalized,q08,clearance_p50_m,5,5,5,1.0,5,1.0,5,1.0,0,0.9000000357627869,0.0,0.9000000357627869,0.9000000357627869,0.9000000357627869,0.9000000357627869,0.9000000357627869
smac_hybrid,normalized,q08,footprint_collision_count,5,5,5,1.0,5,1.0,5,1.0,0,0.0,0.0,0.0,0.0,0.0,0.0,0.0
smac_hybrid,normalized,q08,heading_change_p95_rad,5,5,5,1.0,5,1.0,5,1.0,0,0.0526267902833699,0.0,0.0526267902833699,0.0526267902833699,0.0526267902833699,0.0526267902833699,0.0526267902833699
smac_hybrid,normalized,q08,curvature_p95_per_m,5,5,5,1.0,5,1.0,5,1.0,0,1.7128938048307063,0.0,1.7128938048307063,1.7128938048307063,1.7128938048307063,1.7128938048307063,1.7128938048307063
smac_hybrid,normalized,q08,preferred_radius_violation_count,5,5,5,1.0,5,1.0,5,1.0,0,49.0,0.0,49.0,49.0,49.0,49.0,49.0
smac_hybrid,normalized,q08,in_place_rotation_count,5,5,5,1.0,5,1.0,5,1.0,0,0.0,0.0,0.0,0.0,0.0,0.0,0.0
smac_hybrid,normalized,q08,reverse_distance_m,5,5,5,1.0,5,1.0,5,1.0,0,0.6044565734358784,0.0,0.6044565734358784,0.6044565734358784,0.6044565734358784,0.6044565734358784,0.6044565734358784
smac_hybrid,normalized,q08,reverse_ratio,5,5,5,1.0,5,1.0,5,1.0,0,0.0264609774524844,0.0,0.0264609774524844,0.0264609774524844,0.0264609774524844,0.0264609774524844,0.0264609774524844
smac_hybrid,normalized,q09,planning_time_ms,5,5,5,1.0,5,1.0,5,1.0,0,10.112700199999999,0.43572942978378193,10.152206,10.641383399999999,10.71226068,9.673525,10.72998
smac_hybrid,normalized,q09,wall_time_ms,5,5,5,1.0,5,1.0,5,1.0,0,20.6866414,4.122230165269197,18.97036,26.3225122,27.67073844,18.235142,28.007795
smac_hybrid,normalized,q09,cpu_total_ms,5,5,5,1.0,5,1.0,5,1.0,0,12.0,4.47213595499958,10.0,18.0,19.6,10.0,20.0
smac_hybrid,normalized,q09,cpu_percent,5,5,5,1.0,5,1.0,5,1.0,0,60.563543280525735,28.415549273360522,52.7138124948604,98.4731279697874,107.4372930214993,35.70434587942392,109.67833428442728
smac_hybrid,normalized,q09,planner_rss_peak_bytes,5,5,5,1.0,5,1.0,5,1.0,0,125082009.6,103564.830849087,125145088.0,125167206.4,125169172.48,124968960.0,125169664.0
smac_hybrid,normalized,q09,planner_pss_peak_bytes,5,5,5,1.0,5,1.0,5,1.0,0,89443737.6,103564.830849087,89506816.0,89528934.4,89530900.48,89330688.0,89531392.0
smac_hybrid,normalized,q09,stack_rss_peak_bytes,5,5,5,1.0,5,1.0,5,1.0,0,235379097.6,103564.830849087,235442176.0,235464294.4,235466260.48,235266048.0,235466752.0
smac_hybrid,normalized,q09,stack_pss_peak_bytes,5,5,5,1.0,5,1.0,5,1.0,0,134090137.6,103564.830849087,134153216.0,134175334.4,134177300.48,133977088.0,134177792.0
smac_hybrid,normalized,q09,path_length_m,5,5,5,1.0,5,1.0,5,1.0,0,15.05393430193087,1.9860273225978185e-15,15.053934301930868,15.053934301930868,15.053934301930868,15.053934301930868,15.053934301930868
smac_hybrid,normalized,q09,euclidean_distance_m,5,5,5,1.0,5,1.0,5,1.0,0,12.969194269498782,0.0,12.969194269498782,12.969194269498782,12.969194269498782,12.969194269498782,12.969194269498782
smac_hybrid,normalized,q09,length_over_euclidean,5,5,5,1.0,5,1.0,5,1.0,0,1.1607455319976985,0.0,1.1607455319976985,1.1607455319976985,1.1607455319976985,1.1607455319976985,1.1607455319976985
smac_hybrid,normalized,q09,length_over_navfn,5,5,5,1.0,5,1.0,5,1.0,0,1.057263799318034,0.0,1.057263799318034,1.057263799318034,1.057263799318034,1.057263799318034,1.057263799318034
smac_hybrid,normalized,q09,length_over_shortest_observed_valid,5,5,5,1.0,5,1.0,5,1.0,0,1.057263799318034,0.0,1.057263799318034,1.057263799318034,1.057263799318034,1.057263799318034,1.057263799318034
smac_hybrid,normalized,q09,minimum_clearance_m,5,5,5,1.0,5,1.0,5,1.0,0,0.5492249727249146,0.0,0.5492249727249146,0.5492249727249146,0.5492249727249146,0.5492249727249146,0.5492249727249146
smac_hybrid,normalized,q09,clearance_p05_m,5,5,5,1.0,5,1.0,5,1.0,0,0.6500000357627869,0.0,0.6500000357627869,0.6500000357627869,0.6500000357627869,0.6500000357627869,0.6500000357627869
smac_hybrid,normalized,q09,clearance_p50_m,5,5,5,1.0,5,1.0,5,1.0,0,0.949999988079071,0.0,0.949999988079071,0.949999988079071,0.949999988079071,0.949999988079071,0.949999988079071
smac_hybrid,normalized,q09,footprint_collision_count,5,5,5,1.0,5,1.0,5,1.0,0,0.0,0.0,0.0,0.0,0.0,0.0,0.0
smac_hybrid,normalized,q09,heading_change_p95_rad,5,5,5,1.0,5,1.0,5,1.0,0,0.0581776301066083,0.0,0.0581776301066083,0.0581776301066083,0.0581776301066083,0.0581776301066083,0.0581776301066083
smac_hybrid,normalized,q09,curvature_p95_per_m,5,5,5,1.0,5,1.0,5,1.0,0,1.921525223640068,0.0,1.921525223640068,1.921525223640068,1.921525223640068,1.921525223640068,1.921525223640068
smac_hybrid,normalized,q09,preferred_radius_violation_count,5,5,5,1.0,5,1.0,5,1.0,0,32.0,0.0,32.0,32.0,32.0,32.0,32.0
smac_hybrid,normalized,q09,in_place_rotation_count,5,5,5,1.0,5,1.0,5,1.0,0,0.0,0.0,0.0,0.0,0.0,0.0,0.0
smac_hybrid,normalized,q09,reverse_distance_m,5,5,5,1.0,5,1.0,5,1.0,0,0.875489045330774,0.0,0.875489045330774,0.875489045330774,0.875489045330774,0.875489045330774,0.875489045330774
smac_hybrid,normalized,q09,reverse_ratio,5,5,5,1.0,5,1.0,5,1.0,0,0.05815682649940089,7.757919228897728e-18,0.0581568264994009,0.0581568264994009,0.0581568264994009,0.0581568264994009,0.0581568264994009
smac_hybrid,product,q00,planning_time_ms,5,5,0,0.0,0,0.0,0,0.0,0,0.0,0.0,0.0,0.0,0.0,0.0,0.0
smac_hybrid,product,q00,wall_time_ms,5,5,0,0.0,0,0.0,0,0.0,0,626.3678028,33.29903476629488,619.480665,670.2903506,678.37711012,591.710203,680.3988
smac_hybrid,product,q00,cpu_total_ms,5,5,0,0.0,0,0.0,0,0.0,0,628.0,37.013511046643494,630.0,672.0,678.4,580.0,680.0
smac_hybrid,product,q00,cpu_percent,5,5,0,0.0,0,0.0,0,0.0,0,100.24130395964218,1.5091445284715426,99.94138731579186,101.68055898223352,101.69458325091897,98.02095638360996,101.69808931809033
smac_hybrid,product,q00,planner_rss_peak_bytes,5,5,0,0.0,0,0.0,0,0.0,0,196011622.4,406656.6889512578,195829760.0,196557209.6,196702699.52,195829760.0,196739072.0
smac_hybrid,product,q00,planner_pss_peak_bytes,5,5,0,0.0,0,0.0,0,0.0,0,160456499.2,407114.6356730497,160274432.0,161002700.8,161148354.56,160274432.0,161184768.0
smac_hybrid,product,q00,stack_rss_peak_bytes,5,5,0,0.0,0,0.0,0,0.0,0,306382438.4,406656.6889512578,306200576.0,306928025.6,307073515.52,306200576.0,307109888.0
smac_hybrid,product,q00,stack_pss_peak_bytes,5,5,0,0.0,0,0.0,0,0.0,0,205049856.0,407572.58239484165,204867584.0,205596672.0,205742489.6,204867584.0,205778944.0
smac_hybrid,product,q00,path_length_m,0,5,0,0.0,0,0.0,0,0.0,0,,,,,,,
smac_hybrid,product,q00,euclidean_distance_m,0,5,0,0.0,0,0.0,0,0.0,0,,,,,,,
smac_hybrid,product,q00,length_over_euclidean,0,5,0,0.0,0,0.0,0,0.0,0,,,,,,,
smac_hybrid,product,q00,length_over_navfn,0,5,0,0.0,0,0.0,0,0.0,0,,,,,,,
smac_hybrid,product,q00,length_over_shortest_observed_valid,0,5,0,0.0,0,0.0,0,0.0,0,,,,,,,
smac_hybrid,product,q00,minimum_clearance_m,0,5,0,0.0,0,0.0,0,0.0,0,,,,,,,
smac_hybrid,product,q00,clearance_p05_m,0,5,0,0.0,0,0.0,0,0.0,0,,,,,,,
smac_hybrid,product,q00,clearance_p50_m,0,5,0,0.0,0,0.0,0,0.0,0,,,,,,,
smac_hybrid,product,q00,footprint_collision_count,0,5,0,0.0,0,0.0,0,0.0,0,,,,,,,
smac_hybrid,product,q00,heading_change_p95_rad,0,5,0,0.0,0,0.0,0,0.0,0,,,,,,,
smac_hybrid,product,q00,curvature_p95_per_m,0,5,0,0.0,0,0.0,0,0.0,0,,,,,,,
smac_hybrid,product,q00,preferred_radius_violation_count,0,5,0,0.0,0,0.0,0,0.0,0,,,,,,,
smac_hybrid,product,q00,in_place_rotation_count,0,5,0,0.0,0,0.0,0,0.0,0,,,,,,,
smac_hybrid,product,q00,reverse_distance_m,0,5,0,0.0,0,0.0,0,0.0,0,,,,,,,
smac_hybrid,product,q00,reverse_ratio,0,5,0,0.0,0,0.0,0,0.0,0,,,,,,,
smac_hybrid,product,q01,planning_time_ms,5,5,5,1.0,5,1.0,5,1.0,0,141.5491866,2.95494826851119,141.898765,144.6342392,144.97151104,137.08533,145.055829
smac_hybrid,product,q01,wall_time_ms,5,5,5,1.0,5,1.0,5,1.0,0,157.41895999999997,3.1708909545990327,158.009631,160.7069522,161.02779524,152.757405,161.108006
smac_hybrid,product,q01,cpu_total_ms,5,5,5,1.0,5,1.0,5,1.0,0,138.0,4.47213595499958,140.0,140.0,140.0,130.0,140.0
smac_hybrid,product,q01,cpu_percent,5,5,5,1.0,5,1.0,5,1.0,0,87.65449128898013,1.7454703078324958,87.99345796295133,89.46149517081916,89.63335537932686,85.10225739956763,89.67632043145379
smac_hybrid,product,q01,planner_rss_peak_bytes,5,5,5,1.0,5,1.0,5,1.0,0,146891571.2,128695.25102038537,146948096.0,146951372.8,146952028.16,146661376.0,146952192.0
smac_hybrid,product,q01,planner_pss_peak_bytes,5,5,5,1.0,5,1.0,5,1.0,0,111274598.4,129189.68409590605,111330304.0,111336857.6,111338168.32,111043584.0,111338496.0
smac_hybrid,product,q01,stack_rss_peak_bytes,5,5,5,1.0,5,1.0,5,1.0,0,257191936.0,128225.08210174795,257249280.0,257249280.0,257249280.0,256962560.0,257249280.0
smac_hybrid,product,q01,stack_pss_peak_bytes,5,5,5,1.0,5,1.0,5,1.0,0,155857715.2,126393.29521458012,155914240.0,155914240.0,155914240.0,155631616.0,155914240.0
smac_hybrid,product,q01,path_length_m,5,5,5,1.0,5,1.0,5,1.0,0,36.92068058608405,0.0,36.92068058608405,36.92068058608405,36.92068058608405,36.92068058608405,36.92068058608405
smac_hybrid,product,q01,euclidean_distance_m,5,5,5,1.0,5,1.0,5,1.0,0,24.42478249647272,0.0,24.42478249647272,24.42478249647272,24.42478249647272,24.42478249647272,24.42478249647272
smac_hybrid,product,q01,length_over_euclidean,5,5,5,1.0,5,1.0,5,1.0,0,1.5116073435419914,0.0,1.5116073435419914,1.5116073435419914,1.5116073435419914,1.5116073435419914,1.5116073435419914
smac_hybrid,product,q01,length_over_navfn,5,5,5,1.0,5,1.0,5,1.0,0,1.0208645283447264,0.0,1.0208645283447264,1.0208645283447264,1.0208645283447264,1.0208645283447264,1.0208645283447264
smac_hybrid,product,q01,length_over_shortest_observed_valid,5,5,5,1.0,5,1.0,5,1.0,0,1.0208645283447264,0.0,1.0208645283447264,1.0208645283447264,1.0208645283447264,1.0208645283447264,1.0208645283447264
smac_hybrid,product,q01,minimum_clearance_m,5,5,5,1.0,5,1.0,5,1.0,0,0.41999998688697804,6.206335383118183e-17,0.4199999868869781,0.4199999868869781,0.4199999868869781,0.4199999868869781,0.4199999868869781
smac_hybrid,product,q01,clearance_p05_m,5,5,5,1.0,5,1.0,5,1.0,0,0.48937997221946705,6.206335383118183e-17,0.4893799722194671,0.4893799722194671,0.4893799722194671,0.4893799722194671,0.4893799722194671
smac_hybrid,product,q01,clearance_p50_m,5,5,5,1.0,5,1.0,5,1.0,0,0.8500000238418579,0.0,0.8500000238418579,0.8500000238418579,0.8500000238418579,0.8500000238418579,0.8500000238418579
smac_hybrid,product,q01,footprint_collision_count,5,5,5,1.0,5,1.0,5,1.0,0,0.0,0.0,0.0,0.0,0.0,0.0,0.0
smac_hybrid,product,q01,heading_change_p95_rad,5,5,5,1.0,5,1.0,5,1.0,0,0.0495870710148782,0.0,0.0495870710148782,0.0495870710148782,0.0495870710148782,0.0495870710148782,0.0495870710148782
smac_hybrid,product,q01,curvature_p95_per_m,5,5,5,1.0,5,1.0,5,1.0,0,2.177278947202168,0.0,2.177278947202168,2.177278947202168,2.177278947202168,2.177278947202168,2.177278947202168
smac_hybrid,product,q01,preferred_radius_violation_count,5,5,5,1.0,5,1.0,5,1.0,0,83.0,0.0,83.0,83.0,83.0,83.0,83.0
smac_hybrid,product,q01,in_place_rotation_count,5,5,5,1.0,5,1.0,5,1.0,0,0.0,0.0,0.0,0.0,0.0,0.0,0.0
smac_hybrid,product,q01,reverse_distance_m,5,5,5,1.0,5,1.0,5,1.0,0,0.0,0.0,0.0,0.0,0.0,0.0,0.0
smac_hybrid,product,q01,reverse_ratio,5,5,5,1.0,5,1.0,5,1.0,0,0.0,0.0,0.0,0.0,0.0,0.0,0.0
smac_hybrid,product,q02,planning_time_ms,5,5,5,1.0,5,1.0,5,1.0,0,16.040748200000003,1.280918002656181,16.530646,17.1710398,17.17226956,14.603118,17.172577
smac_hybrid,product,q02,wall_time_ms,5,5,5,1.0,5,1.0,5,1.0,0,32.3702576,3.702934539613859,30.917287,36.387958,36.4600596,28.08165,36.478085
smac_hybrid,product,q02,cpu_total_ms,5,5,5,1.0,5,1.0,5,1.0,0,16.0,5.477225575051661,20.0,20.0,20.0,10.0,20.0
smac_hybrid,product,q02,cpu_percent,5,5,5,1.0,5,1.0,5,1.0,0,49.82617819089195,17.43677538649943,55.51322672018142,65.6615636782558,65.85613061493049,27.41371977174789,65.90477234909916
smac_hybrid,product,q02,planner_rss_peak_bytes,5,5,5,1.0,5,1.0,5,1.0,0,126050304.0,0.0,126050304.0,126050304.0,126050304.0,126050304.0,126050304.0
smac_hybrid,product,q02,planner_pss_peak_bytes,5,5,5,1.0,5,1.0,5,1.0,0,90514432.0,0.0,90514432.0,90514432.0,90514432.0,90514432.0,90514432.0
smac_hybrid,product,q02,stack_rss_peak_bytes,5,5,5,1.0,5,1.0,5,1.0,0,236545638.4,3663.5737743356553,236544000.0,236550553.6,236551864.32,236544000.0,236552192.0
smac_hybrid,product,q02,stack_pss_peak_bytes,5,5,5,1.0,5,1.0,5,1.0,0,135184998.4,3663.5737743356553,135183360.0,135189913.6,135191224.32,135183360.0,135191552.0
smac_hybrid,product,q02,path_length_m,5,5,5,1.0,5,1.0,5,1.0,0,28.906756178556,0.0,28.906756178556,28.906756178556,28.906756178556,28.906756178556,28.906756178556
smac_hybrid,product,q02,euclidean_distance_m,5,5,5,1.0,5,1.0,5,1.0,0,15.380832227158578,0.0,15.380832227158578,15.380832227158578,15.380832227158578,15.380832227158578,15.380832227158578
smac_hybrid,product,q02,length_over_euclidean,5,5,5,1.0,5,1.0,5,1.0,0,1.8794013062254282,2.482534153247273e-16,1.8794013062254284,1.8794013062254284,1.8794013062254284,1.8794013062254284,1.8794013062254284
smac_hybrid,product,q02,length_over_navfn,5,5,5,1.0,5,1.0,5,1.0,0,0.9709281867787081,0.0,0.9709281867787081,0.9709281867787081,0.9709281867787081,0.9709281867787081,0.9709281867787081
smac_hybrid,product,q02,length_over_shortest_observed_valid,5,5,5,1.0,5,1.0,5,1.0,0,1.0,0.0,1.0,1.0,1.0,1.0,1.0
smac_hybrid,product,q02,minimum_clearance_m,5,5,5,1.0,5,1.0,5,1.0,0,0.41999998688697804,6.206335383118183e-17,0.4199999868869781,0.4199999868869781,0.4199999868869781,0.4199999868869781,0.4199999868869781
smac_hybrid,product,q02,clearance_p05_m,5,5,5,1.0,5,1.0,5,1.0,0,0.5,0.0,0.5,0.5,0.5,0.5,0.5
smac_hybrid,product,q02,clearance_p50_m,5,5,5,1.0,5,1.0,5,1.0,0,0.949999988079071,0.0,0.949999988079071,0.949999988079071,0.949999988079071,0.949999988079071,0.949999988079071
smac_hybrid,product,q02,footprint_collision_count,5,5,5,1.0,5,1.0,5,1.0,0,0.0,0.0,0.0,0.0,0.0,0.0,0.0
smac_hybrid,product,q02,heading_change_p95_rad,5,5,5,1.0,5,1.0,5,1.0,0,0.033521364834125,0.0,0.033521364834125,0.033521364834125,0.033521364834125,0.033521364834125,0.033521364834125
smac_hybrid,product,q02,curvature_p95_per_m,5,5,5,1.0,5,1.0,5,1.0,0,1.3963227625616697,0.0,1.3963227625616697,1.3963227625616697,1.3963227625616697,1.3963227625616697,1.3963227625616697
smac_hybrid,product,q02,preferred_radius_violation_count,5,5,5,1.0,5,1.0,5,1.0,0,50.0,0.0,50.0,50.0,50.0,50.0,50.0
smac_hybrid,product,q02,in_place_rotation_count,5,5,5,1.0,5,1.0,5,1.0,0,0.0,0.0,0.0,0.0,0.0,0.0,0.0
smac_hybrid,product,q02,reverse_distance_m,5,5,5,1.0,5,1.0,5,1.0,0,0.0,0.0,0.0,0.0,0.0,0.0,0.0
smac_hybrid,product,q02,reverse_ratio,5,5,5,1.0,5,1.0,5,1.0,0,0.0,0.0,0.0,0.0,0.0,0.0,0.0
smac_hybrid,product,q03,planning_time_ms,5,5,5,1.0,0,0.0,0,0.0,5,43.7634752,2.0013566712781867,43.437005,46.383229400000005,46.888021880000004,41.629658,47.01422
smac_hybrid,product,q03,wall_time_ms,5,5,5,1.0,0,0.0,0,0.0,5,65.3873648,3.2119728944355534,63.772098,69.0809988,69.19887576,62.543149,69.228345
smac_hybrid,product,q03,cpu_total_ms,5,5,5,1.0,0,0.0,0,0.0,5,46.0,5.477225575051661,50.0,50.0,50.0,40.0,50.0
smac_hybrid,product,q03,cpu_percent,5,5,5,1.0,0,0.0,0,0.0,5,70.49506271745246,9.157798678376352,72.2247512922633,79.27220796270777,79.44581057767641,58.40131026843666,79.48921123141857
smac_hybrid,product,q03,planner_rss_peak_bytes,5,5,5,1.0,0,0.0,0,0.0,5,132748902.4,562910.2265448727,132710400.0,133421465.6,133563678.72,132014080.0,133599232.0
smac_hybrid,product,q03,planner_pss_peak_bytes,5,5,5,1.0,0,0.0,0,0.0,5,97168588.8,562774.6000693351,97132544.0,97840332.8,97981890.56,96432128.0,98017280.0
smac_hybrid,product,q03,stack_rss_peak_bytes,5,5,5,1.0,0,0.0,0,0.0,5,243121356.8,560242.3693109973,243081216.0,243792281.6,243934494.72,242393088.0,243970048.0
smac_hybrid,product,q03,stack_pss_peak_bytes,5,5,5,1.0,0,0.0,0,0.0,5,141847142.4,562910.2265448727,141808640.0,142519705.6,142661918.72,141112320.0,142697472.0
smac_hybrid,product,q03,path_length_m,5,5,5,1.0,0,0.0,0,0.0,5,53.717218005641215,0.0,53.717218005641215,53.717218005641215,53.717218005641215,53.717218005641215,53.717218005641215
smac_hybrid,product,q03,euclidean_distance_m,5,5,5,1.0,0,0.0,0,0.0,5,35.05567001213926,0.0,35.05567001213926,35.05567001213926,35.05567001213926,35.05567001213926,35.05567001213926
smac_hybrid,product,q03,length_over_euclidean,5,5,5,1.0,0,0.0,0,0.0,5,1.5323403599771377,0.0,1.5323403599771377,1.5323403599771377,1.5323403599771377,1.5323403599771377,1.5323403599771377
smac_hybrid,product,q03,length_over_navfn,0,5,5,1.0,0,0.0,0,0.0,5,,,,,,,
smac_hybrid,product,q03,length_over_shortest_observed_valid,0,5,5,1.0,0,0.0,0,0.0,5,,,,,,,
smac_hybrid,product,q03,minimum_clearance_m,5,5,5,1.0,0,0.0,0,0.0,5,0.25,0.0,0.25,0.25,0.25,0.25,0.25
smac_hybrid,product,q03,clearance_p05_m,5,5,5,1.0,0,0.0,0,0.0,5,0.5298294425010681,0.0,0.5298294425010681,0.5298294425010681,0.5298294425010681,0.5298294425010681,0.5298294425010681
smac_hybrid,product,q03,clearance_p50_m,5,5,5,1.0,0,0.0,0,0.0,5,0.75,0.0,0.75,0.75,0.75,0.75,0.75
smac_hybrid,product,q03,footprint_collision_count,5,5,5,1.0,0,0.0,0,0.0,5,28.0,0.0,28.0,28.0,28.0,28.0,28.0
smac_hybrid,product,q03,heading_change_p95_rad,5,5,5,1.0,0,0.0,0,0.0,5,0.0342571595660698,0.0,0.0342571595660698,0.0342571595660698,0.0342571595660698,0.0342571595660698,0.0342571595660698
smac_hybrid,product,q03,curvature_p95_per_m,5,5,5,1.0,0,0.0,0,0.0,5,1.4021549550851082,0.0,1.4021549550851082,1.4021549550851082,1.4021549550851082,1.4021549550851082,1.4021549550851082
smac_hybrid,product,q03,preferred_radius_violation_count,5,5,5,1.0,0,0.0,0,0.0,5,80.0,0.0,80.0,80.0,80.0,80.0,80.0
smac_hybrid,product,q03,in_place_rotation_count,5,5,5,1.0,0,0.0,0,0.0,5,0.0,0.0,0.0,0.0,0.0,0.0,0.0
smac_hybrid,product,q03,reverse_distance_m,5,5,5,1.0,0,0.0,0,0.0,5,0.0,0.0,0.0,0.0,0.0,0.0,0.0
smac_hybrid,product,q03,reverse_ratio,5,5,5,1.0,0,0.0,0,0.0,5,0.0,0.0,0.0,0.0,0.0,0.0,0.0
smac_hybrid,product,q04,planning_time_ms,5,5,5,1.0,5,1.0,5,1.0,0,140.41411139999997,4.705214404048488,142.038311,144.7816574,144.95406748000002,133.906004,144.99717
smac_hybrid,product,q04,wall_time_ms,5,5,5,1.0,5,1.0,5,1.0,0,154.855565,5.169320818692053,156.610772,159.4739898,159.53822516,147.826408,159.554284
smac_hybrid,product,q04,cpu_total_ms,5,5,5,1.0,5,1.0,5,1.0,0,142.0,8.366600265340756,140.0,150.0,150.0,130.0,150.0
smac_hybrid,product,q04,cpu_percent,5,5,5,1.0,5,1.0,5,1.0,0,91.66932306808393,3.666664284806248,92.63330468493996,95.472890043005,95.71765984871861,87.74443185743606,95.77885230014702
smac_hybrid,product,q04,planner_rss_peak_bytes,5,5,5,1.0,5,1.0,5,1.0,0,149335244.8,647630.5789840377,148869120.0,150044672.0,150044672.0,148856832.0,150044672.0
smac_hybrid,product,q04,planner_pss_peak_bytes,5,5,5,1.0,5,1.0,5,1.0,0,113728102.4,649113.2688435817,113255424.0,114439168.0,114439168.0,113251328.0,114439168.0
smac_hybrid,product,q04,stack_rss_peak_bytes,5,5,5,1.0,5,1.0,5,1.0,0,259168665.6,1019540.3946233813,259264512.0,260215603.2,260405002.24,257593344.0,260452352.0
smac_hybrid,product,q04,stack_pss_peak_bytes,5,5,5,1.0,5,1.0,5,1.0,0,157862502.4,1020638.2192553834,157959168.0,158912716.8,159103426.56,156288000.0,159151104.0
smac_hybrid,product,q04,path_length_m,5,5,5,1.0,5,1.0,5,1.0,0,32.47690987382587,0.0,32.47690987382587,32.47690987382587,32.47690987382587,32.47690987382587,32.47690987382587
smac_hybrid,product,q04,euclidean_distance_m,5,5,5,1.0,5,1.0,5,1.0,0,26.602443496791796,0.0,26.602443496791796,26.602443496791796,26.602443496791796,26.602443496791796,26.602443496791796
smac_hybrid,product,q04,length_over_euclidean,5,5,5,1.0,5,1.0,5,1.0,0,1.2208243155461462,0.0,1.2208243155461462,1.2208243155461462,1.2208243155461462,1.2208243155461462,1.2208243155461462
smac_hybrid,product,q04,length_over_navfn,5,5,5,1.0,5,1.0,5,1.0,0,1.027771122435344,0.0,1.027771122435344,1.027771122435344,1.027771122435344,1.027771122435344,1.027771122435344
smac_hybrid,product,q04,length_over_shortest_observed_valid,5,5,5,1.0,5,1.0,5,1.0,0,1.027771122435344,0.0,1.027771122435344,1.027771122435344,1.027771122435344,1.027771122435344,1.027771122435344
smac_hybrid,product,q04,minimum_clearance_m,5,5,5,1.0,5,1.0,5,1.0,0,0.4000000059604645,0.0,0.4000000059604645,0.4000000059604645,0.4000000059604645,0.4000000059604645,0.4000000059604645
smac_hybrid,product,q04,clearance_p05_m,5,5,5,1.0,5,1.0,5,1.0,0,0.5,0.0,0.5,0.5,0.5,0.5,0.5
smac_hybrid,product,q04,clearance_p50_m,5,5,5,1.0,5,1.0,5,1.0,0,1.018759846687317,0.0,1.018759846687317,1.018759846687317,1.018759846687317,1.018759846687317,1.018759846687317
smac_hybrid,product,q04,footprint_collision_count,5,5,5,1.0,5,1.0,5,1.0,0,0.0,0.0,0.0,0.0,0.0,0.0,0.0
smac_hybrid,product,q04,heading_change_p95_rad,5,5,5,1.0,5,1.0,5,1.0,0,0.052163600814577805,7.757919228897728e-18,0.0521636008145778,0.0521636008145778,0.0521636008145778,0.0521636008145778,0.0521636008145778
smac_hybrid,product,q04,curvature_p95_per_m,5,5,5,1.0,5,1.0,5,1.0,0,1.3021615166150124,0.0,1.3021615166150124,1.3021615166150124,1.3021615166150124,1.3021615166150124,1.3021615166150124
smac_hybrid,product,q04,preferred_radius_violation_count,5,5,5,1.0,5,1.0,5,1.0,0,44.0,0.0,44.0,44.0,44.0,44.0,44.0
smac_hybrid,product,q04,in_place_rotation_count,5,5,5,1.0,5,1.0,5,1.0,0,0.0,0.0,0.0,0.0,0.0,0.0,0.0
smac_hybrid,product,q04,reverse_distance_m,5,5,5,1.0,5,1.0,5,1.0,0,0.0,0.0,0.0,0.0,0.0,0.0,0.0
smac_hybrid,product,q04,reverse_ratio,5,5,5,1.0,5,1.0,5,1.0,0,0.0,0.0,0.0,0.0,0.0,0.0,0.0
smac_hybrid,product,q05,planning_time_ms,5,5,0,0.0,0,0.0,0,0.0,0,0.0,0.0,0.0,0.0,0.0,0.0,0.0
smac_hybrid,product,q05,wall_time_ms,5,5,0,0.0,0,0.0,0,0.0,0,14.691516400000001,1.5470345088144608,15.255188,16.069253399999997,16.21423708,12.175203,16.250483
smac_hybrid,product,q05,cpu_total_ms,5,5,0,0.0,0,0.0,0,0.0,0,14.0,5.477225575051661,10.0,20.0,20.0,10.0,20.0
smac_hybrid,product,q05,cpu_percent,5,5,0,0.0,0,0.0,0,0.0,0,94.88073288356014,33.53638030890402,82.13415414921624,130.95060470509293,131.0724730955774,61.53663248040074,131.10294019319852
smac_hybrid,product,q05,planner_rss_peak_bytes,5,5,0,0.0,0,0.0,0,0.0,0,121963315.2,5340.530610342011,121966592.0,121966592.0,121966592.0,121954304.0,121966592.0
smac_hybrid,product,q05,planner_pss_peak_bytes,5,5,0,0.0,0,0.0,0,0.0,0,86294323.2,5340.530610342011,86297600.0,86297600.0,86297600.0,86285312.0,86297600.0
smac_hybrid,product,q05,stack_rss_peak_bytes,5,5,0,0.0,0,0.0,0,0.0,0,232346419.2,5340.53061034201,232349696.0,232349696.0,232349696.0,232337408.0,232349696.0
smac_hybrid,product,q05,stack_pss_peak_bytes,5,5,0,0.0,0,0.0,0,0.0,0,130927411.2,5340.530610342011,130930688.0,130930688.0,130930688.0,130918400.0,130930688.0
smac_hybrid,product,q05,path_length_m,0,5,0,0.0,0,0.0,0,0.0,0,,,,,,,
smac_hybrid,product,q05,euclidean_distance_m,0,5,0,0.0,0,0.0,0,0.0,0,,,,,,,
smac_hybrid,product,q05,length_over_euclidean,0,5,0,0.0,0,0.0,0,0.0,0,,,,,,,
smac_hybrid,product,q05,length_over_navfn,0,5,0,0.0,0,0.0,0,0.0,0,,,,,,,
smac_hybrid,product,q05,length_over_shortest_observed_valid,0,5,0,0.0,0,0.0,0,0.0,0,,,,,,,
smac_hybrid,product,q05,minimum_clearance_m,0,5,0,0.0,0,0.0,0,0.0,0,,,,,,,
smac_hybrid,product,q05,clearance_p05_m,0,5,0,0.0,0,0.0,0,0.0,0,,,,,,,
smac_hybrid,product,q05,clearance_p50_m,0,5,0,0.0,0,0.0,0,0.0,0,,,,,,,
smac_hybrid,product,q05,footprint_collision_count,0,5,0,0.0,0,0.0,0,0.0,0,,,,,,,
smac_hybrid,product,q05,heading_change_p95_rad,0,5,0,0.0,0,0.0,0,0.0,0,,,,,,,
smac_hybrid,product,q05,curvature_p95_per_m,0,5,0,0.0,0,0.0,0,0.0,0,,,,,,,
smac_hybrid,product,q05,preferred_radius_violation_count,0,5,0,0.0,0,0.0,0,0.0,0,,,,,,,
smac_hybrid,product,q05,in_place_rotation_count,0,5,0,0.0,0,0.0,0,0.0,0,,,,,,,
smac_hybrid,product,q05,reverse_distance_m,0,5,0,0.0,0,0.0,0,0.0,0,,,,,,,
smac_hybrid,product,q05,reverse_ratio,0,5,0,0.0,0,0.0,0,0.0,0,,,,,,,
smac_hybrid,product,q06,planning_time_ms,5,5,5,1.0,5,1.0,5,1.0,0,92.1788154,1.5503991483659345,92.16275,93.58138240000001,93.64315648,89.683849,93.6586
smac_hybrid,product,q06,wall_time_ms,5,5,5,1.0,5,1.0,5,1.0,0,174.0300536,146.44021444317673,109.312966,371.514456,423.03375520000003,104.441695,435.91358
smac_hybrid,product,q06,cpu_total_ms,5,5,5,1.0,5,1.0,5,1.0,0,96.0,5.477225575051661,100.0,100.0,100.0,90.0,100.0
smac_hybrid,product,q06,cpu_percent,5,5,5,1.0,5,1.0,5,1.0,0,74.61359035594019,29.182180491825633,86.1724812106889,92.6287040119942,93.597950649645,22.94032684184787,93.8402623090577
smac_hybrid,product,q06,planner_rss_peak_bytes,5,5,5,1.0,5,1.0,5,1.0,0,144664985.6,335891.9798935366,144699392.0,144957440.0,144957440.0,144146432.0,144957440.0
smac_hybrid,product,q06,planner_pss_peak_bytes,5,5,5,1.0,5,1.0,5,1.0,0,109068697.6,335891.9798935366,109103104.0,109361152.0,109361152.0,108550144.0,109361152.0
smac_hybrid,product,q06,stack_rss_peak_bytes,5,5,5,1.0,5,1.0,5,1.0,0,255043993.6,335891.9798935366,255078400.0,255336448.0,255336448.0,254525440.0,255336448.0
smac_hybrid,product,q06,stack_pss_peak_bytes,5,5,5,1.0,5,1.0,5,1.0,0,153736601.6,335891.9798935366,153771008.0,154029056.0,154029056.0,153218048.0,154029056.0
smac_hybrid,product,q06,path_length_m,5,5,5,1.0,5,1.0,5,1.0,0,27.848212519862432,0.0,27.848212519862432,27.848212519862432,27.848212519862432,27.848212519862432,27.848212519862432
smac_hybrid,product,q06,euclidean_distance_m,5,5,5,1.0,5,1.0,5,1.0,0,24.36472860509634,0.0,24.36472860509634,24.36472860509634,24.36472860509634,24.36472860509634,24.36472860509634
smac_hybrid,product,q06,length_over_euclidean,5,5,5,1.0,5,1.0,5,1.0,0,1.1429724078288095,0.0,1.1429724078288095,1.1429724078288095,1.1429724078288095,1.1429724078288095,1.1429724078288095
smac_hybrid,product,q06,length_over_navfn,5,5,5,1.0,5,1.0,5,1.0,0,1.054184319477611,0.0,1.054184319477611,1.054184319477611,1.054184319477611,1.054184319477611,1.054184319477611
smac_hybrid,product,q06,length_over_shortest_observed_valid,5,5,5,1.0,5,1.0,5,1.0,0,1.054184319477611,0.0,1.054184319477611,1.054184319477611,1.054184319477611,1.054184319477611,1.054184319477611
smac_hybrid,product,q06,minimum_clearance_m,5,5,5,1.0,5,1.0,5,1.0,0,0.4598449766635895,0.0,0.4598449766635895,0.4598449766635895,0.4598449766635895,0.4598449766635895,0.4598449766635895
smac_hybrid,product,q06,clearance_p05_m,5,5,5,1.0,5,1.0,5,1.0,0,0.699999988079071,0.0,0.699999988079071,0.699999988079071,0.699999988079071,0.699999988079071,0.699999988079071
smac_hybrid,product,q06,clearance_p50_m,5,5,5,1.0,5,1.0,5,1.0,0,1.0500000715255735,0.0,1.0500000715255735,1.0500000715255735,1.0500000715255735,1.0500000715255735,1.0500000715255735
smac_hybrid,product,q06,footprint_collision_count,5,5,5,1.0,5,1.0,5,1.0,0,0.0,0.0,0.0,0.0,0.0,0.0,0.0
smac_hybrid,product,q06,heading_change_p95_rad,5,5,5,1.0,5,1.0,5,1.0,0,0.05188240523668329,7.757919228897728e-18,0.0518824052366833,0.0518824052366833,0.0518824052366833,0.0518824052366833,0.0518824052366833
smac_hybrid,product,q06,curvature_p95_per_m,5,5,5,1.0,5,1.0,5,1.0,0,1.1774393757455983,0.0,1.1774393757455983,1.1774393757455983,1.1774393757455983,1.1774393757455983,1.1774393757455983
smac_hybrid,product,q06,preferred_radius_violation_count,5,5,5,1.0,5,1.0,5,1.0,0,34.0,0.0,34.0,34.0,34.0,34.0,34.0
smac_hybrid,product,q06,in_place_rotation_count,5,5,5,1.0,5,1.0,5,1.0,0,0.0,0.0,0.0,0.0,0.0,0.0,0.0
smac_hybrid,product,q06,reverse_distance_m,5,5,5,1.0,5,1.0,5,1.0,0,0.0,0.0,0.0,0.0,0.0,0.0,0.0
smac_hybrid,product,q06,reverse_ratio,5,5,5,1.0,5,1.0,5,1.0,0,0.0,0.0,0.0,0.0,0.0,0.0,0.0
smac_hybrid,product,q07,planning_time_ms,5,5,5,1.0,5,1.0,5,1.0,0,16.2036504,2.5948911908920773,15.37996,19.20082,19.4176256,12.924876,19.471827
smac_hybrid,product,q07,wall_time_ms,5,5,5,1.0,5,1.0,5,1.0,0,34.543312,2.9836107146373,32.989762,38.186274600000004,38.46506852,31.41851,38.534767
smac_hybrid,product,q07,cpu_total_ms,5,5,5,1.0,5,1.0,5,1.0,0,20.0,7.0710678118654755,20.0,28.0,29.6,10.0,30.0
smac_hybrid,product,q07,cpu_percent,5,5,5,1.0,5,1.0,5,1.0,0,59.11045255482236,23.235543651073932,60.62486901239239,85.50004204457005,89.8687019586,25.95059157876833,90.96086693710748
smac_hybrid,product,q07,planner_rss_peak_bytes,5,5,5,1.0,5,1.0,5,1.0,0,125267968.0,2896.309375740099,125267968.0,125271244.8,125271900.16,125263872.0,125272064.0
smac_hybrid,product,q07,planner_pss_peak_bytes,5,5,5,1.0,5,1.0,5,1.0,0,89641779.2,4486.943191082321,89640960.0,89647513.6,89648824.32,89636864.0,89649152.0
smac_hybrid,product,q07,stack_rss_peak_bytes,5,5,5,1.0,5,1.0,5,1.0,0,235671552.0,2896.309375740099,235671552.0,235674828.8,235675484.16,235667456.0,235675648.0
smac_hybrid,product,q07,stack_pss_peak_bytes,5,5,5,1.0,5,1.0,5,1.0,0,134309888.0,2896.309375740099,134309888.0,134313164.8,134313820.16,134305792.0,134313984.0
smac_hybrid,product,q07,path_length_m,5,5,5,1.0,5,1.0,5,1.0,0,32.11834106862137,0.0,32.11834106862137,32.11834106862137,32.11834106862137,32.11834106862137,32.11834106862137
smac_hybrid,product,q07,euclidean_distance_m,5,5,5,1.0,5,1.0,5,1.0,0,24.675696545386515,0.0,24.675696545386515,24.675696545386515,24.675696545386515,24.675696545386515,24.675696545386515
smac_hybrid,product,q07,length_over_euclidean,5,5,5,1.0,5,1.0,5,1.0,0,1.3016184167099578,0.0,1.3016184167099578,1.3016184167099578,1.3016184167099578,1.3016184167099578,1.3016184167099578
smac_hybrid,product,q07,length_over_navfn,5,5,5,1.0,5,1.0,5,1.0,0,0.9981002607057216,0.0,0.9981002607057216,0.9981002607057216,0.9981002607057216,0.9981002607057216,0.9981002607057216
smac_hybrid,product,q07,length_over_shortest_observed_valid,5,5,5,1.0,5,1.0,5,1.0,0,1.0,0.0,1.0,1.0,1.0,1.0,1.0
smac_hybrid,product,q07,minimum_clearance_m,5,5,5,1.0,5,1.0,5,1.0,0,0.2896899878978729,0.0,0.2896899878978729,0.2896899878978729,0.2896899878978729,0.2896899878978729,0.2896899878978729
smac_hybrid,product,q07,clearance_p05_m,5,5,5,1.0,5,1.0,5,1.0,0,0.4996899664402008,0.0,0.4996899664402008,0.4996899664402008,0.4996899664402008,0.4996899664402008,0.4996899664402008
smac_hybrid,product,q07,clearance_p50_m,5,5,5,1.0,5,1.0,5,1.0,0,0.9000000357627869,0.0,0.9000000357627869,0.9000000357627869,0.9000000357627869,0.9000000357627869,0.9000000357627869
smac_hybrid,product,q07,footprint_collision_count,5,5,5,1.0,5,1.0,5,1.0,0,0.0,0.0,0.0,0.0,0.0,0.0,0.0
smac_hybrid,product,q07,heading_change_p95_rad,5,5,5,1.0,5,1.0,5,1.0,0,0.0523582552740928,0.0,0.0523582552740928,0.0523582552740928,0.0523582552740928,0.0523582552740928,0.0523582552740928
smac_hybrid,product,q07,curvature_p95_per_m,5,5,5,1.0,5,1.0,5,1.0,0,2.159053190565533,0.0,2.159053190565533,2.159053190565533,2.159053190565533,2.159053190565533,2.159053190565533
smac_hybrid,product,q07,preferred_radius_violation_count,5,5,5,1.0,5,1.0,5,1.0,0,69.0,0.0,69.0,69.0,69.0,69.0,69.0
smac_hybrid,product,q07,in_place_rotation_count,5,5,5,1.0,5,1.0,5,1.0,0,0.0,0.0,0.0,0.0,0.0,0.0,0.0
smac_hybrid,product,q07,reverse_distance_m,5,5,5,1.0,5,1.0,5,1.0,0,0.0,0.0,0.0,0.0,0.0,0.0,0.0
smac_hybrid,product,q07,reverse_ratio,5,5,5,1.0,5,1.0,5,1.0,0,0.0,0.0,0.0,0.0,0.0,0.0,0.0
smac_hybrid,product,q08,planning_time_ms,5,5,5,1.0,5,1.0,5,1.0,0,35.833889600000006,4.295964019510964,33.609769,40.5434386,40.57981332,31.651626,40.588907
smac_hybrid,product,q08,wall_time_ms,5,5,5,1.0,5,1.0,5,1.0,0,53.158777,8.913703479455748,52.706233,62.9767582,63.44221324,43.632372,63.558577
smac_hybrid,product,q08,cpu_total_ms,5,5,5,1.0,5,1.0,5,1.0,0,38.0,8.366600265340756,40.0,48.0,49.6,30.0,50.0
smac_hybrid,product,q08,cpu_percent,5,5,5,1.0,5,1.0,5,1.0,0,71.73982211262108,12.12129805256645,68.75628948158034,86.45609474879105,88.01379593901855,56.919264178868566,88.40322123657542
smac_hybrid,product,q08,planner_rss_peak_bytes,5,5,5,1.0,5,1.0,5,1.0,0,130929459.2,7327.14754867131,130932736.0,130932736.0,130932736.0,130916352.0,130932736.0
smac_hybrid,product,q08,planner_pss_peak_bytes,5,5,5,1.0,5,1.0,5,1.0,0,95337267.2,7327.14754867131,95340544.0,95340544.0,95340544.0,95324160.0,95340544.0
smac_hybrid,product,q08,stack_rss_peak_bytes,5,5,5,1.0,5,1.0,5,1.0,0,241297817.6,8973.886382164641,241299456.0,241306009.6,241307320.32,241283072.0,241307648.0
smac_hybrid,product,q08,stack_pss_peak_bytes,5,5,5,1.0,5,1.0,5,1.0,0,140033433.6,8973.886382164641,140035072.0,140041625.6,140042936.32,140018688.0,140043264.0
smac_hybrid,product,q08,path_length_m,5,5,5,1.0,5,1.0,5,1.0,0,24.52699415347111,0.0,24.52699415347111,24.52699415347111,24.52699415347111,24.52699415347111,24.52699415347111
smac_hybrid,product,q08,euclidean_distance_m,5,5,5,1.0,5,1.0,5,1.0,0,18.886238376129853,0.0,18.886238376129853,18.886238376129853,18.886238376129853,18.886238376129853,18.886238376129853
smac_hybrid,product,q08,length_over_euclidean,5,5,5,1.0,5,1.0,5,1.0,0,1.298670156809551,0.0,1.298670156809551,1.298670156809551,1.298670156809551,1.298670156809551,1.298670156809551
smac_hybrid,product,q08,length_over_navfn,5,5,5,1.0,5,1.0,5,1.0,0,1.084790371049159,0.0,1.084790371049159,1.084790371049159,1.084790371049159,1.084790371049159,1.084790371049159
smac_hybrid,product,q08,length_over_shortest_observed_valid,5,5,5,1.0,5,1.0,5,1.0,0,1.084790371049159,0.0,1.084790371049159,1.084790371049159,1.084790371049159,1.084790371049159,1.084790371049159
smac_hybrid,product,q08,minimum_clearance_m,5,5,5,1.0,5,1.0,5,1.0,0,0.3198449909687042,0.0,0.3198449909687042,0.3198449909687042,0.3198449909687042,0.3198449909687042,0.3198449909687042
smac_hybrid,product,q08,clearance_p05_m,5,5,5,1.0,5,1.0,5,1.0,0,0.4795350134372711,0.0,0.4795350134372711,0.4795350134372711,0.4795350134372711,0.4795350134372711,0.4795350134372711
smac_hybrid,product,q08,clearance_p50_m,5,5,5,1.0,5,1.0,5,1.0,0,0.75,0.0,0.75,0.75,0.75,0.75,0.75
smac_hybrid,product,q08,footprint_collision_count,5,5,5,1.0,5,1.0,5,1.0,0,0.0,0.0,0.0,0.0,0.0,0.0,0.0
smac_hybrid,product,q08,heading_change_p95_rad,5,5,5,1.0,5,1.0,5,1.0,0,0.0530768693170937,0.0,0.0530768693170937,0.0530768693170937,0.0530768693170937,0.0530768693170937,0.0530768693170937
smac_hybrid,product,q08,curvature_p95_per_m,5,5,5,1.0,5,1.0,5,1.0,0,2.486129285657217,0.0,2.486129285657217,2.486129285657217,2.486129285657217,2.486129285657217,2.486129285657217
smac_hybrid,product,q08,preferred_radius_violation_count,5,5,5,1.0,5,1.0,5,1.0,0,58.0,0.0,58.0,58.0,58.0,58.0,58.0
smac_hybrid,product,q08,in_place_rotation_count,5,5,5,1.0,5,1.0,5,1.0,0,0.0,0.0,0.0,0.0,0.0,0.0,0.0
smac_hybrid,product,q08,reverse_distance_m,5,5,5,1.0,5,1.0,5,1.0,0,0.0,0.0,0.0,0.0,0.0,0.0,0.0
smac_hybrid,product,q08,reverse_ratio,5,5,5,1.0,5,1.0,5,1.0,0,0.0,0.0,0.0,0.0,0.0,0.0,0.0
smac_hybrid,product,q09,planning_time_ms,5,5,5,1.0,5,1.0,5,1.0,0,25.4313428,1.8382946140858933,24.784104,27.6954192,27.90498304,23.41021,27.957374
smac_hybrid,product,q09,wall_time_ms,5,5,5,1.0,5,1.0,5,1.0,0,36.927096399999996,2.028737742847583,38.067409,38.7022034,38.78719748,34.391814,38.808446
smac_hybrid,product,q09,cpu_total_ms,5,5,5,1.0,5,1.0,5,1.0,0,24.0,5.477225575051661,20.0,30.0,30.0,20.0,30.0
smac_hybrid,product,q09,cpu_percent,5,5,5,1.0,5,1.0,5,1.0,0,65.33490759218576,16.379778336091185,56.99535316885613,85.45916226784209,86.87588048313732,51.53517355474631,87.23006003696113
smac_hybrid,product,q09,planner_rss_peak_bytes,5,5,5,1.0,5,1.0,5,1.0,0,128564428.8,20764.740576274966,128565248.0,128587366.4,128589332.48,128536576.0,128589824.0
smac_hybrid,product,q09,planner_pss_peak_bytes,5,5,5,1.0,5,1.0,5,1.0,0,92938444.8,20764.740576274966,92939264.0,92961382.4,92963348.48,92910592.0,92963840.0
smac_hybrid,product,q09,stack_rss_peak_bytes,5,5,5,1.0,5,1.0,5,1.0,0,238898380.8,20764.740576274966,238899200.0,238921318.4,238923284.48,238870528.0,238923776.0
smac_hybrid,product,q09,stack_pss_peak_bytes,5,5,5,1.0,5,1.0,5,1.0,0,137545932.8,20764.740576274966,137546752.0,137568870.4,137570836.48,137518080.0,137571328.0
smac_hybrid,product,q09,path_length_m,5,5,5,1.0,5,1.0,5,1.0,0,17.20990668069198,0.0,17.20990668069198,17.20990668069198,17.20990668069198,17.20990668069198,17.20990668069198
smac_hybrid,product,q09,euclidean_distance_m,5,5,5,1.0,5,1.0,5,1.0,0,12.969194269498782,0.0,12.969194269498782,12.969194269498782,12.969194269498782,12.969194269498782,12.969194269498782
smac_hybrid,product,q09,length_over_euclidean,5,5,5,1.0,5,1.0,5,1.0,0,1.3269834904984492,0.0,1.3269834904984492,1.3269834904984492,1.3269834904984492,1.3269834904984492,1.3269834904984492
smac_hybrid,product,q09,length_over_navfn,5,5,5,1.0,5,1.0,5,1.0,0,1.2086814621479658,0.0,1.2086814621479658,1.2086814621479658,1.2086814621479658,1.2086814621479658,1.2086814621479658
smac_hybrid,product,q09,length_over_shortest_observed_valid,5,5,5,1.0,5,1.0,5,1.0,0,1.2086814621479658,0.0,1.2086814621479658,1.2086814621479658,1.2086814621479658,1.2086814621479658,1.2086814621479658
smac_hybrid,product,q09,minimum_clearance_m,5,5,5,1.0,5,1.0,5,1.0,0,0.3795349895954132,0.0,0.3795349895954132,0.3795349895954132,0.3795349895954132,0.3795349895954132,0.3795349895954132
smac_hybrid,product,q09,clearance_p05_m,5,5,5,1.0,5,1.0,5,1.0,0,0.5,0.0,0.5,0.5,0.5,0.5,0.5
smac_hybrid,product,q09,clearance_p50_m,5,5,5,1.0,5,1.0,5,1.0,0,0.9295350313186646,0.0,0.9295350313186646,0.9295350313186646,0.9295350313186646,0.9295350313186646,0.9295350313186646
smac_hybrid,product,q09,footprint_collision_count,5,5,5,1.0,5,1.0,5,1.0,0,0.0,0.0,0.0,0.0,0.0,0.0,0.0
smac_hybrid,product,q09,heading_change_p95_rad,5,5,5,1.0,5,1.0,5,1.0,0,0.061022966446139006,7.757919228897728e-18,0.061022966446139,0.061022966446139,0.061022966446139,0.061022966446139,0.061022966446139
smac_hybrid,product,q09,curvature_p95_per_m,5,5,5,1.0,5,1.0,5,1.0,0,3.2895437183064766,0.0,3.2895437183064766,3.2895437183064766,3.2895437183064766,3.2895437183064766,3.2895437183064766
smac_hybrid,product,q09,preferred_radius_violation_count,5,5,5,1.0,5,1.0,5,1.0,0,46.0,0.0,46.0,46.0,46.0,46.0,46.0
smac_hybrid,product,q09,in_place_rotation_count,5,5,5,1.0,5,1.0,5,1.0,0,0.0,0.0,0.0,0.0,0.0,0.0,0.0
smac_hybrid,product,q09,reverse_distance_m,5,5,5,1.0,5,1.0,5,1.0,0,0.0,0.0,0.0,0.0,0.0,0.0,0.0
smac_hybrid,product,q09,reverse_ratio,5,5,5,1.0,5,1.0,5,1.0,0,0.0,0.0,0.0,0.0,0.0,0.0,0.0
