run_id,timestamp,map_id,map_sha256,query_id,query_category,mode,repetition,topology_status,fallback_used,fallback_reason,fallback_attempts,final_planner,attach_success,graph_route_success,corridor_search_success,final_success,action_success,static_footprint_valid,final_valid_success,result_code,topology_false_failure,topology_collision_count,static_footprint_collision_count,topology_attach_time_ms,topology_graph_search_time_ms,corridor_build_time_ms,corridor_grid_search_time_ms,full_grid_fallback_time_ms,total_topology_query_time_ms,topology_route_length_m,topology_route_width_min_m,final_path_length_m,minimum_clearance_m,path_file,path_point_count,source,grid_mode,topology_edge_ids,corridor_padding_used_m,corridor_attempts,expanded_nodes,generated_nodes,max_open_set_size,allowed_grid_cells,total_free_grid_cells,search_space_ratio,path_cost,search_time_ms,failure_code,cpu_user_ms,cpu_system_ms,cpu_total_ms,cpu_percent,query_rss_before_bytes,query_rss_peak_bytes,query_pss_before_bytes,query_pss_peak_bytes,resource_sample_interval_ms,resource_error,total_online_time_ms,wall_time_ms,full_grid_path_length_m,length_over_full_grid,topology_path_length_m,topology_build_wall_time_ms,amortized_topology_cost_ms,total_with_amortized_topology_cost_ms
q00_full_grid_measured_1_1787293371962042499,2026-08-21T06:22:51.959883+00:00,hospital_005,7cc20065986ac1cd55cb5c110554e65593cc657d7e866c40cd931d94fa035084,q00,forward_heading,full_grid,1,TOPOLOGY_NOT_USED,False,,0,full_grid_astar,True,True,True,True,True,True,True,SUCCEEDED,False,0,0,0.0,0.0,0.0,188.841219,0.0,188.841219,,,22.57670273047593,0.050000000745058,paths/q00_full_grid_measured_1_1787293371962042499.json.gz,402,grid,full_grid,[],,0,27503.0,28094.0,926.0,252546.0,252546,1.0,22.57670273047593,187.128915,,240.0,10.0,250.0,102.0025162551924,163131392,169746432,137793536,144228352,10.0,,245.091993,245.091993,22.57670273047593,1.0,,7763.683896,776.3683896,965.2096086
q00_topology_guided_grid_measured_1_1787293372169307491,2026-08-21T06:22:52.166990+00:00,hospital_005,7cc20065986ac1cd55cb5c110554e65593cc657d7e866c40cd931d94fa035084,q00,forward_heading,topology_guided_grid,1,TOPOLOGY_OK,False,,1,corridor_grid_astar,True,True,True,True,True,True,True,SUCCEEDED,False,0,0,1.639782,0.193736,35.233863,115.523232,0.0,152.590613,26.14974746830584,0.1000000014901161,22.57670273047593,0.050000000745058,paths/q00_topology_guided_grid_measured_1_1787293372169307491.json.gz,402,grid,corridor,"[61, 60, 63, 66, 67, 75, 92, 90, 80, 79]",1.0,1,15284.0,15527.0,737.0,18877.0,252546,0.0747467788046534,22.57670273047593,114.479177,,200.0,20.0,220.0,108.81949994788536,169750528,170942464,144232448,144857088,10.0,,202.169648,202.169648,22.57670273047593,1.0,26.14974746830584,7763.683896,776.3683896,928.9590026
q00_topology_guided_grid_fallback_measured_1_1787293372383969219,2026-08-21T06:22:52.381923+00:00,hospital_005,7cc20065986ac1cd55cb5c110554e65593cc657d7e866c40cd931d94fa035084,q00,forward_heading,topology_guided_grid_fallback,1,TOPOLOGY_OK,False,,1,corridor_grid_astar,True,True,True,True,True,True,True,SUCCEEDED,False,0,0,1.721872,0.195201,36.875848,113.7279,0.0,152.520821,26.14974746830584,0.1000000014901161,22.57670273047593,0.050000000745058,paths/q00_topology_guided_grid_fallback_measured_1_1787293372383969219.json.gz,402,grid,corridor,"[61, 60, 63, 66, 67, 75, 92, 90, 80, 79]",1.0,1,15284.0,15527.0,737.0,18877.0,252546,0.0747467788046534,22.57670273047593,112.413088,,200.0,20.0,220.0,104.96849275264128,170942464,170942464,144857088,144857088,10.0,,209.5867,209.5867,22.57670273047593,1.0,26.14974746830584,7763.683896,776.3683896,928.8892106
q00_full_grid_measured_2_1787293372630436036,2026-08-21T06:22:52.626583+00:00,hospital_005,7cc20065986ac1cd55cb5c110554e65593cc657d7e866c40cd931d94fa035084,q00,forward_heading,full_grid,2,TOPOLOGY_NOT_USED,False,,0,full_grid_astar,True,True,True,True,True,True,True,SUCCEEDED,False,0,0,0.0,0.0,0.0,188.98918,0.0,188.98918,,,22.57670273047593,0.050000000745058,paths/q00_full_grid_measured_2_1787293372630436036.json.gz,402,grid,full_grid,[],,0,27503.0,28094.0,926.0,252546.0,252546,1.0,22.57670273047593,186.802698,,230.0,10.0,240.0,100.19390651971143,170942464,171196416,144857088,145111040,10.0,,239.535525,239.535525,22.57670273047593,1.0,,7763.683896,776.3683896,965.3575696
q00_topology_guided_grid_measured_2_1787293372830937284,2026-08-21T06:22:52.826324+00:00,hospital_005,7cc20065986ac1cd55cb5c110554e65593cc657d7e866c40cd931d94fa035084,q00,forward_heading,topology_guided_grid,2,TOPOLOGY_OK,False,,1,corridor_grid_astar,True,True,True,True,True,True,True,SUCCEEDED,False,0,0,1.684313,0.184951,35.667877,107.581143,0.0,145.118284,26.14974746830584,0.1000000014901161,22.57670273047593,0.050000000745058,paths/q00_topology_guided_grid_measured_2_1787293372830937284.json.gz,402,grid,corridor,"[61, 60, 63, 66, 67, 75, 92, 90, 80, 79]",1.0,1,15284.0,15527.0,737.0,18877.0,252546,0.0747467788046534,22.57670273047593,106.501809,,190.0,20.0,210.0,108.8277263362647,171196416,171196416,145111040,145111040,10.0,,192.965531,192.965531,22.57670273047593,1.0,26.14974746830584,7763.683896,776.3683896,921.4866736
q00_topology_guided_grid_fallback_measured_2_1787293373031053003,2026-08-21T06:22:53.027286+00:00,hospital_005,7cc20065986ac1cd55cb5c110554e65593cc657d7e866c40cd931d94fa035084,q00,forward_heading,topology_guided_grid_fallback,2,TOPOLOGY_OK,False,,1,corridor_grid_astar,True,True,True,True,True,True,True,SUCCEEDED,False,0,0,1.681307,0.185412,35.7692,107.983833,0.0,145.619752,26.14974746830584,0.1000000014901161,22.57670273047593,0.050000000745058,paths/q00_topology_guided_grid_fallback_measured_2_1787293373031053003.json.gz,402,grid,corridor,"[61, 60, 63, 66, 67, 75, 92, 90, 80, 79]",1.0,1,15284.0,15527.0,737.0,18877.0,252546,0.0747467788046534,22.57670273047593,106.838998,,190.0,10.0,200.0,103.39789897950824,171196416,171196416,145111040,145111040,10.0,,193.427528,193.427528,22.57670273047593,1.0,26.14974746830584,7763.683896,776.3683896,921.9881416
q00_full_grid_measured_3_1787293373280780511,2026-08-21T06:22:53.276832+00:00,hospital_005,7cc20065986ac1cd55cb5c110554e65593cc657d7e866c40cd931d94fa035084,q00,forward_heading,full_grid,3,TOPOLOGY_NOT_USED,False,,0,full_grid_astar,True,True,True,True,True,True,True,SUCCEEDED,False,0,0,0.0,0.0,0.0,192.879946,0.0,192.879946,,,22.57670273047593,0.050000000745058,paths/q00_full_grid_measured_3_1787293373280780511.json.gz,402,grid,full_grid,[],,0,27503.0,28094.0,926.0,252546.0,252546,1.0,22.57670273047593,190.864659,,240.0,10.0,250.0,102.95858198225557,171196416,171245568,145111040,145160192,10.0,,242.816087,242.816087,22.57670273047593,1.0,,7763.683896,776.3683896,969.2483356
q00_topology_guided_grid_measured_3_1787293373478977006,2026-08-21T06:22:53.475145+00:00,hospital_005,7cc20065986ac1cd55cb5c110554e65593cc657d7e866c40cd931d94fa035084,q00,forward_heading,topology_guided_grid,3,TOPOLOGY_OK,False,,1,corridor_grid_astar,True,True,True,True,True,True,True,SUCCEEDED,False,0,0,1.670092,0.184984,34.326561,106.962469,0.0,143.144106,26.14974746830584,0.1000000014901161,22.57670273047593,0.050000000745058,paths/q00_topology_guided_grid_measured_3_1787293373478977006.json.gz,402,grid,corridor,"[61, 60, 63, 66, 67, 75, 92, 90, 80, 79]",1.0,1,15284.0,15527.0,737.0,18877.0,252546,0.0747467788046534,22.57670273047593,105.751082,,190.0,20.0,210.0,109.67226152397348,171245568,171245568,145160192,145160192,10.0,,191.479593,191.479593,22.57670273047593,1.0,26.14974746830584,7763.683896,776.3683896,919.5124956
q00_topology_guided_grid_fallback_measured_3_1787293373676833965,2026-08-21T06:22:53.672690+00:00,hospital_005,7cc20065986ac1cd55cb5c110554e65593cc657d7e866c40cd931d94fa035084,q00,forward_heading,topology_guided_grid_fallback,3,TOPOLOGY_OK,False,,1,corridor_grid_astar,True,True,True,True,True,True,True,SUCCEEDED,False,0,0,1.657562,0.195055,34.610081,106.624786,0.0,143.08748400000002,26.14974746830584,0.1000000014901161,22.57670273047593,0.050000000745058,paths/q00_topology_guided_grid_fallback_measured_3_1787293373676833965.json.gz,402,grid,corridor,"[61, 60, 63, 66, 67, 75, 92, 90, 80, 79]",1.0,1,15284.0,15527.0,737.0,18877.0,252546,0.0747467788046534,22.57670273047593,105.206346,,180.0,20.0,200.0,104.7712980076821,171245568,171245568,145160192,145160192,10.0,,190.891975,190.891975,22.57670273047593,1.0,26.14974746830584,7763.683896,776.3683896,919.4558736
q00_full_grid_measured_4_1787293373919369835,2026-08-21T06:22:53.914210+00:00,hospital_005,7cc20065986ac1cd55cb5c110554e65593cc657d7e866c40cd931d94fa035084,q00,forward_heading,full_grid,4,TOPOLOGY_NOT_USED,False,,0,full_grid_astar,True,True,True,True,True,True,True,SUCCEEDED,False,0,0,0.0,0.0,0.0,185.06138,0.0,185.06138,,,22.57670273047593,0.050000000745058,paths/q00_full_grid_measured_4_1787293373919369835.json.gz,402,grid,full_grid,[],,0,27503.0,28094.0,926.0,252546.0,252546,1.0,22.57670273047593,183.317865,,230.0,10.0,240.0,102.3701928572964,171245568,171278336,145160192,145192960,10.0,,234.443243,234.443243,22.57670273047593,1.0,,7763.683896,776.3683896,961.4297696
q00_topology_guided_grid_measured_4_1787293374111996639,2026-08-21T06:22:54.110288+00:00,hospital_005,7cc20065986ac1cd55cb5c110554e65593cc657d7e866c40cd931d94fa035084,q00,forward_heading,topology_guided_grid,4,TOPOLOGY_OK,False,,1,corridor_grid_astar,True,True,True,True,True,True,True,SUCCEEDED,False,0,0,1.700381,0.188048,34.994304,103.785011,0.0,140.667744,26.14974746830584,0.1000000014901161,22.57670273047593,0.050000000745058,paths/q00_topology_guided_grid_measured_4_1787293374111996639.json.gz,402,grid,corridor,"[61, 60, 63, 66, 67, 75, 92, 90, 80, 79]",1.0,1,15284.0,15527.0,737.0,18877.0,252546,0.0747467788046534,22.57670273047593,102.662358,,190.0,20.0,210.0,111.65060624976604,171278336,171278336,145192960,145192960,10.0,,188.086753,188.086753,22.57670273047593,1.0,26.14974746830584,7763.683896,776.3683896,917.0361336
q00_topology_guided_grid_fallback_measured_4_1787293374316545796,2026-08-21T06:22:54.312830+00:00,hospital_005,7cc20065986ac1cd55cb5c110554e65593cc657d7e866c40cd931d94fa035084,q00,forward_heading,topology_guided_grid_fallback,4,TOPOLOGY_OK,False,,1,corridor_grid_astar,True,True,True,True,True,True,True,SUCCEEDED,False,0,0,1.641384,0.185404,34.476079,110.801033,0.0,147.1039,26.14974746830584,0.1000000014901161,22.57670273047593,0.050000000745058,paths/q00_topology_guided_grid_fallback_measured_4_1787293374316545796.json.gz,402,grid,corridor,"[61, 60, 63, 66, 67, 75, 92, 90, 80, 79]",1.0,1,15284.0,15527.0,737.0,18877.0,252546,0.0747467788046534,22.57670273047593,109.572763,,200.0,10.0,210.0,106.13455879866436,171278336,171278336,145192960,145192960,10.0,,197.862037,197.862037,22.57670273047593,1.0,26.14974746830584,7763.683896,776.3683896,923.4722896
q00_full_grid_measured_5_1787293374570894450,2026-08-21T06:22:54.566608+00:00,hospital_005,7cc20065986ac1cd55cb5c110554e65593cc657d7e866c40cd931d94fa035084,q00,forward_heading,full_grid,5,TOPOLOGY_NOT_USED,False,,0,full_grid_astar,True,True,True,True,True,True,True,SUCCEEDED,False,0,0,0.0,0.0,0.0,196.247847,0.0,196.247847,,,22.57670273047593,0.050000000745058,paths/q00_full_grid_measured_5_1787293374570894450.json.gz,402,grid,full_grid,[],,0,27503.0,28094.0,926.0,252546.0,252546,1.0,22.57670273047593,194.329529,,250.0,10.0,260.0,105.27222579706904,171278336,171778048,145192960,145692672,10.0,,246.978724,246.978724,22.57670273047593,1.0,,7763.683896,776.3683896,972.6162366
q00_topology_guided_grid_measured_5_1787293374774971288,2026-08-21T06:22:54.771115+00:00,hospital_005,7cc20065986ac1cd55cb5c110554e65593cc657d7e866c40cd931d94fa035084,q00,forward_heading,topology_guided_grid,5,TOPOLOGY_OK,False,,1,corridor_grid_astar,True,True,True,True,True,True,True,SUCCEEDED,False,0,0,1.676415,0.205151,35.453845,109.483412,0.0,146.818823,26.14974746830584,0.1000000014901161,22.57670273047593,0.050000000745058,paths/q00_topology_guided_grid_measured_5_1787293374774971288.json.gz,402,grid,corridor,"[61, 60, 63, 66, 67, 75, 92, 90, 80, 79]",1.0,1,15284.0,15527.0,737.0,18877.0,252546,0.0747467788046534,22.57670273047593,108.356682,,200.0,10.0,210.0,106.42604245258816,171778048,171778048,145692672,145692672,10.0,,197.320125,197.320125,22.57670273047593,1.0,26.14974746830584,7763.683896,776.3683896,923.1872126
q00_topology_guided_grid_fallback_measured_5_1787293374989672328,2026-08-21T06:22:54.984870+00:00,hospital_005,7cc20065986ac1cd55cb5c110554e65593cc657d7e866c40cd931d94fa035084,q00,forward_heading,topology_guided_grid_fallback,5,TOPOLOGY_OK,False,,1,corridor_grid_astar,True,True,True,True,True,True,True,SUCCEEDED,False,0,0,1.758615,0.198574,37.558794,116.047252,0.0,155.563235,26.14974746830584,0.1000000014901161,22.57670273047593,0.050000000745058,paths/q00_topology_guided_grid_fallback_measured_5_1787293374989672328.json.gz,402,grid,corridor,"[61, 60, 63, 66, 67, 75, 92, 90, 80, 79]",1.0,1,15284.0,15527.0,737.0,18877.0,252546,0.0747467788046534,22.57670273047593,114.818479,,210.0,10.0,220.0,106.37144246271008,171778048,171778048,145692672,145692672,10.0,,206.822428,206.822428,22.57670273047593,1.0,26.14974746830584,7763.683896,776.3683896,931.9316246
q01_full_grid_measured_1_1787293375480302732,2026-08-21T06:22:55.477914+00:00,hospital_005,7cc20065986ac1cd55cb5c110554e65593cc657d7e866c40cd931d94fa035084,q01,forward_heading,full_grid,1,TOPOLOGY_NOT_USED,False,,0,full_grid_astar,True,True,True,True,True,True,True,SUCCEEDED,False,0,0,0.0,0.0,0.0,389.635839,0.0,389.635839,,,37.09629867976531,0.050000000745058,paths/q01_full_grid_measured_1_1787293375480302732.json.gz,646,grid,full_grid,[],,0,51428.0,52195.0,1543.0,252546.0,252546,1.0,37.09629867976531,385.535215,,470.0,10.0,480.0,99.3465326585427,171778048,180473856,145692672,154388480,10.0,,483.157275,483.157275,37.09629867976531,1.0,,7763.683896,776.3683896,1166.0042286
q01_topology_guided_grid_measured_1_1787293375842944707,2026-08-21T06:22:55.838303+00:00,hospital_005,7cc20065986ac1cd55cb5c110554e65593cc657d7e866c40cd931d94fa035084,q01,forward_heading,topology_guided_grid,1,TOPOLOGY_OK,False,,1,corridor_grid_astar,True,True,True,True,True,True,True,SUCCEEDED,False,0,0,1.734997,0.280859,38.53188,227.309634,0.0,267.85737,42.80771644662753,0.5,37.21345596729069,0.050000000745058,paths/q01_topology_guided_grid_measured_1_1787293375842944707.json.gz,650,grid,corridor,"[116, 120, 123, 107, 105, 95, 90, 80, 72, 71, 70]",1.0,1,30090.0,30357.0,739.0,33781.0,252546,0.1337617701329658,37.21345596729069,225.16202,,340.0,30.0,370.0,104.92271547326564,180473856,180473856,154388480,154388480,10.0,,352.640511,352.640511,37.09629867976531,1.0031581934504232,42.80771644662753,7763.683896,776.3683896,1044.2257596
q01_topology_guided_grid_fallback_measured_1_1787293376161593313,2026-08-21T06:22:56.158934+00:00,hospital_005,7cc20065986ac1cd55cb5c110554e65593cc657d7e866c40cd931d94fa035084,q01,forward_heading,topology_guided_grid_fallback,1,TOPOLOGY_OK,False,,1,corridor_grid_astar,True,True,True,True,True,True,True,SUCCEEDED,False,0,0,1.55686,0.248616,34.620041,200.902293,0.0,237.32781,42.80771644662753,0.5,37.21345596729069,0.050000000745058,paths/q01_topology_guided_grid_fallback_measured_1_1787293376161593313.json.gz,650,grid,corridor,"[116, 120, 123, 107, 105, 95, 90, 80, 72, 71, 70]",1.0,1,30090.0,30357.0,739.0,33781.0,252546,0.1337617701329658,37.21345596729069,198.800395,,310.0,10.0,320.0,102.81179628237108,180473856,180473856,154388480,154388480,10.0,,311.248331,311.248331,37.09629867976531,1.0031581934504232,42.80771644662753,7763.683896,776.3683896,1013.6961996
q01_full_grid_measured_2_1787293376569204797,2026-08-21T06:22:56.565421+00:00,hospital_005,7cc20065986ac1cd55cb5c110554e65593cc657d7e866c40cd931d94fa035084,q01,forward_heading,full_grid,2,TOPOLOGY_NOT_USED,False,,0,full_grid_astar,True,True,True,True,True,True,True,SUCCEEDED,False,0,0,0.0,0.0,0.0,322.729753,0.0,322.729753,,,37.09629867976531,0.050000000745058,paths/q01_full_grid_measured_2_1787293376569204797.json.gz,646,grid,full_grid,[],,0,51428.0,52195.0,1543.0,252546.0,252546,1.0,37.09629867976531,319.193157,,400.0,10.0,410.0,102.56397248296672,180473856,180719616,154388480,154634240,10.0,,399.750507,399.750507,37.09629867976531,1.0,,7763.683896,776.3683896,1099.0981426
q01_topology_guided_grid_measured_2_1787293376883926045,2026-08-21T06:22:56.880337+00:00,hospital_005,7cc20065986ac1cd55cb5c110554e65593cc657d7e866c40cd931d94fa035084,q01,forward_heading,topology_guided_grid,2,TOPOLOGY_OK,False,,1,corridor_grid_astar,True,True,True,True,True,True,True,SUCCEEDED,False,0,0,1.503025,0.221369,33.104653,195.099604,0.0,229.928651,42.80771644662753,0.5,37.21345596729069,0.050000000745058,paths/q01_topology_guided_grid_measured_2_1787293376883926045.json.gz,650,grid,corridor,"[116, 120, 123, 107, 105, 95, 90, 80, 72, 71, 70]",1.0,1,30090.0,30357.0,739.0,33781.0,252546,0.1337617701329658,37.21345596729069,193.022916,,300.0,10.0,310.0,101.07567768462306,180719616,180719616,154634240,154634240,10.0,,306.700887,306.700887,37.09629867976531,1.0031581934504232,42.80771644662753,7763.683896,776.3683896,1006.2970406
q01_topology_guided_grid_fallback_measured_2_1787293377214033141,2026-08-21T06:22:57.210577+00:00,hospital_005,7cc20065986ac1cd55cb5c110554e65593cc657d7e866c40cd931d94fa035084,q01,forward_heading,topology_guided_grid_fallback,2,TOPOLOGY_OK,False,,1,corridor_grid_astar,True,True,True,True,True,True,True,SUCCEEDED,False,0,0,1.542757,0.237305,33.705529,208.031851,0.0,243.517442,42.80771644662753,0.5,37.21345596729069,0.050000000745058,paths/q01_topology_guided_grid_fallback_measured_2_1787293377214033141.json.gz,650,grid,corridor,"[116, 120, 123, 107, 105, 95, 90, 80, 72, 71, 70]",1.0,1,30090.0,30357.0,739.0,33781.0,252546,0.1337617701329658,37.21345596729069,205.428812,,320.0,20.0,340.0,105.53688823560036,180719616,180723712,154634240,154638336,10.0,,322.162237,322.162237,37.09629867976531,1.0031581934504232,42.80771644662753,7763.683896,776.3683896,1019.8858316
q01_full_grid_measured_3_1787293377654995192,2026-08-21T06:22:57.652889+00:00,hospital_005,7cc20065986ac1cd55cb5c110554e65593cc657d7e866c40cd931d94fa035084,q01,forward_heading,full_grid,3,TOPOLOGY_NOT_USED,False,,0,full_grid_astar,True,True,True,True,True,True,True,SUCCEEDED,False,0,0,0.0,0.0,0.0,352.904481,0.0,352.904481,,,37.09629867976531,0.050000000745058,paths/q01_full_grid_measured_3_1787293377654995192.json.gz,646,grid,full_grid,[],,0,51428.0,52195.0,1543.0,252546.0,252546,1.0,37.09629867976531,349.310995,,440.0,10.0,450.0,103.56116348205542,180723712,180723712,154638336,154638336,10.0,,434.525825,434.525825,37.09629867976531,1.0,,7763.683896,776.3683896,1129.2728706
q01_topology_guided_grid_measured_3_1787293377990758177,2026-08-21T06:22:57.989208+00:00,hospital_005,7cc20065986ac1cd55cb5c110554e65593cc657d7e866c40cd931d94fa035084,q01,forward_heading,topology_guided_grid,3,TOPOLOGY_OK,False,,1,corridor_grid_astar,True,True,True,True,True,True,True,SUCCEEDED,False,0,0,1.54036,0.231888,34.627878,209.33416,0.0,245.734286,42.80771644662753,0.5,37.21345596729069,0.050000000745058,paths/q01_topology_guided_grid_measured_3_1787293377990758177.json.gz,650,grid,corridor,"[116, 120, 123, 107, 105, 95, 90, 80, 72, 71, 70]",1.0,1,30090.0,30357.0,739.0,33781.0,252546,0.1337617701329658,37.21345596729069,207.084398,,330.0,20.0,350.0,106.204167705217,180723712,180723712,154638336,154638336,10.0,,329.553922,329.553922,37.09629867976531,1.0031581934504232,42.80771644662753,7763.683896,776.3683896,1022.1026756
q01_topology_guided_grid_fallback_measured_3_1787293378315560943,2026-08-21T06:22:58.313732+00:00,hospital_005,7cc20065986ac1cd55cb5c110554e65593cc657d7e866c40cd931d94fa035084,q01,forward_heading,topology_guided_grid_fallback,3,TOPOLOGY_OK,False,,1,corridor_grid_astar,True,True,True,True,True,True,True,SUCCEEDED,False,0,0,1.616176,0.248484,35.585771,203.414683,0.0,240.865114,42.80771644662753,0.5,37.21345596729069,0.050000000745058,paths/q01_topology_guided_grid_fallback_measured_3_1787293378315560943.json.gz,650,grid,corridor,"[116, 120, 123, 107, 105, 95, 90, 80, 72, 71, 70]",1.0,1,30090.0,30357.0,739.0,33781.0,252546,0.1337617701329658,37.21345596729069,201.27034,,310.0,10.0,320.0,100.6101126135593,180723712,180723712,154638336,154638336,10.0,,318.059479,318.059479,37.09629867976531,1.0031581934504232,42.80771644662753,7763.683896,776.3683896,1017.2335036
q01_full_grid_measured_4_1787293378757170238,2026-08-21T06:22:58.753174+00:00,hospital_005,7cc20065986ac1cd55cb5c110554e65593cc657d7e866c40cd931d94fa035084,q01,forward_heading,full_grid,4,TOPOLOGY_NOT_USED,False,,0,full_grid_astar,True,True,True,True,True,True,True,SUCCEEDED,False,0,0,0.0,0.0,0.0,348.348106,0.0,348.348106,,,37.09629867976531,0.050000000745058,paths/q01_full_grid_measured_4_1787293378757170238.json.gz,646,grid,full_grid,[],,0,51428.0,52195.0,1543.0,252546.0,252546,1.0,37.09629867976531,344.356984,,430.0,20.0,450.0,103.85411002963542,180723712,180723712,154638336,154638336,10.0,,433.300136,433.300136,37.09629867976531,1.0,,7763.683896,776.3683896,1124.7164956
q01_topology_guided_grid_measured_4_1787293379091475602,2026-08-21T06:22:59.087943+00:00,hospital_005,7cc20065986ac1cd55cb5c110554e65593cc657d7e866c40cd931d94fa035084,q01,forward_heading,topology_guided_grid,4,TOPOLOGY_OK,False,,1,corridor_grid_astar,True,True,True,True,True,True,True,SUCCEEDED,False,0,0,1.655368,0.25575,35.821367,211.184174,0.0,248.916659,42.80771644662753,0.5,37.21345596729069,0.050000000745058,paths/q01_topology_guided_grid_measured_4_1787293379091475602.json.gz,650,grid,corridor,"[116, 120, 123, 107, 105, 95, 90, 80, 72, 71, 70]",1.0,1,30090.0,30357.0,739.0,33781.0,252546,0.1337617701329658,37.21345596729069,208.7493,,330.0,20.0,350.0,107.40326963109368,180723712,180723712,154638336,154638336,10.0,,325.874623,325.874623,37.09629867976531,1.0031581934504232,42.80771644662753,7763.683896,776.3683896,1025.2850486
q01_topology_guided_grid_fallback_measured_4_1787293379422973728,2026-08-21T06:22:59.419619+00:00,hospital_005,7cc20065986ac1cd55cb5c110554e65593cc657d7e866c40cd931d94fa035084,q01,forward_heading,topology_guided_grid_fallback,4,TOPOLOGY_OK,False,,1,corridor_grid_astar,True,True,True,True,True,True,True,SUCCEEDED,False,0,0,1.48617,0.228812,33.626911,207.818534,0.0,243.160427,42.80771644662753,0.5,37.21345596729069,0.050000000745058,paths/q01_topology_guided_grid_fallback_measured_4_1787293379422973728.json.gz,650,grid,corridor,"[116, 120, 123, 107, 105, 95, 90, 80, 72, 71, 70]",1.0,1,30090.0,30357.0,739.0,33781.0,252546,0.1337617701329658,37.21345596729069,205.592878,,330.0,20.0,350.0,108.13950179878168,180723712,180723712,154638336,154638336,10.0,,323.656013,323.656013,37.09629867976531,1.0031581934504232,42.80771644662753,7763.683896,776.3683896,1019.5288166
q01_full_grid_measured_5_1787293379855325957,2026-08-21T06:22:59.852089+00:00,hospital_005,7cc20065986ac1cd55cb5c110554e65593cc657d7e866c40cd931d94fa035084,q01,forward_heading,full_grid,5,TOPOLOGY_NOT_USED,False,,0,full_grid_astar,True,True,True,True,True,True,True,SUCCEEDED,False,0,0,0.0,0.0,0.0,345.800854,0.0,345.800854,,,37.09629867976531,0.050000000745058,paths/q01_full_grid_measured_5_1787293379855325957.json.gz,646,grid,full_grid,[],,0,51428.0,52195.0,1543.0,252546.0,252546,1.0,37.09629867976531,342.096112,,420.0,10.0,430.0,101.27316787695288,180723712,180723712,154638336,154638336,10.0,,424.594203,424.594203,37.09629867976531,1.0,,7763.683896,776.3683896,1122.1692436
q01_topology_guided_grid_measured_5_1787293380186089006,2026-08-21T06:23:00.183978+00:00,hospital_005,7cc20065986ac1cd55cb5c110554e65593cc657d7e866c40cd931d94fa035084,q01,forward_heading,topology_guided_grid,5,TOPOLOGY_OK,False,,1,corridor_grid_astar,True,True,True,True,True,True,True,SUCCEEDED,False,0,0,1.481041,0.228974,33.427894,209.485187,0.0,244.623096,42.80771644662753,0.5,37.21345596729069,0.050000000745058,paths/q01_topology_guided_grid_measured_5_1787293380186089006.json.gz,650,grid,corridor,"[116, 120, 123, 107, 105, 95, 90, 80, 72, 71, 70]",1.0,1,30090.0,30357.0,739.0,33781.0,252546,0.1337617701329658,37.21345596729069,207.083539,,320.0,10.0,330.0,101.74593496161812,180723712,180723712,154638336,154638336,10.0,,324.337282,324.337282,37.09629867976531,1.0031581934504232,42.80771644662753,7763.683896,776.3683896,1020.9914856
q01_topology_guided_grid_fallback_measured_5_1787293380514923671,2026-08-21T06:23:00.512864+00:00,hospital_005,7cc20065986ac1cd55cb5c110554e65593cc657d7e866c40cd931d94fa035084,q01,forward_heading,topology_guided_grid_fallback,5,TOPOLOGY_OK,False,,1,corridor_grid_astar,True,True,True,True,True,True,True,SUCCEEDED,False,0,0,1.504614,0.242913,33.49178,208.066867,0.0,243.306174,42.80771644662753,0.5,37.21345596729069,0.050000000745058,paths/q01_topology_guided_grid_fallback_measured_5_1787293380514923671.json.gz,650,grid,corridor,"[116, 120, 123, 107, 105, 95, 90, 80, 72, 71, 70]",1.0,1,30090.0,30357.0,739.0,33781.0,252546,0.1337617701329658,37.21345596729069,205.613246,,320.0,20.0,340.0,105.4910672630871,180723712,180723712,154638336,154638336,10.0,,322.302171,322.302171,37.09629867976531,1.0031581934504232,42.80771644662753,7763.683896,776.3683896,1019.6745636
q02_full_grid_measured_1_1787293380986558912,2026-08-21T06:23:00.982849+00:00,hospital_005,7cc20065986ac1cd55cb5c110554e65593cc657d7e866c40cd931d94fa035084,q02,forward_heading,full_grid,1,TOPOLOGY_NOT_USED,False,,0,full_grid_astar,True,True,True,True,True,True,True,SUCCEEDED,False,0,0,0.0,0.0,0.0,404.165603,0.0,404.165603,,,30.397413408594595,0.050000000745058,paths/q02_full_grid_measured_1_1787293380986558912.json.gz,558,grid,full_grid,[],,0,65617.0,66264.0,1009.0,252546.0,252546,1.0,30.397413408594595,399.925205,,460.0,10.0,470.0,101.43781126313786,180723712,182210560,154638336,156125184,10.0,,463.338073,463.338073,30.397413408594595,1.0,,7763.683896,776.3683896,1180.5339926
q02_topology_guided_grid_measured_1_1787293381233197117,2026-08-21T06:23:01.231269+00:00,hospital_005,7cc20065986ac1cd55cb5c110554e65593cc657d7e866c40cd931d94fa035084,q02,forward_heading,topology_guided_grid,1,TOPOLOGY_OK,False,,1,corridor_grid_astar,True,True,True,True,True,True,True,SUCCEEDED,False,0,0,1.089996,0.235284,31.479826,145.669187,0.0,178.474293,33.01126983722081,0.3000000119209289,30.83675323681477,0.050000000745058,paths/q02_topology_guided_grid_measured_1_1787293381233197117.json.gz,573,grid,corridor,"[91, 84, 86, 94, 96, 107, 123, 120, 116]",1.0,1,20852.0,21100.0,689.0,26384.0,252546,0.1044720565758317,30.83675323681477,144.371383,,240.0,10.0,250.0,103.64611871860264,182210560,182210560,156125184,156125184,10.0,,241.205366,241.205366,30.397413408594595,1.014453197787413,33.01126983722081,7763.683896,776.3683896,954.8426826
q02_topology_guided_grid_fallback_measured_1_1787293381471294297,2026-08-21T06:23:01.469518+00:00,hospital_005,7cc20065986ac1cd55cb5c110554e65593cc657d7e866c40cd931d94fa035084,q02,forward_heading,topology_guided_grid_fallback,1,TOPOLOGY_OK,False,,1,corridor_grid_astar,True,True,True,True,True,True,True,SUCCEEDED,False,0,0,1.134852,0.222225,32.532974,139.44447,0.0,173.334521,33.01126983722081,0.3000000119209289,30.83675323681477,0.050000000745058,paths/q02_topology_guided_grid_fallback_measured_1_1787293381471294297.json.gz,573,grid,corridor,"[91, 84, 86, 94, 96, 107, 123, 120, 116]",1.0,1,20852.0,21100.0,689.0,26384.0,252546,0.1044720565758317,30.83675323681477,138.080149,,240.0,20.0,260.0,111.68212703112582,182210560,182210560,156125184,156125184,10.0,,232.803589,232.803589,30.397413408594595,1.014453197787413,33.01126983722081,7763.683896,776.3683896,949.7029106
q02_full_grid_measured_2_1787293381986052711,2026-08-21T06:23:01.982476+00:00,hospital_005,7cc20065986ac1cd55cb5c110554e65593cc657d7e866c40cd931d94fa035084,q02,forward_heading,full_grid,2,TOPOLOGY_NOT_USED,False,,0,full_grid_astar,True,True,True,True,True,True,True,SUCCEEDED,False,0,0,0.0,0.0,0.0,440.901161,0.0,440.901161,,,30.397413408594595,0.050000000745058,paths/q02_full_grid_measured_2_1787293381986052711.json.gz,558,grid,full_grid,[],,0,65617.0,66264.0,1009.0,252546.0,252546,1.0,30.397413408594595,436.625546,,510.0,10.0,520.0,102.45924795231204,182210560,182214656,156125184,156129280,10.0,,507.518853,507.518853,30.397413408594595,1.0,,7763.683896,776.3683896,1217.2695506
q02_topology_guided_grid_measured_2_1787293382264476532,2026-08-21T06:23:02.260632+00:00,hospital_005,7cc20065986ac1cd55cb5c110554e65593cc657d7e866c40cd931d94fa035084,q02,forward_heading,topology_guided_grid,2,TOPOLOGY_OK,False,,1,corridor_grid_astar,True,True,True,True,True,True,True,SUCCEEDED,False,0,0,1.210628,0.24808,35.302435,166.730587,0.0,203.49173,33.01126983722081,0.3000000119209289,30.83675323681477,0.050000000745058,paths/q02_topology_guided_grid_measured_2_1787293382264476532.json.gz,573,grid,corridor,"[91, 84, 86, 94, 96, 107, 123, 120, 116]",1.0,1,20852.0,21100.0,689.0,26384.0,252546,0.1044720565758317,30.83675323681477,164.955855,,270.0,20.0,290.0,107.13947538823372,182214656,182214656,156056576,156120064,10.0,,270.67521,270.67521,30.397413408594595,1.014453197787413,33.01126983722081,7763.683896,776.3683896,979.8601196
q02_topology_guided_grid_fallback_measured_2_1787293382525544899,2026-08-21T06:23:02.521556+00:00,hospital_005,7cc20065986ac1cd55cb5c110554e65593cc657d7e866c40cd931d94fa035084,q02,forward_heading,topology_guided_grid_fallback,2,TOPOLOGY_OK,False,,1,corridor_grid_astar,True,True,True,True,True,True,True,SUCCEEDED,False,0,0,1.227461,0.247449,35.955613,150.419169,0.0,187.849692,33.01126983722081,0.3000000119209289,30.83675323681477,0.050000000745058,paths/q02_topology_guided_grid_fallback_measured_2_1787293382525544899.json.gz,573,grid,corridor,"[91, 84, 86, 94, 96, 107, 123, 120, 116]",1.0,1,20852.0,21100.0,689.0,26384.0,252546,0.1044720565758317,30.83675323681477,148.834609,,250.0,10.0,260.0,102.76926488132946,182214656,182214656,156120064,156127232,10.0,,252.993928,252.993928,30.397413408594595,1.014453197787413,33.01126983722081,7763.683896,776.3683896,964.2180816
q02_full_grid_measured_3_1787293383047483675,2026-08-21T06:23:03.043720+00:00,hospital_005,7cc20065986ac1cd55cb5c110554e65593cc657d7e866c40cd931d94fa035084,q02,forward_heading,full_grid,3,TOPOLOGY_NOT_USED,False,,0,full_grid_astar,True,True,True,True,True,True,True,SUCCEEDED,False,0,0,0.0,0.0,0.0,450.533264,0.0,450.533264,,,30.397413408594595,0.050000000745058,paths/q02_full_grid_measured_3_1787293383047483675.json.gz,558,grid,full_grid,[],,0,65617.0,66264.0,1009.0,252546.0,252546,1.0,30.397413408594595,446.400599,,510.0,20.0,530.0,103.0838660790194,182214656,182214656,156127232,156127232,10.0,,514.144473,514.144473,30.397413408594595,1.0,,7763.683896,776.3683896,1226.9016536
q02_topology_guided_grid_measured_3_1787293383308130391,2026-08-21T06:23:03.304173+00:00,hospital_005,7cc20065986ac1cd55cb5c110554e65593cc657d7e866c40cd931d94fa035084,q02,forward_heading,topology_guided_grid,3,TOPOLOGY_OK,False,,1,corridor_grid_astar,True,True,True,True,True,True,True,SUCCEEDED,False,0,0,1.181303,0.239584,35.279441,151.14843,0.0,187.848758,33.01126983722081,0.3000000119209289,30.83675323681477,0.050000000745058,paths/q02_topology_guided_grid_measured_3_1787293383308130391.json.gz,573,grid,corridor,"[91, 84, 86, 94, 96, 107, 123, 120, 116]",1.0,1,20852.0,21100.0,689.0,26384.0,252546,0.1044720565758317,30.83675323681477,149.622808,,250.0,20.0,270.0,106.76093303820235,182214656,182214656,155633664,155633664,10.0,,252.901499,252.901499,30.397413408594595,1.014453197787413,33.01126983722081,7763.683896,776.3683896,964.2171476
q02_topology_guided_grid_fallback_measured_3_1787293383547175153,2026-08-21T06:23:03.543486+00:00,hospital_005,7cc20065986ac1cd55cb5c110554e65593cc657d7e866c40cd931d94fa035084,q02,forward_heading,topology_guided_grid_fallback,3,TOPOLOGY_OK,False,,1,corridor_grid_astar,True,True,True,True,True,True,True,SUCCEEDED,False,0,0,1.179718,0.244488,34.41621,137.996597,0.0,173.837013,33.01126983722081,0.3000000119209289,30.83675323681477,0.050000000745058,paths/q02_topology_guided_grid_fallback_measured_3_1787293383547175153.json.gz,573,grid,corridor,"[91, 84, 86, 94, 96, 107, 123, 120, 116]",1.0,1,20852.0,21100.0,689.0,26384.0,252546,0.1044720565758317,30.83675323681477,136.550408,,230.0,20.0,250.0,107.99311890308918,182214656,182214656,155611136,155611136,10.0,,231.496231,231.496231,30.397413408594595,1.014453197787413,33.01126983722081,7763.683896,776.3683896,950.2054026
q02_full_grid_measured_4_1787293384028810759,2026-08-21T06:23:04.025302+00:00,hospital_005,7cc20065986ac1cd55cb5c110554e65593cc657d7e866c40cd931d94fa035084,q02,forward_heading,full_grid,4,TOPOLOGY_NOT_USED,False,,0,full_grid_astar,True,True,True,True,True,True,True,SUCCEEDED,False,0,0,0.0,0.0,0.0,412.644859,0.0,412.644859,,,30.397413408594595,0.050000000745058,paths/q02_full_grid_measured_4_1787293384028810759.json.gz,558,grid,full_grid,[],,0,65617.0,66264.0,1009.0,252546.0,252546,1.0,30.397413408594595,408.627897,,480.0,10.0,490.0,103.23533688781166,182214656,182214656,155611136,155611136,10.0,,474.643678,474.643678,30.397413408594595,1.0,,7763.683896,776.3683896,1189.0132486
q02_topology_guided_grid_measured_4_1787293384272636673,2026-08-21T06:23:04.268907+00:00,hospital_005,7cc20065986ac1cd55cb5c110554e65593cc657d7e866c40cd931d94fa035084,q02,forward_heading,topology_guided_grid,4,TOPOLOGY_OK,False,,1,corridor_grid_astar,True,True,True,True,True,True,True,SUCCEEDED,False,0,0,1.133118,0.235555,33.350133,140.152106,0.0,174.870912,33.01126983722081,0.3000000119209289,30.83675323681477,0.050000000745058,paths/q02_topology_guided_grid_measured_4_1787293384272636673.json.gz,573,grid,corridor,"[91, 84, 86, 94, 96, 107, 123, 120, 116]",1.0,1,20852.0,21100.0,689.0,26384.0,252546,0.1044720565758317,30.83675323681477,138.580403,,240.0,20.0,260.0,109.96453719804656,182214656,182214656,155611136,155611136,10.0,,236.439862,236.439862,30.397413408594595,1.014453197787413,33.01126983722081,7763.683896,776.3683896,951.2393016
q02_topology_guided_grid_fallback_measured_4_1787293384516613057,2026-08-21T06:23:04.512753+00:00,hospital_005,7cc20065986ac1cd55cb5c110554e65593cc657d7e866c40cd931d94fa035084,q02,forward_heading,topology_guided_grid_fallback,4,TOPOLOGY_OK,False,,1,corridor_grid_astar,True,True,True,True,True,True,True,SUCCEEDED,False,0,0,1.204366,0.258801,34.395554,139.89616,0.0,175.754881,33.01126983722081,0.3000000119209289,30.83675323681477,0.050000000745058,paths/q02_topology_guided_grid_fallback_measured_4_1787293384516613057.json.gz,573,grid,corridor,"[91, 84, 86, 94, 96, 107, 123, 120, 116]",1.0,1,20852.0,21100.0,689.0,26384.0,252546,0.1044720565758317,30.83675323681477,138.389967,,230.0,20.0,250.0,105.7281619253359,182214656,182214656,155611136,155611136,10.0,,236.455449,236.455449,30.397413408594595,1.014453197787413,33.01126983722081,7763.683896,776.3683896,952.1232706
q02_full_grid_measured_5_1787293385017239911,2026-08-21T06:23:05.013038+00:00,hospital_005,7cc20065986ac1cd55cb5c110554e65593cc657d7e866c40cd931d94fa035084,q02,forward_heading,full_grid,5,TOPOLOGY_NOT_USED,False,,0,full_grid_astar,True,True,True,True,True,True,True,SUCCEEDED,False,0,0,0.0,0.0,0.0,431.743982,0.0,431.743982,,,30.397413408594595,0.050000000745058,paths/q02_full_grid_measured_5_1787293385017239911.json.gz,558,grid,full_grid,[],,0,65617.0,66264.0,1009.0,252546.0,252546,1.0,30.397413408594595,427.747192,,490.0,10.0,500.0,101.48648595601388,182214656,182214656,155611136,155611136,10.0,,492.676434,492.676434,30.397413408594595,1.0,,7763.683896,776.3683896,1208.1123716
q02_topology_guided_grid_measured_5_1787293385254383289,2026-08-21T06:23:05.251130+00:00,hospital_005,7cc20065986ac1cd55cb5c110554e65593cc657d7e866c40cd931d94fa035084,q02,forward_heading,topology_guided_grid,5,TOPOLOGY_OK,False,,1,corridor_grid_astar,True,True,True,True,True,True,True,SUCCEEDED,False,0,0,1.144665,0.231257,32.804097,136.900877,0.0,171.080896,33.01126983722081,0.3000000119209289,30.83675323681477,0.050000000745058,paths/q02_topology_guided_grid_measured_5_1787293385254383289.json.gz,573,grid,corridor,"[91, 84, 86, 94, 96, 107, 123, 120, 116]",1.0,1,20852.0,21100.0,689.0,26384.0,252546,0.1044720565758317,30.83675323681477,135.495563,,230.0,20.0,250.0,108.57816163352528,182214656,182214656,155611136,155611136,10.0,,230.248879,230.248879,30.397413408594595,1.014453197787413,33.01126983722081,7763.683896,776.3683896,947.4492856
q02_topology_guided_grid_fallback_measured_5_1787293385486986984,2026-08-21T06:23:05.485007+00:00,hospital_005,7cc20065986ac1cd55cb5c110554e65593cc657d7e866c40cd931d94fa035084,q02,forward_heading,topology_guided_grid_fallback,5,TOPOLOGY_OK,False,,1,corridor_grid_astar,True,True,True,True,True,True,True,SUCCEEDED,False,0,0,1.111246,0.220185,31.727463,134.52304,0.0,167.58193400000002,33.01126983722081,0.3000000119209289,30.83675323681477,0.050000000745058,paths/q02_topology_guided_grid_fallback_measured_5_1787293385486986984.json.gz,573,grid,corridor,"[91, 84, 86, 94, 96, 107, 123, 120, 116]",1.0,1,20852.0,21100.0,689.0,26384.0,252546,0.1044720565758317,30.83675323681477,133.008433,,220.0,10.0,230.0,101.2780439288936,182214656,182214656,155611136,155611136,10.0,,227.097593,227.097593,30.397413408594595,1.014453197787413,33.01126983722081,7763.683896,776.3683896,943.9503236
q03_full_grid_measured_1_1787293386103385239,2026-08-21T06:23:06.101382+00:00,hospital_005,7cc20065986ac1cd55cb5c110554e65593cc657d7e866c40cd931d94fa035084,q03,forward_heading,full_grid,1,TOPOLOGY_NOT_USED,False,,0,full_grid_astar,True,True,True,True,True,True,True,SUCCEEDED,False,0,0,0.0,0.0,0.0,513.15134,0.0,513.15134,,,52.200714267493744,0.050000000745058,paths/q03_full_grid_measured_1_1787293386103385239.json.gz,963,grid,full_grid,[],,0,83098.0,84429.0,2593.0,252546.0,252546,1.0,52.200714267493744,508.871712,,610.0,20.0,630.0,103.14190426742702,182214656,184967168,155611136,158363648,10.0,,610.808967,610.808967,52.200714267493744,1.0,,7763.683896,776.3683896,1289.5197296
q03_topology_guided_grid_measured_1_1787293386153560916,2026-08-21T06:23:06.151489+00:00,hospital_005,7cc20065986ac1cd55cb5c110554e65593cc657d7e866c40cd931d94fa035084,q03,forward_heading,topology_guided_grid,1,CORRIDOR_NO_PATH,False,corridor_no_path,1,none,True,True,False,False,False,False,False,CORRIDOR_NO_PATH,False,0,0,0.805054,0.204527,33.101333,5.020124,0.0,39.131038,38.80477272147525,0.3000000119209289,,,,0,grid,corridor,"[142, 137, 129, 126, 107, 96, 87, 83, 82, 74, 69, 58, 55]",1.0,1,790.0,790.0,81.0,28187.0,252546,0.111611350011483,,4.985864,NO_PATH,40.0,0.0,40.0,96.45114289058384,184967168,184967168,158363648,158363648,10.0,,41.471774,41.471774,52.200714267493744,,38.80477272147525,7763.683896,776.3683896,815.4994276
q03_topology_guided_grid_fallback_measured_1_1787293387603655469,2026-08-21T06:23:07.599665+00:00,hospital_005,7cc20065986ac1cd55cb5c110554e65593cc657d7e866c40cd931d94fa035084,q03,forward_heading,topology_guided_grid_fallback,1,FULL_GRID_FALLBACK,True,corridor_no_path,3,full_grid_astar,True,True,False,True,True,True,True,SUCCEEDED,False,0,0,0.803984,0.213709,691.041221,58.494035,590.457296,1341.010245,38.80477272147525,0.3000000119209289,52.200714267493744,0.050000000745058,paths/q03_topology_guided_grid_fallback_measured_1_1787293387603655469.json.gz,963,grid,full_grid_fallback,"[142, 137, 129, 126, 107, 96, 87, 83, 82, 74, 69, 58, 55]",1.0,3,92512.0,93843.0,2593.0,252546.0,252546,1.0,52.200714267493744,643.672732,,1460.0,120.0,1580.0,109.24656102646829,184967168,191008768,158363648,164405248,10.0,,1446.269782,1446.269782,52.200714267493744,1.0,38.80477272147525,7763.683896,776.3683896,2117.3786346
q03_full_grid_measured_2_1787293388265707737,2026-08-21T06:23:08.263102+00:00,hospital_005,7cc20065986ac1cd55cb5c110554e65593cc657d7e866c40cd931d94fa035084,q03,forward_heading,full_grid,2,TOPOLOGY_NOT_USED,False,,0,full_grid_astar,True,True,True,True,True,True,True,SUCCEEDED,False,0,0,0.0,0.0,0.0,547.419683,0.0,547.419683,,,52.200714267493744,0.050000000745058,paths/q03_full_grid_measured_2_1787293388265707737.json.gz,963,grid,full_grid,[],,0,83098.0,84429.0,2593.0,252546.0,252546,1.0,52.200714267493744,542.490485,,650.0,20.0,670.0,102.6231995454644,191008768,191066112,164405248,164458496,10.0,,652.873817,652.873817,52.200714267493744,1.0,,7763.683896,776.3683896,1323.7880726
q03_topology_guided_grid_measured_2_1787293388319527334,2026-08-21T06:23:08.317537+00:00,hospital_005,7cc20065986ac1cd55cb5c110554e65593cc657d7e866c40cd931d94fa035084,q03,forward_heading,topology_guided_grid,2,CORRIDOR_NO_PATH,False,corridor_no_path,1,none,True,True,False,False,False,False,False,CORRIDOR_NO_PATH,False,0,0,0.849143,0.234144,35.442004,5.46269,0.0,41.987981,38.80477272147525,0.3000000119209289,,,,0,grid,corridor,"[142, 137, 129, 126, 107, 96, 87, 83, 82, 74, 69, 58, 55]",1.0,1,790.0,790.0,81.0,28187.0,252546,0.111611350011483,,5.426456,NO_PATH,40.0,10.0,50.0,112.1026339971192,191066112,191066112,164413440,164413440,10.0,,44.601985,44.601985,52.200714267493744,,38.80477272147525,7763.683896,776.3683896,818.3563706
q03_topology_guided_grid_fallback_measured_2_1787293390014546771,2026-08-21T06:23:10.009293+00:00,hospital_005,7cc20065986ac1cd55cb5c110554e65593cc657d7e866c40cd931d94fa035084,q03,forward_heading,topology_guided_grid_fallback,2,FULL_GRID_FALLBACK,True,corridor_no_path,3,full_grid_astar,True,True,False,True,True,True,True,SUCCEEDED,False,0,0,0.88713,0.241389,727.752074,65.227335,779.770343,1573.878271,38.80477272147525,0.3000000119209289,52.200714267493744,0.050000000745058,paths/q03_topology_guided_grid_fallback_measured_2_1787293390014546771.json.gz,963,grid,full_grid_fallback,"[142, 137, 129, 126, 107, 96, 87, 83, 82, 74, 69, 58, 55]",1.0,3,92512.0,93843.0,2593.0,252546.0,252546,1.0,52.200714267493744,839.124652,,1700.0,170.0,1870.0,110.65487396490629,191066112,191066112,164413440,164460544,10.0,,1689.939117,1689.939117,52.200714267493744,1.0,38.80477272147525,7763.683896,776.3683896,2350.2466606
q03_full_grid_measured_3_1787293390835114018,2026-08-21T06:23:10.833228+00:00,hospital_005,7cc20065986ac1cd55cb5c110554e65593cc657d7e866c40cd931d94fa035084,q03,forward_heading,full_grid,3,TOPOLOGY_NOT_USED,False,,0,full_grid_astar,True,True,True,True,True,True,True,SUCCEEDED,False,0,0,0.0,0.0,0.0,692.532729,0.0,692.532729,,,52.200714267493744,0.050000000745058,paths/q03_full_grid_measured_3_1787293390835114018.json.gz,963,grid,full_grid,[],,0,83098.0,84429.0,2593.0,252546.0,252546,1.0,52.200714267493744,687.266917,,800.0,40.0,840.0,104.22640504402992,191070208,191070208,162134016,162845696,10.0,,805.937804,805.937804,52.200714267493744,1.0,,7763.683896,776.3683896,1468.9011186
q03_topology_guided_grid_measured_3_1787293390886302791,2026-08-21T06:23:10.884350+00:00,hospital_005,7cc20065986ac1cd55cb5c110554e65593cc657d7e866c40cd931d94fa035084,q03,forward_heading,topology_guided_grid,3,CORRIDOR_NO_PATH,False,corridor_no_path,1,none,True,True,False,False,False,False,False,CORRIDOR_NO_PATH,False,0,0,0.822753,0.208201,34.399263,5.139531,0.0,40.569748,38.80477272147525,0.3000000119209289,,,,0,grid,corridor,"[142, 137, 129, 126, 107, 96, 87, 83, 82, 74, 69, 58, 55]",1.0,1,790.0,790.0,81.0,28187.0,252546,0.111611350011483,,5.110426,NO_PATH,40.0,0.0,40.0,94.50097637227526,191070208,191070208,162837504,162837504,10.0,,42.327605,42.327605,52.200714267493744,,38.80477272147525,7763.683896,776.3683896,816.9381376
q03_topology_guided_grid_fallback_measured_3_1787293392376508743,2026-08-21T06:23:12.372937+00:00,hospital_005,7cc20065986ac1cd55cb5c110554e65593cc657d7e866c40cd931d94fa035084,q03,forward_heading,topology_guided_grid_fallback,3,FULL_GRID_FALLBACK,True,corridor_no_path,3,full_grid_astar,True,True,False,True,True,True,True,SUCCEEDED,False,0,0,0.834064,0.210233,739.655822,75.34590899999999,569.766016,1385.812044,38.80477272147525,0.3000000119209289,52.200714267493744,0.050000000745058,paths/q03_topology_guided_grid_fallback_measured_3_1787293392376508743.json.gz,963,grid,full_grid_fallback,"[142, 137, 129, 126, 107, 96, 87, 83, 82, 74, 69, 58, 55]",1.0,3,92512.0,93843.0,2593.0,252546.0,252546,1.0,52.200714267493744,639.7569219999999,,1500.0,140.0,1640.0,110.30329677150084,191070208,191070208,162822144,164466688,10.0,,1486.809595,1486.809595,52.200714267493744,1.0,38.80477272147525,7763.683896,776.3683896,2162.1804336
q03_full_grid_measured_4_1787293393059740288,2026-08-21T06:23:13.057464+00:00,hospital_005,7cc20065986ac1cd55cb5c110554e65593cc657d7e866c40cd931d94fa035084,q03,forward_heading,full_grid,4,TOPOLOGY_NOT_USED,False,,0,full_grid_astar,True,True,True,True,True,True,True,SUCCEEDED,False,0,0,0.0,0.0,0.0,566.80586,0.0,566.80586,,,52.200714267493744,0.050000000745058,paths/q03_full_grid_measured_4_1787293393059740288.json.gz,963,grid,full_grid,[],,0,83098.0,84429.0,2593.0,252546.0,252546,1.0,52.200714267493744,560.53418,,670.0,20.0,690.0,102.30592650626026,191070208,191070208,164466688,164466688,10.0,,674.447731,674.447731,52.200714267493744,1.0,,7763.683896,776.3683896,1343.1742496000002
q03_topology_guided_grid_measured_4_1787293393112191362,2026-08-21T06:23:13.109995+00:00,hospital_005,7cc20065986ac1cd55cb5c110554e65593cc657d7e866c40cd931d94fa035084,q03,forward_heading,topology_guided_grid,4,CORRIDOR_NO_PATH,False,corridor_no_path,1,none,True,True,False,False,False,False,False,CORRIDOR_NO_PATH,False,0,0,0.83751,0.205026,34.552535,5.531345,0.0,41.126416,38.80477272147525,0.3000000119209289,,,,0,grid,corridor,"[142, 137, 129, 126, 107, 96, 87, 83, 82, 74, 69, 58, 55]",1.0,1,790.0,790.0,81.0,28187.0,252546,0.111611350011483,,5.493944,NO_PATH,40.0,10.0,50.0,115.78827558026424,191070208,191070208,164466688,164466688,10.0,,43.182265,43.182265,52.200714267493744,,38.80477272147525,7763.683896,776.3683896,817.4948056
q03_topology_guided_grid_fallback_measured_4_1787293394517097173,2026-08-21T06:23:14.513161+00:00,hospital_005,7cc20065986ac1cd55cb5c110554e65593cc657d7e866c40cd931d94fa035084,q03,forward_heading,topology_guided_grid_fallback,4,FULL_GRID_FALLBACK,True,corridor_no_path,3,full_grid_astar,True,True,False,True,True,True,True,SUCCEEDED,False,0,0,0.846608,0.208469,659.606205,58.047746,577.787913,1296.496941,38.80477272147525,0.3000000119209289,52.200714267493744,0.050000000745058,paths/q03_topology_guided_grid_fallback_measured_4_1787293394517097173.json.gz,963,grid,full_grid_fallback,"[142, 137, 129, 126, 107, 96, 87, 83, 82, 74, 69, 58, 55]",1.0,3,92512.0,93843.0,2593.0,252546.0,252546,1.0,52.200714267493744,629.9112329999999,,1410.0,120.0,1530.0,109.19750960733784,191070208,191070208,164466688,164466688,10.0,,1401.130855,1401.130855,52.200714267493744,1.0,38.80477272147525,7763.683896,776.3683896,2072.8653306
q03_full_grid_measured_5_1787293395227290094,2026-08-21T06:23:15.222917+00:00,hospital_005,7cc20065986ac1cd55cb5c110554e65593cc657d7e866c40cd931d94fa035084,q03,forward_heading,full_grid,5,TOPOLOGY_NOT_USED,False,,0,full_grid_astar,True,True,True,True,True,True,True,SUCCEEDED,False,0,0,0.0,0.0,0.0,593.309573,0.0,593.309573,,,52.200714267493744,0.050000000745058,paths/q03_full_grid_measured_5_1787293395227290094.json.gz,963,grid,full_grid,[],,0,83098.0,84429.0,2593.0,252546.0,252546,1.0,52.200714267493744,586.643215,,700.0,30.0,730.0,104.45811255157292,191070208,191070208,164466688,164466688,10.0,,698.844716,698.844716,52.200714267493744,1.0,,7763.683896,776.3683896,1369.6779626
q03_topology_guided_grid_measured_5_1787293395279023792,2026-08-21T06:23:15.276667+00:00,hospital_005,7cc20065986ac1cd55cb5c110554e65593cc657d7e866c40cd931d94fa035084,q03,forward_heading,topology_guided_grid,5,CORRIDOR_NO_PATH,False,corridor_no_path,1,none,True,True,False,False,False,False,False,CORRIDOR_NO_PATH,False,0,0,0.822303,0.221022,33.727226,5.483161,0.0,40.25371200000001,38.80477272147525,0.3000000119209289,,,,0,grid,corridor,"[142, 137, 129, 126, 107, 96, 87, 83, 82, 74, 69, 58, 55]",1.0,1,790.0,790.0,81.0,28187.0,252546,0.111611350011483,,5.441291,NO_PATH,50.0,10.0,60.0,140.95152190878807,191070208,191070208,164466688,164466688,10.0,,42.567827,42.567827,52.200714267493744,,38.80477272147525,7763.683896,776.3683896,816.6221016
q03_topology_guided_grid_fallback_measured_5_1787293396650429334,2026-08-21T06:23:16.645608+00:00,hospital_005,7cc20065986ac1cd55cb5c110554e65593cc657d7e866c40cd931d94fa035084,q03,forward_heading,topology_guided_grid_fallback,5,FULL_GRID_FALLBACK,True,corridor_no_path,3,full_grid_astar,True,True,False,True,True,True,True,SUCCEEDED,False,0,0,0.797989,0.212105,641.418398,54.124702,557.924327,1254.4775209999998,38.80477272147525,0.3000000119209289,52.200714267493744,0.050000000745058,paths/q03_topology_guided_grid_fallback_measured_5_1787293396650429334.json.gz,963,grid,full_grid_fallback,"[142, 137, 129, 126, 107, 96, 87, 83, 82, 74, 69, 58, 55]",1.0,3,92512.0,93843.0,2593.0,252546.0,252546,1.0,52.200714267493744,606.281905,,1380.0,100.0,1480.0,108.2843840116386,191070208,191070208,164466688,164466688,10.0,,1366.771408,1366.771408,52.200714267493744,1.0,38.80477272147525,7763.683896,776.3683896,2030.8459106
q04_full_grid_measured_1_1787293398167259410,2026-08-21T06:23:18.162973+00:00,hospital_005,7cc20065986ac1cd55cb5c110554e65593cc657d7e866c40cd931d94fa035084,q04,forward_heading,full_grid,1,STATIC_SEMANTICS_CONSERVATIVE_INFLATION_MISMATCH,False,,0,full_grid_astar,True,True,True,False,False,False,False,STATIC_SEMANTICS_CONSERVATIVE_INFLATION_MISMATCH,False,0,0,0.0,0.0,0.0,1495.977229,0.0,1495.977229,,,,,,0,grid,full_grid,[],,0,219970.0,219970.0,997.0,252546.0,252546,1.0,,1485.282614,STATIC_SEMANTICS_CONSERVATIVE_INFLATION_MISMATCH,1480.0,60.0,1540.0,102.63567705560786,191070208,229134336,164466688,203073536,10.0,,1500.452907,1500.452907,,,,7763.683896,776.3683896,2272.3456186000003
q04_topology_guided_grid_measured_1_1787293398172852480,2026-08-21T06:23:18.169466+00:00,hospital_005,7cc20065986ac1cd55cb5c110554e65593cc657d7e866c40cd931d94fa035084,q04,forward_heading,topology_guided_grid,1,STATIC_SEMANTICS_CONSERVATIVE_INFLATION_MISMATCH,False,TOPOLOGY_COMPONENT_MISMATCH,0,none,True,False,False,False,False,False,False,STATIC_SEMANTICS_CONSERVATIVE_INFLATION_MISMATCH,False,0,0,0.692372,0.0,0.0,0.0,0.0,0.692372,,,,,,0,grid,,[],,0,,,,,252546,,,,STATIC_SEMANTICS_CONSERVATIVE_INFLATION_MISMATCH,0.0,0.0,0.0,0.0,201490432,201490432,174750720,174750720,10.0,,2.119995,2.119995,,,,7763.683896,776.3683896,777.0607616
q04_topology_guided_grid_fallback_measured_1_1787293399749260286,2026-08-21T06:23:19.747029+00:00,hospital_005,7cc20065986ac1cd55cb5c110554e65593cc657d7e866c40cd931d94fa035084,q04,forward_heading,topology_guided_grid_fallback,1,STATIC_SEMANTICS_CONSERVATIVE_INFLATION_MISMATCH,True,TOPOLOGY_COMPONENT_MISMATCH,0,none,True,False,False,False,False,False,False,STATIC_SEMANTICS_CONSERVATIVE_INFLATION_MISMATCH,False,0,0,0.693005,0.0,0.0,0.0,1572.292129,1572.985134,,,,,,0,grid,full_grid_fallback,[],,0,219970.0,219970.0,997.0,252546.0,252546,1.0,,1560.873308,STATIC_SEMANTICS_CONSERVATIVE_INFLATION_MISMATCH,1560.0,70.0,1630.0,103.54412153183176,201490432,228966400,174750720,203456512,10.0,,1574.20815,1574.20815,,,,7763.683896,776.3683896,2349.3535236
q04_full_grid_measured_2_1787293401193457881,2026-08-21T06:23:21.189516+00:00,hospital_005,7cc20065986ac1cd55cb5c110554e65593cc657d7e866c40cd931d94fa035084,q04,forward_heading,full_grid,2,STATIC_SEMANTICS_CONSERVATIVE_INFLATION_MISMATCH,False,,0,full_grid_astar,True,True,True,False,False,False,False,STATIC_SEMANTICS_CONSERVATIVE_INFLATION_MISMATCH,False,0,0,0.0,0.0,0.0,1437.16357,0.0,1437.16357,,,,,,0,grid,full_grid,[],,0,219970.0,219970.0,997.0,252546.0,252546,1.0,,1423.857402,STATIC_SEMANTICS_CONSERVATIVE_INFLATION_MISMATCH,1420.0,60.0,1480.0,102.78295175736596,188919808,228659200,162316288,203205632,10.0,,1439.927512,1439.927512,,,,7763.683896,776.3683896,2213.5319596
q04_topology_guided_grid_measured_2_1787293401197830645,2026-08-21T06:23:21.195406+00:00,hospital_005,7cc20065986ac1cd55cb5c110554e65593cc657d7e866c40cd931d94fa035084,q04,forward_heading,topology_guided_grid,2,STATIC_SEMANTICS_CONSERVATIVE_INFLATION_MISMATCH,False,TOPOLOGY_COMPONENT_MISMATCH,0,none,True,False,False,False,False,False,False,STATIC_SEMANTICS_CONSERVATIVE_INFLATION_MISMATCH,False,0,0,0.718784,0.0,0.0,0.0,0.0,0.718784,,,,,,0,grid,,[],,0,,,,,252546,,,,STATIC_SEMANTICS_CONSERVATIVE_INFLATION_MISMATCH,10.0,10.0,20.0,935.171568913962,193044480,193044480,166389760,166389760,10.0,,2.138645,2.138645,,,,7763.683896,776.3683896,777.0871736
q04_topology_guided_grid_fallback_measured_2_1787293402653435945,2026-08-21T06:23:22.649540+00:00,hospital_005,7cc20065986ac1cd55cb5c110554e65593cc657d7e866c40cd931d94fa035084,q04,forward_heading,topology_guided_grid_fallback,2,STATIC_SEMANTICS_CONSERVATIVE_INFLATION_MISMATCH,True,TOPOLOGY_COMPONENT_MISMATCH,0,none,True,False,False,False,False,False,False,STATIC_SEMANTICS_CONSERVATIVE_INFLATION_MISMATCH,False,0,0,0.701391,0.0,0.0,0.0,1449.792603,1450.4939940000002,,,,,,0,grid,full_grid_fallback,[],,0,219970.0,219970.0,997.0,252546.0,252546,1.0,,1438.079038,STATIC_SEMANTICS_CONSERVATIVE_INFLATION_MISMATCH,1430.0,50.0,1480.0,101.94712176242057,193044480,229040128,166389760,203233280,10.0,,1451.732991,1451.732991,,,,7763.683896,776.3683896,2226.8623836
q04_full_grid_measured_3_1787293404106776820,2026-08-21T06:23:24.102740+00:00,hospital_005,7cc20065986ac1cd55cb5c110554e65593cc657d7e866c40cd931d94fa035084,q04,forward_heading,full_grid,3,STATIC_SEMANTICS_CONSERVATIVE_INFLATION_MISMATCH,False,,0,full_grid_astar,True,True,True,False,False,False,False,STATIC_SEMANTICS_CONSERVATIVE_INFLATION_MISMATCH,False,0,0,0.0,0.0,0.0,1447.24717,0.0,1447.24717,,,,,,0,grid,full_grid,[],,0,219970.0,219970.0,997.0,252546.0,252546,1.0,,1435.922725,STATIC_SEMANTICS_CONSERVATIVE_INFLATION_MISMATCH,1440.0,50.0,1490.0,102.81718769974631,198213632,229859328,171558912,201433088,10.0,,1449.174047,1449.174047,,,,7763.683896,776.3683896,2223.6155596
q04_topology_guided_grid_measured_3_1787293404111814870,2026-08-21T06:23:24.108718+00:00,hospital_005,7cc20065986ac1cd55cb5c110554e65593cc657d7e866c40cd931d94fa035084,q04,forward_heading,topology_guided_grid,3,STATIC_SEMANTICS_CONSERVATIVE_INFLATION_MISMATCH,False,TOPOLOGY_COMPONENT_MISMATCH,0,none,True,False,False,False,False,False,False,STATIC_SEMANTICS_CONSERVATIVE_INFLATION_MISMATCH,False,0,0,0.729037,0.0,0.0,0.0,0.0,0.729037,,,,,,0,grid,,[],,0,,,,,252546,,,,STATIC_SEMANTICS_CONSERVATIVE_INFLATION_MISMATCH,0.0,0.0,0.0,0.0,204312576,204312576,177709056,177709056,10.0,,2.235631,2.235631,,,,7763.683896,776.3683896,777.0974266
q04_topology_guided_grid_fallback_measured_3_1787293405492793207,2026-08-21T06:23:25.488856+00:00,hospital_005,7cc20065986ac1cd55cb5c110554e65593cc657d7e866c40cd931d94fa035084,q04,forward_heading,topology_guided_grid_fallback,3,STATIC_SEMANTICS_CONSERVATIVE_INFLATION_MISMATCH,True,TOPOLOGY_COMPONENT_MISMATCH,0,none,True,False,False,False,False,False,False,STATIC_SEMANTICS_CONSERVATIVE_INFLATION_MISMATCH,False,0,0,0.680645,0.0,0.0,0.0,1375.357054,1376.037699,,,,,,0,grid,full_grid_fallback,[],,0,219970.0,219970.0,997.0,252546.0,252546,1.0,,1364.169018,STATIC_SEMANTICS_CONSERVATIVE_INFLATION_MISMATCH,1370.0,60.0,1430.0,103.84322972637965,204312576,230727680,177709056,204124160,10.0,,1377.075813,1377.075813,,,,7763.683896,776.3683896,2152.4060886
q04_full_grid_measured_4_1787293406924914312,2026-08-21T06:23:26.920904+00:00,hospital_005,7cc20065986ac1cd55cb5c110554e65593cc657d7e866c40cd931d94fa035084,q04,forward_heading,full_grid,4,STATIC_SEMANTICS_CONSERVATIVE_INFLATION_MISMATCH,False,,0,full_grid_astar,True,True,True,False,False,False,False,STATIC_SEMANTICS_CONSERVATIVE_INFLATION_MISMATCH,False,0,0,0.0,0.0,0.0,1426.361094,0.0,1426.361094,,,,,,0,grid,full_grid,[],,0,219970.0,219970.0,997.0,252546.0,252546,1.0,,1414.554985,STATIC_SEMANTICS_CONSERVATIVE_INFLATION_MISMATCH,1420.0,40.0,1460.0,102.2310930553511,204644352,230727680,178040832,204124160,10.0,,1428.136936,1428.136936,,,,7763.683896,776.3683896,2202.7294836
q04_topology_guided_grid_measured_4_1787293406930478911,2026-08-21T06:23:26.926912+00:00,hospital_005,7cc20065986ac1cd55cb5c110554e65593cc657d7e866c40cd931d94fa035084,q04,forward_heading,topology_guided_grid,4,STATIC_SEMANTICS_CONSERVATIVE_INFLATION_MISMATCH,False,TOPOLOGY_COMPONENT_MISMATCH,0,none,True,False,False,False,False,False,False,STATIC_SEMANTICS_CONSERVATIVE_INFLATION_MISMATCH,False,0,0,0.699885,0.0,0.0,0.0,0.0,0.699885,,,,,,0,grid,,[],,0,,,,,252546,,,,STATIC_SEMANTICS_CONSERVATIVE_INFLATION_MISMATCH,0.0,10.0,10.0,407.3175410891753,204644352,204644352,178040832,178040832,10.0,,2.455087,2.455087,,,,7763.683896,776.3683896,777.0682746
q04_topology_guided_grid_fallback_measured_4_1787293408356744456,2026-08-21T06:23:28.352756+00:00,hospital_005,7cc20065986ac1cd55cb5c110554e65593cc657d7e866c40cd931d94fa035084,q04,forward_heading,topology_guided_grid_fallback,4,STATIC_SEMANTICS_CONSERVATIVE_INFLATION_MISMATCH,True,TOPOLOGY_COMPONENT_MISMATCH,0,none,True,False,False,False,False,False,False,STATIC_SEMANTICS_CONSERVATIVE_INFLATION_MISMATCH,False,0,0,0.684906,0.0,0.0,0.0,1420.147125,1420.832031,,,,,,0,grid,full_grid_fallback,[],,0,219970.0,219970.0,997.0,252546.0,252546,1.0,,1408.38581,STATIC_SEMANTICS_CONSERVATIVE_INFLATION_MISMATCH,1410.0,50.0,1460.0,102.65035366745064,204644352,230727680,178040832,204124160,10.0,,1422.303916,1422.303916,,,,7763.683896,776.3683896,2197.2004206
q04_full_grid_measured_5_1787293409795425974,2026-08-21T06:23:29.791519+00:00,hospital_005,7cc20065986ac1cd55cb5c110554e65593cc657d7e866c40cd931d94fa035084,q04,forward_heading,full_grid,5,STATIC_SEMANTICS_CONSERVATIVE_INFLATION_MISMATCH,False,,0,full_grid_astar,True,True,True,False,False,False,False,STATIC_SEMANTICS_CONSERVATIVE_INFLATION_MISMATCH,False,0,0,0.0,0.0,0.0,1432.866031,0.0,1432.866031,,,,,,0,grid,full_grid,[],,0,219970.0,219970.0,997.0,252546.0,252546,1.0,,1421.603621,STATIC_SEMANTICS_CONSERVATIVE_INFLATION_MISMATCH,1430.0,60.0,1490.0,103.84748614721056,204644352,230727680,178040832,204124160,10.0,,1434.796407,1434.796407,,,,7763.683896,776.3683896,2209.2344206
q04_topology_guided_grid_measured_5_1787293409801240692,2026-08-21T06:23:29.797416+00:00,hospital_005,7cc20065986ac1cd55cb5c110554e65593cc657d7e866c40cd931d94fa035084,q04,forward_heading,topology_guided_grid,5,STATIC_SEMANTICS_CONSERVATIVE_INFLATION_MISMATCH,False,TOPOLOGY_COMPONENT_MISMATCH,0,none,True,False,False,False,False,False,False,STATIC_SEMANTICS_CONSERVATIVE_INFLATION_MISMATCH,False,0,0,0.6673,0.0,0.0,0.0,0.0,0.6673,,,,,,0,grid,,[],,0,,,,,252546,,,,STATIC_SEMANTICS_CONSERVATIVE_INFLATION_MISMATCH,0.0,0.0,0.0,0.0,204644352,204644352,178040832,178040832,10.0,,2.29215,2.29215,,,,7763.683896,776.3683896,777.0356896
q04_topology_guided_grid_fallback_measured_5_1787293411182624142,2026-08-21T06:23:31.177852+00:00,hospital_005,7cc20065986ac1cd55cb5c110554e65593cc657d7e866c40cd931d94fa035084,q04,forward_heading,topology_guided_grid_fallback,5,STATIC_SEMANTICS_CONSERVATIVE_INFLATION_MISMATCH,True,TOPOLOGY_COMPONENT_MISMATCH,0,none,True,False,False,False,False,False,False,STATIC_SEMANTICS_CONSERVATIVE_INFLATION_MISMATCH,False,0,0,0.663437,0.0,0.0,0.0,1374.446714,1375.110151,,,,,,0,grid,full_grid_fallback,[],,0,219970.0,219970.0,997.0,252546.0,252546,1.0,,1361.157151,STATIC_SEMANTICS_CONSERVATIVE_INFLATION_MISMATCH,1370.0,50.0,1420.0,103.14935808984951,204644352,230727680,178040832,204124160,10.0,,1376.644534,1376.644534,,,,7763.683896,776.3683896,2151.4785406
q05_full_grid_measured_1_1787293411298665067,2026-08-21T06:23:31.296639+00:00,hospital_005,7cc20065986ac1cd55cb5c110554e65593cc657d7e866c40cd931d94fa035084,q05,reverse_heading,full_grid,1,TOPOLOGY_NOT_USED,False,,0,full_grid_astar,True,True,True,True,True,True,True,SUCCEEDED,False,0,0,0.0,0.0,0.0,84.416637,0.0,84.416637,,,16.149137802864853,0.050000000745058,paths/q05_full_grid_measured_1_1787293411298665067.json.gz,307,grid,full_grid,[],,0,13321.0,13593.0,681.0,252546.0,252546,1.0,16.149137802864853,83.635985,,120.0,10.0,130.0,113.97283355813306,204644352,204644352,178040832,178040832,10.0,,114.062269,114.062269,16.149137802864853,1.0,,7763.683896,776.3683896,860.7850266
q05_topology_guided_grid_measured_1_1787293411431562470,2026-08-21T06:23:31.429259+00:00,hospital_005,7cc20065986ac1cd55cb5c110554e65593cc657d7e866c40cd931d94fa035084,q05,reverse_heading,topology_guided_grid,1,TOPOLOGY_OK,False,,1,corridor_grid_astar,True,True,True,True,True,True,True,SUCCEEDED,False,0,0,0.599534,0.135679,33.497193,59.984928,0.0,94.217334,14.597056274847713,0.2196899950504303,16.149137802864853,0.050000000745058,paths/q05_topology_guided_grid_measured_1_1787293411431562470.json.gz,307,grid,corridor,"[140, 136, 137, 138, 139, 144, 145]",1.0,1,9838.0,9932.0,478.0,11111.0,252546,0.0439959452931347,16.149137802864853,59.528928,,120.0,10.0,130.0,101.04866988197834,204644352,207073280,178040832,180469760,10.0,,128.650877,128.650877,16.149137802864853,1.0,14.597056274847713,7763.683896,776.3683896,870.5857235999999
q05_topology_guided_grid_fallback_measured_1_1787293411558793953,2026-08-21T06:23:31.557505+00:00,hospital_005,7cc20065986ac1cd55cb5c110554e65593cc657d7e866c40cd931d94fa035084,q05,reverse_heading,topology_guided_grid_fallback,1,TOPOLOGY_OK,False,,1,corridor_grid_astar,True,True,True,True,True,True,True,SUCCEEDED,False,0,0,0.587179,0.12596,32.887236,60.852407,0.0,94.452782,14.597056274847713,0.2196899950504303,16.149137802864853,0.050000000745058,paths/q05_topology_guided_grid_fallback_measured_1_1787293411558793953.json.gz,307,grid,corridor,"[140, 136, 137, 138, 139, 144, 145]",1.0,1,9838.0,9932.0,478.0,11111.0,252546,0.0439959452931347,16.149137802864853,60.357255,,130.0,0.0,130.0,104.76553433122236,207073280,207073280,180469760,180469760,10.0,,124.08661,124.08661,16.149137802864853,1.0,14.597056274847713,7763.683896,776.3683896,870.8211716
q05_full_grid_measured_2_1787293411679420142,2026-08-21T06:23:31.674931+00:00,hospital_005,7cc20065986ac1cd55cb5c110554e65593cc657d7e866c40cd931d94fa035084,q05,reverse_heading,full_grid,2,TOPOLOGY_NOT_USED,False,,0,full_grid_astar,True,True,True,True,True,True,True,SUCCEEDED,False,0,0,0.0,0.0,0.0,84.712987,0.0,84.712987,,,16.149137802864853,0.050000000745058,paths/q05_full_grid_measured_2_1787293411679420142.json.gz,307,grid,full_grid,[],,0,13321.0,13593.0,681.0,252546.0,252546,1.0,16.149137802864853,83.788376,,120.0,0.0,120.0,105.08506268026248,207073280,207073280,180469760,180469760,10.0,,114.193204,114.193204,16.149137802864853,1.0,,7763.683896,776.3683896,861.0813766
q05_topology_guided_grid_measured_2_1787293411811119397,2026-08-21T06:23:31.806077+00:00,hospital_005,7cc20065986ac1cd55cb5c110554e65593cc657d7e866c40cd931d94fa035084,q05,reverse_heading,topology_guided_grid,2,TOPOLOGY_OK,False,,1,corridor_grid_astar,True,True,True,True,True,True,True,SUCCEEDED,False,0,0,0.601783,0.130744,32.956298,60.356415,0.0,94.04524,14.597056274847713,0.2196899950504303,16.149137802864853,0.050000000745058,paths/q05_topology_guided_grid_measured_2_1787293411811119397.json.gz,307,grid,corridor,"[140, 136, 137, 138, 139, 144, 145]",1.0,1,9838.0,9932.0,478.0,11111.0,252546,0.0439959452931347,16.149137802864853,59.862213,,120.0,10.0,130.0,104.19559263223026,207073280,207073280,180469760,180469760,10.0,,124.765354,124.765354,16.149137802864853,1.0,14.597056274847713,7763.683896,776.3683896,870.4136296
q05_topology_guided_grid_fallback_measured_2_1787293411941061691,2026-08-21T06:23:31.937179+00:00,hospital_005,7cc20065986ac1cd55cb5c110554e65593cc657d7e866c40cd931d94fa035084,q05,reverse_heading,topology_guided_grid_fallback,2,TOPOLOGY_OK,False,,1,corridor_grid_astar,True,True,True,True,True,True,True,SUCCEEDED,False,0,0,0.579183,0.12739,33.023561,60.788138,0.0,94.518272,14.597056274847713,0.2196899950504303,16.149137802864853,0.050000000745058,paths/q05_topology_guided_grid_fallback_measured_2_1787293411941061691.json.gz,307,grid,corridor,"[140, 136, 137, 138, 139, 144, 145]",1.0,1,9838.0,9932.0,478.0,11111.0,252546,0.0439959452931347,16.149137802864853,60.258736,,130.0,10.0,140.0,112.76285696522112,207073280,207073280,180469760,180469760,10.0,,124.154357,124.154357,16.149137802864853,1.0,14.597056274847713,7763.683896,776.3683896,870.8866616
q05_full_grid_measured_3_1787293412059247647,2026-08-21T06:23:32.057241+00:00,hospital_005,7cc20065986ac1cd55cb5c110554e65593cc657d7e866c40cd931d94fa035084,q05,reverse_heading,full_grid,3,TOPOLOGY_NOT_USED,False,,0,full_grid_astar,True,True,True,True,True,True,True,SUCCEEDED,False,0,0,0.0,0.0,0.0,85.014055,0.0,85.014055,,,16.149137802864853,0.050000000745058,paths/q05_full_grid_measured_3_1787293412059247647.json.gz,307,grid,full_grid,[],,0,13321.0,13593.0,681.0,252546.0,252546,1.0,16.149137802864853,84.250564,,110.0,0.0,110.0,96.22570168722058,207073280,207073280,180469760,180469760,10.0,,114.314573,114.314573,16.149137802864853,1.0,,7763.683896,776.3683896,861.3824446
q05_topology_guided_grid_measured_3_1787293412183886615,2026-08-21T06:23:32.182154+00:00,hospital_005,7cc20065986ac1cd55cb5c110554e65593cc657d7e866c40cd931d94fa035084,q05,reverse_heading,topology_guided_grid,3,TOPOLOGY_OK,False,,1,corridor_grid_astar,True,True,True,True,True,True,True,SUCCEEDED,False,0,0,0.555713,0.112434,31.436386,59.672561,0.0,91.777094,14.597056274847713,0.2196899950504303,16.149137802864853,0.050000000745058,paths/q05_topology_guided_grid_measured_3_1787293412183886615.json.gz,307,grid,corridor,"[140, 136, 137, 138, 139, 144, 145]",1.0,1,9838.0,9932.0,478.0,11111.0,252546,0.0439959452931347,16.149137802864853,59.27792,,120.0,10.0,130.0,107.36464477292336,207073280,207073280,180469760,180469760,10.0,,121.08269,121.08269,16.149137802864853,1.0,14.597056274847713,7763.683896,776.3683896,868.1454836
q05_topology_guided_grid_fallback_measured_3_1787293412312039897,2026-08-21T06:23:32.308480+00:00,hospital_005,7cc20065986ac1cd55cb5c110554e65593cc657d7e866c40cd931d94fa035084,q05,reverse_heading,topology_guided_grid_fallback,3,TOPOLOGY_OK,False,,1,corridor_grid_astar,True,True,True,True,True,True,True,SUCCEEDED,False,0,0,0.552897,0.127319,31.62494,61.285148,0.0,93.590304,14.597056274847713,0.2196899950504303,16.149137802864853,0.050000000745058,paths/q05_topology_guided_grid_fallback_measured_3_1787293412312039897.json.gz,307,grid,corridor,"[140, 136, 137, 138, 139, 144, 145]",1.0,1,9838.0,9932.0,478.0,11111.0,252546,0.0439959452931347,16.149137802864853,60.877599,,120.0,10.0,130.0,106.08468716094976,207073280,207073280,180469760,180469760,10.0,,122.543605,122.543605,16.149137802864853,1.0,14.597056274847713,7763.683896,776.3683896,869.9586936000001
q05_full_grid_measured_4_1787293412426956450,2026-08-21T06:23:32.423192+00:00,hospital_005,7cc20065986ac1cd55cb5c110554e65593cc657d7e866c40cd931d94fa035084,q05,reverse_heading,full_grid,4,TOPOLOGY_NOT_USED,False,,0,full_grid_astar,True,True,True,True,True,True,True,SUCCEEDED,False,0,0,0.0,0.0,0.0,80.775005,0.0,80.775005,,,16.149137802864853,0.050000000745058,paths/q05_full_grid_measured_4_1787293412426956450.json.gz,307,grid,full_grid,[],,0,13321.0,13593.0,681.0,252546.0,252546,1.0,16.149137802864853,79.996829,,110.0,0.0,110.0,100.55677647225932,207073280,207073280,180469760,180469760,10.0,,109.390937,109.390937,16.149137802864853,1.0,,7763.683896,776.3683896,857.1433946
q05_topology_guided_grid_measured_4_1787293412553476821,2026-08-21T06:23:32.550388+00:00,hospital_005,7cc20065986ac1cd55cb5c110554e65593cc657d7e866c40cd931d94fa035084,q05,reverse_heading,topology_guided_grid,4,TOPOLOGY_OK,False,,1,corridor_grid_astar,True,True,True,True,True,True,True,SUCCEEDED,False,0,0,0.554632,0.120805,32.012641,59.595767,0.0,92.283845,14.597056274847713,0.2196899950504303,16.149137802864853,0.050000000745058,paths/q05_topology_guided_grid_measured_4_1787293412553476821.json.gz,307,grid,corridor,"[140, 136, 137, 138, 139, 144, 145]",1.0,1,9838.0,9932.0,478.0,11111.0,252546,0.0439959452931347,16.149137802864853,59.139641,,120.0,10.0,130.0,106.8940995961763,207073280,207073280,180469760,180469760,10.0,,121.615693,121.615693,16.149137802864853,1.0,14.597056274847713,7763.683896,776.3683896,868.6522346
q05_topology_guided_grid_fallback_measured_4_1787293412678960692,2026-08-21T06:23:32.676689+00:00,hospital_005,7cc20065986ac1cd55cb5c110554e65593cc657d7e866c40cd931d94fa035084,q05,reverse_heading,topology_guided_grid_fallback,4,TOPOLOGY_OK,False,,1,corridor_grid_astar,True,True,True,True,True,True,True,SUCCEEDED,False,0,0,0.580637,0.11985,31.976659,59.945574,0.0,92.62272,14.597056274847713,0.2196899950504303,16.149137802864853,0.050000000745058,paths/q05_topology_guided_grid_fallback_measured_4_1787293412678960692.json.gz,307,grid,corridor,"[140, 136, 137, 138, 139, 144, 145]",1.0,1,9838.0,9932.0,478.0,11111.0,252546,0.0439959452931347,16.149137802864853,59.500315,,120.0,10.0,130.0,107.05746440341366,207073280,207073280,180469760,180469760,10.0,,121.430113,121.430113,16.149137802864853,1.0,14.597056274847713,7763.683896,776.3683896,868.9911096
q05_full_grid_measured_5_1787293412803015237,2026-08-21T06:23:32.798398+00:00,hospital_005,7cc20065986ac1cd55cb5c110554e65593cc657d7e866c40cd931d94fa035084,q05,reverse_heading,full_grid,5,TOPOLOGY_NOT_USED,False,,0,full_grid_astar,True,True,True,True,True,True,True,SUCCEEDED,False,0,0,0.0,0.0,0.0,86.210389,0.0,86.210389,,,16.149137802864853,0.050000000745058,paths/q05_full_grid_measured_5_1787293412803015237.json.gz,307,grid,full_grid,[],,0,13321.0,13593.0,681.0,252546.0,252546,1.0,16.149137802864853,85.472894,,120.0,10.0,130.0,110.5833017376992,207073280,207073280,180469760,180469760,10.0,,117.558436,117.558436,16.149137802864853,1.0,,7763.683896,776.3683896,862.5787786
q05_topology_guided_grid_measured_5_1787293412937485235,2026-08-21T06:23:32.930846+00:00,hospital_005,7cc20065986ac1cd55cb5c110554e65593cc657d7e866c40cd931d94fa035084,q05,reverse_heading,topology_guided_grid,5,TOPOLOGY_OK,False,,1,corridor_grid_astar,True,True,True,True,True,True,True,SUCCEEDED,False,0,0,0.587666,0.133524,32.148246,62.879101,0.0,95.748537,14.597056274847713,0.2196899950504303,16.149137802864853,0.050000000745058,paths/q05_topology_guided_grid_measured_5_1787293412937485235.json.gz,307,grid,corridor,"[140, 136, 137, 138, 139, 144, 145]",1.0,1,9838.0,9932.0,478.0,11111.0,252546,0.0439959452931347,16.149137802864853,62.357492,,130.0,20.0,150.0,119.07542788524566,207073280,207073280,180469760,180469760,10.0,,125.970574,125.970574,16.149137802864853,1.0,14.597056274847713,7763.683896,776.3683896,872.1169265999999
q05_topology_guided_grid_fallback_measured_5_1787293413073958153,2026-08-21T06:23:33.071421+00:00,hospital_005,7cc20065986ac1cd55cb5c110554e65593cc657d7e866c40cd931d94fa035084,q05,reverse_heading,topology_guided_grid_fallback,5,TOPOLOGY_OK,False,,1,corridor_grid_astar,True,True,True,True,True,True,True,SUCCEEDED,False,0,0,0.596102,0.130835,33.559725,63.436508,0.0,97.72317,14.597056274847713,0.2196899950504303,16.149137802864853,0.050000000745058,paths/q05_topology_guided_grid_fallback_measured_5_1787293413073958153.json.gz,307,grid,corridor,"[140, 136, 137, 138, 139, 144, 145]",1.0,1,9838.0,9932.0,478.0,11111.0,252546,0.0439959452931347,16.149137802864853,62.928066,,130.0,10.0,140.0,106.08647589070031,207073280,207073280,180469760,180469760,10.0,,131.967811,131.967811,16.149137802864853,1.0,14.597056274847713,7763.683896,776.3683896,874.0915596
q06_full_grid_measured_1_1787293413293788639,2026-08-21T06:23:33.289591+00:00,hospital_005,7cc20065986ac1cd55cb5c110554e65593cc657d7e866c40cd931d94fa035084,q06,reverse_heading,full_grid,1,TOPOLOGY_NOT_USED,False,,0,full_grid_astar,True,True,True,True,True,True,True,SUCCEEDED,False,0,0,0.0,0.0,0.0,157.395401,0.0,157.395401,,,26.50979797464466,0.050000000745058,paths/q06_full_grid_measured_1_1787293413293788639.json.gz,508,grid,full_grid,[],,0,23551.0,24381.0,1144.0,252546.0,252546,1.0,26.50979797464466,155.913699,,220.0,10.0,230.0,107.67073515831828,207073280,207073280,180469760,180469760,10.0,,213.614219,213.614219,26.50979797464466,1.0,,7763.683896,776.3683896,933.7637906
q06_topology_guided_grid_measured_1_1787293413496149507,2026-08-21T06:23:33.491853+00:00,hospital_005,7cc20065986ac1cd55cb5c110554e65593cc657d7e866c40cd931d94fa035084,q06,reverse_heading,topology_guided_grid,1,TOPOLOGY_OK,False,,1,corridor_grid_astar,True,True,True,True,True,True,True,SUCCEEDED,False,0,0,0.839536,0.165305,34.391517,106.084795,0.0,141.481153,26.30710678118655,1.899999976158142,26.59766594028869,0.050000000745058,paths/q06_topology_guided_grid_measured_1_1787293413496149507.json.gz,511,grid,corridor,"[150, 132, 128, 125, 106, 95]",1.0,1,16099.0,16723.0,851.0,22853.0,252546,0.0904904453050137,26.59766594028869,105.09434,,200.0,10.0,210.0,107.801803366061,207073280,207073280,180469760,180469760,10.0,,194.801936,194.801936,26.50979797464466,1.0033145467848557,26.30710678118655,7763.683896,776.3683896,917.8495426
q06_topology_guided_grid_fallback_measured_1_1787293413711654798,2026-08-21T06:23:33.709059+00:00,hospital_005,7cc20065986ac1cd55cb5c110554e65593cc657d7e866c40cd931d94fa035084,q06,reverse_heading,topology_guided_grid_fallback,1,TOPOLOGY_OK,False,,1,corridor_grid_astar,True,True,True,True,True,True,True,SUCCEEDED,False,0,0,1.350485,0.276252,37.189697,109.352147,0.0,148.16858100000002,26.30710678118655,1.899999976158142,26.59766594028869,0.050000000745058,paths/q06_topology_guided_grid_fallback_measured_1_1787293413711654798.json.gz,511,grid,corridor,"[150, 132, 128, 125, 106, 95]",1.0,1,16099.0,16723.0,851.0,22853.0,252546,0.0904904453050137,26.59766594028869,108.425286,,210.0,20.0,230.0,111.275352994569,207073280,207073280,180469760,180469760,10.0,,206.694469,206.694469,26.50979797464466,1.0033145467848557,26.30710678118655,7763.683896,776.3683896,924.5369706
q06_full_grid_measured_2_1787293413942707181,2026-08-21T06:23:33.940794+00:00,hospital_005,7cc20065986ac1cd55cb5c110554e65593cc657d7e866c40cd931d94fa035084,q06,reverse_heading,full_grid,2,TOPOLOGY_NOT_USED,False,,0,full_grid_astar,True,True,True,True,True,True,True,SUCCEEDED,False,0,0,0.0,0.0,0.0,162.768773,0.0,162.768773,,,26.50979797464466,0.050000000745058,paths/q06_full_grid_measured_2_1787293413942707181.json.gz,508,grid,full_grid,[],,0,23551.0,24381.0,1144.0,252546.0,252546,1.0,26.50979797464466,161.176015,,220.0,10.0,230.0,101.96965607368492,207073280,207073280,180415488,180461568,10.0,,225.557297,225.557297,26.50979797464466,1.0,,7763.683896,776.3683896,939.1371626
q06_topology_guided_grid_measured_2_1787293414153254645,2026-08-21T06:23:34.148558+00:00,hospital_005,7cc20065986ac1cd55cb5c110554e65593cc657d7e866c40cd931d94fa035084,q06,reverse_heading,topology_guided_grid,2,TOPOLOGY_OK,False,,1,corridor_grid_astar,True,True,True,True,True,True,True,SUCCEEDED,False,0,0,0.930568,0.18302,36.961985,109.299686,0.0,147.375259,26.30710678118655,1.899999976158142,26.59766594028869,0.050000000745058,paths/q06_topology_guided_grid_measured_2_1787293414153254645.json.gz,511,grid,corridor,"[150, 132, 128, 125, 106, 95]",1.0,1,16099.0,16723.0,851.0,22853.0,252546,0.0904904453050137,26.59766594028869,108.360985,,200.0,20.0,220.0,108.89618363523792,207073280,207073280,180318208,180463616,10.0,,202.027282,202.027282,26.50979797464466,1.0033145467848557,26.30710678118655,7763.683896,776.3683896,923.7436486
q06_topology_guided_grid_fallback_measured_2_1787293414363497226,2026-08-21T06:23:34.361116+00:00,hospital_005,7cc20065986ac1cd55cb5c110554e65593cc657d7e866c40cd931d94fa035084,q06,reverse_heading,topology_guided_grid_fallback,2,TOPOLOGY_OK,False,,1,corridor_grid_astar,True,True,True,True,True,True,True,SUCCEEDED,False,0,0,0.853811,0.169793,35.051396,111.77538,0.0,147.85038,26.30710678118655,1.899999976158142,26.59766594028869,0.050000000745058,paths/q06_topology_guided_grid_fallback_measured_2_1787293414363497226.json.gz,511,grid,corridor,"[150, 132, 128, 125, 106, 95]",1.0,1,16099.0,16723.0,851.0,22853.0,252546,0.0904904453050137,26.59766594028869,110.798003,,210.0,10.0,220.0,107.61442863540115,207073280,207073280,180463616,180463616,10.0,,204.433553,204.433553,26.50979797464466,1.0033145467848557,26.30710678118655,7763.683896,776.3683896,924.2187696
q06_full_grid_measured_3_1787293414653614181,2026-08-21T06:23:34.646556+00:00,hospital_005,7cc20065986ac1cd55cb5c110554e65593cc657d7e866c40cd931d94fa035084,q06,reverse_heading,full_grid,3,TOPOLOGY_NOT_USED,False,,0,full_grid_astar,True,True,True,True,True,True,True,SUCCEEDED,False,0,0,0.0,0.0,0.0,165.678067,0.0,165.678067,,,26.50979797464466,0.050000000745058,paths/q06_full_grid_measured_3_1787293414653614181.json.gz,508,grid,full_grid,[],,0,23551.0,24381.0,1144.0,252546.0,252546,1.0,26.50979797464466,164.062879,,280.0,20.0,300.0,107.42233706990952,207073280,207073280,180292608,180292608,10.0,,279.271526,279.271526,26.50979797464466,1.0,,7763.683896,776.3683896,942.0464566
q06_topology_guided_grid_measured_3_1787293414897971826,2026-08-21T06:23:34.895463+00:00,hospital_005,7cc20065986ac1cd55cb5c110554e65593cc657d7e866c40cd931d94fa035084,q06,reverse_heading,topology_guided_grid,3,TOPOLOGY_OK,False,,1,corridor_grid_astar,True,True,True,True,True,True,True,SUCCEEDED,False,0,0,2.191292,0.322563,47.776196,123.741893,0.0,174.031944,26.30710678118655,1.899999976158142,26.59766594028869,0.050000000745058,paths/q06_topology_guided_grid_measured_3_1787293414897971826.json.gz,511,grid,corridor,"[150, 132, 128, 125, 106, 95]",1.0,1,16099.0,16723.0,851.0,22853.0,252546,0.0904904453050137,26.59766594028869,122.656436,,230.0,30.0,260.0,111.45474514247854,207073280,207073280,179095552,179095552,10.0,,233.278538,233.278538,26.50979797464466,1.0033145467848557,26.30710678118655,7763.683896,776.3683896,950.4003336
q06_topology_guided_grid_fallback_measured_3_1787293415110728180,2026-08-21T06:23:35.105720+00:00,hospital_005,7cc20065986ac1cd55cb5c110554e65593cc657d7e866c40cd931d94fa035084,q06,reverse_heading,topology_guided_grid_fallback,3,TOPOLOGY_OK,False,,1,corridor_grid_astar,True,True,True,True,True,True,True,SUCCEEDED,False,0,0,0.892893,0.179994,35.893652,111.180053,0.0,148.146592,26.30710678118655,1.899999976158142,26.59766594028869,0.050000000745058,paths/q06_topology_guided_grid_fallback_measured_3_1787293415110728180.json.gz,511,grid,corridor,"[150, 132, 128, 125, 106, 95]",1.0,1,16099.0,16723.0,851.0,22853.0,252546,0.0904904453050137,26.59766594028869,110.156831,,200.0,20.0,220.0,107.78130248765711,207073280,207073280,178917376,178917376,10.0,,204.117036,204.117036,26.50979797464466,1.0033145467848557,26.30710678118655,7763.683896,776.3683896,924.5149816
q06_full_grid_measured_4_1787293415342765071,2026-08-21T06:23:35.340380+00:00,hospital_005,7cc20065986ac1cd55cb5c110554e65593cc657d7e866c40cd931d94fa035084,q06,reverse_heading,full_grid,4,TOPOLOGY_NOT_USED,False,,0,full_grid_astar,True,True,True,True,True,True,True,SUCCEEDED,False,0,0,0.0,0.0,0.0,170.04808,0.0,170.04808,,,26.50979797464466,0.050000000745058,paths/q06_full_grid_measured_4_1787293415342765071.json.gz,508,grid,full_grid,[],,0,23551.0,24381.0,1144.0,252546.0,252546,1.0,26.50979797464466,167.292364,,230.0,10.0,240.0,106.0928856917896,207073280,207073280,178917376,178917376,10.0,,226.216865,226.216865,26.50979797464466,1.0,,7763.683896,776.3683896,946.4164696
q06_topology_guided_grid_measured_4_1787293415556106319,2026-08-21T06:23:35.554707+00:00,hospital_005,7cc20065986ac1cd55cb5c110554e65593cc657d7e866c40cd931d94fa035084,q06,reverse_heading,topology_guided_grid,4,TOPOLOGY_OK,False,,1,corridor_grid_astar,True,True,True,True,True,True,True,SUCCEEDED,False,0,0,0.854278,0.172232,35.358253,114.192749,0.0,150.577512,26.30710678118655,1.899999976158142,26.59766594028869,0.050000000745058,paths/q06_topology_guided_grid_measured_4_1787293415556106319.json.gz,511,grid,corridor,"[150, 132, 128, 125, 106, 95]",1.0,1,16099.0,16723.0,851.0,22853.0,252546,0.0904904453050137,26.59766594028869,113.184274,,210.0,20.0,230.0,110.22559277814186,207073280,207073280,178917376,178917376,10.0,,208.662974,208.662974,26.50979797464466,1.0033145467848557,26.30710678118655,7763.683896,776.3683896,926.9459016
q06_topology_guided_grid_fallback_measured_4_1787293415772672719,2026-08-21T06:23:35.766898+00:00,hospital_005,7cc20065986ac1cd55cb5c110554e65593cc657d7e866c40cd931d94fa035084,q06,reverse_heading,topology_guided_grid_fallback,4,TOPOLOGY_OK,False,,1,corridor_grid_astar,True,True,True,True,True,True,True,SUCCEEDED,False,0,0,0.885352,0.173207,36.494413,112.257755,0.0,149.810727,26.30710678118655,1.899999976158142,26.59766594028869,0.050000000745058,paths/q06_topology_guided_grid_fallback_measured_4_1787293415772672719.json.gz,511,grid,corridor,"[150, 132, 128, 125, 106, 95]",1.0,1,16099.0,16723.0,851.0,22853.0,252546,0.0904904453050137,26.59766594028869,111.252681,,210.0,20.0,230.0,111.0106003974054,207073280,207073280,178917376,178917376,10.0,,207.187421,207.187421,26.50979797464466,1.0033145467848557,26.30710678118655,7763.683896,776.3683896,926.1791166
q06_full_grid_measured_5_1787293415998945293,2026-08-21T06:23:35.994439+00:00,hospital_005,7cc20065986ac1cd55cb5c110554e65593cc657d7e866c40cd931d94fa035084,q06,reverse_heading,full_grid,5,TOPOLOGY_NOT_USED,False,,0,full_grid_astar,True,True,True,True,True,True,True,SUCCEEDED,False,0,0,0.0,0.0,0.0,161.267997,0.0,161.267997,,,26.50979797464466,0.050000000745058,paths/q06_full_grid_measured_5_1787293415998945293.json.gz,508,grid,full_grid,[],,0,23551.0,24381.0,1144.0,252546.0,252546,1.0,26.50979797464466,159.786115,,220.0,10.0,230.0,105.37060408270958,207073280,207073280,178915328,180465664,10.0,,218.277196,218.277196,26.50979797464466,1.0,,7763.683896,776.3683896,937.6363866
q06_topology_guided_grid_measured_5_1787293416209577142,2026-08-21T06:23:36.204533+00:00,hospital_005,7cc20065986ac1cd55cb5c110554e65593cc657d7e866c40cd931d94fa035084,q06,reverse_heading,topology_guided_grid,5,TOPOLOGY_OK,False,,1,corridor_grid_astar,True,True,True,True,True,True,True,SUCCEEDED,False,0,0,0.879398,0.173043,35.219735,111.657913,0.0,147.930089,26.30710678118655,1.899999976158142,26.59766594028869,0.050000000745058,paths/q06_topology_guided_grid_measured_5_1787293416209577142.json.gz,511,grid,corridor,"[150, 132, 128, 125, 106, 95]",1.0,1,16099.0,16723.0,851.0,22853.0,252546,0.0904904453050137,26.59766594028869,110.696227,,210.0,20.0,230.0,113.7109178850598,207073280,207073280,180465664,180465664,10.0,,202.267297,202.267297,26.50979797464466,1.0033145467848557,26.30710678118655,7763.683896,776.3683896,924.2984786
q06_topology_guided_grid_fallback_measured_5_1787293416411464687,2026-08-21T06:23:36.406154+00:00,hospital_005,7cc20065986ac1cd55cb5c110554e65593cc657d7e866c40cd931d94fa035084,q06,reverse_heading,topology_guided_grid_fallback,5,TOPOLOGY_OK,False,,1,corridor_grid_astar,True,True,True,True,True,True,True,SUCCEEDED,False,0,0,0.835872,0.188443,33.654219,105.264019,0.0,139.942553,26.30710678118655,1.899999976158142,26.59766594028869,0.050000000745058,paths/q06_topology_guided_grid_fallback_measured_5_1787293416411464687.json.gz,511,grid,corridor,"[150, 132, 128, 125, 106, 95]",1.0,1,16099.0,16723.0,851.0,22853.0,252546,0.0904904453050137,26.59766594028869,104.355983,,190.0,20.0,210.0,108.67784801983603,207073280,207073280,180465664,180465664,10.0,,193.231651,193.231651,26.50979797464466,1.0033145467848557,26.30710678118655,7763.683896,776.3683896,916.3109426
q07_full_grid_measured_1_1787293416833973167,2026-08-21T06:23:36.831739+00:00,hospital_005,7cc20065986ac1cd55cb5c110554e65593cc657d7e866c40cd931d94fa035084,q07,reverse_heading,full_grid,1,TOPOLOGY_NOT_USED,False,,0,full_grid_astar,True,True,True,True,True,True,True,SUCCEEDED,False,0,0,0.0,0.0,0.0,345.684927,0.0,345.684927,,,32.94005409571392,0.050000000745058,paths/q07_full_grid_measured_1_1787293416833973167.json.gz,584,grid,full_grid,[],,0,46036.0,46458.0,1085.0,252546.0,252546,1.0,32.94005409571392,340.595585,,410.0,10.0,420.0,100.73941966495644,207073280,209756160,180465664,183148544,10.0,,416.917232,416.917232,32.94005409571392,1.0,,7763.683896,776.3683896,1122.0533166
q07_topology_guided_grid_measured_1_1787293417129609806,2026-08-21T06:23:37.125780+00:00,hospital_005,7cc20065986ac1cd55cb5c110554e65593cc657d7e866c40cd931d94fa035084,q07,reverse_heading,topology_guided_grid,1,TOPOLOGY_OK,False,,1,corridor_grid_astar,True,True,True,True,True,True,True,SUCCEEDED,False,0,0,1.252718,0.228904,34.4289,183.356734,0.0,219.267256,35.56274169979695,0.5,33.08650070512064,0.050000000745058,paths/q07_topology_guided_grid_measured_1_1787293417129609806.json.gz,589,grid,corridor,"[69, 74, 82, 83, 87, 96, 105, 106, 122]",1.0,1,26062.0,26219.0,862.0,28894.0,252546,0.1144108400053851,33.08650070512064,181.214599,,290.0,20.0,310.0,107.8303746672807,209756160,209756160,183148544,183148544,10.0,,287.488568,287.488568,32.94005409571392,1.0044458521221973,35.56274169979695,7763.683896,776.3683896,995.6356456
q07_topology_guided_grid_fallback_measured_1_1787293417403736504,2026-08-21T06:23:37.400026+00:00,hospital_005,7cc20065986ac1cd55cb5c110554e65593cc657d7e866c40cd931d94fa035084,q07,reverse_heading,topology_guided_grid_fallback,1,TOPOLOGY_OK,False,,1,corridor_grid_astar,True,True,True,True,True,True,True,SUCCEEDED,False,0,0,1.837294,0.31821,33.469447,165.223399,0.0,200.84835,35.56274169979695,0.5,33.08650070512064,0.050000000745058,paths/q07_topology_guided_grid_fallback_measured_1_1787293417403736504.json.gz,589,grid,corridor,"[69, 74, 82, 83, 87, 96, 105, 106, 122]",1.0,1,26062.0,26219.0,862.0,28894.0,252546,0.1144108400053851,33.08650070512064,163.189877,,260.0,20.0,280.0,106.27109730354358,209756160,209756160,183148544,183148544,10.0,,263.477095,263.477095,32.94005409571392,1.0044458521221973,35.56274169979695,7763.683896,776.3683896,977.2167396
q07_full_grid_measured_2_1787293417773659643,2026-08-21T06:23:37.770662+00:00,hospital_005,7cc20065986ac1cd55cb5c110554e65593cc657d7e866c40cd931d94fa035084,q07,reverse_heading,full_grid,2,TOPOLOGY_NOT_USED,False,,0,full_grid_astar,True,True,True,True,True,True,True,SUCCEEDED,False,0,0,0.0,0.0,0.0,298.040302,0.0,298.040302,,,32.94005409571392,0.050000000745058,paths/q07_full_grid_measured_2_1787293417773659643.json.gz,584,grid,full_grid,[],,0,46036.0,46458.0,1085.0,252546.0,252546,1.0,32.94005409571392,294.419855,,360.0,10.0,370.0,101.88630262962432,209756160,209756160,183148544,183148544,10.0,,363.149894,363.149894,32.94005409571392,1.0,,7763.683896,776.3683896,1074.4086916
q07_topology_guided_grid_measured_2_1787293418051753874,2026-08-21T06:23:38.049363+00:00,hospital_005,7cc20065986ac1cd55cb5c110554e65593cc657d7e866c40cd931d94fa035084,q07,reverse_heading,topology_guided_grid,2,TOPOLOGY_OK,False,,1,corridor_grid_astar,True,True,True,True,True,True,True,SUCCEEDED,False,0,0,1.114078,0.21226,31.303121,173.277923,0.0,205.907382,35.56274169979695,0.5,33.08650070512064,0.050000000745058,paths/q07_topology_guided_grid_measured_2_1787293418051753874.json.gz,589,grid,corridor,"[69, 74, 82, 83, 87, 96, 105, 106, 122]",1.0,1,26062.0,26219.0,862.0,28894.0,252546,0.1144108400053851,33.08650070512064,170.993169,,270.0,20.0,290.0,106.6320521866088,209756160,209756160,183148544,183148544,10.0,,271.963255,271.963255,32.94005409571392,1.0044458521221973,35.56274169979695,7763.683896,776.3683896,982.2757716
q07_topology_guided_grid_fallback_measured_2_1787293418335119996,2026-08-21T06:23:38.331300+00:00,hospital_005,7cc20065986ac1cd55cb5c110554e65593cc657d7e866c40cd931d94fa035084,q07,reverse_heading,topology_guided_grid_fallback,2,TOPOLOGY_OK,False,,1,corridor_grid_astar,True,True,True,True,True,True,True,SUCCEEDED,False,0,0,1.200624,0.226432,33.384833,174.289369,0.0,209.101258,35.56274169979695,0.5,33.08650070512064,0.050000000745058,paths/q07_topology_guided_grid_fallback_measured_2_1787293418335119996.json.gz,589,grid,corridor,"[69, 74, 82, 83, 87, 96, 105, 106, 122]",1.0,1,26062.0,26219.0,862.0,28894.0,252546,0.1144108400053851,33.08650070512064,171.946383,,280.0,10.0,290.0,105.28088864853544,209756160,209756160,183148544,183148544,10.0,,275.453602,275.453602,32.94005409571392,1.0044458521221973,35.56274169979695,7763.683896,776.3683896,985.4696476
q07_full_grid_measured_3_1787293418719772176,2026-08-21T06:23:38.717506+00:00,hospital_005,7cc20065986ac1cd55cb5c110554e65593cc657d7e866c40cd931d94fa035084,q07,reverse_heading,full_grid,3,TOPOLOGY_NOT_USED,False,,0,full_grid_astar,True,True,True,True,True,True,True,SUCCEEDED,False,0,0,0.0,0.0,0.0,310.614266,0.0,310.614266,,,32.94005409571392,0.050000000745058,paths/q07_full_grid_measured_3_1787293418719772176.json.gz,584,grid,full_grid,[],,0,46036.0,46458.0,1085.0,252546.0,252546,1.0,32.94005409571392,307.000622,,380.0,20.0,400.0,105.75051275052836,209756160,209756160,183148544,183148544,10.0,,378.248757,378.248757,32.94005409571392,1.0,,7763.683896,776.3683896,1086.9826556
q07_topology_guided_grid_measured_3_1787293419026437021,2026-08-21T06:23:39.021272+00:00,hospital_005,7cc20065986ac1cd55cb5c110554e65593cc657d7e866c40cd931d94fa035084,q07,reverse_heading,topology_guided_grid,3,TOPOLOGY_OK,False,,1,corridor_grid_astar,True,True,True,True,True,True,True,SUCCEEDED,False,0,0,1.220604,0.229975,33.582863,192.582679,0.0,227.616121,35.56274169979695,0.5,33.08650070512064,0.050000000745058,paths/q07_topology_guided_grid_measured_3_1787293419026437021.json.gz,589,grid,corridor,"[69, 74, 82, 83, 87, 96, 105, 106, 122]",1.0,1,26062.0,26219.0,862.0,28894.0,252546,0.1144108400053851,33.08650070512064,190.578047,,300.0,10.0,310.0,104.20771421135224,209756160,209756160,183148544,183148544,10.0,,297.482775,297.482775,32.94005409571392,1.0044458521221973,35.56274169979695,7763.683896,776.3683896,1003.9845106
q07_topology_guided_grid_fallback_measured_3_1787293419317060852,2026-08-21T06:23:39.312633+00:00,hospital_005,7cc20065986ac1cd55cb5c110554e65593cc657d7e866c40cd931d94fa035084,q07,reverse_heading,topology_guided_grid_fallback,3,TOPOLOGY_OK,False,,1,corridor_grid_astar,True,True,True,True,True,True,True,SUCCEEDED,False,0,0,1.182778,0.217879,32.465453,178.571789,0.0,212.437899,35.56274169979695,0.5,33.08650070512064,0.050000000745058,paths/q07_topology_guided_grid_fallback_measured_3_1787293419317060852.json.gz,589,grid,corridor,"[69, 74, 82, 83, 87, 96, 105, 106, 122]",1.0,1,26062.0,26219.0,862.0,28894.0,252546,0.1144108400053851,33.08650070512064,176.776684,,280.0,10.0,290.0,102.84460882496252,209756160,209756160,183148544,183148544,10.0,,281.978806,281.978806,32.94005409571392,1.0044458521221973,35.56274169979695,7763.683896,776.3683896,988.8062886
q07_full_grid_measured_4_1787293419724463336,2026-08-21T06:23:39.721979+00:00,hospital_005,7cc20065986ac1cd55cb5c110554e65593cc657d7e866c40cd931d94fa035084,q07,reverse_heading,full_grid,4,TOPOLOGY_NOT_USED,False,,0,full_grid_astar,True,True,True,True,True,True,True,SUCCEEDED,False,0,0,0.0,0.0,0.0,332.552474,0.0,332.552474,,,32.94005409571392,0.050000000745058,paths/q07_full_grid_measured_4_1787293419724463336.json.gz,584,grid,full_grid,[],,0,46036.0,46458.0,1085.0,252546.0,252546,1.0,32.94005409571392,328.752707,,400.0,30.0,430.0,107.33675073078793,209756160,209756160,183142400,183161856,10.0,,400.608363,400.608363,32.94005409571392,1.0,,7763.683896,776.3683896,1108.9208636
q07_topology_guided_grid_measured_4_1787293420009232682,2026-08-21T06:23:40.004648+00:00,hospital_005,7cc20065986ac1cd55cb5c110554e65593cc657d7e866c40cd931d94fa035084,q07,reverse_heading,topology_guided_grid,4,TOPOLOGY_OK,False,,1,corridor_grid_astar,True,True,True,True,True,True,True,SUCCEEDED,False,0,0,1.195803,0.218349,32.930467,174.340498,0.0,208.685117,35.56274169979695,0.5,33.08650070512064,0.050000000745058,paths/q07_topology_guided_grid_measured_4_1787293420009232682.json.gz,589,grid,corridor,"[69, 74, 82, 83, 87, 96, 105, 106, 122]",1.0,1,26062.0,26219.0,862.0,28894.0,252546,0.1144108400053851,33.08650070512064,171.733168,,270.0,20.0,290.0,105.02039267878072,209756160,209756160,183161856,183161856,10.0,,276.136846,276.136846,32.94005409571392,1.0044458521221973,35.56274169979695,7763.683896,776.3683896,985.0535066
q07_topology_guided_grid_fallback_measured_4_1787293420297086523,2026-08-21T06:23:40.292572+00:00,hospital_005,7cc20065986ac1cd55cb5c110554e65593cc657d7e866c40cd931d94fa035084,q07,reverse_heading,topology_guided_grid_fallback,4,TOPOLOGY_OK,False,,1,corridor_grid_astar,True,True,True,True,True,True,True,SUCCEEDED,False,0,0,1.233173,0.232982,33.719818,175.093984,0.0,210.279957,35.56274169979695,0.5,33.08650070512064,0.050000000745058,paths/q07_topology_guided_grid_fallback_measured_4_1787293420297086523.json.gz,589,grid,corridor,"[69, 74, 82, 83, 87, 96, 105, 106, 122]",1.0,1,26062.0,26219.0,862.0,28894.0,252546,0.1144108400053851,33.08650070512064,173.051532,,280.0,10.0,290.0,103.8446661404726,209756160,209756160,183161856,183161856,10.0,,279.26326,279.26326,32.94005409571392,1.0044458521221973,35.56274169979695,7763.683896,776.3683896,986.6483466
q07_full_grid_measured_5_1787293420704133984,2026-08-21T06:23:40.701585+00:00,hospital_005,7cc20065986ac1cd55cb5c110554e65593cc657d7e866c40cd931d94fa035084,q07,reverse_heading,full_grid,5,TOPOLOGY_NOT_USED,False,,0,full_grid_astar,True,True,True,True,True,True,True,SUCCEEDED,False,0,0,0.0,0.0,0.0,329.707157,0.0,329.707157,,,32.94005409571392,0.050000000745058,paths/q07_full_grid_measured_5_1787293420704133984.json.gz,584,grid,full_grid,[],,0,46036.0,46458.0,1085.0,252546.0,252546,1.0,32.94005409571392,326.132063,,400.0,20.0,420.0,104.92739129449814,209756160,209756160,183161856,183670784,10.0,,400.276796,400.276796,32.94005409571392,1.0,,7763.683896,776.3683896,1106.0755466
q07_topology_guided_grid_measured_5_1787293421005205488,2026-08-21T06:23:41.000996+00:00,hospital_005,7cc20065986ac1cd55cb5c110554e65593cc657d7e866c40cd931d94fa035084,q07,reverse_heading,topology_guided_grid,5,TOPOLOGY_OK,False,,1,corridor_grid_astar,True,True,True,True,True,True,True,SUCCEEDED,False,0,0,1.248582,0.237691,34.924266,184.858365,0.0,221.268904,35.56274169979695,0.5,33.08650070512064,0.050000000745058,paths/q07_topology_guided_grid_measured_5_1787293421005205488.json.gz,589,grid,corridor,"[69, 74, 82, 83, 87, 96, 105, 106, 122]",1.0,1,26062.0,26219.0,862.0,28894.0,252546,0.1144108400053851,33.08650070512064,182.825136,,290.0,20.0,310.0,105.90437236928412,209756160,209756160,183670784,183670784,10.0,,292.716904,292.716904,32.94005409571392,1.0044458521221973,35.56274169979695,7763.683896,776.3683896,997.6372936
q07_topology_guided_grid_fallback_measured_5_1787293421307787437,2026-08-21T06:23:41.303412+00:00,hospital_005,7cc20065986ac1cd55cb5c110554e65593cc657d7e866c40cd931d94fa035084,q07,reverse_heading,topology_guided_grid_fallback,5,TOPOLOGY_OK,False,,1,corridor_grid_astar,True,True,True,True,True,True,True,SUCCEEDED,False,0,0,1.264997,0.236224,34.890861,186.51507,0.0,222.907152,35.56274169979695,0.5,33.08650070512064,0.050000000745058,paths/q07_topology_guided_grid_fallback_measured_5_1787293421307787437.json.gz,589,grid,corridor,"[69, 74, 82, 83, 87, 96, 105, 106, 122]",1.0,1,26062.0,26219.0,862.0,28894.0,252546,0.1144108400053851,33.08650070512064,183.942041,,300.0,20.0,320.0,108.85841806450205,209756160,209756160,183670784,183670784,10.0,,293.959811,293.959811,32.94005409571392,1.0044458521221973,35.56274169979695,7763.683896,776.3683896,999.2755416
q08_full_grid_measured_1_1787293421551599194,2026-08-21T06:23:41.545322+00:00,hospital_005,7cc20065986ac1cd55cb5c110554e65593cc657d7e866c40cd931d94fa035084,q08,reverse_heading,full_grid,1,TOPOLOGY_NOT_USED,False,,0,full_grid_astar,True,True,True,True,True,True,True,SUCCEEDED,False,0,0,0.0,0.0,0.0,180.748466,0.0,180.748466,,,23.00452018978113,0.050000000745058,paths/q08_full_grid_measured_1_1787293421551599194.json.gz,406,grid,full_grid,[],,0,25044.0,25674.0,1268.0,252546.0,252546,1.0,23.00452018978113,178.243498,,230.0,10.0,240.0,102.89210500646917,209756160,209756160,183670784,183670784,10.0,,233.254048,233.254048,23.00452018978113,1.0,,7763.683896,776.3683896,957.1168556
q08_topology_guided_grid_measured_1_1787293421733886231,2026-08-21T06:23:41.729769+00:00,hospital_005,7cc20065986ac1cd55cb5c110554e65593cc657d7e866c40cd931d94fa035084,q08,reverse_heading,topology_guided_grid,1,CORRIDOR_NO_PATH,False,corridor_no_path,1,none,True,True,False,False,False,False,False,CORRIDOR_NO_PATH,False,0,0,1.64855,0.238171,35.765873,135.367529,0.0,173.02012299999998,28.126955262170053,0.5,,,,0,grid,corridor,"[125, 127, 126, 123, 120, 116, 109, 104, 100, 99]",1.0,1,21157.0,21157.0,571.0,21727.0,252546,0.0860318516230706,,134.099663,NO_PATH,170.0,20.0,190.0,108.37587885137356,209756160,209756160,183670784,183670784,10.0,,175.315764,175.315764,23.00452018978113,,28.126955262170053,7763.683896,776.3683896,949.3885126
q08_topology_guided_grid_fallback_measured_1_1787293422927853492,2026-08-21T06:23:42.923509+00:00,hospital_005,7cc20065986ac1cd55cb5c110554e65593cc657d7e866c40cd931d94fa035084,q08,reverse_heading,topology_guided_grid_fallback,1,CORRIDOR_EXPANDED,False,corridor_no_path,3,corridor_grid_astar,True,True,True,True,True,True,True,SUCCEEDED,False,0,0,1.537733,0.198684,652.191519,482.142975,0.0,1136.0709109999998,28.126955262170053,0.5,26.04264068711932,0.050000000745058,paths/q08_topology_guided_grid_fallback_measured_1_1787293422927853492.json.gz,497,grid,corridor,"[125, 127, 126, 123, 120, 116, 109, 104, 100, 99]",4.0,3,75705.0,76055.0,649.0,65584.0,252546,0.2596913037624829,26.04264068711932,477.261434,,1210.0,110.0,1320.0,110.95141811861622,209756160,212193280,183670784,186107904,10.0,,1189.709895,1189.709895,23.00452018978113,1.1320662405594424,28.126955262170053,7763.683896,776.3683896,1912.4393006
q08_full_grid_measured_2_1787293423166719085,2026-08-21T06:23:43.162206+00:00,hospital_005,7cc20065986ac1cd55cb5c110554e65593cc657d7e866c40cd931d94fa035084,q08,reverse_heading,full_grid,2,TOPOLOGY_NOT_USED,False,,0,full_grid_astar,True,True,True,True,True,True,True,SUCCEEDED,False,0,0,0.0,0.0,0.0,179.270264,0.0,179.270264,,,23.00452018978113,0.050000000745058,paths/q08_full_grid_measured_2_1787293423166719085.json.gz,406,grid,full_grid,[],,0,25044.0,25674.0,1268.0,252546.0,252546,1.0,23.00452018978113,177.291853,,230.0,10.0,240.0,103.86056469923771,212197376,212197376,186112000,186112000,10.0,,231.079044,231.079044,23.00452018978113,1.0,,7763.683896,776.3683896,955.6386536
q08_topology_guided_grid_measured_2_1787293423349157156,2026-08-21T06:23:43.344541+00:00,hospital_005,7cc20065986ac1cd55cb5c110554e65593cc657d7e866c40cd931d94fa035084,q08,reverse_heading,topology_guided_grid,2,CORRIDOR_NO_PATH,False,corridor_no_path,1,none,True,True,False,False,False,False,False,CORRIDOR_NO_PATH,False,0,0,1.59295,0.216975,34.488871,136.594427,0.0,172.893223,28.126955262170053,0.5,,,,0,grid,corridor,"[125, 127, 126, 123, 120, 116, 109, 104, 100, 99]",1.0,1,21157.0,21157.0,571.0,21727.0,252546,0.0860318516230706,,135.261592,NO_PATH,180.0,10.0,190.0,108.58609638132776,212197376,212197376,186112000,186112000,10.0,,174.976361,174.976361,23.00452018978113,,28.126955262170053,7763.683896,776.3683896,949.2616126
q08_topology_guided_grid_fallback_measured_2_1787293424535134058,2026-08-21T06:23:44.533370+00:00,hospital_005,7cc20065986ac1cd55cb5c110554e65593cc657d7e866c40cd931d94fa035084,q08,reverse_heading,topology_guided_grid_fallback,2,CORRIDOR_EXPANDED,False,corridor_no_path,3,corridor_grid_astar,True,True,True,True,True,True,True,SUCCEEDED,False,0,0,1.61183,0.218185,663.900809,471.162745,0.0,1136.893569,28.126955262170053,0.5,26.04264068711932,0.050000000745058,paths/q08_topology_guided_grid_fallback_measured_2_1787293424535134058.json.gz,497,grid,corridor,"[125, 127, 126, 123, 120, 116, 109, 104, 100, 99]",4.0,3,75705.0,76055.0,649.0,65584.0,252546,0.2596913037624829,26.04264068711932,466.736352,,1190.0,120.0,1310.0,110.61137660468398,212197376,212197376,186112000,186112000,10.0,,1184.32664,1184.32664,23.00452018978113,1.1320662405594424,28.126955262170053,7763.683896,776.3683896,1913.2619586
q08_full_grid_measured_3_1787293424750832892,2026-08-21T06:23:44.748435+00:00,hospital_005,7cc20065986ac1cd55cb5c110554e65593cc657d7e866c40cd931d94fa035084,q08,reverse_heading,full_grid,3,TOPOLOGY_NOT_USED,False,,0,full_grid_astar,True,True,True,True,True,True,True,SUCCEEDED,False,0,0,0.0,0.0,0.0,163.204802,0.0,163.204802,,,23.00452018978113,0.050000000745058,paths/q08_full_grid_measured_3_1787293424750832892.json.gz,406,grid,full_grid,[],,0,25044.0,25674.0,1268.0,252546.0,252546,1.0,23.00452018978113,161.405322,,210.0,10.0,220.0,104.62317841297406,212197376,212197376,186112000,186112000,10.0,,210.278452,210.278452,23.00452018978113,1.0,,7763.683896,776.3683896,939.5731916
q08_topology_guided_grid_measured_3_1787293424917632232,2026-08-21T06:23:44.915147+00:00,hospital_005,7cc20065986ac1cd55cb5c110554e65593cc657d7e866c40cd931d94fa035084,q08,reverse_heading,topology_guided_grid,3,CORRIDOR_NO_PATH,False,corridor_no_path,1,none,True,True,False,False,False,False,False,CORRIDOR_NO_PATH,False,0,0,1.690841,0.205673,32.189506,126.361502,0.0,160.447522,28.126955262170053,0.5,,,,0,grid,corridor,"[125, 127, 126, 123, 120, 116, 109, 104, 100, 99]",1.0,1,21157.0,21157.0,571.0,21727.0,252546,0.0860318516230706,,125.29909,NO_PATH,160.0,10.0,170.0,105.11872671689764,212197376,212197376,186112000,186112000,10.0,,161.721898,161.721898,23.00452018978113,,28.126955262170053,7763.683896,776.3683896,936.8159116
q08_topology_guided_grid_fallback_measured_3_1787293426109740342,2026-08-21T06:23:46.107571+00:00,hospital_005,7cc20065986ac1cd55cb5c110554e65593cc657d7e866c40cd931d94fa035084,q08,reverse_heading,topology_guided_grid_fallback,3,CORRIDOR_EXPANDED,False,corridor_no_path,3,corridor_grid_astar,True,True,True,True,True,True,True,SUCCEEDED,False,0,0,1.424501,0.177459,655.3563839999999,483.488591,0.0,1140.446935,28.126955262170053,0.5,26.04264068711932,0.050000000745058,paths/q08_topology_guided_grid_fallback_measured_3_1787293426109740342.json.gz,497,grid,corridor,"[125, 127, 126, 123, 120, 116, 109, 104, 100, 99]",4.0,3,75705.0,76055.0,649.0,65584.0,252546,0.2596913037624829,26.04264068711932,478.9890830000001,,1190.0,110.0,1300.0,109.24254152766142,212197376,212197376,186112000,186112000,10.0,,1190.012592,1190.012592,23.00452018978113,1.1320662405594424,28.126955262170053,7763.683896,776.3683896,1916.8153246
q08_full_grid_measured_4_1787293426343871093,2026-08-21T06:23:46.339783+00:00,hospital_005,7cc20065986ac1cd55cb5c110554e65593cc657d7e866c40cd931d94fa035084,q08,reverse_heading,full_grid,4,TOPOLOGY_NOT_USED,False,,0,full_grid_astar,True,True,True,True,True,True,True,SUCCEEDED,False,0,0,0.0,0.0,0.0,177.698842,0.0,177.698842,,,23.00452018978113,0.050000000745058,paths/q08_full_grid_measured_4_1787293426343871093.json.gz,406,grid,full_grid,[],,0,25044.0,25674.0,1268.0,252546.0,252546,1.0,23.00452018978113,175.793144,,220.0,20.0,240.0,105.74741985548452,212197376,212197376,186112000,186112000,10.0,,226.955892,226.955892,23.00452018978113,1.0,,7763.683896,776.3683896,954.0672316
q08_topology_guided_grid_measured_4_1787293426509356919,2026-08-21T06:23:46.505333+00:00,hospital_005,7cc20065986ac1cd55cb5c110554e65593cc657d7e866c40cd931d94fa035084,q08,reverse_heading,topology_guided_grid,4,CORRIDOR_NO_PATH,False,corridor_no_path,1,none,True,True,False,False,False,False,False,CORRIDOR_NO_PATH,False,0,0,1.461266,0.206373,32.187253,123.810939,0.0,157.665831,28.126955262170053,0.5,,,,0,grid,corridor,"[125, 127, 126, 123, 120, 116, 109, 104, 100, 99]",1.0,1,21157.0,21157.0,571.0,21727.0,252546,0.0860318516230706,,122.589745,NO_PATH,160.0,10.0,170.0,107.01015196499092,212197376,212197376,186112000,186112000,10.0,,158.863432,158.863432,23.00452018978113,,28.126955262170053,7763.683896,776.3683896,934.0342206
q08_topology_guided_grid_fallback_measured_4_1787293427650413174,2026-08-21T06:23:47.646122+00:00,hospital_005,7cc20065986ac1cd55cb5c110554e65593cc657d7e866c40cd931d94fa035084,q08,reverse_heading,topology_guided_grid_fallback,4,CORRIDOR_EXPANDED,False,corridor_no_path,3,corridor_grid_astar,True,True,True,True,True,True,True,SUCCEEDED,False,0,0,1.429337,0.177128,626.347166,458.997977,0.0,1086.951608,28.126955262170053,0.5,26.04264068711932,0.050000000745058,paths/q08_topology_guided_grid_fallback_measured_4_1787293427650413174.json.gz,497,grid,corridor,"[125, 127, 126, 123, 120, 116, 109, 104, 100, 99]",4.0,3,75705.0,76055.0,649.0,65584.0,252546,0.2596913037624829,26.04264068711932,454.51285,,1140.0,100.0,1240.0,109.07412552575302,212197376,212197376,186112000,186112000,10.0,,1136.841569,1136.841569,23.00452018978113,1.1320662405594424,28.126955262170053,7763.683896,776.3683896,1863.3199976
q08_full_grid_measured_5_1787293427878069999,2026-08-21T06:23:47.873922+00:00,hospital_005,7cc20065986ac1cd55cb5c110554e65593cc657d7e866c40cd931d94fa035084,q08,reverse_heading,full_grid,5,TOPOLOGY_NOT_USED,False,,0,full_grid_astar,True,True,True,True,True,True,True,SUCCEEDED,False,0,0,0.0,0.0,0.0,171.460019,0.0,171.460019,,,23.00452018978113,0.050000000745058,paths/q08_full_grid_measured_5_1787293427878069999.json.gz,406,grid,full_grid,[],,0,25044.0,25674.0,1268.0,252546.0,252546,1.0,23.00452018978113,169.467326,,220.0,10.0,230.0,104.41089263459686,212197376,212197376,186112000,186112000,10.0,,220.28353,220.28353,23.00452018978113,1.0,,7763.683896,776.3683896,947.8284086
q08_topology_guided_grid_measured_5_1787293428055191577,2026-08-21T06:23:48.050964+00:00,hospital_005,7cc20065986ac1cd55cb5c110554e65593cc657d7e866c40cd931d94fa035084,q08,reverse_heading,topology_guided_grid,5,CORRIDOR_NO_PATH,False,corridor_no_path,1,none,True,True,False,False,False,False,False,CORRIDOR_NO_PATH,False,0,0,1.524329,0.201769,33.635791,133.155333,0.0,168.517222,28.126955262170053,0.5,,,,0,grid,corridor,"[125, 127, 126, 123, 120, 116, 109, 104, 100, 99]",1.0,1,21157.0,21157.0,571.0,21727.0,252546,0.0860318516230706,,131.907641,NO_PATH,170.0,20.0,190.0,111.63397330622531,212197376,212197376,186112000,186112000,10.0,,170.199084,170.199084,23.00452018978113,,28.126955262170053,7763.683896,776.3683896,944.8856116
q08_topology_guided_grid_fallback_measured_5_1787293429235385650,2026-08-21T06:23:49.233533+00:00,hospital_005,7cc20065986ac1cd55cb5c110554e65593cc657d7e866c40cd931d94fa035084,q08,reverse_heading,topology_guided_grid_fallback,5,CORRIDOR_EXPANDED,False,corridor_no_path,3,corridor_grid_astar,True,True,True,True,True,True,True,SUCCEEDED,False,0,0,1.579806,0.173723,668.887889,461.00983,0.0,1131.651248,28.126955262170053,0.5,26.04264068711932,0.050000000745058,paths/q08_topology_guided_grid_fallback_measured_5_1787293429235385650.json.gz,497,grid,corridor,"[125, 127, 126, 123, 120, 116, 109, 104, 100, 99]",4.0,3,75705.0,76055.0,649.0,65584.0,252546,0.2596913037624829,26.04264068711932,456.5570770000001,,1190.0,120.0,1310.0,111.16639248918575,212197376,212197376,186112000,186112000,10.0,,1178.413701,1178.413701,23.00452018978113,1.1320662405594424,28.126955262170053,7763.683896,776.3683896,1908.0196376
q09_full_grid_measured_1_1787293429336489623,2026-08-21T06:23:49.332095+00:00,hospital_005,7cc20065986ac1cd55cb5c110554e65593cc657d7e866c40cd931d94fa035084,q09,reverse_heading,full_grid,1,TOPOLOGY_NOT_USED,False,,0,full_grid_astar,True,True,True,True,True,True,True,SUCCEEDED,False,0,0,0.0,0.0,0.0,63.682553,0.0,63.682553,,,14.968986283848343,0.050000000745058,paths/q09_full_grid_measured_1_1787293429336489623.json.gz,266,grid,full_grid,[],,0,10267.0,10584.0,740.0,252546.0,252546,1.0,14.968986283848343,63.151798,,90.0,10.0,100.0,106.79992221120868,212197376,212197376,186112000,186112000,10.0,,93.633027,93.633027,14.968986283848343,1.0,,7763.683896,776.3683896,840.0509426
q09_topology_guided_grid_measured_1_1787293429379982932,2026-08-21T06:23:49.377793+00:00,hospital_005,7cc20065986ac1cd55cb5c110554e65593cc657d7e866c40cd931d94fa035084,q09,reverse_heading,topology_guided_grid,1,CORRIDOR_NO_PATH,False,corridor_no_path,1,none,True,True,False,False,False,False,False,CORRIDOR_NO_PATH,False,0,0,0.823366,0.142536,31.574365,5.715527,0.0,38.255794,19.38492424049175,0.5,,,,0,grid,corridor,"[135, 131, 128, 127, 126]",1.0,1,901.0,901.0,186.0,16722.0,252546,0.0662136798840607,,5.677158,NO_PATH,40.0,10.0,50.0,126.27395584255324,212197376,212197376,186112000,186112000,10.0,,39.596447,39.596447,14.968986283848343,,19.38492424049175,7763.683896,776.3683896,814.6241836
q09_topology_guided_grid_fallback_measured_1_1787293429642478507,2026-08-21T06:23:49.640286+00:00,hospital_005,7cc20065986ac1cd55cb5c110554e65593cc657d7e866c40cd931d94fa035084,q09,reverse_heading,topology_guided_grid_fallback,1,CORRIDOR_EXPANDED,False,corridor_no_path,2,corridor_grid_astar,True,True,True,True,True,True,True,SUCCEEDED,False,0,0,0.825245,0.14943,158.324489,70.645814,0.0,229.944978,19.38492424049175,0.5,14.968986283848343,0.050000000745058,paths/q09_topology_guided_grid_fallback_measured_1_1787293429642478507.json.gz,266,grid,corridor,"[135, 131, 128, 127, 126]",2.0,2,10997.0,11302.0,722.0,23919.0,252546,0.0947114585065691,14.968986283848343,69.900497,,260.0,40.0,300.0,115.223130610231,212197376,212197376,186112000,186112000,10.0,,260.364389,260.364389,14.968986283848343,1.0,19.38492424049175,7763.683896,776.3683896,1006.3133676
q09_full_grid_measured_2_1787293429744847342,2026-08-21T06:23:49.740916+00:00,hospital_005,7cc20065986ac1cd55cb5c110554e65593cc657d7e866c40cd931d94fa035084,q09,reverse_heading,full_grid,2,TOPOLOGY_NOT_USED,False,,0,full_grid_astar,True,True,True,True,True,True,True,SUCCEEDED,False,0,0,0.0,0.0,0.0,65.958809,0.0,65.958809,,,14.968986283848343,0.050000000745058,paths/q09_full_grid_measured_2_1787293429744847342.json.gz,266,grid,full_grid,[],,0,10267.0,10584.0,740.0,252546.0,252546,1.0,14.968986283848343,65.398558,,100.0,0.0,100.0,103.38745266715644,212197376,212197376,186112000,186112000,10.0,,96.723536,96.723536,14.968986283848343,1.0,,7763.683896,776.3683896,842.3271986
q09_topology_guided_grid_measured_2_1787293429788666045,2026-08-21T06:23:49.786979+00:00,hospital_005,7cc20065986ac1cd55cb5c110554e65593cc657d7e866c40cd931d94fa035084,q09,reverse_heading,topology_guided_grid,2,CORRIDOR_NO_PATH,False,corridor_no_path,1,none,True,True,False,False,False,False,False,CORRIDOR_NO_PATH,False,0,0,0.836005,0.134332,32.392625,5.937209,0.0,39.300171000000006,19.38492424049175,0.5,,,,0,grid,corridor,"[135, 131, 128, 127, 126]",1.0,1,901.0,901.0,186.0,16722.0,252546,0.0662136798840607,,5.8983,NO_PATH,40.0,10.0,50.0,123.75916278807512,212197376,212197376,186112000,186112000,10.0,,40.401049,40.401049,14.968986283848343,,19.38492424049175,7763.683896,776.3683896,815.6685606
q09_topology_guided_grid_fallback_measured_2_1787293430058725692,2026-08-21T06:23:50.056757+00:00,hospital_005,7cc20065986ac1cd55cb5c110554e65593cc657d7e866c40cd931d94fa035084,q09,reverse_heading,topology_guided_grid_fallback,2,CORRIDOR_EXPANDED,False,corridor_no_path,2,corridor_grid_astar,True,True,True,True,True,True,True,SUCCEEDED,False,0,0,0.864738,0.134649,163.507919,73.193151,0.0,237.700457,19.38492424049175,0.5,14.968986283848343,0.050000000745058,paths/q09_topology_guided_grid_fallback_measured_2_1787293430058725692.json.gz,266,grid,corridor,"[135, 131, 128, 127, 126]",2.0,2,10997.0,11302.0,722.0,23919.0,252546,0.0947114585065691,14.968986283848343,72.572812,,270.0,40.0,310.0,115.60788447413,212197376,212197376,186112000,186112000,10.0,,268.147801,268.147801,14.968986283848343,1.0,19.38492424049175,7763.683896,776.3683896,1014.0688466
q09_full_grid_measured_3_1787293430165144450,2026-08-21T06:23:50.160871+00:00,hospital_005,7cc20065986ac1cd55cb5c110554e65593cc657d7e866c40cd931d94fa035084,q09,reverse_heading,full_grid,3,TOPOLOGY_NOT_USED,False,,0,full_grid_astar,True,True,True,True,True,True,True,SUCCEEDED,False,0,0,0.0,0.0,0.0,68.160586,0.0,68.160586,,,14.968986283848343,0.050000000745058,paths/q09_full_grid_measured_3_1787293430165144450.json.gz,266,grid,full_grid,[],,0,10267.0,10584.0,740.0,252546.0,252546,1.0,14.968986283848343,67.466397,,100.0,0.0,100.0,99.59929014390724,212197376,212197376,186112000,186112000,10.0,,100.402322,100.402322,14.968986283848343,1.0,,7763.683896,776.3683896,844.5289756
q09_topology_guided_grid_measured_3_1787293430210897278,2026-08-21T06:23:50.208632+00:00,hospital_005,7cc20065986ac1cd55cb5c110554e65593cc657d7e866c40cd931d94fa035084,q09,reverse_heading,topology_guided_grid,3,CORRIDOR_NO_PATH,False,corridor_no_path,1,none,True,True,False,False,False,False,False,CORRIDOR_NO_PATH,False,0,0,0.867007,0.138411,33.61034,5.890851,0.0,40.506609,19.38492424049175,0.5,,,,0,grid,corridor,"[135, 131, 128, 127, 126]",1.0,1,901.0,901.0,186.0,16722.0,252546,0.0662136798840607,,5.850303,NO_PATH,40.0,10.0,50.0,120.08609500529748,212197376,212197376,186112000,186112000,10.0,,41.636794,41.636794,14.968986283848343,,19.38492424049175,7763.683896,776.3683896,816.8749986
q09_topology_guided_grid_fallback_measured_3_1787293430471854761,2026-08-21T06:23:50.469833+00:00,hospital_005,7cc20065986ac1cd55cb5c110554e65593cc657d7e866c40cd931d94fa035084,q09,reverse_heading,topology_guided_grid_fallback,3,CORRIDOR_EXPANDED,False,corridor_no_path,2,corridor_grid_astar,True,True,True,True,True,True,True,SUCCEEDED,False,0,0,0.843979,0.14614,156.619665,70.95474999999999,0.0,228.564534,19.38492424049175,0.5,14.968986283848343,0.050000000745058,paths/q09_topology_guided_grid_fallback_measured_3_1787293430471854761.json.gz,266,grid,corridor,"[135, 131, 128, 127, 126]",2.0,2,10997.0,11302.0,722.0,23919.0,252546,0.0947114585065691,14.968986283848343,70.307769,,260.0,30.0,290.0,111.97432072052524,212197376,212197376,186112000,186112000,10.0,,258.987952,258.987952,14.968986283848343,1.0,19.38492424049175,7763.683896,776.3683896,1004.9329236
q09_full_grid_measured_4_1787293430576945634,2026-08-21T06:23:50.572708+00:00,hospital_005,7cc20065986ac1cd55cb5c110554e65593cc657d7e866c40cd931d94fa035084,q09,reverse_heading,full_grid,4,TOPOLOGY_NOT_USED,False,,0,full_grid_astar,True,True,True,True,True,True,True,SUCCEEDED,False,0,0,0.0,0.0,0.0,67.588875,0.0,67.588875,,,14.968986283848343,0.050000000745058,paths/q09_full_grid_measured_4_1787293430576945634.json.gz,266,grid,full_grid,[],,0,10267.0,10584.0,740.0,252546.0,252546,1.0,14.968986283848343,66.970985,,100.0,10.0,110.0,111.02540062329862,212197376,212197376,186112000,186112000,10.0,,99.076427,99.076427,14.968986283848343,1.0,,7763.683896,776.3683896,843.9572646
q09_topology_guided_grid_measured_4_1787293430620655808,2026-08-21T06:23:50.618663+00:00,hospital_005,7cc20065986ac1cd55cb5c110554e65593cc657d7e866c40cd931d94fa035084,q09,reverse_heading,topology_guided_grid,4,CORRIDOR_NO_PATH,False,corridor_no_path,1,none,True,True,False,False,False,False,False,CORRIDOR_NO_PATH,False,0,0,0.866345,0.134466,32.034792,5.809334,0.0,38.844937,19.38492424049175,0.5,,,,0,grid,corridor,"[135, 131, 128, 127, 126]",1.0,1,901.0,901.0,186.0,16722.0,252546,0.0662136798840607,,5.770959,NO_PATH,40.0,10.0,50.0,124.9770011073712,212197376,212197376,186112000,186112000,10.0,,40.007361,40.007361,14.968986283848343,,19.38492424049175,7763.683896,776.3683896,815.2133266
q09_topology_guided_grid_fallback_measured_4_1787293430883524388,2026-08-21T06:23:50.881452+00:00,hospital_005,7cc20065986ac1cd55cb5c110554e65593cc657d7e866c40cd931d94fa035084,q09,reverse_heading,topology_guided_grid_fallback,4,CORRIDOR_EXPANDED,False,corridor_no_path,2,corridor_grid_astar,True,True,True,True,True,True,True,SUCCEEDED,False,0,0,0.849282,0.134976,157.99529900000002,71.006731,0.0,229.98628800000003,19.38492424049175,0.5,14.968986283848343,0.050000000745058,paths/q09_topology_guided_grid_fallback_measured_4_1787293430883524388.json.gz,266,grid,corridor,"[135, 131, 128, 127, 126]",2.0,2,10997.0,11302.0,722.0,23919.0,252546,0.0947114585065691,14.968986283848343,70.392439,,260.0,30.0,290.0,111.17388431611325,212197376,212197376,186112000,186112000,10.0,,260.852629,260.852629,14.968986283848343,1.0,19.38492424049175,7763.683896,776.3683896,1006.3546776
q09_full_grid_measured_5_1787293430992920673,2026-08-21T06:23:50.988891+00:00,hospital_005,7cc20065986ac1cd55cb5c110554e65593cc657d7e866c40cd931d94fa035084,q09,reverse_heading,full_grid,5,TOPOLOGY_NOT_USED,False,,0,full_grid_astar,True,True,True,True,True,True,True,SUCCEEDED,False,0,0,0.0,0.0,0.0,71.474283,0.0,71.474283,,,14.968986283848343,0.050000000745058,paths/q09_full_grid_measured_5_1787293430992920673.json.gz,266,grid,full_grid,[],,0,10267.0,10584.0,740.0,252546.0,252546,1.0,14.968986283848343,70.720766,,100.0,10.0,110.0,106.39601789495904,212197376,212197376,186112000,186112000,10.0,,103.387328,103.387328,14.968986283848343,1.0,,7763.683896,776.3683896,847.8426726
q09_topology_guided_grid_measured_5_1787293431038233950,2026-08-21T06:23:51.035910+00:00,hospital_005,7cc20065986ac1cd55cb5c110554e65593cc657d7e866c40cd931d94fa035084,q09,reverse_heading,topology_guided_grid,5,CORRIDOR_NO_PATH,False,corridor_no_path,1,none,True,True,False,False,False,False,False,CORRIDOR_NO_PATH,False,0,0,0.852822,0.143564,33.001454,5.958852,0.0,39.956692,19.38492424049175,0.5,,,,0,grid,corridor,"[135, 131, 128, 127, 126]",1.0,1,901.0,901.0,186.0,16722.0,252546,0.0662136798840607,,5.91898,NO_PATH,50.0,10.0,60.0,145.60862938864105,212197376,212197376,186112000,186112000,10.0,,41.206349,41.206349,14.968986283848343,,19.38492424049175,7763.683896,776.3683896,816.3250816
q09_topology_guided_grid_fallback_measured_5_1787293431295542404,2026-08-21T06:23:51.292150+00:00,hospital_005,7cc20065986ac1cd55cb5c110554e65593cc657d7e866c40cd931d94fa035084,q09,reverse_heading,topology_guided_grid_fallback,5,CORRIDOR_EXPANDED,False,corridor_no_path,2,corridor_grid_astar,True,True,True,True,True,True,True,SUCCEEDED,False,0,0,0.864425,0.137876,155.092341,68.518643,0.0,224.613285,19.38492424049175,0.5,14.968986283848343,0.050000000745058,paths/q09_topology_guided_grid_fallback_measured_5_1787293431295542404.json.gz,266,grid,corridor,"[135, 131, 128, 127, 126]",2.0,2,10997.0,11302.0,722.0,23919.0,252546,0.0947114585065691,14.968986283848343,67.922051,,250.0,30.0,280.0,110.24001594070631,212197376,212197376,186112000,186112000,10.0,,253.991255,253.991255,14.968986283848343,1.0,19.38492424049175,7763.683896,776.3683896,1000.9816746
