run_id,query_id,repetition,mode,source_stage6_run_id,reference_only,q04_diagnostic,dynamic_obstacles,allow_in_place_rotation,minimum_turning_radius_m,maximum_curvature,action_success,static_footprint_valid,hard_kinematic_valid,turning_radius_preference_satisfied,final_valid_success,failure_code,hybrid_calls,hybrid_success,rotate_in_place_count,static_footprint_collision_count,hard_radius_violation_count,minimum_radius_observed_m,maximum_curvature_observed,reverse_distance_m,direction_switch_count,l3_planning_time_ms,l3_cpu_total_ms,path_file,path_point_count,source,grid_mode,topology_edge_ids,repair_window_count,repair_window_padding_m,repair_length_m,repair_length_ratio,stitch_position_error_m,stitch_yaw_error_deg,l3_rss_peak_bytes,l3_pss_peak_bytes,stage6_online_time_ms,composed_online_time_ms,composed_online_time_is_estimate,heading_jump_count_before,hard_radius_violation_count_before,static_footprint_collision_count_before,trigger_count,hybrid_failure_reason,hybrid_attempts,zero_displacement_yaw_changes,heading_jump_count,heading_jump_max_rad,forward_distance_m,reverse_ratio,position_continuous,endpoint_yaw_valid,failure_codes
q00_grid_raw_measured_1_1787299575787457169,q00,1,grid_raw,q00_topology_guided_grid_fallback_measured_1_1787293372383969219,False,,False,False,0.4,2.5,True,True,False,True,False,HEADING_DISCONTINUITY,0,0,0,0,0,0.4443527525241126,2.250464286132076,0.0,0,0.0,0.0,paths/q00_grid_raw_measured_1_1787299575787457169.json.gz,402,,,,,,,,,,,,,,,,,,,,,,,,,,,,
q00_stage7_with_rotation_measured_1_1787299575843224567,q00,1,stage7_with_rotation,q00_grid_with_rotation_measured_1_1787296939764520922,True,,False,True,0.4,2.5,True,True,False,True,False,IN_PLACE_ROTATION_FORBIDDEN,0,0,1,0,0,0.4443527525241126,2.250464286132076,0.0,0,0.0,0.0,paths/q00_stage7_with_rotation_measured_1_1787299575843224567.json.gz,433,,,,,,,,,,,,,,,,,,,,,,,,,,,,
q00_layered_hard_radius_l3_measured_1_1787299575892514145,q00,1,layered_hard_radius_l3,q00_topology_guided_grid_fallback_measured_1_1787293372383969219,,,False,False,0.4,2.5,True,False,False,False,False,KINEMATIC_REPAIR_FAILED,2,0,0,,,,,,,22.99164,20.0,,,grid,corridor,"[61, 60, 63, 66, 67, 75, 92, 90, 80, 79]",2,,0.0,0.0,,,209866752,173948928,209.5867,,True,2,0,0,3,LOCAL_HYBRID_STATIC_COLLISION,"[{""center_index"": 400, ""window_start_index"": 380, ""window_end_index"": 401, ""window_radius_m"": 1.0, ""action_status"": ""SUCCEEDED"", ""result_code"": ""SUCCEEDED"", ""wall_time_ms"": 270.329515, ""planning_time_ms"": 12.03482, ""cpu_total_ms"": 10.0, ""rss_peak_bytes"": 209072128, ""pss_peak_bytes"": 173154304, ""elapsed_ms"": 275.698538, ""rejection_reason"": ""LOCAL_HYBRID_STATIC_COLLISION"", ""zero_displacement_yaw_changes"": 0, ""static_footprint_collision_count"": 6, ""heading_jump_count"": 0, ""heading_jump_max_rad"": 0.29338352740138074, ""hard_radius_violation_count"": 0, ""minimum_radius_observed_m"": 0.46816267214709495, ""maximum_curvature_observed"": 2.1360096810234452, ""forward_distance_m"": 1.0489849402065907, ""reverse_distance_m"": 0.37377592421462796, ""reverse_ratio"": 0.2627116991769946, ""direction_switch_count"": 1, ""position_continuous"": true, ""endpoint_yaw_valid"": true, ""hard_kinematic_valid"": false, ""turning_radius_preference_satisfied"": true, ""failure_codes"": [""STATIC_FOOTPRINT_COLLISION""]}, {""center_index"": 400, ""window_start_index"": 362, ""window_end_index"": 401, ""window_radius_m"": 2.0, ""action_status"": ""SUCCEEDED"", ""result_code"": ""SUCCEEDED"", ""wall_time_ms"": 16.714471, ""planning_time_ms"": 10.95682, ""cpu_total_ms"": 10.0, ""rss_peak_bytes"": 209866752, ""pss_peak_bytes"": 173948928, ""elapsed_ms"": 22.904942, ""rejection_reason"": ""LOCAL_HYBRID_STATIC_COLLISION"", ""zero_displacement_yaw_changes"": 0, ""static_footprint_collision_count"": 4, ""heading_jump_count"": 0, ""heading_jump_max_rad"": 0.16458680597991782, ""hard_radius_violation_count"": 0, ""minimum_radius_observed_m"": 0.4593208691241815, ""maximum_curvature_observed"": 2.1771272920970657, ""forward_distance_m"": 2.0485211639117527, ""reverse_distance_m"": 0.34596943428492405, ""reverse_ratio"": 0.14448560981842162, ""direction_switch_count"": 1, ""position_continuous"": true, ""endpoint_yaw_valid"": true, ""hard_kinematic_valid"": false, ""turning_radius_preference_satisfied"": true, ""failure_codes"": [""STATIC_FOOTPRINT_COLLISION""]}]",,,,,,,,
q00_full_smac_normalized_measured_1_1787299576293070122,q00,1,full_smac_normalized,q00_smac_hybrid_reeds_shepp_normalized_measured_1_1787291140548965251,True,,False,False,0.4,2.5,True,False,False,True,False,STATIC_FOOTPRINT_COLLISION,0,0,0,1,0,0.4534090792721475,2.205513841066634,0.3549091922609999,1,0.0,0.0,paths/q00_full_smac_normalized_measured_1_1787299576293070122.json.gz,227,,,,,,,,,,,,,,,,,,,,,,,,,,,,
q00_grid_raw_measured_2_1787299576349390008,q00,2,grid_raw,q00_topology_guided_grid_fallback_measured_2_1787293373031053003,False,,False,False,0.4,2.5,True,True,False,True,False,HEADING_DISCONTINUITY,0,0,0,0,0,0.4443527525241126,2.250464286132076,0.0,0,0.0,0.0,paths/q00_grid_raw_measured_2_1787299576349390008.json.gz,402,,,,,,,,,,,,,,,,,,,,,,,,,,,,
q00_stage7_with_rotation_measured_2_1787299576404324393,q00,2,stage7_with_rotation,q00_grid_with_rotation_measured_2_1787296939943814530,True,,False,True,0.4,2.5,True,True,False,True,False,IN_PLACE_ROTATION_FORBIDDEN,0,0,1,0,0,0.4443527525241126,2.250464286132076,0.0,0,0.0,0.0,paths/q00_stage7_with_rotation_measured_2_1787299576404324393.json.gz,433,,,,,,,,,,,,,,,,,,,,,,,,,,,,
q00_layered_hard_radius_l3_measured_2_1787299576458480945,q00,2,layered_hard_radius_l3,q00_topology_guided_grid_fallback_measured_2_1787293373031053003,,,False,False,0.4,2.5,True,False,False,False,False,KINEMATIC_REPAIR_FAILED,2,0,0,,,,,,,19.631774,20.0,,,grid,corridor,"[61, 60, 63, 66, 67, 75, 92, 90, 80, 79]",2,,0.0,0.0,,,210259968,174342144,193.427528,,True,2,0,0,3,LOCAL_HYBRID_STATIC_COLLISION,"[{""center_index"": 400, ""window_start_index"": 380, ""window_end_index"": 401, ""window_radius_m"": 1.0, ""action_status"": ""SUCCEEDED"", ""result_code"": ""SUCCEEDED"", ""wall_time_ms"": 15.05647, ""planning_time_ms"": 9.042422, ""cpu_total_ms"": 10.0, ""rss_peak_bytes"": 210255872, ""pss_peak_bytes"": 174338048, ""elapsed_ms"": 17.641167, ""rejection_reason"": ""LOCAL_HYBRID_STATIC_COLLISION"", ""zero_displacement_yaw_changes"": 0, ""static_footprint_collision_count"": 6, ""heading_jump_count"": 0, ""heading_jump_max_rad"": 0.29338352740138074, ""hard_radius_violation_count"": 0, ""minimum_radius_observed_m"": 0.46816267214709495, ""maximum_curvature_observed"": 2.1360096810234452, ""forward_distance_m"": 1.0489849402065907, ""reverse_distance_m"": 0.37377592421462796, ""reverse_ratio"": 0.2627116991769946, ""direction_switch_count"": 1, ""position_continuous"": true, ""endpoint_yaw_valid"": true, ""hard_kinematic_valid"": false, ""turning_radius_preference_satisfied"": true, ""failure_codes"": [""STATIC_FOOTPRINT_COLLISION""]}, {""center_index"": 400, ""window_start_index"": 362, ""window_end_index"": 401, ""window_radius_m"": 2.0, ""action_status"": ""SUCCEEDED"", ""result_code"": ""SUCCEEDED"", ""wall_time_ms"": 14.840628, ""planning_time_ms"": 10.589352, ""cpu_total_ms"": 10.0, ""rss_peak_bytes"": 210259968, ""pss_peak_bytes"": 174342144, ""elapsed_ms"": 18.683314, ""rejection_reason"": ""LOCAL_HYBRID_STATIC_COLLISION"", ""zero_displacement_yaw_changes"": 0, ""static_footprint_collision_count"": 4, ""heading_jump_count"": 0, ""heading_jump_max_rad"": 0.16458680597991782, ""hard_radius_violation_count"": 0, ""minimum_radius_observed_m"": 0.4593208691241815, ""maximum_curvature_observed"": 2.1771272920970657, ""forward_distance_m"": 2.0485211639117527, ""reverse_distance_m"": 0.34596943428492405, ""reverse_ratio"": 0.14448560981842162, ""direction_switch_count"": 1, ""position_continuous"": true, ""endpoint_yaw_valid"": true, ""hard_kinematic_valid"": false, ""turning_radius_preference_satisfied"": true, ""failure_codes"": [""STATIC_FOOTPRINT_COLLISION""]}]",,,,,,,,
q00_full_smac_normalized_measured_2_1787299576601225295,q00,2,full_smac_normalized,q00_smac_hybrid_reeds_shepp_normalized_measured_2_1787291140636664584,True,,False,False,0.4,2.5,True,False,False,True,False,STATIC_FOOTPRINT_COLLISION,0,0,0,1,0,0.4534090792721475,2.205513841066634,0.3549091922609999,1,0.0,0.0,paths/q00_full_smac_normalized_measured_2_1787299576601225295.json.gz,227,,,,,,,,,,,,,,,,,,,,,,,,,,,,
q00_grid_raw_measured_3_1787299576651485537,q00,3,grid_raw,q00_topology_guided_grid_fallback_measured_3_1787293373676833965,False,,False,False,0.4,2.5,True,True,False,True,False,HEADING_DISCONTINUITY,0,0,0,0,0,0.4443527525241126,2.250464286132076,0.0,0,0.0,0.0,paths/q00_grid_raw_measured_3_1787299576651485537.json.gz,402,,,,,,,,,,,,,,,,,,,,,,,,,,,,
q00_stage7_with_rotation_measured_3_1787299576700141641,q00,3,stage7_with_rotation,q00_grid_with_rotation_measured_3_1787296940113271945,True,,False,True,0.4,2.5,True,True,False,True,False,IN_PLACE_ROTATION_FORBIDDEN,0,0,1,0,0,0.4443527525241126,2.250464286132076,0.0,0,0.0,0.0,paths/q00_stage7_with_rotation_measured_3_1787299576700141641.json.gz,433,,,,,,,,,,,,,,,,,,,,,,,,,,,,
q00_layered_hard_radius_l3_measured_3_1787299576759031990,q00,3,layered_hard_radius_l3,q00_topology_guided_grid_fallback_measured_3_1787293373676833965,,,False,False,0.4,2.5,True,False,False,False,False,KINEMATIC_REPAIR_FAILED,2,0,0,,,,,,,17.286127,20.0,,,grid,corridor,"[61, 60, 63, 66, 67, 75, 92, 90, 80, 79]",2,,0.0,0.0,,,210280448,174362624,190.891975,,True,2,0,0,3,LOCAL_HYBRID_STATIC_COLLISION,"[{""center_index"": 400, ""window_start_index"": 380, ""window_end_index"": 401, ""window_radius_m"": 1.0, ""action_status"": ""SUCCEEDED"", ""result_code"": ""SUCCEEDED"", ""wall_time_ms"": 15.530558, ""planning_time_ms"": 9.411769, ""cpu_total_ms"": 10.0, ""rss_peak_bytes"": 210272256, ""pss_peak_bytes"": 174354432, ""elapsed_ms"": 19.154927, ""rejection_reason"": ""LOCAL_HYBRID_STATIC_COLLISION"", ""zero_displacement_yaw_changes"": 0, ""static_footprint_collision_count"": 6, ""heading_jump_count"": 0, ""heading_jump_max_rad"": 0.29338352740138074, ""hard_radius_violation_count"": 0, ""minimum_radius_observed_m"": 0.46816267214709495, ""maximum_curvature_observed"": 2.1360096810234452, ""forward_distance_m"": 1.0489849402065907, ""reverse_distance_m"": 0.37377592421462796, ""reverse_ratio"": 0.2627116991769946, ""direction_switch_count"": 1, ""position_continuous"": true, ""endpoint_yaw_valid"": true, ""hard_kinematic_valid"": false, ""turning_radius_preference_satisfied"": true, ""failure_codes"": [""STATIC_FOOTPRINT_COLLISION""]}, {""center_index"": 400, ""window_start_index"": 362, ""window_end_index"": 401, ""window_radius_m"": 2.0, ""action_status"": ""SUCCEEDED"", ""result_code"": ""SUCCEEDED"", ""wall_time_ms"": 12.740304, ""planning_time_ms"": 7.874358, ""cpu_total_ms"": 10.0, ""rss_peak_bytes"": 210280448, ""pss_peak_bytes"": 174362624, ""elapsed_ms"": 16.032385, ""rejection_reason"": ""LOCAL_HYBRID_STATIC_COLLISION"", ""zero_displacement_yaw_changes"": 0, ""static_footprint_collision_count"": 4, ""heading_jump_count"": 0, ""heading_jump_max_rad"": 0.16458680597991782, ""hard_radius_violation_count"": 0, ""minimum_radius_observed_m"": 0.4593208691241815, ""maximum_curvature_observed"": 2.1771272920970657, ""forward_distance_m"": 2.0485211639117527, ""reverse_distance_m"": 0.34596943428492405, ""reverse_ratio"": 0.14448560981842162, ""direction_switch_count"": 1, ""position_continuous"": true, ""endpoint_yaw_valid"": true, ""hard_kinematic_valid"": false, ""turning_radius_preference_satisfied"": true, ""failure_codes"": [""STATIC_FOOTPRINT_COLLISION""]}]",,,,,,,,
q00_full_smac_normalized_measured_3_1787299576893207729,q00,3,full_smac_normalized,q00_smac_hybrid_reeds_shepp_normalized_measured_3_1787291140723356846,True,,False,False,0.4,2.5,True,False,False,True,False,STATIC_FOOTPRINT_COLLISION,0,0,0,1,0,0.4534090792721475,2.205513841066634,0.3549091922609999,1,0.0,0.0,paths/q00_full_smac_normalized_measured_3_1787299576893207729.json.gz,227,,,,,,,,,,,,,,,,,,,,,,,,,,,,
q00_grid_raw_measured_4_1787299576940683787,q00,4,grid_raw,q00_topology_guided_grid_fallback_measured_4_1787293374316545796,False,,False,False,0.4,2.5,True,True,False,True,False,HEADING_DISCONTINUITY,0,0,0,0,0,0.4443527525241126,2.250464286132076,0.0,0,0.0,0.0,paths/q00_grid_raw_measured_4_1787299576940683787.json.gz,402,,,,,,,,,,,,,,,,,,,,,,,,,,,,
q00_stage7_with_rotation_measured_4_1787299576987261909,q00,4,stage7_with_rotation,q00_grid_with_rotation_measured_4_1787296940281943763,True,,False,True,0.4,2.5,True,True,False,True,False,IN_PLACE_ROTATION_FORBIDDEN,0,0,1,0,0,0.4443527525241126,2.250464286132076,0.0,0,0.0,0.0,paths/q00_stage7_with_rotation_measured_4_1787299576987261909.json.gz,433,,,,,,,,,,,,,,,,,,,,,,,,,,,,
q00_layered_hard_radius_l3_measured_4_1787299577034630172,q00,4,layered_hard_radius_l3,q00_topology_guided_grid_fallback_measured_4_1787293374316545796,,,False,False,0.4,2.5,True,False,False,False,False,KINEMATIC_REPAIR_FAILED,2,0,0,,,,,,,17.773044,20.0,,,grid,corridor,"[61, 60, 63, 66, 67, 75, 92, 90, 80, 79]",2,,0.0,0.0,,,210292736,174374912,197.862037,,True,2,0,0,3,LOCAL_HYBRID_STATIC_COLLISION,"[{""center_index"": 400, ""window_start_index"": 380, ""window_end_index"": 401, ""window_radius_m"": 1.0, ""action_status"": ""SUCCEEDED"", ""result_code"": ""SUCCEEDED"", ""wall_time_ms"": 15.127985, ""planning_time_ms"": 9.136604, ""cpu_total_ms"": 10.0, ""rss_peak_bytes"": 210284544, ""pss_peak_bytes"": 174366720, ""elapsed_ms"": 18.258044, ""rejection_reason"": ""LOCAL_HYBRID_STATIC_COLLISION"", ""zero_displacement_yaw_changes"": 0, ""static_footprint_collision_count"": 6, ""heading_jump_count"": 0, ""heading_jump_max_rad"": 0.29338352740138074, ""hard_radius_violation_count"": 0, ""minimum_radius_observed_m"": 0.46816267214709495, ""maximum_curvature_observed"": 2.1360096810234452, ""forward_distance_m"": 1.0489849402065907, ""reverse_distance_m"": 0.37377592421462796, ""reverse_ratio"": 0.2627116991769946, ""direction_switch_count"": 1, ""position_continuous"": true, ""endpoint_yaw_valid"": true, ""hard_kinematic_valid"": false, ""turning_radius_preference_satisfied"": true, ""failure_codes"": [""STATIC_FOOTPRINT_COLLISION""]}, {""center_index"": 400, ""window_start_index"": 362, ""window_end_index"": 401, ""window_radius_m"": 2.0, ""action_status"": ""SUCCEEDED"", ""result_code"": ""SUCCEEDED"", ""wall_time_ms"": 12.802537, ""planning_time_ms"": 8.63644, ""cpu_total_ms"": 10.0, ""rss_peak_bytes"": 210292736, ""pss_peak_bytes"": 174374912, ""elapsed_ms"": 15.498067, ""rejection_reason"": ""LOCAL_HYBRID_STATIC_COLLISION"", ""zero_displacement_yaw_changes"": 0, ""static_footprint_collision_count"": 4, ""heading_jump_count"": 0, ""heading_jump_max_rad"": 0.16458680597991782, ""hard_radius_violation_count"": 0, ""minimum_radius_observed_m"": 0.4593208691241815, ""maximum_curvature_observed"": 2.1771272920970657, ""forward_distance_m"": 2.0485211639117527, ""reverse_distance_m"": 0.34596943428492405, ""reverse_ratio"": 0.14448560981842162, ""direction_switch_count"": 1, ""position_continuous"": true, ""endpoint_yaw_valid"": true, ""hard_kinematic_valid"": false, ""turning_radius_preference_satisfied"": true, ""failure_codes"": [""STATIC_FOOTPRINT_COLLISION""]}]",,,,,,,,
q00_full_smac_normalized_measured_4_1787299577167619206,q00,4,full_smac_normalized,q00_smac_hybrid_reeds_shepp_normalized_measured_4_1787291140811502251,True,,False,False,0.4,2.5,True,False,False,True,False,STATIC_FOOTPRINT_COLLISION,0,0,0,1,0,0.4534090792721475,2.205513841066634,0.3549091922609999,1,0.0,0.0,paths/q00_full_smac_normalized_measured_4_1787299577167619206.json.gz,227,,,,,,,,,,,,,,,,,,,,,,,,,,,,
q00_grid_raw_measured_5_1787299577217071493,q00,5,grid_raw,q00_topology_guided_grid_fallback_measured_5_1787293374989672328,False,,False,False,0.4,2.5,True,True,False,True,False,HEADING_DISCONTINUITY,0,0,0,0,0,0.4443527525241126,2.250464286132076,0.0,0,0.0,0.0,paths/q00_grid_raw_measured_5_1787299577217071493.json.gz,402,,,,,,,,,,,,,,,,,,,,,,,,,,,,
q00_stage7_with_rotation_measured_5_1787299577265841000,q00,5,stage7_with_rotation,q00_grid_with_rotation_measured_5_1787296940462219749,True,,False,True,0.4,2.5,True,True,False,True,False,IN_PLACE_ROTATION_FORBIDDEN,0,0,1,0,0,0.4443527525241126,2.250464286132076,0.0,0,0.0,0.0,paths/q00_stage7_with_rotation_measured_5_1787299577265841000.json.gz,433,,,,,,,,,,,,,,,,,,,,,,,,,,,,
q00_layered_hard_radius_l3_measured_5_1787299577315145065,q00,5,layered_hard_radius_l3,q00_topology_guided_grid_fallback_measured_5_1787293374989672328,,,False,False,0.4,2.5,True,False,False,False,False,KINEMATIC_REPAIR_FAILED,2,0,0,,,,,,,15.020138,10.0,,,grid,corridor,"[61, 60, 63, 66, 67, 75, 92, 90, 80, 79]",2,,0.0,0.0,,,210305024,174387200,206.822428,,True,2,0,0,3,LOCAL_HYBRID_STATIC_COLLISION,"[{""center_index"": 400, ""window_start_index"": 380, ""window_end_index"": 401, ""window_radius_m"": 1.0, ""action_status"": ""SUCCEEDED"", ""result_code"": ""SUCCEEDED"", ""wall_time_ms"": 13.821011, ""planning_time_ms"": 7.624742, ""cpu_total_ms"": 10.0, ""rss_peak_bytes"": 210296832, ""pss_peak_bytes"": 174379008, ""elapsed_ms"": 17.543758, ""rejection_reason"": ""LOCAL_HYBRID_STATIC_COLLISION"", ""zero_displacement_yaw_changes"": 0, ""static_footprint_collision_count"": 6, ""heading_jump_count"": 0, ""heading_jump_max_rad"": 0.29338352740138074, ""hard_radius_violation_count"": 0, ""minimum_radius_observed_m"": 0.46816267214709495, ""maximum_curvature_observed"": 2.1360096810234452, ""forward_distance_m"": 1.0489849402065907, ""reverse_distance_m"": 0.37377592421462796, ""reverse_ratio"": 0.2627116991769946, ""direction_switch_count"": 1, ""position_continuous"": true, ""endpoint_yaw_valid"": true, ""hard_kinematic_valid"": false, ""turning_radius_preference_satisfied"": true, ""failure_codes"": [""STATIC_FOOTPRINT_COLLISION""]}, {""center_index"": 400, ""window_start_index"": 362, ""window_end_index"": 401, ""window_radius_m"": 2.0, ""action_status"": ""SUCCEEDED"", ""result_code"": ""SUCCEEDED"", ""wall_time_ms"": 11.783535, ""planning_time_ms"": 7.395396, ""cpu_total_ms"": 0.0, ""rss_peak_bytes"": 210305024, ""pss_peak_bytes"": 174387200, ""elapsed_ms"": 15.148533, ""rejection_reason"": ""LOCAL_HYBRID_STATIC_COLLISION"", ""zero_displacement_yaw_changes"": 0, ""static_footprint_collision_count"": 4, ""heading_jump_count"": 0, ""heading_jump_max_rad"": 0.16458680597991782, ""hard_radius_violation_count"": 0, ""minimum_radius_observed_m"": 0.4593208691241815, ""maximum_curvature_observed"": 2.1771272920970657, ""forward_distance_m"": 2.0485211639117527, ""reverse_distance_m"": 0.34596943428492405, ""reverse_ratio"": 0.14448560981842162, ""direction_switch_count"": 1, ""position_continuous"": true, ""endpoint_yaw_valid"": true, ""hard_kinematic_valid"": false, ""turning_radius_preference_satisfied"": true, ""failure_codes"": [""STATIC_FOOTPRINT_COLLISION""]}]",,,,,,,,
q00_full_smac_normalized_measured_5_1787299577450107117,q00,5,full_smac_normalized,q00_smac_hybrid_reeds_shepp_normalized_measured_5_1787291140896589827,True,,False,False,0.4,2.5,True,False,False,True,False,STATIC_FOOTPRINT_COLLISION,0,0,0,1,0,0.4534090792721475,2.205513841066634,0.3549091922609999,1,0.0,0.0,paths/q00_full_smac_normalized_measured_5_1787299577450107117.json.gz,227,,,,,,,,,,,,,,,,,,,,,,,,,,,,
q01_grid_raw_measured_1_1787299577498238508,q01,1,grid_raw,q01_topology_guided_grid_fallback_measured_1_1787293376161593313,False,,False,False,0.4,2.5,True,True,False,True,False,HEADING_DISCONTINUITY,0,0,0,0,0,0.43970829235953024,2.2742350266670517,0.013455967290589635,1,0.0,0.0,paths/q01_grid_raw_measured_1_1787299577498238508.json.gz,650,,,,,,,,,,,,,,,,,,,,,,,,,,,,
q01_stage7_with_rotation_measured_1_1787299577580303823,q01,1,stage7_with_rotation,q01_grid_with_rotation_measured_1_1787296940686409572,True,,False,True,0.4,2.5,True,True,False,True,False,IN_PLACE_ROTATION_FORBIDDEN,0,0,2,0,0,0.43970829235953024,2.2742350266670517,0.0,0,0.0,0.0,paths/q01_stage7_with_rotation_measured_1_1787299577580303823.json.gz,708,,,,,,,,,,,,,,,,,,,,,,,,,,,,
q01_layered_hard_radius_l3_measured_1_1787299577663870223,q01,1,layered_hard_radius_l3,q01_topology_guided_grid_fallback_measured_1_1787293376161593313,,,False,False,0.4,2.5,True,True,True,True,True,,2,2,0,0,0,0.4396677261004579,2.27444486059801,0.7146091227897947,2,20.663809999999998,20.0,paths/q01_layered_hard_radius_l3_measured_1_1787299577663870223.json.gz,652,grid,corridor,"[116, 120, 123, 107, 105, 95, 90, 80, 72, 71, 70]",2,1.0,2.827428458571238,0.07597865839325559,7.945136846651241e-07,0.43494183345987014,210423808,174502912,311.248331,331.912141,True,4,0,0,3,,"[{""center_index"": 648, ""window_start_index"": 630, ""window_end_index"": 649, ""window_radius_m"": 1.0, ""action_status"": ""SUCCEEDED"", ""result_code"": ""SUCCEEDED"", ""wall_time_ms"": 16.373612, ""planning_time_ms"": 10.143005, ""cpu_total_ms"": 10.0, ""rss_peak_bytes"": 210366464, ""pss_peak_bytes"": 174445568, ""elapsed_ms"": 20.047168, ""rejection_reason"": """"}, {""center_index"": 0, ""window_start_index"": 0, ""window_end_index"": 19, ""window_radius_m"": 1.0, ""action_status"": ""SUCCEEDED"", ""result_code"": ""SUCCEEDED"", ""wall_time_ms"": 15.580924, ""planning_time_ms"": 10.520805, ""cpu_total_ms"": 10.0, ""rss_peak_bytes"": 210423808, ""pss_peak_bytes"": 174502912, ""elapsed_ms"": 19.342489, ""rejection_reason"": """"}]",0,0,0.4633371367994119,36.66718518133916,0.019116501390380385,True,True,[]
q01_full_smac_normalized_measured_1_1787299577960107271,q01,1,full_smac_normalized,q01_smac_hybrid_reeds_shepp_normalized_measured_1_1787291150514030440,True,,False,False,0.4,2.5,True,False,False,True,False,STATIC_FOOTPRINT_COLLISION,0,0,0,1,0,0.4148293943368207,2.4106295591677624,1.4720865646202754,2,0.0,0.0,paths/q01_full_smac_normalized_measured_1_1787299577960107271.json.gz,354,,,,,,,,,,,,,,,,,,,,,,,,,,,,
q01_grid_raw_measured_2_1787299578049499361,q01,2,grid_raw,q01_topology_guided_grid_fallback_measured_2_1787293377214033141,False,,False,False,0.4,2.5,True,True,False,True,False,HEADING_DISCONTINUITY,0,0,0,0,0,0.43970829235953024,2.2742350266670517,0.013455967290589635,1,0.0,0.0,paths/q01_grid_raw_measured_2_1787299578049499361.json.gz,650,,,,,,,,,,,,,,,,,,,,,,,,,,,,
q01_stage7_with_rotation_measured_2_1787299578139872692,q01,2,stage7_with_rotation,q01_grid_with_rotation_measured_2_1787296940987994454,True,,False,True,0.4,2.5,True,True,False,True,False,IN_PLACE_ROTATION_FORBIDDEN,0,0,2,0,0,0.43970829235953024,2.2742350266670517,0.0,0,0.0,0.0,paths/q01_stage7_with_rotation_measured_2_1787299578139872692.json.gz,708,,,,,,,,,,,,,,,,,,,,,,,,,,,,
q01_layered_hard_radius_l3_measured_2_1787299578231798812,q01,2,layered_hard_radius_l3,q01_topology_guided_grid_fallback_measured_2_1787293377214033141,,,False,False,0.4,2.5,True,True,True,True,True,,2,2,0,0,0,0.4396677261004579,2.27444486059801,0.7146091227897947,2,20.003296,20.0,paths/q01_layered_hard_radius_l3_measured_2_1787299578231798812.json.gz,652,grid,corridor,"[116, 120, 123, 107, 105, 95, 90, 80, 72, 71, 70]",2,1.0,2.827428458571238,0.07597865839325559,7.945136846651241e-07,0.43494183345987014,210427904,174513152,322.162237,342.165533,True,4,0,0,3,,"[{""center_index"": 648, ""window_start_index"": 630, ""window_end_index"": 649, ""window_radius_m"": 1.0, ""action_status"": ""SUCCEEDED"", ""result_code"": ""SUCCEEDED"", ""wall_time_ms"": 18.50842, ""planning_time_ms"": 11.663076, ""cpu_total_ms"": 10.0, ""rss_peak_bytes"": 210427904, ""pss_peak_bytes"": 174513152, ""elapsed_ms"": 21.913283, ""rejection_reason"": """"}, {""center_index"": 0, ""window_start_index"": 0, ""window_end_index"": 19, ""window_radius_m"": 1.0, ""action_status"": ""SUCCEEDED"", ""result_code"": ""SUCCEEDED"", ""wall_time_ms"": 13.80278, ""planning_time_ms"": 8.34022, ""cpu_total_ms"": 10.0, ""rss_peak_bytes"": 210427904, ""pss_peak_bytes"": 174513152, ""elapsed_ms"": 16.686017, ""rejection_reason"": """"}]",0,0,0.4633371367994119,36.66718518133916,0.019116501390380385,True,True,[]
q01_full_smac_normalized_measured_2_1787299578544260948,q01,2,full_smac_normalized,q01_smac_hybrid_reeds_shepp_normalized_measured_2_1787291150640052590,True,,False,False,0.4,2.5,True,False,False,True,False,STATIC_FOOTPRINT_COLLISION,0,0,0,1,0,0.4148293943368207,2.4106295591677624,1.4720865646202754,2,0.0,0.0,paths/q01_full_smac_normalized_measured_2_1787299578544260948.json.gz,354,,,,,,,,,,,,,,,,,,,,,,,,,,,,
q01_grid_raw_measured_3_1787299578631006096,q01,3,grid_raw,q01_topology_guided_grid_fallback_measured_3_1787293378315560943,False,,False,False,0.4,2.5,True,True,False,True,False,HEADING_DISCONTINUITY,0,0,0,0,0,0.43970829235953024,2.2742350266670517,0.013455967290589635,1,0.0,0.0,paths/q01_grid_raw_measured_3_1787299578631006096.json.gz,650,,,,,,,,,,,,,,,,,,,,,,,,,,,,
q01_stage7_with_rotation_measured_3_1787299578716855817,q01,3,stage7_with_rotation,q01_grid_with_rotation_measured_3_1787296941286627546,True,,False,True,0.4,2.5,True,True,False,True,False,IN_PLACE_ROTATION_FORBIDDEN,0,0,2,0,0,0.43970829235953024,2.2742350266670517,0.0,0,0.0,0.0,paths/q01_stage7_with_rotation_measured_3_1787299578716855817.json.gz,708,,,,,,,,,,,,,,,,,,,,,,,,,,,,
q01_layered_hard_radius_l3_measured_3_1787299578806551092,q01,3,layered_hard_radius_l3,q01_topology_guided_grid_fallback_measured_3_1787293378315560943,,,False,False,0.4,2.5,True,True,True,True,True,,2,2,0,0,0,0.4396677261004579,2.27444486059801,0.7146091227897947,2,19.468027999999997,20.0,paths/q01_layered_hard_radius_l3_measured_3_1787299578806551092.json.gz,652,grid,corridor,"[116, 120, 123, 107, 105, 95, 90, 80, 72, 71, 70]",2,1.0,2.827428458571238,0.07597865839325559,7.945136846651241e-07,0.43494183345987014,210436096,174521344,318.059479,337.527507,True,4,0,0,3,,"[{""center_index"": 648, ""window_start_index"": 630, ""window_end_index"": 649, ""window_radius_m"": 1.0, ""action_status"": ""SUCCEEDED"", ""result_code"": ""SUCCEEDED"", ""wall_time_ms"": 17.081794, ""planning_time_ms"": 11.445666, ""cpu_total_ms"": 20.0, ""rss_peak_bytes"": 210436096, ""pss_peak_bytes"": 174521344, ""elapsed_ms"": 21.147487, ""rejection_reason"": """"}, {""center_index"": 0, ""window_start_index"": 0, ""window_end_index"": 19, ""window_radius_m"": 1.0, ""action_status"": ""SUCCEEDED"", ""result_code"": ""SUCCEEDED"", ""wall_time_ms"": 12.550432, ""planning_time_ms"": 8.022362, ""cpu_total_ms"": 0.0, ""rss_peak_bytes"": 210436096, ""pss_peak_bytes"": 174521344, ""elapsed_ms"": 16.604677, ""rejection_reason"": """"}]",0,0,0.4633371367994119,36.66718518133916,0.019116501390380385,True,True,[]
q01_full_smac_normalized_measured_3_1787299579106365150,q01,3,full_smac_normalized,q01_smac_hybrid_reeds_shepp_normalized_measured_3_1787291150769719046,True,,False,False,0.4,2.5,True,False,False,True,False,STATIC_FOOTPRINT_COLLISION,0,0,0,1,0,0.4148293943368207,2.4106295591677624,1.4720865646202754,2,0.0,0.0,paths/q01_full_smac_normalized_measured_3_1787299579106365150.json.gz,354,,,,,,,,,,,,,,,,,,,,,,,,,,,,
q01_grid_raw_measured_4_1787299579193617976,q01,4,grid_raw,q01_topology_guided_grid_fallback_measured_4_1787293379422973728,False,,False,False,0.4,2.5,True,True,False,True,False,HEADING_DISCONTINUITY,0,0,0,0,0,0.43970829235953024,2.2742350266670517,0.013455967290589635,1,0.0,0.0,paths/q01_grid_raw_measured_4_1787299579193617976.json.gz,650,,,,,,,,,,,,,,,,,,,,,,,,,,,,
q01_stage7_with_rotation_measured_4_1787299579279444942,q01,4,stage7_with_rotation,q01_grid_with_rotation_measured_4_1787296941594608614,True,,False,True,0.4,2.5,True,True,False,True,False,IN_PLACE_ROTATION_FORBIDDEN,0,0,2,0,0,0.43970829235953024,2.2742350266670517,0.0,0,0.0,0.0,paths/q01_stage7_with_rotation_measured_4_1787299579279444942.json.gz,708,,,,,,,,,,,,,,,,,,,,,,,,,,,,
q01_layered_hard_radius_l3_measured_4_1787299579365532804,q01,4,layered_hard_radius_l3,q01_topology_guided_grid_fallback_measured_4_1787293379422973728,,,False,False,0.4,2.5,True,True,True,True,True,,2,2,0,0,0,0.4396677261004579,2.27444486059801,0.7146091227897947,2,19.352992,20.0,paths/q01_layered_hard_radius_l3_measured_4_1787299579365532804.json.gz,652,grid,corridor,"[116, 120, 123, 107, 105, 95, 90, 80, 72, 71, 70]",2,1.0,2.827428458571238,0.07597865839325559,7.945136846651241e-07,0.43494183345987014,210440192,174525440,323.656013,343.009005,True,4,0,0,3,,"[{""center_index"": 648, ""window_start_index"": 630, ""window_end_index"": 649, ""window_radius_m"": 1.0, ""action_status"": ""SUCCEEDED"", ""result_code"": ""SUCCEEDED"", ""wall_time_ms"": 15.324055, ""planning_time_ms"": 9.169983, ""cpu_total_ms"": 10.0, ""rss_peak_bytes"": 210436096, ""pss_peak_bytes"": 174521344, ""elapsed_ms"": 19.130817, ""rejection_reason"": """"}, {""center_index"": 0, ""window_start_index"": 0, ""window_end_index"": 19, ""window_radius_m"": 1.0, ""action_status"": ""SUCCEEDED"", ""result_code"": ""SUCCEEDED"", ""wall_time_ms"": 14.058151, ""planning_time_ms"": 10.183009, ""cpu_total_ms"": 10.0, ""rss_peak_bytes"": 210440192, ""pss_peak_bytes"": 174525440, ""elapsed_ms"": 17.54328, ""rejection_reason"": """"}]",0,0,0.4633371367994119,36.66718518133916,0.019116501390380385,True,True,[]
q01_full_smac_normalized_measured_4_1787299579650131740,q01,4,full_smac_normalized,q01_smac_hybrid_reeds_shepp_normalized_measured_4_1787291150893776377,True,,False,False,0.4,2.5,True,False,False,True,False,STATIC_FOOTPRINT_COLLISION,0,0,0,1,0,0.4148293943368207,2.4106295591677624,1.4720865646202754,2,0.0,0.0,paths/q01_full_smac_normalized_measured_4_1787299579650131740.json.gz,354,,,,,,,,,,,,,,,,,,,,,,,,,,,,
q01_grid_raw_measured_5_1787299579732596859,q01,5,grid_raw,q01_topology_guided_grid_fallback_measured_5_1787293380514923671,False,,False,False,0.4,2.5,True,True,False,True,False,HEADING_DISCONTINUITY,0,0,0,0,0,0.43970829235953024,2.2742350266670517,0.013455967290589635,1,0.0,0.0,paths/q01_grid_raw_measured_5_1787299579732596859.json.gz,650,,,,,,,,,,,,,,,,,,,,,,,,,,,,
q01_stage7_with_rotation_measured_5_1787299579818275157,q01,5,stage7_with_rotation,q01_grid_with_rotation_measured_5_1787296941881191680,True,,False,True,0.4,2.5,True,True,False,True,False,IN_PLACE_ROTATION_FORBIDDEN,0,0,2,0,0,0.43970829235953024,2.2742350266670517,0.0,0,0.0,0.0,paths/q01_stage7_with_rotation_measured_5_1787299579818275157.json.gz,708,,,,,,,,,,,,,,,,,,,,,,,,,,,,
q01_layered_hard_radius_l3_measured_5_1787299579905490936,q01,5,layered_hard_radius_l3,q01_topology_guided_grid_fallback_measured_5_1787293380514923671,,,False,False,0.4,2.5,True,True,True,True,True,,2,2,0,0,0,0.4396677261004579,2.27444486059801,0.7146091227897947,2,19.496571,20.0,paths/q01_layered_hard_radius_l3_measured_5_1787299579905490936.json.gz,652,grid,corridor,"[116, 120, 123, 107, 105, 95, 90, 80, 72, 71, 70]",2,1.0,2.827428458571238,0.07597865839325559,7.945136846651241e-07,0.43494183345987014,210444288,174529536,322.302171,341.798742,True,4,0,0,3,,"[{""center_index"": 648, ""window_start_index"": 630, ""window_end_index"": 649, ""window_radius_m"": 1.0, ""action_status"": ""SUCCEEDED"", ""result_code"": ""SUCCEEDED"", ""wall_time_ms"": 13.879005, ""planning_time_ms"": 7.864947, ""cpu_total_ms"": 10.0, ""rss_peak_bytes"": 210444288, ""pss_peak_bytes"": 174529536, ""elapsed_ms"": 16.385703, ""rejection_reason"": """"}, {""center_index"": 0, ""window_start_index"": 0, ""window_end_index"": 19, ""window_radius_m"": 1.0, ""action_status"": ""SUCCEEDED"", ""result_code"": ""SUCCEEDED"", ""wall_time_ms"": 15.958381, ""planning_time_ms"": 11.631624, ""cpu_total_ms"": 10.0, ""rss_peak_bytes"": 210444288, ""pss_peak_bytes"": 174529536, ""elapsed_ms"": 19.9467, ""rejection_reason"": """"}]",0,0,0.4633371367994119,36.66718518133916,0.019116501390380385,True,True,[]
q01_full_smac_normalized_measured_5_1787299580202499278,q01,5,full_smac_normalized,q01_smac_hybrid_reeds_shepp_normalized_measured_5_1787291151027245509,True,,False,False,0.4,2.5,True,False,False,True,False,STATIC_FOOTPRINT_COLLISION,0,0,0,1,0,0.4148293943368207,2.4106295591677624,1.4720865646202754,2,0.0,0.0,paths/q01_full_smac_normalized_measured_5_1787299580202499278.json.gz,354,,,,,,,,,,,,,,,,,,,,,,,,,,,,
q02_grid_raw_measured_1_1787299580287564634,q02,1,grid_raw,q02_topology_guided_grid_fallback_measured_1_1787293381471294297,False,,False,False,0.4,2.5,True,True,False,True,False,HEADING_DISCONTINUITY,0,0,0,0,0,0.4411013933588943,2.267052462440008,0.0,0,0.0,0.0,paths/q02_grid_raw_measured_1_1787299580287564634.json.gz,573,,,,,,,,,,,,,,,,,,,,,,,,,,,,
q02_stage7_with_rotation_measured_1_1787299580354000771,q02,1,stage7_with_rotation,q02_grid_with_rotation_measured_1_1787296942140781328,True,,False,True,0.4,2.5,True,True,False,True,False,IN_PLACE_ROTATION_FORBIDDEN,0,0,1,0,0,0.4411013933588943,2.267052462440008,0.0,0,0.0,0.0,paths/q02_stage7_with_rotation_measured_1_1787299580354000771.json.gz,590,,,,,,,,,,,,,,,,,,,,,,,,,,,,
q02_layered_hard_radius_l3_measured_1_1787299580422048708,q02,1,layered_hard_radius_l3,q02_topology_guided_grid_fallback_measured_1_1787293381471294297,,,False,False,0.4,2.5,True,True,True,True,True,,2,2,0,0,0,0.43997234743458163,2.2728701152035184,0.05464346680349794,1,18.726661999999997,20.0,paths/q02_layered_hard_radius_l3_measured_1_1787299580422048708.json.gz,566,grid,corridor,"[91, 84, 86, 94, 96, 107, 123, 120, 116]",2,1.0,2.279362466346923,0.07391707060864253,7.938846228501907e-07,0.4349504848835041,210554880,174640128,232.803589,251.530251,True,2,0,0,3,,"[{""center_index"": 571, ""window_start_index"": 553, ""window_end_index"": 572, ""window_radius_m"": 1.0, ""action_status"": ""SUCCEEDED"", ""result_code"": ""SUCCEEDED"", ""wall_time_ms"": 15.500008, ""planning_time_ms"": 8.707509, ""cpu_total_ms"": 10.0, ""rss_peak_bytes"": 210509824, ""pss_peak_bytes"": 174595072, ""elapsed_ms"": 19.947773, ""rejection_reason"": """"}, {""center_index"": 0, ""window_start_index"": 0, ""window_end_index"": 20, ""window_radius_m"": 1.0, ""action_status"": ""SUCCEEDED"", ""result_code"": ""SUCCEEDED"", ""wall_time_ms"": 15.239987, ""planning_time_ms"": 10.019153, ""cpu_total_ms"": 10.0, ""rss_peak_bytes"": 210554880, ""pss_peak_bytes"": 174640128, ""elapsed_ms"": 18.596552, ""rejection_reason"": """"}]",0,0,0.45449557834649834,30.79746530945795,0.001771142037640626,True,True,[]
q02_full_smac_normalized_measured_1_1787299580673531290,q02,1,full_smac_normalized,q02_smac_hybrid_reeds_shepp_normalized_measured_1_1787291161372995746,True,,False,False,0.4,2.5,True,True,True,True,True,,0,0,0,0,0,0.6230379976472403,1.6050385430363316,0.0,0,0.0,0.0,paths/q02_full_smac_normalized_measured_1_1787299580673531290.json.gz,295,,,,,,,,,,,,,,,,,,,,,,,,,,,,
q02_grid_raw_measured_2_1787299580742860982,q02,2,grid_raw,q02_topology_guided_grid_fallback_measured_2_1787293382525544899,False,,False,False,0.4,2.5,True,True,False,True,False,HEADING_DISCONTINUITY,0,0,0,0,0,0.4411013933588943,2.267052462440008,0.0,0,0.0,0.0,paths/q02_grid_raw_measured_2_1787299580742860982.json.gz,573,,,,,,,,,,,,,,,,,,,,,,,,,,,,
q02_stage7_with_rotation_measured_2_1787299580814848603,q02,2,stage7_with_rotation,q02_grid_with_rotation_measured_2_1787296942347514467,True,,False,True,0.4,2.5,True,True,False,True,False,IN_PLACE_ROTATION_FORBIDDEN,0,0,1,0,0,0.4411013933588943,2.267052462440008,0.0,0,0.0,0.0,paths/q02_stage7_with_rotation_measured_2_1787299580814848603.json.gz,590,,,,,,,,,,,,,,,,,,,,,,,,,,,,
q02_layered_hard_radius_l3_measured_2_1787299580884377419,q02,2,layered_hard_radius_l3,q02_topology_guided_grid_fallback_measured_2_1787293382525544899,,,False,False,0.4,2.5,True,True,True,True,True,,2,2,0,0,0,0.43997234743458163,2.2728701152035184,0.05464346680349794,1,16.615799,20.0,paths/q02_layered_hard_radius_l3_measured_2_1787299580884377419.json.gz,566,grid,corridor,"[91, 84, 86, 94, 96, 107, 123, 120, 116]",2,1.0,2.279362466346923,0.07391707060864253,7.938846228501907e-07,0.4349504848835041,210563072,174645248,252.993928,269.609727,True,2,0,0,3,,"[{""center_index"": 571, ""window_start_index"": 553, ""window_end_index"": 572, ""window_radius_m"": 1.0, ""action_status"": ""SUCCEEDED"", ""result_code"": ""SUCCEEDED"", ""wall_time_ms"": 13.880951, ""planning_time_ms"": 7.87253, ""cpu_total_ms"": 10.0, ""rss_peak_bytes"": 210554880, ""pss_peak_bytes"": 174637056, ""elapsed_ms"": 17.444673, ""rejection_reason"": """"}, {""center_index"": 0, ""window_start_index"": 0, ""window_end_index"": 20, ""window_radius_m"": 1.0, ""action_status"": ""SUCCEEDED"", ""result_code"": ""SUCCEEDED"", ""wall_time_ms"": 13.942939, ""planning_time_ms"": 8.743269, ""cpu_total_ms"": 10.0, ""rss_peak_bytes"": 210563072, ""pss_peak_bytes"": 174645248, ""elapsed_ms"": 17.693594, ""rejection_reason"": """"}]",0,0,0.45449557834649834,30.79746530945795,0.001771142037640626,True,True,[]
q02_full_smac_normalized_measured_2_1787299581119925341,q02,2,full_smac_normalized,q02_smac_hybrid_reeds_shepp_normalized_measured_2_1787291161481911308,True,,False,False,0.4,2.5,True,True,True,True,True,,0,0,0,0,0,0.6230379976472403,1.6050385430363316,0.0,0,0.0,0.0,paths/q02_full_smac_normalized_measured_2_1787299581119925341.json.gz,295,,,,,,,,,,,,,,,,,,,,,,,,,,,,
q02_grid_raw_measured_3_1787299581183486081,q02,3,grid_raw,q02_topology_guided_grid_fallback_measured_3_1787293383547175153,False,,False,False,0.4,2.5,True,True,False,True,False,HEADING_DISCONTINUITY,0,0,0,0,0,0.4411013933588943,2.267052462440008,0.0,0,0.0,0.0,paths/q02_grid_raw_measured_3_1787299581183486081.json.gz,573,,,,,,,,,,,,,,,,,,,,,,,,,,,,
q02_stage7_with_rotation_measured_3_1787299581249534258,q02,3,stage7_with_rotation,q02_grid_with_rotation_measured_3_1787296942557345591,True,,False,True,0.4,2.5,True,True,False,True,False,IN_PLACE_ROTATION_FORBIDDEN,0,0,1,0,0,0.4411013933588943,2.267052462440008,0.0,0,0.0,0.0,paths/q02_stage7_with_rotation_measured_3_1787299581249534258.json.gz,590,,,,,,,,,,,,,,,,,,,,,,,,,,,,
q02_layered_hard_radius_l3_measured_3_1787299581315526860,q02,3,layered_hard_radius_l3,q02_topology_guided_grid_fallback_measured_3_1787293383547175153,,,False,False,0.4,2.5,True,True,True,True,True,,2,2,0,0,0,0.43997234743458163,2.2728701152035184,0.05464346680349794,1,17.374905,20.0,paths/q02_layered_hard_radius_l3_measured_3_1787299581315526860.json.gz,566,grid,corridor,"[91, 84, 86, 94, 96, 107, 123, 120, 116]",2,1.0,2.279362466346923,0.07391707060864253,7.938846228501907e-07,0.4349504848835041,210571264,174653440,231.496231,248.87113599999998,True,2,0,0,3,,"[{""center_index"": 571, ""window_start_index"": 553, ""window_end_index"": 572, ""window_radius_m"": 1.0, ""action_status"": ""SUCCEEDED"", ""result_code"": ""SUCCEEDED"", ""wall_time_ms"": 14.573091, ""planning_time_ms"": 8.430166, ""cpu_total_ms"": 10.0, ""rss_peak_bytes"": 210563072, ""pss_peak_bytes"": 174645248, ""elapsed_ms"": 18.294804, ""rejection_reason"": """"}, {""center_index"": 0, ""window_start_index"": 0, ""window_end_index"": 20, ""window_radius_m"": 1.0, ""action_status"": ""SUCCEEDED"", ""result_code"": ""SUCCEEDED"", ""wall_time_ms"": 13.68624, ""planning_time_ms"": 8.944739, ""cpu_total_ms"": 10.0, ""rss_peak_bytes"": 210571264, ""pss_peak_bytes"": 174653440, ""elapsed_ms"": 17.121374, ""rejection_reason"": """"}]",0,0,0.45449557834649834,30.79746530945795,0.001771142037640626,True,True,[]
q02_full_smac_normalized_measured_3_1787299581549070524,q02,3,full_smac_normalized,q02_smac_hybrid_reeds_shepp_normalized_measured_3_1787291161593377562,True,,False,False,0.4,2.5,True,True,True,True,True,,0,0,0,0,0,0.6230379976472403,1.6050385430363316,0.0,0,0.0,0.0,paths/q02_full_smac_normalized_measured_3_1787299581549070524.json.gz,295,,,,,,,,,,,,,,,,,,,,,,,,,,,,
q02_grid_raw_measured_4_1787299581613304778,q02,4,grid_raw,q02_topology_guided_grid_fallback_measured_4_1787293384516613057,False,,False,False,0.4,2.5,True,True,False,True,False,HEADING_DISCONTINUITY,0,0,0,0,0,0.4411013933588943,2.267052462440008,0.0,0,0.0,0.0,paths/q02_grid_raw_measured_4_1787299581613304778.json.gz,573,,,,,,,,,,,,,,,,,,,,,,,,,,,,
q02_stage7_with_rotation_measured_4_1787299581680060844,q02,4,stage7_with_rotation,q02_grid_with_rotation_measured_4_1787296942778662344,True,,False,True,0.4,2.5,True,True,False,True,False,IN_PLACE_ROTATION_FORBIDDEN,0,0,1,0,0,0.4411013933588943,2.267052462440008,0.0,0,0.0,0.0,paths/q02_stage7_with_rotation_measured_4_1787299581680060844.json.gz,590,,,,,,,,,,,,,,,,,,,,,,,,,,,,
q02_layered_hard_radius_l3_measured_4_1787299581744465915,q02,4,layered_hard_radius_l3,q02_topology_guided_grid_fallback_measured_4_1787293384516613057,,,False,False,0.4,2.5,True,True,True,True,True,,2,2,0,0,0,0.43997234743458163,2.2728701152035184,0.05464346680349794,1,15.72543,20.0,paths/q02_layered_hard_radius_l3_measured_4_1787299581744465915.json.gz,566,grid,corridor,"[91, 84, 86, 94, 96, 107, 123, 120, 116]",2,1.0,2.279362466346923,0.07391707060864253,7.938846228501907e-07,0.4349504848835041,210579456,174661632,236.455449,252.18087899999998,True,2,0,0,3,,"[{""center_index"": 571, ""window_start_index"": 553, ""window_end_index"": 572, ""window_radius_m"": 1.0, ""action_status"": ""SUCCEEDED"", ""result_code"": ""SUCCEEDED"", ""wall_time_ms"": 14.442627, ""planning_time_ms"": 8.108253, ""cpu_total_ms"": 10.0, ""rss_peak_bytes"": 210575360, ""pss_peak_bytes"": 174657536, ""elapsed_ms"": 17.386191, ""rejection_reason"": """"}, {""center_index"": 0, ""window_start_index"": 0, ""window_end_index"": 20, ""window_radius_m"": 1.0, ""action_status"": ""SUCCEEDED"", ""result_code"": ""SUCCEEDED"", ""wall_time_ms"": 11.381566, ""planning_time_ms"": 7.617177, ""cpu_total_ms"": 10.0, ""rss_peak_bytes"": 210579456, ""pss_peak_bytes"": 174661632, ""elapsed_ms"": 14.821499, ""rejection_reason"": """"}]",0,0,0.45449557834649834,30.79746530945795,0.001771142037640626,True,True,[]
q02_full_smac_normalized_measured_4_1787299581966801127,q02,4,full_smac_normalized,q02_smac_hybrid_reeds_shepp_normalized_measured_4_1787291161704271789,True,,False,False,0.4,2.5,True,True,True,True,True,,0,0,0,0,0,0.6230379976472403,1.6050385430363316,0.0,0,0.0,0.0,paths/q02_full_smac_normalized_measured_4_1787299581966801127.json.gz,295,,,,,,,,,,,,,,,,,,,,,,,,,,,,
q02_grid_raw_measured_5_1787299582026833124,q02,5,grid_raw,q02_topology_guided_grid_fallback_measured_5_1787293385486986984,False,,False,False,0.4,2.5,True,True,False,True,False,HEADING_DISCONTINUITY,0,0,0,0,0,0.4411013933588943,2.267052462440008,0.0,0,0.0,0.0,paths/q02_grid_raw_measured_5_1787299582026833124.json.gz,573,,,,,,,,,,,,,,,,,,,,,,,,,,,,
q02_stage7_with_rotation_measured_5_1787299582089285181,q02,5,stage7_with_rotation,q02_grid_with_rotation_measured_5_1787296943001440459,True,,False,True,0.4,2.5,True,True,False,True,False,IN_PLACE_ROTATION_FORBIDDEN,0,0,1,0,0,0.4411013933588943,2.267052462440008,0.0,0,0.0,0.0,paths/q02_stage7_with_rotation_measured_5_1787299582089285181.json.gz,590,,,,,,,,,,,,,,,,,,,,,,,,,,,,
q02_layered_hard_radius_l3_measured_5_1787299582152353444,q02,5,layered_hard_radius_l3,q02_topology_guided_grid_fallback_measured_5_1787293385486986984,,,False,False,0.4,2.5,True,True,True,True,True,,2,2,0,0,0,0.43997234743458163,2.2728701152035184,0.05464346680349794,1,16.214832,30.0,paths/q02_layered_hard_radius_l3_measured_5_1787299582152353444.json.gz,566,grid,corridor,"[91, 84, 86, 94, 96, 107, 123, 120, 116]",2,1.0,2.279362466346923,0.07391707060864253,7.938846228501907e-07,0.4349504848835041,210591744,174673920,227.097593,243.312425,True,2,0,0,3,,"[{""center_index"": 571, ""window_start_index"": 553, ""window_end_index"": 572, ""window_radius_m"": 1.0, ""action_status"": ""SUCCEEDED"", ""result_code"": ""SUCCEEDED"", ""wall_time_ms"": 14.796333, ""planning_time_ms"": 8.863401, ""cpu_total_ms"": 20.0, ""rss_peak_bytes"": 210587648, ""pss_peak_bytes"": 174669824, ""elapsed_ms"": 17.406848, ""rejection_reason"": """"}, {""center_index"": 0, ""window_start_index"": 0, ""window_end_index"": 20, ""window_radius_m"": 1.0, ""action_status"": ""SUCCEEDED"", ""result_code"": ""SUCCEEDED"", ""wall_time_ms"": 11.657029, ""planning_time_ms"": 7.351431, ""cpu_total_ms"": 10.0, ""rss_peak_bytes"": 210591744, ""pss_peak_bytes"": 174673920, ""elapsed_ms"": 14.460276, ""rejection_reason"": """"}]",0,0,0.45449557834649834,30.79746530945795,0.001771142037640626,True,True,[]
q02_full_smac_normalized_measured_5_1787299582376018504,q02,5,full_smac_normalized,q02_smac_hybrid_reeds_shepp_normalized_measured_5_1787291161815193903,True,,False,False,0.4,2.5,True,True,True,True,True,,0,0,0,0,0,0.6230379976472403,1.6050385430363316,0.0,0,0.0,0.0,paths/q02_full_smac_normalized_measured_5_1787299582376018504.json.gz,295,,,,,,,,,,,,,,,,,,,,,,,,,,,,
q03_grid_raw_measured_1_1787299582438222094,q03,1,grid_raw,q03_topology_guided_grid_fallback_measured_1_1787293387603655469,False,,False,False,0.4,2.5,True,True,False,True,False,HEADING_DISCONTINUITY,0,0,0,0,0,0.442632894061476,2.2592085075835167,0.0007142674941963413,1,0.0,0.0,paths/q03_grid_raw_measured_1_1787299582438222094.json.gz,963,,,,,,,,,,,,,,,,,,,,,,,,,,,,
q03_stage7_with_rotation_measured_1_1787299582543584999,q03,1,stage7_with_rotation,q03_grid_with_rotation_measured_1_1787296943279656696,True,,False,True,0.4,2.5,True,True,False,True,False,IN_PLACE_ROTATION_FORBIDDEN,0,0,2,0,0,0.442632894061476,2.2592085075835167,0.0,0,0.0,0.0,paths/q03_stage7_with_rotation_measured_1_1787299582543584999.json.gz,1002,,,,,,,,,,,,,,,,,,,,,,,,,,,,
q03_layered_hard_radius_l3_measured_1_1787299582649843013,q03,1,layered_hard_radius_l3,q03_topology_guided_grid_fallback_measured_1_1787293387603655469,,,False,False,0.4,2.5,True,True,True,True,True,,2,2,0,0,0,0.4430771937420781,2.2569430657316003,0.33046849215682367,2,17.501025,20.0,paths/q03_layered_hard_radius_l3_measured_1_1787299582649843013.json.gz,962,grid,full_grid_fallback,"[142, 137, 129, 126, 107, 96, 87, 83, 82, 74, 69, 58, 55]",2,1.0,2.6782061055080497,0.051305928340061306,9.842418600275972e-07,0.43494786671979385,210718720,174800896,1446.269782,1463.770807,True,3,0,0,3,,"[{""center_index"": 961, ""window_start_index"": 943, ""window_end_index"": 962, ""window_radius_m"": 1.0, ""action_status"": ""SUCCEEDED"", ""result_code"": ""SUCCEEDED"", ""wall_time_ms"": 16.382828, ""planning_time_ms"": 9.67863, ""cpu_total_ms"": 10.0, ""rss_peak_bytes"": 210644992, ""pss_peak_bytes"": 174727168, ""elapsed_ms"": 20.076725, ""rejection_reason"": """"}, {""center_index"": 0, ""window_start_index"": 0, ""window_end_index"": 20, ""window_radius_m"": 1.0, ""action_status"": ""SUCCEEDED"", ""result_code"": ""SUCCEEDED"", ""wall_time_ms"": 13.65318, ""planning_time_ms"": 7.822395, ""cpu_total_ms"": 10.0, ""rss_peak_bytes"": 210718720, ""pss_peak_bytes"": 174800896, ""elapsed_ms"": 17.317417, ""rejection_reason"": """"}]",0,0,0.4548507396081467,52.04493826466313,0.00630961194614097,True,True,[]
q03_full_smac_normalized_measured_1_1787299583015321973,q03,1,full_smac_normalized,q03_smac_hybrid_reeds_shepp_normalized_measured_1_1787291172557309785,True,,False,False,0.4,2.5,True,True,True,True,True,,0,0,0,0,0,0.4200816279613415,2.3804897273251524,0.4631171808519548,2,0.0,0.0,paths/q03_full_smac_normalized_measured_1_1787299583015321973.json.gz,511,,,,,,,,,,,,,,,,,,,,,,,,,,,,
q03_grid_raw_measured_2_1787299583128398411,q03,2,grid_raw,q03_topology_guided_grid_fallback_measured_2_1787293390014546771,False,,False,False,0.4,2.5,True,True,False,True,False,HEADING_DISCONTINUITY,0,0,0,0,0,0.442632894061476,2.2592085075835167,0.0007142674941963413,1,0.0,0.0,paths/q03_grid_raw_measured_2_1787299583128398411.json.gz,963,,,,,,,,,,,,,,,,,,,,,,,,,,,,
q03_stage7_with_rotation_measured_2_1787299583238675516,q03,2,stage7_with_rotation,q03_grid_with_rotation_measured_2_1787296943676667623,True,,False,True,0.4,2.5,True,True,False,True,False,IN_PLACE_ROTATION_FORBIDDEN,0,0,2,0,0,0.442632894061476,2.2592085075835167,0.0,0,0.0,0.0,paths/q03_stage7_with_rotation_measured_2_1787299583238675516.json.gz,1002,,,,,,,,,,,,,,,,,,,,,,,,,,,,
q03_layered_hard_radius_l3_measured_2_1787299583351170481,q03,2,layered_hard_radius_l3,q03_topology_guided_grid_fallback_measured_2_1787293390014546771,,,False,False,0.4,2.5,True,True,True,True,True,,2,2,0,0,0,0.4430771937420781,2.2569430657316003,0.33046849215682367,2,21.808166999999997,20.0,paths/q03_layered_hard_radius_l3_measured_2_1787299583351170481.json.gz,962,grid,full_grid_fallback,"[142, 137, 129, 126, 107, 96, 87, 83, 82, 74, 69, 58, 55]",2,1.0,2.6782061055080497,0.051305928340061306,9.842418600275972e-07,0.43494786671979385,210726912,174809088,1689.939117,1711.7472839999998,True,3,0,0,3,,"[{""center_index"": 961, ""window_start_index"": 943, ""window_end_index"": 962, ""window_radius_m"": 1.0, ""action_status"": ""SUCCEEDED"", ""result_code"": ""SUCCEEDED"", ""wall_time_ms"": 18.737253, ""planning_time_ms"": 11.818591, ""cpu_total_ms"": 10.0, ""rss_peak_bytes"": 210718720, ""pss_peak_bytes"": 174800896, ""elapsed_ms"": 23.171547, ""rejection_reason"": """"}, {""center_index"": 0, ""window_start_index"": 0, ""window_end_index"": 20, ""window_radius_m"": 1.0, ""action_status"": ""SUCCEEDED"", ""result_code"": ""SUCCEEDED"", ""wall_time_ms"": 14.685067, ""planning_time_ms"": 9.989576, ""cpu_total_ms"": 10.0, ""rss_peak_bytes"": 210726912, ""pss_peak_bytes"": 174809088, ""elapsed_ms"": 18.262721, ""rejection_reason"": """"}]",0,0,0.4548507396081467,52.04493826466313,0.00630961194614097,True,True,[]
q03_full_smac_normalized_measured_2_1787299583749707137,q03,2,full_smac_normalized,q03_smac_hybrid_reeds_shepp_normalized_measured_2_1787291172739277615,True,,False,False,0.4,2.5,True,True,True,True,True,,0,0,0,0,0,0.4200816279613415,2.3804897273251524,0.4631171808519548,2,0.0,0.0,paths/q03_full_smac_normalized_measured_2_1787299583749707137.json.gz,511,,,,,,,,,,,,,,,,,,,,,,,,,,,,
q03_grid_raw_measured_3_1787299583865295122,q03,3,grid_raw,q03_topology_guided_grid_fallback_measured_3_1787293392376508743,False,,False,False,0.4,2.5,True,True,False,True,False,HEADING_DISCONTINUITY,0,0,0,0,0,0.442632894061476,2.2592085075835167,0.0007142674941963413,1,0.0,0.0,paths/q03_grid_raw_measured_3_1787299583865295122.json.gz,963,,,,,,,,,,,,,,,,,,,,,,,,,,,,
q03_stage7_with_rotation_measured_3_1787299583980119315,q03,3,stage7_with_rotation,q03_grid_with_rotation_measured_3_1787296944046268477,True,,False,True,0.4,2.5,True,True,False,True,False,IN_PLACE_ROTATION_FORBIDDEN,0,0,2,0,0,0.442632894061476,2.2592085075835167,0.0,0,0.0,0.0,paths/q03_stage7_with_rotation_measured_3_1787299583980119315.json.gz,1002,,,,,,,,,,,,,,,,,,,,,,,,,,,,
q03_layered_hard_radius_l3_measured_3_1787299584095237917,q03,3,layered_hard_radius_l3,q03_topology_guided_grid_fallback_measured_3_1787293392376508743,,,False,False,0.4,2.5,True,True,True,True,True,,2,2,0,0,0,0.4430771937420781,2.2569430657316003,0.33046849215682367,2,17.802332,20.0,paths/q03_layered_hard_radius_l3_measured_3_1787299584095237917.json.gz,962,grid,full_grid_fallback,"[142, 137, 129, 126, 107, 96, 87, 83, 82, 74, 69, 58, 55]",2,1.0,2.6782061055080497,0.051305928340061306,9.842418600275972e-07,0.43494786671979385,210739200,174821376,1486.809595,1504.611927,True,3,0,0,3,,"[{""center_index"": 961, ""window_start_index"": 943, ""window_end_index"": 962, ""window_radius_m"": 1.0, ""action_status"": ""SUCCEEDED"", ""result_code"": ""SUCCEEDED"", ""wall_time_ms"": 17.587344, ""planning_time_ms"": 9.407692, ""cpu_total_ms"": 20.0, ""rss_peak_bytes"": 210726912, ""pss_peak_bytes"": 174809088, ""elapsed_ms"": 22.010092, ""rejection_reason"": """"}, {""center_index"": 0, ""window_start_index"": 0, ""window_end_index"": 20, ""window_radius_m"": 1.0, ""action_status"": ""SUCCEEDED"", ""result_code"": ""SUCCEEDED"", ""wall_time_ms"": 13.429115, ""planning_time_ms"": 8.39464, ""cpu_total_ms"": 0.0, ""rss_peak_bytes"": 210739200, ""pss_peak_bytes"": 174821376, ""elapsed_ms"": 16.155213, ""rejection_reason"": """"}]",0,0,0.4548507396081467,52.04493826466313,0.00630961194614097,True,True,[]
q03_full_smac_normalized_measured_3_1787299584475922928,q03,3,full_smac_normalized,q03_smac_hybrid_reeds_shepp_normalized_measured_3_1787291172926950491,True,,False,False,0.4,2.5,True,True,True,True,True,,0,0,0,0,0,0.4200816279613415,2.3804897273251524,0.4631171808519548,2,0.0,0.0,paths/q03_full_smac_normalized_measured_3_1787299584475922928.json.gz,511,,,,,,,,,,,,,,,,,,,,,,,,,,,,
q03_grid_raw_measured_4_1787299584590593311,q03,4,grid_raw,q03_topology_guided_grid_fallback_measured_4_1787293394517097173,False,,False,False,0.4,2.5,True,True,False,True,False,HEADING_DISCONTINUITY,0,0,0,0,0,0.442632894061476,2.2592085075835167,0.0007142674941963413,1,0.0,0.0,paths/q03_grid_raw_measured_4_1787299584590593311.json.gz,963,,,,,,,,,,,,,,,,,,,,,,,,,,,,
q03_stage7_with_rotation_measured_4_1787299584698337601,q03,4,stage7_with_rotation,q03_grid_with_rotation_measured_4_1787296944405574481,True,,False,True,0.4,2.5,True,True,False,True,False,IN_PLACE_ROTATION_FORBIDDEN,0,0,2,0,0,0.442632894061476,2.2592085075835167,0.0,0,0.0,0.0,paths/q03_stage7_with_rotation_measured_4_1787299584698337601.json.gz,1002,,,,,,,,,,,,,,,,,,,,,,,,,,,,
q03_layered_hard_radius_l3_measured_4_1787299584809407739,q03,4,layered_hard_radius_l3,q03_topology_guided_grid_fallback_measured_4_1787293394517097173,,,False,False,0.4,2.5,True,True,True,True,True,,2,2,0,0,0,0.4430771937420781,2.2569430657316003,0.33046849215682367,2,18.879550000000002,20.0,paths/q03_layered_hard_radius_l3_measured_4_1787299584809407739.json.gz,962,grid,full_grid_fallback,"[142, 137, 129, 126, 107, 96, 87, 83, 82, 74, 69, 58, 55]",2,1.0,2.6782061055080497,0.051305928340061306,9.842418600275972e-07,0.43494786671979385,210747392,174832640,1401.130855,1420.0104050000002,True,3,0,0,3,,"[{""center_index"": 961, ""window_start_index"": 943, ""window_end_index"": 962, ""window_radius_m"": 1.0, ""action_status"": ""SUCCEEDED"", ""result_code"": ""SUCCEEDED"", ""wall_time_ms"": 15.649728, ""planning_time_ms"": 9.173335, ""cpu_total_ms"": 10.0, ""rss_peak_bytes"": 210739200, ""pss_peak_bytes"": 174824448, ""elapsed_ms"": 19.180044, ""rejection_reason"": """"}, {""center_index"": 0, ""window_start_index"": 0, ""window_end_index"": 20, ""window_radius_m"": 1.0, ""action_status"": ""SUCCEEDED"", ""result_code"": ""SUCCEEDED"", ""wall_time_ms"": 14.088224, ""planning_time_ms"": 9.706215, ""cpu_total_ms"": 10.0, ""rss_peak_bytes"": 210747392, ""pss_peak_bytes"": 174832640, ""elapsed_ms"": 17.126507, ""rejection_reason"": """"}]",0,0,0.4548507396081467,52.04493826466313,0.00630961194614097,True,True,[]
q03_full_smac_normalized_measured_4_1787299585171610028,q03,4,full_smac_normalized,q03_smac_hybrid_reeds_shepp_normalized_measured_4_1787291173109811392,True,,False,False,0.4,2.5,True,True,True,True,True,,0,0,0,0,0,0.4200816279613415,2.3804897273251524,0.4631171808519548,2,0.0,0.0,paths/q03_full_smac_normalized_measured_4_1787299585171610028.json.gz,511,,,,,,,,,,,,,,,,,,,,,,,,,,,,
q03_grid_raw_measured_5_1787299585282990801,q03,5,grid_raw,q03_topology_guided_grid_fallback_measured_5_1787293396650429334,False,,False,False,0.4,2.5,True,True,False,True,False,HEADING_DISCONTINUITY,0,0,0,0,0,0.442632894061476,2.2592085075835167,0.0007142674941963413,1,0.0,0.0,paths/q03_grid_raw_measured_5_1787299585282990801.json.gz,963,,,,,,,,,,,,,,,,,,,,,,,,,,,,
q03_stage7_with_rotation_measured_5_1787299585391333014,q03,5,stage7_with_rotation,q03_grid_with_rotation_measured_5_1787296944766090427,True,,False,True,0.4,2.5,True,True,False,True,False,IN_PLACE_ROTATION_FORBIDDEN,0,0,2,0,0,0.442632894061476,2.2592085075835167,0.0,0,0.0,0.0,paths/q03_stage7_with_rotation_measured_5_1787299585391333014.json.gz,1002,,,,,,,,,,,,,,,,,,,,,,,,,,,,
q03_layered_hard_radius_l3_measured_5_1787299585502315832,q03,5,layered_hard_radius_l3,q03_topology_guided_grid_fallback_measured_5_1787293396650429334,,,False,False,0.4,2.5,True,True,True,True,True,,2,2,0,0,0,0.4430771937420781,2.2569430657316003,0.33046849215682367,2,16.018275000000003,20.0,paths/q03_layered_hard_radius_l3_measured_5_1787299585502315832.json.gz,962,grid,full_grid_fallback,"[142, 137, 129, 126, 107, 96, 87, 83, 82, 74, 69, 58, 55]",2,1.0,2.6782061055080497,0.051305928340061306,9.842418600275972e-07,0.43494786671979385,210755584,174840832,1366.771408,1382.789683,True,3,0,0,3,,"[{""center_index"": 961, ""window_start_index"": 943, ""window_end_index"": 962, ""window_radius_m"": 1.0, ""action_status"": ""SUCCEEDED"", ""result_code"": ""SUCCEEDED"", ""wall_time_ms"": 16.234271, ""planning_time_ms"": 8.304059, ""cpu_total_ms"": 10.0, ""rss_peak_bytes"": 210747392, ""pss_peak_bytes"": 174832640, ""elapsed_ms"": 20.78778, ""rejection_reason"": """"}, {""center_index"": 0, ""window_start_index"": 0, ""window_end_index"": 20, ""window_radius_m"": 1.0, ""action_status"": ""SUCCEEDED"", ""result_code"": ""SUCCEEDED"", ""wall_time_ms"": 13.057268, ""planning_time_ms"": 7.714216, ""cpu_total_ms"": 10.0, ""rss_peak_bytes"": 210755584, ""pss_peak_bytes"": 174840832, ""elapsed_ms"": 16.494664, ""rejection_reason"": """"}]",0,0,0.4548507396081467,52.04493826466313,0.00630961194614097,True,True,[]
q03_full_smac_normalized_measured_5_1787299585865382698,q03,5,full_smac_normalized,q03_smac_hybrid_reeds_shepp_normalized_measured_5_1787291173294367667,True,,False,False,0.4,2.5,True,True,True,True,True,,0,0,0,0,0,0.4200816279613415,2.3804897273251524,0.4631171808519548,2,0.0,0.0,paths/q03_full_smac_normalized_measured_5_1787299585865382698.json.gz,511,,,,,,,,,,,,,,,,,,,,,,,,,,,,
q04_grid_raw_measured_1_1787299585975238421,q04,1,grid_raw,q04_topology_guided_grid_fallback_measured_1_1787293399749260286,False,STATIC_SEMANTICS_CONSERVATIVE_INFLATION_MISMATCH,False,False,0.4,2.5,False,False,False,False,False,STATIC_SEMANTICS_CONSERVATIVE_INFLATION_MISMATCH,0,0,0,0,,,,,,0.0,0.0,,,,,,,,,,,,,,,,,,,,,,,,,,,,,,
q04_stage7_with_rotation_measured_1_1787299585975745681,q04,1,stage7_with_rotation,q04_grid_with_rotation_measured_1_1787296945015162971,True,STATIC_SEMANTICS_CONSERVATIVE_INFLATION_MISMATCH,False,True,0.4,2.5,False,False,False,False,False,STATIC_SEMANTICS_CONSERVATIVE_INFLATION_MISMATCH,0,0,0,0,,,,,,0.0,0.0,,,,,,,,,,,,,,,,,,,,,,,,,,,,,,
q04_layered_hard_radius_l3_measured_1_1787299585975767344,q04,1,layered_hard_radius_l3,q04_topology_guided_grid_fallback_measured_1_1787293399749260286,,STATIC_SEMANTICS_CONSERVATIVE_INFLATION_MISMATCH,False,False,0.4,2.5,False,False,False,False,False,STATIC_SEMANTICS_CONSERVATIVE_INFLATION_MISMATCH,0,0,0,,,,,,,0.0,0.0,,,grid,full_grid_fallback,[],0,,0.0,0.0,,,,,1574.20815,,True,,,,,,,,,,,,,,
q04_full_smac_normalized_measured_1_1787299585976761400,q04,1,full_smac_normalized,q04_smac_hybrid_reeds_shepp_normalized_measured_1_1787291183770168815,True,STATIC_SEMANTICS_CONSERVATIVE_INFLATION_MISMATCH,False,False,0.4,2.5,True,True,True,True,False,STATIC_SEMANTICS_CONSERVATIVE_INFLATION_MISMATCH,0,0,0,0,0,0.41372124418489353,2.417086417619629,2.4165365195196595,2,0.0,0.0,paths/q04_full_smac_normalized_measured_1_1787299585976761400.json.gz,320,,,,,,,,,,,,,,,,,,,,,,,,,,,,
q04_grid_raw_measured_2_1787299586042109475,q04,2,grid_raw,q04_topology_guided_grid_fallback_measured_2_1787293402653435945,False,STATIC_SEMANTICS_CONSERVATIVE_INFLATION_MISMATCH,False,False,0.4,2.5,False,False,False,False,False,STATIC_SEMANTICS_CONSERVATIVE_INFLATION_MISMATCH,0,0,0,0,,,,,,0.0,0.0,,,,,,,,,,,,,,,,,,,,,,,,,,,,,,
q04_stage7_with_rotation_measured_2_1787299586042551169,q04,2,stage7_with_rotation,q04_grid_with_rotation_measured_2_1787296945033530353,True,STATIC_SEMANTICS_CONSERVATIVE_INFLATION_MISMATCH,False,True,0.4,2.5,False,False,False,False,False,STATIC_SEMANTICS_CONSERVATIVE_INFLATION_MISMATCH,0,0,0,0,,,,,,0.0,0.0,,,,,,,,,,,,,,,,,,,,,,,,,,,,,,
q04_layered_hard_radius_l3_measured_2_1787299586042572645,q04,2,layered_hard_radius_l3,q04_topology_guided_grid_fallback_measured_2_1787293402653435945,,STATIC_SEMANTICS_CONSERVATIVE_INFLATION_MISMATCH,False,False,0.4,2.5,False,False,False,False,False,STATIC_SEMANTICS_CONSERVATIVE_INFLATION_MISMATCH,0,0,0,,,,,,,0.0,0.0,,,grid,full_grid_fallback,[],0,,0.0,0.0,,,,,1451.732991,,True,,,,,,,,,,,,,,
q04_full_smac_normalized_measured_2_1787299586043481015,q04,2,full_smac_normalized,q04_smac_hybrid_reeds_shepp_normalized_measured_2_1787291184002466241,True,STATIC_SEMANTICS_CONSERVATIVE_INFLATION_MISMATCH,False,False,0.4,2.5,True,True,True,True,False,STATIC_SEMANTICS_CONSERVATIVE_INFLATION_MISMATCH,0,0,0,0,0,0.41372124418489353,2.417086417619629,2.4165365195196595,2,0.0,0.0,paths/q04_full_smac_normalized_measured_2_1787299586043481015.json.gz,320,,,,,,,,,,,,,,,,,,,,,,,,,,,,
q04_grid_raw_measured_3_1787299586108574453,q04,3,grid_raw,q04_topology_guided_grid_fallback_measured_3_1787293405492793207,False,STATIC_SEMANTICS_CONSERVATIVE_INFLATION_MISMATCH,False,False,0.4,2.5,False,False,False,False,False,STATIC_SEMANTICS_CONSERVATIVE_INFLATION_MISMATCH,0,0,0,0,,,,,,0.0,0.0,,,,,,,,,,,,,,,,,,,,,,,,,,,,,,
q04_stage7_with_rotation_measured_3_1787299586109028862,q04,3,stage7_with_rotation,q04_grid_with_rotation_measured_3_1787296945051679546,True,STATIC_SEMANTICS_CONSERVATIVE_INFLATION_MISMATCH,False,True,0.4,2.5,False,False,False,False,False,STATIC_SEMANTICS_CONSERVATIVE_INFLATION_MISMATCH,0,0,0,0,,,,,,0.0,0.0,,,,,,,,,,,,,,,,,,,,,,,,,,,,,,
q04_layered_hard_radius_l3_measured_3_1787299586109050018,q04,3,layered_hard_radius_l3,q04_topology_guided_grid_fallback_measured_3_1787293405492793207,,STATIC_SEMANTICS_CONSERVATIVE_INFLATION_MISMATCH,False,False,0.4,2.5,False,False,False,False,False,STATIC_SEMANTICS_CONSERVATIVE_INFLATION_MISMATCH,0,0,0,,,,,,,0.0,0.0,,,grid,full_grid_fallback,[],0,,0.0,0.0,,,,,1377.075813,,True,,,,,,,,,,,,,,
q04_full_smac_normalized_measured_3_1787299586109956011,q04,3,full_smac_normalized,q04_smac_hybrid_reeds_shepp_normalized_measured_3_1787291184199151203,True,STATIC_SEMANTICS_CONSERVATIVE_INFLATION_MISMATCH,False,False,0.4,2.5,True,True,True,True,False,STATIC_SEMANTICS_CONSERVATIVE_INFLATION_MISMATCH,0,0,0,0,0,0.41372124418489353,2.417086417619629,2.4165365195196595,2,0.0,0.0,paths/q04_full_smac_normalized_measured_3_1787299586109956011.json.gz,320,,,,,,,,,,,,,,,,,,,,,,,,,,,,
q04_grid_raw_measured_4_1787299586175657475,q04,4,grid_raw,q04_topology_guided_grid_fallback_measured_4_1787293408356744456,False,STATIC_SEMANTICS_CONSERVATIVE_INFLATION_MISMATCH,False,False,0.4,2.5,False,False,False,False,False,STATIC_SEMANTICS_CONSERVATIVE_INFLATION_MISMATCH,0,0,0,0,,,,,,0.0,0.0,,,,,,,,,,,,,,,,,,,,,,,,,,,,,,
q04_stage7_with_rotation_measured_4_1787299586176093396,q04,4,stage7_with_rotation,q04_grid_with_rotation_measured_4_1787296945069916951,True,STATIC_SEMANTICS_CONSERVATIVE_INFLATION_MISMATCH,False,True,0.4,2.5,False,False,False,False,False,STATIC_SEMANTICS_CONSERVATIVE_INFLATION_MISMATCH,0,0,0,0,,,,,,0.0,0.0,,,,,,,,,,,,,,,,,,,,,,,,,,,,,,
q04_layered_hard_radius_l3_measured_4_1787299586176117172,q04,4,layered_hard_radius_l3,q04_topology_guided_grid_fallback_measured_4_1787293408356744456,,STATIC_SEMANTICS_CONSERVATIVE_INFLATION_MISMATCH,False,False,0.4,2.5,False,False,False,False,False,STATIC_SEMANTICS_CONSERVATIVE_INFLATION_MISMATCH,0,0,0,,,,,,,0.0,0.0,,,grid,full_grid_fallback,[],0,,0.0,0.0,,,,,1422.303916,,True,,,,,,,,,,,,,,
q04_full_smac_normalized_measured_4_1787299586177014398,q04,4,full_smac_normalized,q04_smac_hybrid_reeds_shepp_normalized_measured_4_1787291184390847259,True,STATIC_SEMANTICS_CONSERVATIVE_INFLATION_MISMATCH,False,False,0.4,2.5,True,True,True,True,False,STATIC_SEMANTICS_CONSERVATIVE_INFLATION_MISMATCH,0,0,0,0,0,0.41372124418489353,2.417086417619629,2.4165365195196595,2,0.0,0.0,paths/q04_full_smac_normalized_measured_4_1787299586177014398.json.gz,320,,,,,,,,,,,,,,,,,,,,,,,,,,,,
q04_grid_raw_measured_5_1787299586243415166,q04,5,grid_raw,q04_topology_guided_grid_fallback_measured_5_1787293411182624142,False,STATIC_SEMANTICS_CONSERVATIVE_INFLATION_MISMATCH,False,False,0.4,2.5,False,False,False,False,False,STATIC_SEMANTICS_CONSERVATIVE_INFLATION_MISMATCH,0,0,0,0,,,,,,0.0,0.0,,,,,,,,,,,,,,,,,,,,,,,,,,,,,,
q04_stage7_with_rotation_measured_5_1787299586243881816,q04,5,stage7_with_rotation,q04_grid_with_rotation_measured_5_1787296945088587766,True,STATIC_SEMANTICS_CONSERVATIVE_INFLATION_MISMATCH,False,True,0.4,2.5,False,False,False,False,False,STATIC_SEMANTICS_CONSERVATIVE_INFLATION_MISMATCH,0,0,0,0,,,,,,0.0,0.0,,,,,,,,,,,,,,,,,,,,,,,,,,,,,,
q04_layered_hard_radius_l3_measured_5_1787299586243902971,q04,5,layered_hard_radius_l3,q04_topology_guided_grid_fallback_measured_5_1787293411182624142,,STATIC_SEMANTICS_CONSERVATIVE_INFLATION_MISMATCH,False,False,0.4,2.5,False,False,False,False,False,STATIC_SEMANTICS_CONSERVATIVE_INFLATION_MISMATCH,0,0,0,,,,,,,0.0,0.0,,,grid,full_grid_fallback,[],0,,0.0,0.0,,,,,1376.644534,,True,,,,,,,,,,,,,,
q04_full_smac_normalized_measured_5_1787299586244811607,q04,5,full_smac_normalized,q04_smac_hybrid_reeds_shepp_normalized_measured_5_1787291184594642891,True,STATIC_SEMANTICS_CONSERVATIVE_INFLATION_MISMATCH,False,False,0.4,2.5,True,True,True,True,False,STATIC_SEMANTICS_CONSERVATIVE_INFLATION_MISMATCH,0,0,0,0,0,0.41372124418489353,2.417086417619629,2.4165365195196595,2,0.0,0.0,paths/q04_full_smac_normalized_measured_5_1787299586244811607.json.gz,320,,,,,,,,,,,,,,,,,,,,,,,,,,,,
q05_grid_raw_measured_1_1787299586312744546,q05,1,grid_raw,q05_topology_guided_grid_fallback_measured_1_1787293411558793953,False,,False,False,0.4,2.5,True,True,False,True,False,HEADING_DISCONTINUITY,0,0,0,0,0,0.5226251859505615,1.913417161825409,0.04999999999999982,1,0.0,0.0,paths/q05_grid_raw_measured_1_1787299586312744546.json.gz,307,,,,,,,,,,,,,,,,,,,,,,,,,,,,
q05_stage7_with_rotation_measured_1_1787299586344756425,q05,1,stage7_with_rotation,q05_grid_with_rotation_measured_1_1787296945155490708,True,,False,True,0.4,2.5,True,True,False,True,False,IN_PLACE_ROTATION_FORBIDDEN,0,0,2,0,0,0.5226251859505615,1.913417161825409,0.04999999999999982,1,0.0,0.0,paths/q05_stage7_with_rotation_measured_1_1787299586344756425.json.gz,367,,,,,,,,,,,,,,,,,,,,,,,,,,,,
q05_layered_hard_radius_l3_measured_1_1787299586378983884,q05,1,layered_hard_radius_l3,q05_topology_guided_grid_fallback_measured_1_1787293411558793953,,,False,False,0.4,2.5,True,True,True,True,True,,2,2,0,0,0,0.46640762129176405,2.144047297577164,0.6541815216422987,2,19.527272,20.0,paths/q05_layered_hard_radius_l3_measured_1_1787299586378983884.json.gz,305,grid,corridor,"[140, 136, 137, 138, 139, 144, 145]",2,1.0,2.7307469853576705,0.1690955281137818,7.769181977029554e-07,0.43493318203865344,210853888,174939136,124.08661,143.613882,True,2,0,0,3,,"[{""center_index"": 305, ""window_start_index"": 285, ""window_end_index"": 306, ""window_radius_m"": 1.0, ""action_status"": ""SUCCEEDED"", ""result_code"": ""SUCCEEDED"", ""wall_time_ms"": 14.89077, ""planning_time_ms"": 8.019843, ""cpu_total_ms"": 10.0, ""rss_peak_bytes"": 210784256, ""pss_peak_bytes"": 174869504, ""elapsed_ms"": 18.288746, ""rejection_reason"": """"}, {""center_index"": 0, ""window_start_index"": 0, ""window_end_index"": 20, ""window_radius_m"": 1.0, ""action_status"": ""SUCCEEDED"", ""result_code"": ""SUCCEEDED"", ""wall_time_ms"": 15.393443, ""planning_time_ms"": 11.507429, ""cpu_total_ms"": 10.0, ""rss_peak_bytes"": 210853888, ""pss_peak_bytes"": 174939136, ""elapsed_ms"": 18.5049, ""rejection_reason"": """"}]",0,0,0.45800101408147453,16.074270943883842,0.03910591986858501,True,True,[]
q05_full_smac_normalized_measured_1_1787299586513026225,q05,1,full_smac_normalized,q05_smac_hybrid_reeds_shepp_normalized_measured_1_1787291195430879206,True,,False,False,0.4,2.5,True,True,False,False,False,MINIMUM_TURNING_RADIUS_VIOLATION,0,0,0,0,3,0.3977894562124165,2.513892674586145,0.501114195968121,2,0.0,0.0,paths/q05_full_smac_normalized_measured_1_1787299586513026225.json.gz,174,,,,,,,,,,,,,,,,,,,,,,,,,,,,
q05_grid_raw_measured_2_1787299586545108903,q05,2,grid_raw,q05_topology_guided_grid_fallback_measured_2_1787293411941061691,False,,False,False,0.4,2.5,True,True,False,True,False,HEADING_DISCONTINUITY,0,0,0,0,0,0.5226251859505615,1.913417161825409,0.04999999999999982,1,0.0,0.0,paths/q05_grid_raw_measured_2_1787299586545108903.json.gz,307,,,,,,,,,,,,,,,,,,,,,,,,,,,,
q05_stage7_with_rotation_measured_2_1787299586575899954,q05,2,stage7_with_rotation,q05_grid_with_rotation_measured_2_1787296945299309407,True,,False,True,0.4,2.5,True,True,False,True,False,IN_PLACE_ROTATION_FORBIDDEN,0,0,2,0,0,0.5226251859505615,1.913417161825409,0.04999999999999982,1,0.0,0.0,paths/q05_stage7_with_rotation_measured_2_1787299586575899954.json.gz,367,,,,,,,,,,,,,,,,,,,,,,,,,,,,
q05_layered_hard_radius_l3_measured_2_1787299586609040426,q05,2,layered_hard_radius_l3,q05_topology_guided_grid_fallback_measured_2_1787293411941061691,,,False,False,0.4,2.5,True,True,True,True,True,,2,2,0,0,0,0.46640762129176405,2.144047297577164,0.6541815216422987,2,18.869360999999998,20.0,paths/q05_layered_hard_radius_l3_measured_2_1787299586609040426.json.gz,305,grid,corridor,"[140, 136, 137, 138, 139, 144, 145]",2,1.0,2.7307469853576705,0.1690955281137818,7.769181977029554e-07,0.43493318203865344,210853888,174939136,124.154357,143.023718,True,2,0,0,3,,"[{""center_index"": 305, ""window_start_index"": 285, ""window_end_index"": 306, ""window_radius_m"": 1.0, ""action_status"": ""SUCCEEDED"", ""result_code"": ""SUCCEEDED"", ""wall_time_ms"": 14.242697, ""planning_time_ms"": 8.075, ""cpu_total_ms"": 10.0, ""rss_peak_bytes"": 210853888, ""pss_peak_bytes"": 174939136, ""elapsed_ms"": 17.101189, ""rejection_reason"": """"}, {""center_index"": 0, ""window_start_index"": 0, ""window_end_index"": 20, ""window_radius_m"": 1.0, ""action_status"": ""SUCCEEDED"", ""result_code"": ""SUCCEEDED"", ""wall_time_ms"": 15.063691, ""planning_time_ms"": 10.794361, ""cpu_total_ms"": 10.0, ""rss_peak_bytes"": 210853888, ""pss_peak_bytes"": 174939136, ""elapsed_ms"": 18.21852, ""rejection_reason"": """"}]",0,0,0.45800101408147453,16.074270943883842,0.03910591986858501,True,True,[]
q05_full_smac_normalized_measured_2_1787299586740255938,q05,2,full_smac_normalized,q05_smac_hybrid_reeds_shepp_normalized_measured_2_1787291195504626991,True,,False,False,0.4,2.5,True,True,False,False,False,MINIMUM_TURNING_RADIUS_VIOLATION,0,0,0,0,3,0.3977894562124165,2.513892674586145,0.501114195968121,2,0.0,0.0,paths/q05_full_smac_normalized_measured_2_1787299586740255938.json.gz,174,,,,,,,,,,,,,,,,,,,,,,,,,,,,
q05_grid_raw_measured_3_1787299586772053348,q05,3,grid_raw,q05_topology_guided_grid_fallback_measured_3_1787293412312039897,False,,False,False,0.4,2.5,True,True,False,True,False,HEADING_DISCONTINUITY,0,0,0,0,0,0.5226251859505615,1.913417161825409,0.04999999999999982,1,0.0,0.0,paths/q05_grid_raw_measured_3_1787299586772053348.json.gz,307,,,,,,,,,,,,,,,,,,,,,,,,,,,,
q05_stage7_with_rotation_measured_3_1787299586802390640,q05,3,stage7_with_rotation,q05_grid_with_rotation_measured_3_1787296945443362049,True,,False,True,0.4,2.5,True,True,False,True,False,IN_PLACE_ROTATION_FORBIDDEN,0,0,2,0,0,0.5226251859505615,1.913417161825409,0.04999999999999982,1,0.0,0.0,paths/q05_stage7_with_rotation_measured_3_1787299586802390640.json.gz,367,,,,,,,,,,,,,,,,,,,,,,,,,,,,
q05_layered_hard_radius_l3_measured_3_1787299586834905258,q05,3,layered_hard_radius_l3,q05_topology_guided_grid_fallback_measured_3_1787293412312039897,,,False,False,0.4,2.5,True,True,True,True,True,,2,2,0,0,0,0.46640762129176405,2.144047297577164,0.6541815216422987,2,16.852575,20.0,paths/q05_layered_hard_radius_l3_measured_3_1787299586834905258.json.gz,305,grid,corridor,"[140, 136, 137, 138, 139, 144, 145]",2,1.0,2.7307469853576705,0.1690955281137818,7.769181977029554e-07,0.43493318203865344,210853888,174939136,122.543605,139.39618000000002,True,2,0,0,3,,"[{""center_index"": 305, ""window_start_index"": 285, ""window_end_index"": 306, ""window_radius_m"": 1.0, ""action_status"": ""SUCCEEDED"", ""result_code"": ""SUCCEEDED"", ""wall_time_ms"": 13.88688, ""planning_time_ms"": 7.965989, ""cpu_total_ms"": 10.0, ""rss_peak_bytes"": 210853888, ""pss_peak_bytes"": 174939136, ""elapsed_ms"": 17.398472, ""rejection_reason"": """"}, {""center_index"": 0, ""window_start_index"": 0, ""window_end_index"": 20, ""window_radius_m"": 1.0, ""action_status"": ""SUCCEEDED"", ""result_code"": ""SUCCEEDED"", ""wall_time_ms"": 13.673857, ""planning_time_ms"": 8.886586, ""cpu_total_ms"": 10.0, ""rss_peak_bytes"": 210853888, ""pss_peak_bytes"": 174939136, ""elapsed_ms"": 17.084613, ""rejection_reason"": """"}]",0,0,0.45800101408147453,16.074270943883842,0.03910591986858501,True,True,[]
q05_full_smac_normalized_measured_3_1787299586964167706,q05,3,full_smac_normalized,q05_smac_hybrid_reeds_shepp_normalized_measured_3_1787291195582241579,True,,False,False,0.4,2.5,True,True,False,False,False,MINIMUM_TURNING_RADIUS_VIOLATION,0,0,0,0,3,0.3977894562124165,2.513892674586145,0.501114195968121,2,0.0,0.0,paths/q05_full_smac_normalized_measured_3_1787299586964167706.json.gz,174,,,,,,,,,,,,,,,,,,,,,,,,,,,,
q05_grid_raw_measured_4_1787299586995837988,q05,4,grid_raw,q05_topology_guided_grid_fallback_measured_4_1787293412678960692,False,,False,False,0.4,2.5,True,True,False,True,False,HEADING_DISCONTINUITY,0,0,0,0,0,0.5226251859505615,1.913417161825409,0.04999999999999982,1,0.0,0.0,paths/q05_grid_raw_measured_4_1787299586995837988.json.gz,307,,,,,,,,,,,,,,,,,,,,,,,,,,,,
q05_stage7_with_rotation_measured_4_1787299587025998064,q05,4,stage7_with_rotation,q05_grid_with_rotation_measured_4_1787296945589431097,True,,False,True,0.4,2.5,True,True,False,True,False,IN_PLACE_ROTATION_FORBIDDEN,0,0,2,0,0,0.5226251859505615,1.913417161825409,0.04999999999999982,1,0.0,0.0,paths/q05_stage7_with_rotation_measured_4_1787299587025998064.json.gz,367,,,,,,,,,,,,,,,,,,,,,,,,,,,,
q05_layered_hard_radius_l3_measured_4_1787299587058398744,q05,4,layered_hard_radius_l3,q05_topology_guided_grid_fallback_measured_4_1787293412678960692,,,False,False,0.4,2.5,True,True,True,True,True,,2,2,0,0,0,0.46640762129176405,2.144047297577164,0.6541815216422987,2,19.113587000000003,20.0,paths/q05_layered_hard_radius_l3_measured_4_1787299587058398744.json.gz,305,grid,corridor,"[140, 136, 137, 138, 139, 144, 145]",2,1.0,2.7307469853576705,0.1690955281137818,7.769181977029554e-07,0.43493318203865344,210862080,174947328,121.430113,140.5437,True,2,0,0,3,,"[{""center_index"": 305, ""window_start_index"": 285, ""window_end_index"": 306, ""window_radius_m"": 1.0, ""action_status"": ""SUCCEEDED"", ""result_code"": ""SUCCEEDED"", ""wall_time_ms"": 14.68412, ""planning_time_ms"": 7.893091, ""cpu_total_ms"": 10.0, ""rss_peak_bytes"": 210857984, ""pss_peak_bytes"": 174943232, ""elapsed_ms"": 18.034779, ""rejection_reason"": """"}, {""center_index"": 0, ""window_start_index"": 0, ""window_end_index"": 20, ""window_radius_m"": 1.0, ""action_status"": ""SUCCEEDED"", ""result_code"": ""SUCCEEDED"", ""wall_time_ms"": 14.930022, ""planning_time_ms"": 11.220496, ""cpu_total_ms"": 10.0, ""rss_peak_bytes"": 210862080, ""pss_peak_bytes"": 174947328, ""elapsed_ms"": 18.109738, ""rejection_reason"": """"}]",0,0,0.45800101408147453,16.074270943883842,0.03910591986858501,True,True,[]
q05_full_smac_normalized_measured_4_1787299587192570092,q05,4,full_smac_normalized,q05_smac_hybrid_reeds_shepp_normalized_measured_4_1787291195658210022,True,,False,False,0.4,2.5,True,True,False,False,False,MINIMUM_TURNING_RADIUS_VIOLATION,0,0,0,0,3,0.3977894562124165,2.513892674586145,0.501114195968121,2,0.0,0.0,paths/q05_full_smac_normalized_measured_4_1787299587192570092.json.gz,174,,,,,,,,,,,,,,,,,,,,,,,,,,,,
q05_grid_raw_measured_5_1787299587225164095,q05,5,grid_raw,q05_topology_guided_grid_fallback_measured_5_1787293413073958153,False,,False,False,0.4,2.5,True,True,False,True,False,HEADING_DISCONTINUITY,0,0,0,0,0,0.5226251859505615,1.913417161825409,0.04999999999999982,1,0.0,0.0,paths/q05_grid_raw_measured_5_1787299587225164095.json.gz,307,,,,,,,,,,,,,,,,,,,,,,,,,,,,
q05_stage7_with_rotation_measured_5_1787299587256260657,q05,5,stage7_with_rotation,q05_grid_with_rotation_measured_5_1787296945753987412,True,,False,True,0.4,2.5,True,True,False,True,False,IN_PLACE_ROTATION_FORBIDDEN,0,0,2,0,0,0.5226251859505615,1.913417161825409,0.04999999999999982,1,0.0,0.0,paths/q05_stage7_with_rotation_measured_5_1787299587256260657.json.gz,367,,,,,,,,,,,,,,,,,,,,,,,,,,,,
q05_layered_hard_radius_l3_measured_5_1787299587290168622,q05,5,layered_hard_radius_l3,q05_topology_guided_grid_fallback_measured_5_1787293413073958153,,,False,False,0.4,2.5,True,True,True,True,True,,2,2,0,0,0,0.46640762129176405,2.144047297577164,0.6541815216422987,2,16.560162,20.0,paths/q05_layered_hard_radius_l3_measured_5_1787299587290168622.json.gz,305,grid,corridor,"[140, 136, 137, 138, 139, 144, 145]",2,1.0,2.7307469853576705,0.1690955281137818,7.769181977029554e-07,0.43493318203865344,210866176,174951424,131.967811,148.527973,True,2,0,0,3,,"[{""center_index"": 305, ""window_start_index"": 285, ""window_end_index"": 306, ""window_radius_m"": 1.0, ""action_status"": ""SUCCEEDED"", ""result_code"": ""SUCCEEDED"", ""wall_time_ms"": 15.893443, ""planning_time_ms"": 7.598863, ""cpu_total_ms"": 10.0, ""rss_peak_bytes"": 210866176, ""pss_peak_bytes"": 174951424, ""elapsed_ms"": 20.35403, ""rejection_reason"": """"}, {""center_index"": 0, ""window_start_index"": 0, ""window_end_index"": 20, ""window_radius_m"": 1.0, ""action_status"": ""SUCCEEDED"", ""result_code"": ""SUCCEEDED"", ""wall_time_ms"": 13.91044, ""planning_time_ms"": 8.961299, ""cpu_total_ms"": 10.0, ""rss_peak_bytes"": 210866176, ""pss_peak_bytes"": 174951424, ""elapsed_ms"": 17.061759, ""rejection_reason"": """"}]",0,0,0.45800101408147453,16.074270943883842,0.03910591986858501,True,True,[]
q05_full_smac_normalized_measured_5_1787299587427282751,q05,5,full_smac_normalized,q05_smac_hybrid_reeds_shepp_normalized_measured_5_1787291195734785757,True,,False,False,0.4,2.5,True,True,False,False,False,MINIMUM_TURNING_RADIUS_VIOLATION,0,0,0,0,3,0.3977894562124165,2.513892674586145,0.501114195968121,2,0.0,0.0,paths/q05_full_smac_normalized_measured_5_1787299587427282751.json.gz,174,,,,,,,,,,,,,,,,,,,,,,,,,,,,
q06_grid_raw_measured_1_1787299587461398495,q06,1,grid_raw,q06_topology_guided_grid_fallback_measured_1_1787293413711654798,False,,False,False,0.4,2.5,True,True,False,True,False,HEADING_DISCONTINUITY,0,0,0,0,0,0.42096504811790375,2.375494128243921,0.04999999999999802,1,0.0,0.0,paths/q06_grid_raw_measured_1_1787299587461398495.json.gz,511,,,,,,,,,,,,,,,,,,,,,,,,,,,,
q06_stage7_with_rotation_measured_1_1787299587517942968,q06,1,stage7_with_rotation,q06_grid_with_rotation_measured_1_1787296945921322048,True,,False,True,0.4,2.5,True,True,False,True,False,IN_PLACE_ROTATION_FORBIDDEN,0,0,3,0,0,0.42096504811790375,2.375494128243921,0.04999999999999802,1,0.0,0.0,paths/q06_stage7_with_rotation_measured_1_1787299587517942968.json.gz,583,,,,,,,,,,,,,,,,,,,,,,,,,,,,
q06_layered_hard_radius_l3_measured_1_1787299587577857040,q06,1,layered_hard_radius_l3,q06_topology_guided_grid_fallback_measured_1_1787293413711654798,,,False,False,0.4,2.5,True,True,True,True,True,,4,3,0,0,0,0.4488199247488415,2.228065076566281,1.1003530441775908,2,37.068672,40.0,paths/q06_layered_hard_radius_l3_measured_1_1787299587577857040.json.gz,489,grid,corridor,"[150, 132, 128, 125, 106, 95]",3,2.0,6.633257447610003,0.2493924640794254,0.018914958918651,0.09949844408003015,211763200,175848448,206.694469,243.763141,True,4,0,0,4,,"[{""center_index"": 509, ""window_start_index"": 489, ""window_end_index"": 510, ""window_radius_m"": 1.0, ""action_status"": ""SUCCEEDED"", ""result_code"": ""SUCCEEDED"", ""wall_time_ms"": 18.641336, ""planning_time_ms"": 11.861778, ""cpu_total_ms"": 10.0, ""rss_peak_bytes"": 210915328, ""pss_peak_bytes"": 175000576, ""elapsed_ms"": 22.545203, ""rejection_reason"": """"}, {""center_index"": 50, ""window_start_index"": 34, ""window_end_index"": 70, ""window_radius_m"": 1.0, ""action_status"": ""SUCCEEDED"", ""result_code"": ""SUCCEEDED"", ""wall_time_ms"": 13.586165, ""planning_time_ms"": 8.180545, ""cpu_total_ms"": 10.0, ""rss_peak_bytes"": 211238912, ""pss_peak_bytes"": 175324160, ""elapsed_ms"": 17.163143, ""rejection_reason"": ""LOCAL_HYBRID_STATIC_COLLISION"", ""zero_displacement_yaw_changes"": 0, ""static_footprint_collision_count"": 24, ""heading_jump_count"": 0, ""heading_jump_max_rad"": 0.125191787635754, ""hard_radius_violation_count"": 0, ""minimum_radius_observed_m"": 3.2230842591235285, ""maximum_curvature_observed"": 0.31026182364588123, ""forward_distance_m"": 1.8906003287389235, ""reverse_distance_m"": 0.0, ""reverse_ratio"": 0.0, ""direction_switch_count"": 0, ""position_continuous"": true, ""endpoint_yaw_valid"": true, ""hard_kinematic_valid"": false, ""turning_radius_preference_satisfied"": true, ""failure_codes"": [""STATIC_FOOTPRINT_COLLISION""]}, {""center_index"": 50, ""window_start_index"": 15, ""window_end_index"": 88, ""window_radius_m"": 2.0, ""action_status"": ""SUCCEEDED"", ""result_code"": ""SUCCEEDED"", ""wall_time_ms"": 16.758595, ""planning_time_ms"": 9.382234, ""cpu_total_ms"": 10.0, ""rss_peak_bytes"": 211730432, ""pss_peak_bytes"": 175815680, ""elapsed_ms"": 20.085012, ""rejection_reason"": """"}, {""center_index"": 0, ""window_start_index"": 0, ""window_end_index"": 19, ""window_radius_m"": 1.0, ""action_status"": ""SUCCEEDED"", ""result_code"": ""SUCCEEDED"", ""wall_time_ms"": 13.50632, ""planning_time_ms"": 7.644115, ""cpu_total_ms"": 10.0, ""rss_peak_bytes"": 211763200, ""pss_peak_bytes"": 175848448, ""elapsed_ms"": 16.888592, ""rejection_reason"": """"}]",0,0,0.4515057434853089,25.651709627672904,0.04113152162040286,True,True,[]
q06_full_smac_normalized_measured_1_1787299587851003904,q06,1,full_smac_normalized,q06_smac_hybrid_reeds_shepp_normalized_measured_1_1787291205462027836,True,,False,False,0.4,2.5,True,True,True,True,True,,0,0,0,0,0,0.4018504378332525,2.4884880190548633,2.450554774926816,2,0.0,0.0,paths/q06_full_smac_normalized_measured_1_1787299587851003904.json.gz,272,,,,,,,,,,,,,,,,,,,,,,,,,,,,
q06_grid_raw_measured_2_1787299587909723319,q06,2,grid_raw,q06_topology_guided_grid_fallback_measured_2_1787293414363497226,False,,False,False,0.4,2.5,True,True,False,True,False,HEADING_DISCONTINUITY,0,0,0,0,0,0.42096504811790375,2.375494128243921,0.04999999999999802,1,0.0,0.0,paths/q06_grid_raw_measured_2_1787299587909723319.json.gz,511,,,,,,,,,,,,,,,,,,,,,,,,,,,,
q06_stage7_with_rotation_measured_2_1787299587986267079,q06,2,stage7_with_rotation,q06_grid_with_rotation_measured_2_1787296946141541530,True,,False,True,0.4,2.5,True,True,False,True,False,IN_PLACE_ROTATION_FORBIDDEN,0,0,3,0,0,0.42096504811790375,2.375494128243921,0.04999999999999802,1,0.0,0.0,paths/q06_stage7_with_rotation_measured_2_1787299587986267079.json.gz,583,,,,,,,,,,,,,,,,,,,,,,,,,,,,
q06_layered_hard_radius_l3_measured_2_1787299588046228699,q06,2,layered_hard_radius_l3,q06_topology_guided_grid_fallback_measured_2_1787293414363497226,,,False,False,0.4,2.5,True,True,True,True,True,,4,3,0,0,0,0.4488199247488415,2.228065076566281,1.1003530441775908,2,38.225179999999995,50.0,paths/q06_layered_hard_radius_l3_measured_2_1787299588046228699.json.gz,489,grid,corridor,"[150, 132, 128, 125, 106, 95]",3,2.0,6.633257447610003,0.2493924640794254,0.018914958918651,0.09949844408003015,211791872,175877120,204.433553,242.65873299999998,True,4,0,0,4,,"[{""center_index"": 509, ""window_start_index"": 489, ""window_end_index"": 510, ""window_radius_m"": 1.0, ""action_status"": ""SUCCEEDED"", ""result_code"": ""SUCCEEDED"", ""wall_time_ms"": 15.506113, ""planning_time_ms"": 8.378957, ""cpu_total_ms"": 20.0, ""rss_peak_bytes"": 211767296, ""pss_peak_bytes"": 175852544, ""elapsed_ms"": 19.05211, ""rejection_reason"": """"}, {""center_index"": 50, ""window_start_index"": 34, ""window_end_index"": 70, ""window_radius_m"": 1.0, ""action_status"": ""SUCCEEDED"", ""result_code"": ""SUCCEEDED"", ""wall_time_ms"": 14.853801, ""planning_time_ms"": 9.877303, ""cpu_total_ms"": 10.0, ""rss_peak_bytes"": 211771392, ""pss_peak_bytes"": 175856640, ""elapsed_ms"": 18.78376, ""rejection_reason"": ""LOCAL_HYBRID_STATIC_COLLISION"", ""zero_displacement_yaw_changes"": 0, ""static_footprint_collision_count"": 24, ""heading_jump_count"": 0, ""heading_jump_max_rad"": 0.125191787635754, ""hard_radius_violation_count"": 0, ""minimum_radius_observed_m"": 3.2230842591235285, ""maximum_curvature_observed"": 0.31026182364588123, ""forward_distance_m"": 1.8906003287389235, ""reverse_distance_m"": 0.0, ""reverse_ratio"": 0.0, ""direction_switch_count"": 0, ""position_continuous"": true, ""endpoint_yaw_valid"": true, ""hard_kinematic_valid"": false, ""turning_radius_preference_satisfied"": true, ""failure_codes"": [""STATIC_FOOTPRINT_COLLISION""]}, {""center_index"": 50, ""window_start_index"": 15, ""window_end_index"": 88, ""window_radius_m"": 2.0, ""action_status"": ""SUCCEEDED"", ""result_code"": ""SUCCEEDED"", ""wall_time_ms"": 17.253417, ""planning_time_ms"": 10.904911, ""cpu_total_ms"": 10.0, ""rss_peak_bytes"": 211791872, ""pss_peak_bytes"": 175877120, ""elapsed_ms"": 20.575422, ""rejection_reason"": """"}, {""center_index"": 0, ""window_start_index"": 0, ""window_end_index"": 19, ""window_radius_m"": 1.0, ""action_status"": ""SUCCEEDED"", ""result_code"": ""SUCCEEDED"", ""wall_time_ms"": 15.327872, ""planning_time_ms"": 9.064009, ""cpu_total_ms"": 10.0, ""rss_peak_bytes"": 211791872, ""pss_peak_bytes"": 175877120, ""elapsed_ms"": 18.345149, ""rejection_reason"": """"}]",0,0,0.4515057434853089,25.651709627672904,0.04113152162040286,True,True,[]
q06_full_smac_normalized_measured_2_1787299588317516909,q06,2,full_smac_normalized,q06_smac_hybrid_reeds_shepp_normalized_measured_2_1787291205581273933,True,,False,False,0.4,2.5,True,True,True,True,True,,0,0,0,0,0,0.4018504378332525,2.4884880190548633,2.450554774926816,2,0.0,0.0,paths/q06_full_smac_normalized_measured_2_1787299588317516909.json.gz,272,,,,,,,,,,,,,,,,,,,,,,,,,,,,
q06_grid_raw_measured_3_1787299588376954174,q06,3,grid_raw,q06_topology_guided_grid_fallback_measured_3_1787293415110728180,False,,False,False,0.4,2.5,True,True,False,True,False,HEADING_DISCONTINUITY,0,0,0,0,0,0.42096504811790375,2.375494128243921,0.04999999999999802,1,0.0,0.0,paths/q06_grid_raw_measured_3_1787299588376954174.json.gz,511,,,,,,,,,,,,,,,,,,,,,,,,,,,,
q06_stage7_with_rotation_measured_3_1787299588438420024,q06,3,stage7_with_rotation,q06_grid_with_rotation_measured_3_1787296946357100748,True,,False,True,0.4,2.5,True,True,False,True,False,IN_PLACE_ROTATION_FORBIDDEN,0,0,3,0,0,0.42096504811790375,2.375494128243921,0.04999999999999802,1,0.0,0.0,paths/q06_stage7_with_rotation_measured_3_1787299588438420024.json.gz,583,,,,,,,,,,,,,,,,,,,,,,,,,,,,
q06_layered_hard_radius_l3_measured_3_1787299588500169100,q06,3,layered_hard_radius_l3,q06_topology_guided_grid_fallback_measured_3_1787293415110728180,,,False,False,0.4,2.5,True,True,True,True,True,,4,3,0,0,0,0.4488199247488415,2.228065076566281,1.1003530441775908,2,36.964968,40.0,paths/q06_layered_hard_radius_l3_measured_3_1787299588500169100.json.gz,489,grid,corridor,"[150, 132, 128, 125, 106, 95]",3,2.0,6.633257447610003,0.2493924640794254,0.018914958918651,0.09949844408003015,211804160,175889408,204.117036,241.082004,True,4,0,0,4,,"[{""center_index"": 509, ""window_start_index"": 489, ""window_end_index"": 510, ""window_radius_m"": 1.0, ""action_status"": ""SUCCEEDED"", ""result_code"": ""SUCCEEDED"", ""wall_time_ms"": 15.885084, ""planning_time_ms"": 8.413051, ""cpu_total_ms"": 10.0, ""rss_peak_bytes"": 211791872, ""pss_peak_bytes"": 175877120, ""elapsed_ms"": 19.811034, ""rejection_reason"": """"}, {""center_index"": 50, ""window_start_index"": 34, ""window_end_index"": 70, ""window_radius_m"": 1.0, ""action_status"": ""SUCCEEDED"", ""result_code"": ""SUCCEEDED"", ""wall_time_ms"": 16.541646, ""planning_time_ms"": 10.956217, ""cpu_total_ms"": 10.0, ""rss_peak_bytes"": 211791872, ""pss_peak_bytes"": 175877120, ""elapsed_ms"": 20.66335, ""rejection_reason"": ""LOCAL_HYBRID_STATIC_COLLISION"", ""zero_displacement_yaw_changes"": 0, ""static_footprint_collision_count"": 24, ""heading_jump_count"": 0, ""heading_jump_max_rad"": 0.125191787635754, ""hard_radius_violation_count"": 0, ""minimum_radius_observed_m"": 3.2230842591235285, ""maximum_curvature_observed"": 0.31026182364588123, ""forward_distance_m"": 1.8906003287389235, ""reverse_distance_m"": 0.0, ""reverse_ratio"": 0.0, ""direction_switch_count"": 0, ""position_continuous"": true, ""endpoint_yaw_valid"": true, ""hard_kinematic_valid"": false, ""turning_radius_preference_satisfied"": true, ""failure_codes"": [""STATIC_FOOTPRINT_COLLISION""]}, {""center_index"": 50, ""window_start_index"": 15, ""window_end_index"": 88, ""window_radius_m"": 2.0, ""action_status"": ""SUCCEEDED"", ""result_code"": ""SUCCEEDED"", ""wall_time_ms"": 15.680378, ""planning_time_ms"": 8.877303, ""cpu_total_ms"": 10.0, ""rss_peak_bytes"": 211804160, ""pss_peak_bytes"": 175889408, ""elapsed_ms"": 19.02563, ""rejection_reason"": """"}, {""center_index"": 0, ""window_start_index"": 0, ""window_end_index"": 19, ""window_radius_m"": 1.0, ""action_status"": ""SUCCEEDED"", ""result_code"": ""SUCCEEDED"", ""wall_time_ms"": 15.029445, ""planning_time_ms"": 8.718397, ""cpu_total_ms"": 10.0, ""rss_peak_bytes"": 211804160, ""pss_peak_bytes"": 175889408, ""elapsed_ms"": 18.803357, ""rejection_reason"": """"}]",0,0,0.4515057434853089,25.651709627672904,0.04113152162040286,True,True,[]
q06_full_smac_normalized_measured_3_1787299588769561903,q06,3,full_smac_normalized,q06_smac_hybrid_reeds_shepp_normalized_measured_3_1787291205693833163,True,,False,False,0.4,2.5,True,True,True,True,True,,0,0,0,0,0,0.4018504378332525,2.4884880190548633,2.450554774926816,2,0.0,0.0,paths/q06_full_smac_normalized_measured_3_1787299588769561903.json.gz,272,,,,,,,,,,,,,,,,,,,,,,,,,,,,
q06_grid_raw_measured_4_1787299588823928858,q06,4,grid_raw,q06_topology_guided_grid_fallback_measured_4_1787293415772672719,False,,False,False,0.4,2.5,True,True,False,True,False,HEADING_DISCONTINUITY,0,0,0,0,0,0.42096504811790375,2.375494128243921,0.04999999999999802,1,0.0,0.0,paths/q06_grid_raw_measured_4_1787299588823928858.json.gz,511,,,,,,,,,,,,,,,,,,,,,,,,,,,,
q06_stage7_with_rotation_measured_4_1787299588875884198,q06,4,stage7_with_rotation,q06_grid_with_rotation_measured_4_1787296946570815468,True,,False,True,0.4,2.5,True,True,False,True,False,IN_PLACE_ROTATION_FORBIDDEN,0,0,3,0,0,0.42096504811790375,2.375494128243921,0.04999999999999802,1,0.0,0.0,paths/q06_stage7_with_rotation_measured_4_1787299588875884198.json.gz,583,,,,,,,,,,,,,,,,,,,,,,,,,,,,
q06_layered_hard_radius_l3_measured_4_1787299588930498318,q06,4,layered_hard_radius_l3,q06_topology_guided_grid_fallback_measured_4_1787293415772672719,,,False,False,0.4,2.5,True,True,True,True,True,,4,3,0,0,0,0.4488199247488415,2.228065076566281,1.1003530441775908,2,35.951064,40.0,paths/q06_layered_hard_radius_l3_measured_4_1787299588930498318.json.gz,489,grid,corridor,"[150, 132, 128, 125, 106, 95]",3,2.0,6.633257447610003,0.2493924640794254,0.018914958918651,0.09949844408003015,211816448,175901696,207.187421,243.138485,True,4,0,0,4,,"[{""center_index"": 509, ""window_start_index"": 489, ""window_end_index"": 510, ""window_radius_m"": 1.0, ""action_status"": ""SUCCEEDED"", ""result_code"": ""SUCCEEDED"", ""wall_time_ms"": 15.39211, ""planning_time_ms"": 8.768998, ""cpu_total_ms"": 10.0, ""rss_peak_bytes"": 211804160, ""pss_peak_bytes"": 175889408, ""elapsed_ms"": 18.349836, ""rejection_reason"": """"}, {""center_index"": 50, ""window_start_index"": 34, ""window_end_index"": 70, ""window_radius_m"": 1.0, ""action_status"": ""SUCCEEDED"", ""result_code"": ""SUCCEEDED"", ""wall_time_ms"": 16.408176, ""planning_time_ms"": 11.201076, ""cpu_total_ms"": 10.0, ""rss_peak_bytes"": 211808256, ""pss_peak_bytes"": 175893504, ""elapsed_ms"": 20.390447, ""rejection_reason"": ""LOCAL_HYBRID_STATIC_COLLISION"", ""zero_displacement_yaw_changes"": 0, ""static_footprint_collision_count"": 24, ""heading_jump_count"": 0, ""heading_jump_max_rad"": 0.125191787635754, ""hard_radius_violation_count"": 0, ""minimum_radius_observed_m"": 3.2230842591235285, ""maximum_curvature_observed"": 0.31026182364588123, ""forward_distance_m"": 1.8906003287389235, ""reverse_distance_m"": 0.0, ""reverse_ratio"": 0.0, ""direction_switch_count"": 0, ""position_continuous"": true, ""endpoint_yaw_valid"": true, ""hard_kinematic_valid"": false, ""turning_radius_preference_satisfied"": true, ""failure_codes"": [""STATIC_FOOTPRINT_COLLISION""]}, {""center_index"": 50, ""window_start_index"": 15, ""window_end_index"": 88, ""window_radius_m"": 2.0, ""action_status"": ""SUCCEEDED"", ""result_code"": ""SUCCEEDED"", ""wall_time_ms"": 13.823385, ""planning_time_ms"": 8.514179, ""cpu_total_ms"": 10.0, ""rss_peak_bytes"": 211816448, ""pss_peak_bytes"": 175901696, ""elapsed_ms"": 17.124965, ""rejection_reason"": """"}, {""center_index"": 0, ""window_start_index"": 0, ""window_end_index"": 19, ""window_radius_m"": 1.0, ""action_status"": ""SUCCEEDED"", ""result_code"": ""SUCCEEDED"", ""wall_time_ms"": 12.754363, ""planning_time_ms"": 7.466811, ""cpu_total_ms"": 10.0, ""rss_peak_bytes"": 211816448, ""pss_peak_bytes"": 175901696, ""elapsed_ms"": 15.614281, ""rejection_reason"": """"}]",0,0,0.4515057434853089,25.651709627672904,0.04113152162040286,True,True,[]
q06_full_smac_normalized_measured_4_1787299589180572858,q06,4,full_smac_normalized,q06_smac_hybrid_reeds_shepp_normalized_measured_4_1787291205807299482,True,,False,False,0.4,2.5,True,True,True,True,True,,0,0,0,0,0,0.4018504378332525,2.4884880190548633,2.450554774926816,2,0.0,0.0,paths/q06_full_smac_normalized_measured_4_1787299589180572858.json.gz,272,,,,,,,,,,,,,,,,,,,,,,,,,,,,
q06_grid_raw_measured_5_1787299589234364616,q06,5,grid_raw,q06_topology_guided_grid_fallback_measured_5_1787293416411464687,False,,False,False,0.4,2.5,True,True,False,True,False,HEADING_DISCONTINUITY,0,0,0,0,0,0.42096504811790375,2.375494128243921,0.04999999999999802,1,0.0,0.0,paths/q06_grid_raw_measured_5_1787299589234364616.json.gz,511,,,,,,,,,,,,,,,,,,,,,,,,,,,,
q06_stage7_with_rotation_measured_5_1787299589287876371,q06,5,stage7_with_rotation,q06_grid_with_rotation_measured_5_1787296946780652837,True,,False,True,0.4,2.5,True,True,False,True,False,IN_PLACE_ROTATION_FORBIDDEN,0,0,3,0,0,0.42096504811790375,2.375494128243921,0.04999999999999802,1,0.0,0.0,paths/q06_stage7_with_rotation_measured_5_1787299589287876371.json.gz,583,,,,,,,,,,,,,,,,,,,,,,,,,,,,
q06_layered_hard_radius_l3_measured_5_1787299589344466452,q06,5,layered_hard_radius_l3,q06_topology_guided_grid_fallback_measured_5_1787293416411464687,,,False,False,0.4,2.5,True,True,True,True,True,,4,3,0,0,0,0.4488199247488415,2.228065076566281,1.1003530441775908,2,35.759561,40.0,paths/q06_layered_hard_radius_l3_measured_5_1787299589344466452.json.gz,489,grid,corridor,"[150, 132, 128, 125, 106, 95]",3,2.0,6.633257447610003,0.2493924640794254,0.018914958918651,0.09949844408003015,211836928,175922176,193.231651,228.991212,True,4,0,0,4,,"[{""center_index"": 509, ""window_start_index"": 489, ""window_end_index"": 510, ""window_radius_m"": 1.0, ""action_status"": ""SUCCEEDED"", ""result_code"": ""SUCCEEDED"", ""wall_time_ms"": 17.442227, ""planning_time_ms"": 10.182078, ""cpu_total_ms"": 10.0, ""rss_peak_bytes"": 211816448, ""pss_peak_bytes"": 175901696, ""elapsed_ms"": 20.518245, ""rejection_reason"": """"}, {""center_index"": 50, ""window_start_index"": 34, ""window_end_index"": 70, ""window_radius_m"": 1.0, ""action_status"": ""SUCCEEDED"", ""result_code"": ""SUCCEEDED"", ""wall_time_ms"": 14.720735, ""planning_time_ms"": 9.366537, ""cpu_total_ms"": 10.0, ""rss_peak_bytes"": 211816448, ""pss_peak_bytes"": 175901696, ""elapsed_ms"": 18.112407, ""rejection_reason"": ""LOCAL_HYBRID_STATIC_COLLISION"", ""zero_displacement_yaw_changes"": 0, ""static_footprint_collision_count"": 24, ""heading_jump_count"": 0, ""heading_jump_max_rad"": 0.125191787635754, ""hard_radius_violation_count"": 0, ""minimum_radius_observed_m"": 3.2230842591235285, ""maximum_curvature_observed"": 0.31026182364588123, ""forward_distance_m"": 1.8906003287389235, ""reverse_distance_m"": 0.0, ""reverse_ratio"": 0.0, ""direction_switch_count"": 0, ""position_continuous"": true, ""endpoint_yaw_valid"": true, ""hard_kinematic_valid"": false, ""turning_radius_preference_satisfied"": true, ""failure_codes"": [""STATIC_FOOTPRINT_COLLISION""]}, {""center_index"": 50, ""window_start_index"": 15, ""window_end_index"": 88, ""window_radius_m"": 2.0, ""action_status"": ""SUCCEEDED"", ""result_code"": ""SUCCEEDED"", ""wall_time_ms"": 14.697369, ""planning_time_ms"": 8.140958, ""cpu_total_ms"": 10.0, ""rss_peak_bytes"": 211832832, ""pss_peak_bytes"": 175918080, ""elapsed_ms"": 18.362847, ""rejection_reason"": """"}, {""center_index"": 0, ""window_start_index"": 0, ""window_end_index"": 19, ""window_radius_m"": 1.0, ""action_status"": ""SUCCEEDED"", ""result_code"": ""SUCCEEDED"", ""wall_time_ms"": 13.662771, ""planning_time_ms"": 8.069988, ""cpu_total_ms"": 10.0, ""rss_peak_bytes"": 211836928, ""pss_peak_bytes"": 175922176, ""elapsed_ms"": 17.270587, ""rejection_reason"": """"}]",0,0,0.4515057434853089,25.651709627672904,0.04113152162040286,True,True,[]
q06_full_smac_normalized_measured_5_1787299589602856278,q06,5,full_smac_normalized,q06_smac_hybrid_reeds_shepp_normalized_measured_5_1787291205919755233,True,,False,False,0.4,2.5,True,True,True,True,True,,0,0,0,0,0,0.4018504378332525,2.4884880190548633,2.450554774926816,2,0.0,0.0,paths/q06_full_smac_normalized_measured_5_1787299589602856278.json.gz,272,,,,,,,,,,,,,,,,,,,,,,,,,,,,
q07_grid_raw_measured_1_1787299589657774936,q07,1,grid_raw,q07_topology_guided_grid_fallback_measured_1_1787293417403736504,False,,False,False,0.4,2.5,True,True,False,True,False,HEADING_DISCONTINUITY,0,0,0,0,0,0.44876330587366126,2.22834618363723,0.05000000000000006,1,0.0,0.0,paths/q07_grid_raw_measured_1_1787299589657774936.json.gz,589,,,,,,,,,,,,,,,,,,,,,,,,,,,,
q07_stage7_with_rotation_measured_1_1787299589727639270,q07,1,stage7_with_rotation,q07_grid_with_rotation_measured_1_1787296947001514036,True,,False,True,0.4,2.5,True,True,False,True,False,IN_PLACE_ROTATION_FORBIDDEN,0,0,3,0,0,0.44876330587366126,2.22834618363723,0.05000000000000006,1,0.0,0.0,paths/q07_stage7_with_rotation_measured_1_1787299589727639270.json.gz,650,,,,,,,,,,,,,,,,,,,,,,,,,,,,
q07_layered_hard_radius_l3_measured_1_1787299589802390084,q07,1,layered_hard_radius_l3,q07_topology_guided_grid_fallback_measured_1_1787293417403736504,,,False,False,0.4,2.5,True,True,True,True,True,,2,2,0,0,0,0.43995923678123317,2.2729378460515046,0.3493923115570174,1,18.491605,10.0,paths/q07_layered_hard_radius_l3_measured_1_1787299589802390084.json.gz,584,grid,corridor,"[69, 74, 82, 83, 87, 96, 105, 106, 122]",2,1.0,3.5529059612186407,0.1073823428135685,9.078881700028444e-07,0.4349548105928784,211873792,175959040,263.477095,281.9687,True,3,0,0,4,,"[{""center_index"": 568, ""window_start_index"": 553, ""window_end_index"": 588, ""window_radius_m"": 1.0, ""action_status"": ""SUCCEEDED"", ""result_code"": ""SUCCEEDED"", ""wall_time_ms"": 15.854724, ""planning_time_ms"": 8.597915, ""cpu_total_ms"": 0.0, ""rss_peak_bytes"": 211853312, ""pss_peak_bytes"": 175938560, ""elapsed_ms"": 19.572433, ""rejection_reason"": """"}, {""center_index"": 0, ""window_start_index"": 0, ""window_end_index"": 20, ""window_radius_m"": 1.0, ""action_status"": ""SUCCEEDED"", ""result_code"": ""SUCCEEDED"", ""wall_time_ms"": 15.635171, ""planning_time_ms"": 9.89369, ""cpu_total_ms"": 10.0, ""rss_peak_bytes"": 211873792, ""pss_peak_bytes"": 175959040, ""elapsed_ms"": 19.194614, ""rejection_reason"": """"}]",0,0,0.4591645919143055,32.956674334667426,0.010490350459820037,True,True,[]
q07_full_smac_normalized_measured_1_1787299590064579179,q07,1,full_smac_normalized,q07_smac_hybrid_reeds_shepp_normalized_measured_1_1787291216395758262,True,,False,False,0.4,2.5,True,True,True,True,True,,0,0,0,0,0,0.4053746936821577,2.466853544597607,0.2996139478075278,1,0.0,0.0,paths/q07_full_smac_normalized_measured_1_1787299590064579179.json.gz,325,,,,,,,,,,,,,,,,,,,,,,,,,,,,
q07_grid_raw_measured_2_1787299590141162073,q07,2,grid_raw,q07_topology_guided_grid_fallback_measured_2_1787293418335119996,False,,False,False,0.4,2.5,True,True,False,True,False,HEADING_DISCONTINUITY,0,0,0,0,0,0.44876330587366126,2.22834618363723,0.05000000000000006,1,0.0,0.0,paths/q07_grid_raw_measured_2_1787299590141162073.json.gz,589,,,,,,,,,,,,,,,,,,,,,,,,,,,,
q07_stage7_with_rotation_measured_2_1787299590215439602,q07,2,stage7_with_rotation,q07_grid_with_rotation_measured_2_1787296947272989612,True,,False,True,0.4,2.5,True,True,False,True,False,IN_PLACE_ROTATION_FORBIDDEN,0,0,3,0,0,0.44876330587366126,2.22834618363723,0.05000000000000006,1,0.0,0.0,paths/q07_stage7_with_rotation_measured_2_1787299590215439602.json.gz,650,,,,,,,,,,,,,,,,,,,,,,,,,,,,
q07_layered_hard_radius_l3_measured_2_1787299590292196979,q07,2,layered_hard_radius_l3,q07_topology_guided_grid_fallback_measured_2_1787293418335119996,,,False,False,0.4,2.5,True,True,True,True,True,,2,2,0,0,0,0.43995923678123317,2.2729378460515046,0.3493923115570174,1,19.696203,30.0,paths/q07_layered_hard_radius_l3_measured_2_1787299590292196979.json.gz,584,grid,corridor,"[69, 74, 82, 83, 87, 96, 105, 106, 122]",2,1.0,3.5529059612186407,0.1073823428135685,9.078881700028444e-07,0.4349548105928784,211873792,175959040,275.453602,295.149805,True,3,0,0,4,,"[{""center_index"": 568, ""window_start_index"": 553, ""window_end_index"": 588, ""window_radius_m"": 1.0, ""action_status"": ""SUCCEEDED"", ""result_code"": ""SUCCEEDED"", ""wall_time_ms"": 14.939251, ""planning_time_ms"": 7.74359, ""cpu_total_ms"": 10.0, ""rss_peak_bytes"": 211873792, ""pss_peak_bytes"": 175959040, ""elapsed_ms"": 18.997277, ""rejection_reason"": """"}, {""center_index"": 0, ""window_start_index"": 0, ""window_end_index"": 20, ""window_radius_m"": 1.0, ""action_status"": ""SUCCEEDED"", ""result_code"": ""SUCCEEDED"", ""wall_time_ms"": 18.29994, ""planning_time_ms"": 11.952613, ""cpu_total_ms"": 20.0, ""rss_peak_bytes"": 211873792, ""pss_peak_bytes"": 175959040, ""elapsed_ms"": 22.176289, ""rejection_reason"": """"}]",0,0,0.4591645919143055,32.956674334667426,0.010490350459820037,True,True,[]
q07_full_smac_normalized_measured_2_1787299590554026884,q07,2,full_smac_normalized,q07_smac_hybrid_reeds_shepp_normalized_measured_2_1787291216519209841,True,,False,False,0.4,2.5,True,True,True,True,True,,0,0,0,0,0,0.4053746936821577,2.466853544597607,0.2996139478075278,1,0.0,0.0,paths/q07_full_smac_normalized_measured_2_1787299590554026884.json.gz,325,,,,,,,,,,,,,,,,,,,,,,,,,,,,
q07_grid_raw_measured_3_1787299590628523396,q07,3,grid_raw,q07_topology_guided_grid_fallback_measured_3_1787293419317060852,False,,False,False,0.4,2.5,True,True,False,True,False,HEADING_DISCONTINUITY,0,0,0,0,0,0.44876330587366126,2.22834618363723,0.05000000000000006,1,0.0,0.0,paths/q07_grid_raw_measured_3_1787299590628523396.json.gz,589,,,,,,,,,,,,,,,,,,,,,,,,,,,,
q07_stage7_with_rotation_measured_3_1787299590701052187,q07,3,stage7_with_rotation,q07_grid_with_rotation_measured_3_1787296947550908349,True,,False,True,0.4,2.5,True,True,False,True,False,IN_PLACE_ROTATION_FORBIDDEN,0,0,3,0,0,0.44876330587366126,2.22834618363723,0.05000000000000006,1,0.0,0.0,paths/q07_stage7_with_rotation_measured_3_1787299590701052187.json.gz,650,,,,,,,,,,,,,,,,,,,,,,,,,,,,
q07_layered_hard_radius_l3_measured_3_1787299590775338632,q07,3,layered_hard_radius_l3,q07_topology_guided_grid_fallback_measured_3_1787293419317060852,,,False,False,0.4,2.5,True,True,True,True,True,,2,2,0,0,0,0.43995923678123317,2.2729378460515046,0.3493923115570174,1,20.235235,20.0,paths/q07_layered_hard_radius_l3_measured_3_1787299590775338632.json.gz,584,grid,corridor,"[69, 74, 82, 83, 87, 96, 105, 106, 122]",2,1.0,3.5529059612186407,0.1073823428135685,9.078881700028444e-07,0.4349548105928784,211873792,175959040,281.978806,302.214041,True,3,0,0,4,,"[{""center_index"": 568, ""window_start_index"": 553, ""window_end_index"": 588, ""window_radius_m"": 1.0, ""action_status"": ""SUCCEEDED"", ""result_code"": ""SUCCEEDED"", ""wall_time_ms"": 19.110083, ""planning_time_ms"": 11.668916, ""cpu_total_ms"": 10.0, ""rss_peak_bytes"": 211873792, ""pss_peak_bytes"": 175959040, ""elapsed_ms"": 23.134475, ""rejection_reason"": """"}, {""center_index"": 0, ""window_start_index"": 0, ""window_end_index"": 20, ""window_radius_m"": 1.0, ""action_status"": ""SUCCEEDED"", ""result_code"": ""SUCCEEDED"", ""wall_time_ms"": 13.858661, ""planning_time_ms"": 8.566319, ""cpu_total_ms"": 10.0, ""rss_peak_bytes"": 211873792, ""pss_peak_bytes"": 175959040, ""elapsed_ms"": 17.632831, ""rejection_reason"": """"}]",0,0,0.4591645919143055,32.956674334667426,0.010490350459820037,True,True,[]
q07_full_smac_normalized_measured_3_1787299591031948700,q07,3,full_smac_normalized,q07_smac_hybrid_reeds_shepp_normalized_measured_3_1787291216646618889,True,,False,False,0.4,2.5,True,True,True,True,True,,0,0,0,0,0,0.4053746936821577,2.466853544597607,0.2996139478075278,1,0.0,0.0,paths/q07_full_smac_normalized_measured_3_1787299591031948700.json.gz,325,,,,,,,,,,,,,,,,,,,,,,,,,,,,
q07_grid_raw_measured_4_1787299591105373742,q07,4,grid_raw,q07_topology_guided_grid_fallback_measured_4_1787293420297086523,False,,False,False,0.4,2.5,True,True,False,True,False,HEADING_DISCONTINUITY,0,0,0,0,0,0.44876330587366126,2.22834618363723,0.05000000000000006,1,0.0,0.0,paths/q07_grid_raw_measured_4_1787299591105373742.json.gz,589,,,,,,,,,,,,,,,,,,,,,,,,,,,,
q07_stage7_with_rotation_measured_4_1787299591175126864,q07,4,stage7_with_rotation,q07_grid_with_rotation_measured_4_1787296947834755327,True,,False,True,0.4,2.5,True,True,False,True,False,IN_PLACE_ROTATION_FORBIDDEN,0,0,3,0,0,0.44876330587366126,2.22834618363723,0.05000000000000006,1,0.0,0.0,paths/q07_stage7_with_rotation_measured_4_1787299591175126864.json.gz,650,,,,,,,,,,,,,,,,,,,,,,,,,,,,
q07_layered_hard_radius_l3_measured_4_1787299591246519803,q07,4,layered_hard_radius_l3,q07_topology_guided_grid_fallback_measured_4_1787293420297086523,,,False,False,0.4,2.5,True,True,True,True,True,,2,2,0,0,0,0.43995923678123317,2.2729378460515046,0.3493923115570174,1,22.588793,20.0,paths/q07_layered_hard_radius_l3_measured_4_1787299591246519803.json.gz,584,grid,corridor,"[69, 74, 82, 83, 87, 96, 105, 106, 122]",2,1.0,3.5529059612186407,0.1073823428135685,9.078881700028444e-07,0.4349548105928784,211877888,175963136,279.26326,301.852053,True,3,0,0,4,,"[{""center_index"": 568, ""window_start_index"": 553, ""window_end_index"": 588, ""window_radius_m"": 1.0, ""action_status"": ""SUCCEEDED"", ""result_code"": ""SUCCEEDED"", ""wall_time_ms"": 18.824462, ""planning_time_ms"": 11.359212, ""cpu_total_ms"": 10.0, ""rss_peak_bytes"": 211877888, ""pss_peak_bytes"": 175963136, ""elapsed_ms"": 22.631944, ""rejection_reason"": """"}, {""center_index"": 0, ""window_start_index"": 0, ""window_end_index"": 20, ""window_radius_m"": 1.0, ""action_status"": ""SUCCEEDED"", ""result_code"": ""SUCCEEDED"", ""wall_time_ms"": 16.668794, ""planning_time_ms"": 11.229581, ""cpu_total_ms"": 10.0, ""rss_peak_bytes"": 211877888, ""pss_peak_bytes"": 175963136, ""elapsed_ms"": 20.370852, ""rejection_reason"": """"}]",0,0,0.4591645919143055,32.956674334667426,0.010490350459820037,True,True,[]
q07_full_smac_normalized_measured_4_1787299591497150463,q07,4,full_smac_normalized,q07_smac_hybrid_reeds_shepp_normalized_measured_4_1787291216771442676,True,,False,False,0.4,2.5,True,True,True,True,True,,0,0,0,0,0,0.4053746936821577,2.466853544597607,0.2996139478075278,1,0.0,0.0,paths/q07_full_smac_normalized_measured_4_1787299591497150463.json.gz,325,,,,,,,,,,,,,,,,,,,,,,,,,,,,
q07_grid_raw_measured_5_1787299591566774372,q07,5,grid_raw,q07_topology_guided_grid_fallback_measured_5_1787293421307787437,False,,False,False,0.4,2.5,True,True,False,True,False,HEADING_DISCONTINUITY,0,0,0,0,0,0.44876330587366126,2.22834618363723,0.05000000000000006,1,0.0,0.0,paths/q07_grid_raw_measured_5_1787299591566774372.json.gz,589,,,,,,,,,,,,,,,,,,,,,,,,,,,,
q07_stage7_with_rotation_measured_5_1787299591634558236,q07,5,stage7_with_rotation,q07_grid_with_rotation_measured_5_1787296948114022265,True,,False,True,0.4,2.5,True,True,False,True,False,IN_PLACE_ROTATION_FORBIDDEN,0,0,3,0,0,0.44876330587366126,2.22834618363723,0.05000000000000006,1,0.0,0.0,paths/q07_stage7_with_rotation_measured_5_1787299591634558236.json.gz,650,,,,,,,,,,,,,,,,,,,,,,,,,,,,
q07_layered_hard_radius_l3_measured_5_1787299591704293581,q07,5,layered_hard_radius_l3,q07_topology_guided_grid_fallback_measured_5_1787293421307787437,,,False,False,0.4,2.5,True,True,True,True,True,,2,2,0,0,0,0.43995923678123317,2.2729378460515046,0.3493923115570174,1,17.738142,20.0,paths/q07_layered_hard_radius_l3_measured_5_1787299591704293581.json.gz,584,grid,corridor,"[69, 74, 82, 83, 87, 96, 105, 106, 122]",2,1.0,3.5529059612186407,0.1073823428135685,9.078881700028444e-07,0.4349548105928784,211877888,175963136,293.959811,311.697953,True,3,0,0,4,,"[{""center_index"": 568, ""window_start_index"": 553, ""window_end_index"": 588, ""window_radius_m"": 1.0, ""action_status"": ""SUCCEEDED"", ""result_code"": ""SUCCEEDED"", ""wall_time_ms"": 14.981759, ""planning_time_ms"": 8.05104, ""cpu_total_ms"": 10.0, ""rss_peak_bytes"": 211877888, ""pss_peak_bytes"": 175963136, ""elapsed_ms"": 17.379643, ""rejection_reason"": """"}, {""center_index"": 0, ""window_start_index"": 0, ""window_end_index"": 20, ""window_radius_m"": 1.0, ""action_status"": ""SUCCEEDED"", ""result_code"": ""SUCCEEDED"", ""wall_time_ms"": 14.447618, ""planning_time_ms"": 9.687102, ""cpu_total_ms"": 10.0, ""rss_peak_bytes"": 211877888, ""pss_peak_bytes"": 175963136, ""elapsed_ms"": 17.891453, ""rejection_reason"": """"}]",0,0,0.4591645919143055,32.956674334667426,0.010490350459820037,True,True,[]
q07_full_smac_normalized_measured_5_1787299591945723447,q07,5,full_smac_normalized,q07_smac_hybrid_reeds_shepp_normalized_measured_5_1787291216898095212,True,,False,False,0.4,2.5,True,True,True,True,True,,0,0,0,0,0,0.4053746936821577,2.466853544597607,0.2996139478075278,1,0.0,0.0,paths/q07_full_smac_normalized_measured_5_1787299591945723447.json.gz,325,,,,,,,,,,,,,,,,,,,,,,,,,,,,
q08_grid_raw_measured_1_1787299592014783683,q08,1,grid_raw,q08_topology_guided_grid_fallback_measured_1_1787293422927853492,False,,False,False,0.4,2.5,True,True,False,True,False,HEADING_DISCONTINUITY,0,0,0,0,0,0.44546086877283597,2.2448660928508017,0.04999999999999982,1,0.0,0.0,paths/q08_grid_raw_measured_1_1787299592014783683.json.gz,497,,,,,,,,,,,,,,,,,,,,,,,,,,,,
q08_stage7_with_rotation_measured_1_1787299592066294373,q08,1,stage7_with_rotation,q08_grid_with_rotation_measured_1_1787296948393237314,True,,False,True,0.4,2.5,True,True,False,True,False,IN_PLACE_ROTATION_FORBIDDEN,0,0,2,0,0,0.44546086877283597,2.2448660928508017,0.04999999999999982,1,0.0,0.0,paths/q08_stage7_with_rotation_measured_1_1787299592066294373.json.gz,546,,,,,,,,,,,,,,,,,,,,,,,,,,,,
q08_layered_hard_radius_l3_measured_1_1787299592123049965,q08,1,layered_hard_radius_l3,q08_topology_guided_grid_fallback_measured_1_1787293422927853492,,,False,False,0.4,2.5,True,False,False,False,False,KINEMATIC_REPAIR_FAILED,2,0,0,,,,,,,20.579766,20.0,,,grid,corridor,"[125, 127, 126, 123, 120, 116, 109, 104, 100, 99]",2,,0.0,0.0,,,212398080,176483328,1189.709895,,True,3,0,0,3,LOCAL_HYBRID_STATIC_COLLISION,"[{""center_index"": 495, ""window_start_index"": 477, ""window_end_index"": 496, ""window_radius_m"": 1.0, ""action_status"": ""SUCCEEDED"", ""result_code"": ""SUCCEEDED"", ""wall_time_ms"": 16.358767, ""planning_time_ms"": 9.060848, ""cpu_total_ms"": 10.0, ""rss_peak_bytes"": 211972096, ""pss_peak_bytes"": 176057344, ""elapsed_ms"": 19.78717, ""rejection_reason"": ""ENDPOINT_YAW_DISCONTINUITY"", ""zero_displacement_yaw_changes"": 0, ""static_footprint_collision_count"": 0, ""heading_jump_count"": 0, ""heading_jump_max_rad"": 0.22202705395462408, ""hard_radius_violation_count"": 0, ""minimum_radius_observed_m"": 0.4203694172372581, ""maximum_curvature_observed"": 2.378860019294877, ""forward_distance_m"": 0.5233775557186966, ""reverse_distance_m"": 0.933753949852617, ""reverse_ratio"": 0.6408165263618466, ""direction_switch_count"": 1, ""position_continuous"": true, ""endpoint_yaw_valid"": false, ""hard_kinematic_valid"": false, ""turning_radius_preference_satisfied"": true, ""failure_codes"": [""ENDPOINT_YAW_DISCONTINUITY""]}, {""center_index"": 495, ""window_start_index"": 457, ""window_end_index"": 496, ""window_radius_m"": 2.0, ""action_status"": ""SUCCEEDED"", ""result_code"": ""SUCCEEDED"", ""wall_time_ms"": 17.828297, ""planning_time_ms"": 11.518918, ""cpu_total_ms"": 10.0, ""rss_peak_bytes"": 212398080, ""pss_peak_bytes"": 176483328, ""elapsed_ms"": 21.689462, ""rejection_reason"": ""LOCAL_HYBRID_STATIC_COLLISION"", ""zero_displacement_yaw_changes"": 0, ""static_footprint_collision_count"": 2, ""heading_jump_count"": 0, ""heading_jump_max_rad"": 0.1622151445528317, ""hard_radius_violation_count"": 2, ""minimum_radius_observed_m"": 0.3995115617794368, ""maximum_curvature_observed"": 2.50305647112181, ""forward_distance_m"": 1.3493902973057892, ""reverse_distance_m"": 0.8227774257104831, ""reverse_ratio"": 0.37878171975043173, ""direction_switch_count"": 1, ""position_continuous"": true, ""endpoint_yaw_valid"": true, ""hard_kinematic_valid"": false, ""turning_radius_preference_satisfied"": false, ""failure_codes"": [""STATIC_FOOTPRINT_COLLISION"", ""MINIMUM_TURNING_RADIUS_VIOLATION""]}]",,,,,,,,
q08_full_smac_normalized_measured_1_1787299592283475540,q08,1,full_smac_normalized,q08_smac_hybrid_reeds_shepp_normalized_measured_1_1787291227520224083,True,,False,False,0.4,2.5,True,True,False,False,False,MINIMUM_TURNING_RADIUS_VIOLATION,0,0,0,0,6,0.397377891743943,2.5164963144058516,0.570464739840925,2,0.0,0.0,paths/q08_full_smac_normalized_measured_1_1787299592283475540.json.gz,227,,,,,,,,,,,,,,,,,,,,,,,,,,,,
q08_grid_raw_measured_2_1787299592338064558,q08,2,grid_raw,q08_topology_guided_grid_fallback_measured_2_1787293424535134058,False,,False,False,0.4,2.5,True,True,False,True,False,HEADING_DISCONTINUITY,0,0,0,0,0,0.44546086877283597,2.2448660928508017,0.04999999999999982,1,0.0,0.0,paths/q08_grid_raw_measured_2_1787299592338064558.json.gz,497,,,,,,,,,,,,,,,,,,,,,,,,,,,,
q08_stage7_with_rotation_measured_2_1787299592394628823,q08,2,stage7_with_rotation,q08_grid_with_rotation_measured_2_1787296948596196657,True,,False,True,0.4,2.5,True,True,False,True,False,IN_PLACE_ROTATION_FORBIDDEN,0,0,2,0,0,0.44546086877283597,2.2448660928508017,0.04999999999999982,1,0.0,0.0,paths/q08_stage7_with_rotation_measured_2_1787299592394628823.json.gz,546,,,,,,,,,,,,,,,,,,,,,,,,,,,,
q08_layered_hard_radius_l3_measured_2_1787299592452638271,q08,2,layered_hard_radius_l3,q08_topology_guided_grid_fallback_measured_2_1787293424535134058,,,False,False,0.4,2.5,True,False,False,False,False,KINEMATIC_REPAIR_FAILED,2,0,0,,,,,,,20.19087,20.0,,,grid,corridor,"[125, 127, 126, 123, 120, 116, 109, 104, 100, 99]",2,,0.0,0.0,,,212402176,176487424,1184.32664,,True,3,0,0,3,LOCAL_HYBRID_STATIC_COLLISION,"[{""center_index"": 495, ""window_start_index"": 477, ""window_end_index"": 496, ""window_radius_m"": 1.0, ""action_status"": ""SUCCEEDED"", ""result_code"": ""SUCCEEDED"", ""wall_time_ms"": 18.367678, ""planning_time_ms"": 8.903373, ""cpu_total_ms"": 10.0, ""rss_peak_bytes"": 212398080, ""pss_peak_bytes"": 176483328, ""elapsed_ms"": 21.996624, ""rejection_reason"": ""ENDPOINT_YAW_DISCONTINUITY"", ""zero_displacement_yaw_changes"": 0, ""static_footprint_collision_count"": 0, ""heading_jump_count"": 0, ""heading_jump_max_rad"": 0.22202705395462408, ""hard_radius_violation_count"": 0, ""minimum_radius_observed_m"": 0.4203694172372581, ""maximum_curvature_observed"": 2.378860019294877, ""forward_distance_m"": 0.5233775557186966, ""reverse_distance_m"": 0.933753949852617, ""reverse_ratio"": 0.6408165263618466, ""direction_switch_count"": 1, ""position_continuous"": true, ""endpoint_yaw_valid"": false, ""hard_kinematic_valid"": false, ""turning_radius_preference_satisfied"": true, ""failure_codes"": [""ENDPOINT_YAW_DISCONTINUITY""]}, {""center_index"": 495, ""window_start_index"": 457, ""window_end_index"": 496, ""window_radius_m"": 2.0, ""action_status"": ""SUCCEEDED"", ""result_code"": ""SUCCEEDED"", ""wall_time_ms"": 17.034321, ""planning_time_ms"": 11.287497, ""cpu_total_ms"": 10.0, ""rss_peak_bytes"": 212402176, ""pss_peak_bytes"": 176487424, ""elapsed_ms"": 20.313074, ""rejection_reason"": ""LOCAL_HYBRID_STATIC_COLLISION"", ""zero_displacement_yaw_changes"": 0, ""static_footprint_collision_count"": 2, ""heading_jump_count"": 0, ""heading_jump_max_rad"": 0.1622151445528317, ""hard_radius_violation_count"": 2, ""minimum_radius_observed_m"": 0.3995115617794368, ""maximum_curvature_observed"": 2.50305647112181, ""forward_distance_m"": 1.3493902973057892, ""reverse_distance_m"": 0.8227774257104831, ""reverse_ratio"": 0.37878171975043173, ""direction_switch_count"": 1, ""position_continuous"": true, ""endpoint_yaw_valid"": true, ""hard_kinematic_valid"": false, ""turning_radius_preference_satisfied"": false, ""failure_codes"": [""STATIC_FOOTPRINT_COLLISION"", ""MINIMUM_TURNING_RADIUS_VIOLATION""]}]",,,,,,,,
q08_full_smac_normalized_measured_2_1787299592618840154,q08,2,full_smac_normalized,q08_smac_hybrid_reeds_shepp_normalized_measured_2_1787291227693622785,True,,False,False,0.4,2.5,True,True,False,False,False,MINIMUM_TURNING_RADIUS_VIOLATION,0,0,0,0,6,0.397377891743943,2.5164963144058516,0.570464739840925,2,0.0,0.0,paths/q08_full_smac_normalized_measured_2_1787299592618840154.json.gz,227,,,,,,,,,,,,,,,,,,,,,,,,,,,,
q08_grid_raw_measured_3_1787299592673884488,q08,3,grid_raw,q08_topology_guided_grid_fallback_measured_3_1787293426109740342,False,,False,False,0.4,2.5,True,True,False,True,False,HEADING_DISCONTINUITY,0,0,0,0,0,0.44546086877283597,2.2448660928508017,0.04999999999999982,1,0.0,0.0,paths/q08_grid_raw_measured_3_1787299592673884488.json.gz,497,,,,,,,,,,,,,,,,,,,,,,,,,,,,
q08_stage7_with_rotation_measured_3_1787299592730191702,q08,3,stage7_with_rotation,q08_grid_with_rotation_measured_3_1787296948797752951,True,,False,True,0.4,2.5,True,True,False,True,False,IN_PLACE_ROTATION_FORBIDDEN,0,0,2,0,0,0.44546086877283597,2.2448660928508017,0.04999999999999982,1,0.0,0.0,paths/q08_stage7_with_rotation_measured_3_1787299592730191702.json.gz,546,,,,,,,,,,,,,,,,,,,,,,,,,,,,
q08_layered_hard_radius_l3_measured_3_1787299592788005568,q08,3,layered_hard_radius_l3,q08_topology_guided_grid_fallback_measured_3_1787293426109740342,,,False,False,0.4,2.5,True,False,False,False,False,KINEMATIC_REPAIR_FAILED,2,0,0,,,,,,,21.85367,30.0,,,grid,corridor,"[125, 127, 126, 123, 120, 116, 109, 104, 100, 99]",2,,0.0,0.0,,,212402176,176487424,1190.012592,,True,3,0,0,3,LOCAL_HYBRID_STATIC_COLLISION,"[{""center_index"": 495, ""window_start_index"": 477, ""window_end_index"": 496, ""window_radius_m"": 1.0, ""action_status"": ""SUCCEEDED"", ""result_code"": ""SUCCEEDED"", ""wall_time_ms"": 16.509821, ""planning_time_ms"": 9.123648, ""cpu_total_ms"": 10.0, ""rss_peak_bytes"": 212402176, ""pss_peak_bytes"": 176487424, ""elapsed_ms"": 20.244548, ""rejection_reason"": ""ENDPOINT_YAW_DISCONTINUITY"", ""zero_displacement_yaw_changes"": 0, ""static_footprint_collision_count"": 0, ""heading_jump_count"": 0, ""heading_jump_max_rad"": 0.22202705395462408, ""hard_radius_violation_count"": 0, ""minimum_radius_observed_m"": 0.4203694172372581, ""maximum_curvature_observed"": 2.378860019294877, ""forward_distance_m"": 0.5233775557186966, ""reverse_distance_m"": 0.933753949852617, ""reverse_ratio"": 0.6408165263618466, ""direction_switch_count"": 1, ""position_continuous"": true, ""endpoint_yaw_valid"": false, ""hard_kinematic_valid"": false, ""turning_radius_preference_satisfied"": true, ""failure_codes"": [""ENDPOINT_YAW_DISCONTINUITY""]}, {""center_index"": 495, ""window_start_index"": 457, ""window_end_index"": 496, ""window_radius_m"": 2.0, ""action_status"": ""SUCCEEDED"", ""result_code"": ""SUCCEEDED"", ""wall_time_ms"": 16.843521, ""planning_time_ms"": 12.730022, ""cpu_total_ms"": 20.0, ""rss_peak_bytes"": 212402176, ""pss_peak_bytes"": 176487424, ""elapsed_ms"": 20.455237, ""rejection_reason"": ""LOCAL_HYBRID_STATIC_COLLISION"", ""zero_displacement_yaw_changes"": 0, ""static_footprint_collision_count"": 2, ""heading_jump_count"": 0, ""heading_jump_max_rad"": 0.1622151445528317, ""hard_radius_violation_count"": 2, ""minimum_radius_observed_m"": 0.3995115617794368, ""maximum_curvature_observed"": 2.50305647112181, ""forward_distance_m"": 1.3493902973057892, ""reverse_distance_m"": 0.8227774257104831, ""reverse_ratio"": 0.37878171975043173, ""direction_switch_count"": 1, ""position_continuous"": true, ""endpoint_yaw_valid"": true, ""hard_kinematic_valid"": false, ""turning_radius_preference_satisfied"": false, ""failure_codes"": [""STATIC_FOOTPRINT_COLLISION"", ""MINIMUM_TURNING_RADIUS_VIOLATION""]}]",,,,,,,,
q08_full_smac_normalized_measured_3_1787299592946210585,q08,3,full_smac_normalized,q08_smac_hybrid_reeds_shepp_normalized_measured_3_1787291227871741692,True,,False,False,0.4,2.5,True,True,False,False,False,MINIMUM_TURNING_RADIUS_VIOLATION,0,0,0,0,6,0.397377891743943,2.5164963144058516,0.570464739840925,2,0.0,0.0,paths/q08_full_smac_normalized_measured_3_1787299592946210585.json.gz,227,,,,,,,,,,,,,,,,,,,,,,,,,,,,
q08_grid_raw_measured_4_1787299592999533577,q08,4,grid_raw,q08_topology_guided_grid_fallback_measured_4_1787293427650413174,False,,False,False,0.4,2.5,True,True,False,True,False,HEADING_DISCONTINUITY,0,0,0,0,0,0.44546086877283597,2.2448660928508017,0.04999999999999982,1,0.0,0.0,paths/q08_grid_raw_measured_4_1787299592999533577.json.gz,497,,,,,,,,,,,,,,,,,,,,,,,,,,,,
q08_stage7_with_rotation_measured_4_1787299593053717122,q08,4,stage7_with_rotation,q08_grid_with_rotation_measured_4_1787296948994570648,True,,False,True,0.4,2.5,True,True,False,True,False,IN_PLACE_ROTATION_FORBIDDEN,0,0,2,0,0,0.44546086877283597,2.2448660928508017,0.04999999999999982,1,0.0,0.0,paths/q08_stage7_with_rotation_measured_4_1787299593053717122.json.gz,546,,,,,,,,,,,,,,,,,,,,,,,,,,,,
q08_layered_hard_radius_l3_measured_4_1787299593108835490,q08,4,layered_hard_radius_l3,q08_topology_guided_grid_fallback_measured_4_1787293427650413174,,,False,False,0.4,2.5,True,False,False,False,False,KINEMATIC_REPAIR_FAILED,2,0,0,,,,,,,21.365850000000002,20.0,,,grid,corridor,"[125, 127, 126, 123, 120, 116, 109, 104, 100, 99]",2,,0.0,0.0,,,212402176,176487424,1136.841569,,True,3,0,0,3,LOCAL_HYBRID_STATIC_COLLISION,"[{""center_index"": 495, ""window_start_index"": 477, ""window_end_index"": 496, ""window_radius_m"": 1.0, ""action_status"": ""SUCCEEDED"", ""result_code"": ""SUCCEEDED"", ""wall_time_ms"": 16.410208, ""planning_time_ms"": 8.945592, ""cpu_total_ms"": 10.0, ""rss_peak_bytes"": 212402176, ""pss_peak_bytes"": 176487424, ""elapsed_ms"": 19.804449, ""rejection_reason"": ""ENDPOINT_YAW_DISCONTINUITY"", ""zero_displacement_yaw_changes"": 0, ""static_footprint_collision_count"": 0, ""heading_jump_count"": 0, ""heading_jump_max_rad"": 0.22202705395462408, ""hard_radius_violation_count"": 0, ""minimum_radius_observed_m"": 0.4203694172372581, ""maximum_curvature_observed"": 2.378860019294877, ""forward_distance_m"": 0.5233775557186966, ""reverse_distance_m"": 0.933753949852617, ""reverse_ratio"": 0.6408165263618466, ""direction_switch_count"": 1, ""position_continuous"": true, ""endpoint_yaw_valid"": false, ""hard_kinematic_valid"": false, ""turning_radius_preference_satisfied"": true, ""failure_codes"": [""ENDPOINT_YAW_DISCONTINUITY""]}, {""center_index"": 495, ""window_start_index"": 457, ""window_end_index"": 496, ""window_radius_m"": 2.0, ""action_status"": ""SUCCEEDED"", ""result_code"": ""SUCCEEDED"", ""wall_time_ms"": 18.375832, ""planning_time_ms"": 12.420258, ""cpu_total_ms"": 10.0, ""rss_peak_bytes"": 212402176, ""pss_peak_bytes"": 176487424, ""elapsed_ms"": 22.461013, ""rejection_reason"": ""LOCAL_HYBRID_STATIC_COLLISION"", ""zero_displacement_yaw_changes"": 0, ""static_footprint_collision_count"": 2, ""heading_jump_count"": 0, ""heading_jump_max_rad"": 0.1622151445528317, ""hard_radius_violation_count"": 2, ""minimum_radius_observed_m"": 0.3995115617794368, ""maximum_curvature_observed"": 2.50305647112181, ""forward_distance_m"": 1.3493902973057892, ""reverse_distance_m"": 0.8227774257104831, ""reverse_ratio"": 0.37878171975043173, ""direction_switch_count"": 1, ""position_continuous"": true, ""endpoint_yaw_valid"": true, ""hard_kinematic_valid"": false, ""turning_radius_preference_satisfied"": false, ""failure_codes"": [""STATIC_FOOTPRINT_COLLISION"", ""MINIMUM_TURNING_RADIUS_VIOLATION""]}]",,,,,,,,
q08_full_smac_normalized_measured_4_1787299593264957189,q08,4,full_smac_normalized,q08_smac_hybrid_reeds_shepp_normalized_measured_4_1787291228039990538,True,,False,False,0.4,2.5,True,True,False,False,False,MINIMUM_TURNING_RADIUS_VIOLATION,0,0,0,0,6,0.397377891743943,2.5164963144058516,0.570464739840925,2,0.0,0.0,paths/q08_full_smac_normalized_measured_4_1787299593264957189.json.gz,227,,,,,,,,,,,,,,,,,,,,,,,,,,,,
q08_grid_raw_measured_5_1787299593317348735,q08,5,grid_raw,q08_topology_guided_grid_fallback_measured_5_1787293429235385650,False,,False,False,0.4,2.5,True,True,False,True,False,HEADING_DISCONTINUITY,0,0,0,0,0,0.44546086877283597,2.2448660928508017,0.04999999999999982,1,0.0,0.0,paths/q08_grid_raw_measured_5_1787299593317348735.json.gz,497,,,,,,,,,,,,,,,,,,,,,,,,,,,,
q08_stage7_with_rotation_measured_5_1787299593397684349,q08,5,stage7_with_rotation,q08_grid_with_rotation_measured_5_1787296949191364929,True,,False,True,0.4,2.5,True,True,False,True,False,IN_PLACE_ROTATION_FORBIDDEN,0,0,2,0,0,0.44546086877283597,2.2448660928508017,0.04999999999999982,1,0.0,0.0,paths/q08_stage7_with_rotation_measured_5_1787299593397684349.json.gz,546,,,,,,,,,,,,,,,,,,,,,,,,,,,,
q08_layered_hard_radius_l3_measured_5_1787299593453044885,q08,5,layered_hard_radius_l3,q08_topology_guided_grid_fallback_measured_5_1787293429235385650,,,False,False,0.4,2.5,True,False,False,False,False,KINEMATIC_REPAIR_FAILED,2,0,0,,,,,,,20.267765,20.0,,,grid,corridor,"[125, 127, 126, 123, 120, 116, 109, 104, 100, 99]",2,,0.0,0.0,,,212406272,176491520,1178.413701,,True,3,0,0,3,LOCAL_HYBRID_STATIC_COLLISION,"[{""center_index"": 495, ""window_start_index"": 477, ""window_end_index"": 496, ""window_radius_m"": 1.0, ""action_status"": ""SUCCEEDED"", ""result_code"": ""SUCCEEDED"", ""wall_time_ms"": 15.453869, ""planning_time_ms"": 8.055764, ""cpu_total_ms"": 10.0, ""rss_peak_bytes"": 212402176, ""pss_peak_bytes"": 176487424, ""elapsed_ms"": 18.531578, ""rejection_reason"": ""ENDPOINT_YAW_DISCONTINUITY"", ""zero_displacement_yaw_changes"": 0, ""static_footprint_collision_count"": 0, ""heading_jump_count"": 0, ""heading_jump_max_rad"": 0.22202705395462408, ""hard_radius_violation_count"": 0, ""minimum_radius_observed_m"": 0.4203694172372581, ""maximum_curvature_observed"": 2.378860019294877, ""forward_distance_m"": 0.5233775557186966, ""reverse_distance_m"": 0.933753949852617, ""reverse_ratio"": 0.6408165263618466, ""direction_switch_count"": 1, ""position_continuous"": true, ""endpoint_yaw_valid"": false, ""hard_kinematic_valid"": false, ""turning_radius_preference_satisfied"": true, ""failure_codes"": [""ENDPOINT_YAW_DISCONTINUITY""]}, {""center_index"": 495, ""window_start_index"": 457, ""window_end_index"": 496, ""window_radius_m"": 2.0, ""action_status"": ""SUCCEEDED"", ""result_code"": ""SUCCEEDED"", ""wall_time_ms"": 18.352322, ""planning_time_ms"": 12.212001, ""cpu_total_ms"": 10.0, ""rss_peak_bytes"": 212406272, ""pss_peak_bytes"": 176491520, ""elapsed_ms"": 22.147349, ""rejection_reason"": ""LOCAL_HYBRID_STATIC_COLLISION"", ""zero_displacement_yaw_changes"": 0, ""static_footprint_collision_count"": 2, ""heading_jump_count"": 0, ""heading_jump_max_rad"": 0.1622151445528317, ""hard_radius_violation_count"": 2, ""minimum_radius_observed_m"": 0.3995115617794368, ""maximum_curvature_observed"": 2.50305647112181, ""forward_distance_m"": 1.3493902973057892, ""reverse_distance_m"": 0.8227774257104831, ""reverse_ratio"": 0.37878171975043173, ""direction_switch_count"": 1, ""position_continuous"": true, ""endpoint_yaw_valid"": true, ""hard_kinematic_valid"": false, ""turning_radius_preference_satisfied"": false, ""failure_codes"": [""STATIC_FOOTPRINT_COLLISION"", ""MINIMUM_TURNING_RADIUS_VIOLATION""]}]",,,,,,,,
q08_full_smac_normalized_measured_5_1787299593612358455,q08,5,full_smac_normalized,q08_smac_hybrid_reeds_shepp_normalized_measured_5_1787291228218101457,True,,False,False,0.4,2.5,True,True,False,False,False,MINIMUM_TURNING_RADIUS_VIOLATION,0,0,0,0,6,0.397377891743943,2.5164963144058516,0.570464739840925,2,0.0,0.0,paths/q08_full_smac_normalized_measured_5_1787299593612358455.json.gz,227,,,,,,,,,,,,,,,,,,,,,,,,,,,,
q09_grid_raw_measured_1_1787299593664611282,q09,1,grid_raw,q09_topology_guided_grid_fallback_measured_1_1787293429642478507,False,,False,False,0.4,2.5,True,True,False,True,False,HEADING_DISCONTINUITY,0,0,0,0,0,0.48542464398693036,2.0600519820887464,0.06898628384825654,2,0.0,0.0,paths/q09_grid_raw_measured_1_1787299593664611282.json.gz,266,,,,,,,,,,,,,,,,,,,,,,,,,,,,
q09_stage7_with_rotation_measured_1_1787299593695857824,q09,1,stage7_with_rotation,q09_grid_with_rotation_measured_1_1787296949379455059,True,,False,True,0.4,2.5,True,True,False,True,False,IN_PLACE_ROTATION_FORBIDDEN,0,0,2,0,0,0.48542464398693036,2.0600519820887464,0.05000000000000053,1,0.0,0.0,paths/q09_stage7_with_rotation_measured_1_1787299593695857824.json.gz,331,,,,,,,,,,,,,,,,,,,,,,,,,,,,
q09_layered_hard_radius_l3_measured_1_1787299593729788111,q09,1,layered_hard_radius_l3,q09_topology_guided_grid_fallback_measured_1_1787293429642478507,,,False,False,0.4,2.5,True,True,True,True,True,,2,2,0,0,0,0.4624411375837619,2.1624373757597857,0.8491941598345074,2,16.966378,20.0,paths/q09_layered_hard_radius_l3_measured_1_1787299593729788111.json.gz,268,grid,corridor,"[135, 131, 128, 127, 126]",2,1.0,2.7856099782788695,0.18609209237398827,7.297715320291375e-07,0.4380998812396573,212410368,176495616,260.364389,277.33076700000004,True,5,0,0,3,,"[{""center_index"": 264, ""window_start_index"": 246, ""window_end_index"": 265, ""window_radius_m"": 1.0, ""action_status"": ""SUCCEEDED"", ""result_code"": ""SUCCEEDED"", ""wall_time_ms"": 15.606282, ""planning_time_ms"": 8.330143, ""cpu_total_ms"": 10.0, ""rss_peak_bytes"": 212410368, ""pss_peak_bytes"": 176495616, ""elapsed_ms"": 18.838, ""rejection_reason"": """"}, {""center_index"": 0, ""window_start_index"": 0, ""window_end_index"": 19, ""window_radius_m"": 1.0, ""action_status"": ""SUCCEEDED"", ""result_code"": ""SUCCEEDED"", ""wall_time_ms"": 14.073728, ""planning_time_ms"": 8.636235, ""cpu_total_ms"": 10.0, ""rss_peak_bytes"": 212410368, ""pss_peak_bytes"": 176495616, ""elapsed_ms"": 17.205478, ""rejection_reason"": """"}]",0,0,0.409130805579383,14.625111722110612,0.054877689914693856,True,True,[]
q09_full_smac_normalized_measured_1_1787299593863803500,q09,1,full_smac_normalized,q09_smac_hybrid_reeds_shepp_normalized_measured_1_1787291237772429634,True,,False,False,0.4,2.5,True,True,True,True,True,,0,0,0,0,0,0.4264035133674257,2.3451964363584277,0.8526198641262807,2,0.0,0.0,paths/q09_full_smac_normalized_measured_1_1787299593863803500.json.gz,158,,,,,,,,,,,,,,,,,,,,,,,,,,,,
q09_grid_raw_measured_2_1787299593896775456,q09,2,grid_raw,q09_topology_guided_grid_fallback_measured_2_1787293430058725692,False,,False,False,0.4,2.5,True,True,False,True,False,HEADING_DISCONTINUITY,0,0,0,0,0,0.48542464398693036,2.0600519820887464,0.06898628384825654,2,0.0,0.0,paths/q09_grid_raw_measured_2_1787299593896775456.json.gz,266,,,,,,,,,,,,,,,,,,,,,,,,,,,,
q09_stage7_with_rotation_measured_2_1787299593927800128,q09,2,stage7_with_rotation,q09_grid_with_rotation_measured_2_1787296949528351525,True,,False,True,0.4,2.5,True,True,False,True,False,IN_PLACE_ROTATION_FORBIDDEN,0,0,2,0,0,0.48542464398693036,2.0600519820887464,0.05000000000000053,1,0.0,0.0,paths/q09_stage7_with_rotation_measured_2_1787299593927800128.json.gz,331,,,,,,,,,,,,,,,,,,,,,,,,,,,,
q09_layered_hard_radius_l3_measured_2_1787299593961753507,q09,2,layered_hard_radius_l3,q09_topology_guided_grid_fallback_measured_2_1787293430058725692,,,False,False,0.4,2.5,True,True,True,True,True,,2,2,0,0,0,0.4624411375837619,2.1624373757597857,0.8491941598345074,2,18.531878,20.0,paths/q09_layered_hard_radius_l3_measured_2_1787299593961753507.json.gz,268,grid,corridor,"[135, 131, 128, 127, 126]",2,1.0,2.7856099782788695,0.18609209237398827,7.297715320291375e-07,0.4380998812396573,212410368,176495616,268.147801,286.679679,True,5,0,0,3,,"[{""center_index"": 264, ""window_start_index"": 246, ""window_end_index"": 265, ""window_radius_m"": 1.0, ""action_status"": ""SUCCEEDED"", ""result_code"": ""SUCCEEDED"", ""wall_time_ms"": 16.410629, ""planning_time_ms"": 9.145879, ""cpu_total_ms"": 10.0, ""rss_peak_bytes"": 212410368, ""pss_peak_bytes"": 176495616, ""elapsed_ms"": 19.208133, ""rejection_reason"": """"}, {""center_index"": 0, ""window_start_index"": 0, ""window_end_index"": 19, ""window_radius_m"": 1.0, ""action_status"": ""SUCCEEDED"", ""result_code"": ""SUCCEEDED"", ""wall_time_ms"": 14.692248, ""planning_time_ms"": 9.385999, ""cpu_total_ms"": 10.0, ""rss_peak_bytes"": 212410368, ""pss_peak_bytes"": 176495616, ""elapsed_ms"": 18.215527, ""rejection_reason"": """"}]",0,0,0.409130805579383,14.625111722110612,0.054877689914693856,True,True,[]
q09_full_smac_normalized_measured_2_1787299594096279450,q09,2,full_smac_normalized,q09_smac_hybrid_reeds_shepp_normalized_measured_2_1787291237829412557,True,,False,False,0.4,2.5,True,True,True,True,True,,0,0,0,0,0,0.4264035133674257,2.3451964363584277,0.8526198641262807,2,0.0,0.0,paths/q09_full_smac_normalized_measured_2_1787299594096279450.json.gz,158,,,,,,,,,,,,,,,,,,,,,,,,,,,,
q09_grid_raw_measured_3_1787299594129518071,q09,3,grid_raw,q09_topology_guided_grid_fallback_measured_3_1787293430471854761,False,,False,False,0.4,2.5,True,True,False,True,False,HEADING_DISCONTINUITY,0,0,0,0,0,0.48542464398693036,2.0600519820887464,0.06898628384825654,2,0.0,0.0,paths/q09_grid_raw_measured_3_1787299594129518071.json.gz,266,,,,,,,,,,,,,,,,,,,,,,,,,,,,
q09_stage7_with_rotation_measured_3_1787299594160602921,q09,3,stage7_with_rotation,q09_grid_with_rotation_measured_3_1787296949675590074,True,,False,True,0.4,2.5,True,True,False,True,False,IN_PLACE_ROTATION_FORBIDDEN,0,0,2,0,0,0.48542464398693036,2.0600519820887464,0.05000000000000053,1,0.0,0.0,paths/q09_stage7_with_rotation_measured_3_1787299594160602921.json.gz,331,,,,,,,,,,,,,,,,,,,,,,,,,,,,
q09_layered_hard_radius_l3_measured_3_1787299594194427473,q09,3,layered_hard_radius_l3,q09_topology_guided_grid_fallback_measured_3_1787293430471854761,,,False,False,0.4,2.5,True,True,True,True,True,,2,2,0,0,0,0.4624411375837619,2.1624373757597857,0.8491941598345074,2,16.302815000000002,20.0,paths/q09_layered_hard_radius_l3_measured_3_1787299594194427473.json.gz,268,grid,corridor,"[135, 131, 128, 127, 126]",2,1.0,2.7856099782788695,0.18609209237398827,7.297715320291375e-07,0.4380998812396573,212414464,176499712,258.987952,275.290767,True,5,0,0,3,,"[{""center_index"": 264, ""window_start_index"": 246, ""window_end_index"": 265, ""window_radius_m"": 1.0, ""action_status"": ""SUCCEEDED"", ""result_code"": ""SUCCEEDED"", ""wall_time_ms"": 14.41568, ""planning_time_ms"": 7.487498, ""cpu_total_ms"": 10.0, ""rss_peak_bytes"": 212410368, ""pss_peak_bytes"": 176495616, ""elapsed_ms"": 16.614604, ""rejection_reason"": """"}, {""center_index"": 0, ""window_start_index"": 0, ""window_end_index"": 19, ""window_radius_m"": 1.0, ""action_status"": ""SUCCEEDED"", ""result_code"": ""SUCCEEDED"", ""wall_time_ms"": 14.067534, ""planning_time_ms"": 8.815317, ""cpu_total_ms"": 10.0, ""rss_peak_bytes"": 212414464, ""pss_peak_bytes"": 176499712, ""elapsed_ms"": 17.696318, ""rejection_reason"": """"}]",0,0,0.409130805579383,14.625111722110612,0.054877689914693856,True,True,[]
q09_full_smac_normalized_measured_3_1787299594326010331,q09,3,full_smac_normalized,q09_smac_hybrid_reeds_shepp_normalized_measured_3_1787291237888600005,True,,False,False,0.4,2.5,True,True,True,True,True,,0,0,0,0,0,0.4264035133674257,2.3451964363584277,0.8526198641262807,2,0.0,0.0,paths/q09_full_smac_normalized_measured_3_1787299594326010331.json.gz,158,,,,,,,,,,,,,,,,,,,,,,,,,,,,
q09_grid_raw_measured_4_1787299594358505259,q09,4,grid_raw,q09_topology_guided_grid_fallback_measured_4_1787293430883524388,False,,False,False,0.4,2.5,True,True,False,True,False,HEADING_DISCONTINUITY,0,0,0,0,0,0.48542464398693036,2.0600519820887464,0.06898628384825654,2,0.0,0.0,paths/q09_grid_raw_measured_4_1787299594358505259.json.gz,266,,,,,,,,,,,,,,,,,,,,,,,,,,,,
q09_stage7_with_rotation_measured_4_1787299594390264741,q09,4,stage7_with_rotation,q09_grid_with_rotation_measured_4_1787296949827443774,True,,False,True,0.4,2.5,True,True,False,True,False,IN_PLACE_ROTATION_FORBIDDEN,0,0,2,0,0,0.48542464398693036,2.0600519820887464,0.05000000000000053,1,0.0,0.0,paths/q09_stage7_with_rotation_measured_4_1787299594390264741.json.gz,331,,,,,,,,,,,,,,,,,,,,,,,,,,,,
q09_layered_hard_radius_l3_measured_4_1787299594424899839,q09,4,layered_hard_radius_l3,q09_topology_guided_grid_fallback_measured_4_1787293430883524388,,,False,False,0.4,2.5,True,True,True,True,True,,2,2,0,0,0,0.4624411375837619,2.1624373757597857,0.8491941598345074,2,18.195976,20.0,paths/q09_layered_hard_radius_l3_measured_4_1787299594424899839.json.gz,268,grid,corridor,"[135, 131, 128, 127, 126]",2,1.0,2.7856099782788695,0.18609209237398827,7.297715320291375e-07,0.4380998812396573,212414464,176499712,260.852629,279.04860499999995,True,5,0,0,3,,"[{""center_index"": 264, ""window_start_index"": 246, ""window_end_index"": 265, ""window_radius_m"": 1.0, ""action_status"": ""SUCCEEDED"", ""result_code"": ""SUCCEEDED"", ""wall_time_ms"": 14.914031, ""planning_time_ms"": 7.569752, ""cpu_total_ms"": 10.0, ""rss_peak_bytes"": 212414464, ""pss_peak_bytes"": 176499712, ""elapsed_ms"": 18.706995, ""rejection_reason"": """"}, {""center_index"": 0, ""window_start_index"": 0, ""window_end_index"": 19, ""window_radius_m"": 1.0, ""action_status"": ""SUCCEEDED"", ""result_code"": ""SUCCEEDED"", ""wall_time_ms"": 15.793128, ""planning_time_ms"": 10.626224, ""cpu_total_ms"": 10.0, ""rss_peak_bytes"": 212414464, ""pss_peak_bytes"": 176499712, ""elapsed_ms"": 18.807141, ""rejection_reason"": """"}]",0,0,0.409130805579383,14.625111722110612,0.054877689914693856,True,True,[]
q09_full_smac_normalized_measured_4_1787299594562676686,q09,4,full_smac_normalized,q09_smac_hybrid_reeds_shepp_normalized_measured_4_1787291237949355196,True,,False,False,0.4,2.5,True,True,True,True,True,,0,0,0,0,0,0.4264035133674257,2.3451964363584277,0.8526198641262807,2,0.0,0.0,paths/q09_full_smac_normalized_measured_4_1787299594562676686.json.gz,158,,,,,,,,,,,,,,,,,,,,,,,,,,,,
q09_grid_raw_measured_5_1787299594596899203,q09,5,grid_raw,q09_topology_guided_grid_fallback_measured_5_1787293431295542404,False,,False,False,0.4,2.5,True,True,False,True,False,HEADING_DISCONTINUITY,0,0,0,0,0,0.48542464398693036,2.0600519820887464,0.06898628384825654,2,0.0,0.0,paths/q09_grid_raw_measured_5_1787299594596899203.json.gz,266,,,,,,,,,,,,,,,,,,,,,,,,,,,,
q09_stage7_with_rotation_measured_5_1787299594629229011,q09,5,stage7_with_rotation,q09_grid_with_rotation_measured_5_1787296949983032490,True,,False,True,0.4,2.5,True,True,False,True,False,IN_PLACE_ROTATION_FORBIDDEN,0,0,2,0,0,0.48542464398693036,2.0600519820887464,0.05000000000000053,1,0.0,0.0,paths/q09_stage7_with_rotation_measured_5_1787299594629229011.json.gz,331,,,,,,,,,,,,,,,,,,,,,,,,,,,,
q09_layered_hard_radius_l3_measured_5_1787299594664173407,q09,5,layered_hard_radius_l3,q09_topology_guided_grid_fallback_measured_5_1787293431295542404,,,False,False,0.4,2.5,True,True,True,True,True,,2,2,0,0,0,0.4624411375837619,2.1624373757597857,0.8491941598345074,2,20.324572,20.0,paths/q09_layered_hard_radius_l3_measured_5_1787299594664173407.json.gz,268,grid,corridor,"[135, 131, 128, 127, 126]",2,1.0,2.7856099782788695,0.18609209237398827,7.297715320291375e-07,0.4380998812396573,212418560,176503808,253.991255,274.315827,True,5,0,0,3,,"[{""center_index"": 264, ""window_start_index"": 246, ""window_end_index"": 265, ""window_radius_m"": 1.0, ""action_status"": ""SUCCEEDED"", ""result_code"": ""SUCCEEDED"", ""wall_time_ms"": 14.287851, ""planning_time_ms"": 8.540609, ""cpu_total_ms"": 10.0, ""rss_peak_bytes"": 212414464, ""pss_peak_bytes"": 176499712, ""elapsed_ms"": 17.844325, ""rejection_reason"": """"}, {""center_index"": 0, ""window_start_index"": 0, ""window_end_index"": 19, ""window_radius_m"": 1.0, ""action_status"": ""SUCCEEDED"", ""result_code"": ""SUCCEEDED"", ""wall_time_ms"": 16.778707, ""planning_time_ms"": 11.783963, ""cpu_total_ms"": 10.0, ""rss_peak_bytes"": 212418560, ""pss_peak_bytes"": 176503808, ""elapsed_ms"": 20.512064, ""rejection_reason"": """"}]",0,0,0.409130805579383,14.625111722110612,0.054877689914693856,True,True,[]
q09_full_smac_normalized_measured_5_1787299594803165581,q09,5,full_smac_normalized,q09_smac_hybrid_reeds_shepp_normalized_measured_5_1787291238012239118,True,,False,False,0.4,2.5,True,True,True,True,True,,0,0,0,0,0,0.4264035133674257,2.3451964363584277,0.8526198641262807,2,0.0,0.0,paths/q09_full_smac_normalized_measured_5_1787299594803165581.json.gz,158,,,,,,,,,,,,,,,,,,,,,,,,,,,,
